player_id,name,team,position,next_opponent,is_home,predicted_points,base_avg,fdr_modifier,minutes_factor,home_away_factor,avg_minutes,confidence,detail,unavailable,availability_reason,round_number
1,Rafał Dobroliński,cracovia,BR,Lech Poznań,False,,,,,,,insufficient_data,Za mało danych (0/2 kolejek),,,0
2,Damian Drzewiecki,cracovia,BR,Lech Poznań,False,,,,,,,insufficient_data,Za mało danych (0/2 kolejek),,,0
3,Grzegorz Sandomierski,górnik zabrze,BR,Śląsk Wrocław,True,,,,,,,insufficient_data,Za mało danych (0/2 kolejek),,,0
4,Jakub Grzywaczewski,cracovia,BR,Lech Poznań,False,,,,,,,insufficient_data,Za mało danych (0/2 kolejek),,,0
5,Adam Wilk,cracovia,BR,Lech Poznań,False,,,,,,,insufficient_data,Za mało danych (0/2 kolejek),,,0
6,Florin Bejan,cracovia,OBR,Lech Poznań,False,,,,,,,insufficient_data,Za mało danych (0/2 kolejek),,,0
7,Deleu,cracovia,OBR,Lech Poznań,False,,,,,,,insufficient_data,Za mało danych (0/2 kolejek),,,0
8,Paweł Jaroszyński,cracovia,OBR,Lech Poznań,False,,,,,,,insufficient_data,Za mało danych (0/2 kolejek),,,0
9,Róbert Litauszki,cracovia,OBR,Lech Poznań,False,,,,,,,insufficient_data,Za mało danych (0/2 kolejek),,,0
10,Kamil Pestka,wieczysta kraków,OBR,Radomiak Radom,False,,,,,,,insufficient_data,Za mało danych (0/2 kolejek),,,0
12,Łukasz Sosnowski,cracovia,OBR,Lech Poznań,False,,,,,,,insufficient_data,Za mało danych (0/2 kolejek),,,0
13,Hubert Wołąkiewicz,cracovia,OBR,Lech Poznań,False,,,,,,,insufficient_data,Za mało danych (0/2 kolejek),,,0
14,Jakub Wójcicki,zagłębie lubin,OBR,Piast Gliwice,True,,,,,,,insufficient_data,Za mało danych (0/2 kolejek),,,0
15,Hubert Adamczyk,zagłębie lubin,POM,Piast Gliwice,True,,,,,,,insufficient_data,Za mało danych (0/2 kolejek),,,0
16,Mateusz Argasiński,cracovia,POM,Lech Poznań,False,,,,,,,insufficient_data,Za mało danych (0/2 kolejek),,,0
17,Marcin Budziński,cracovia,POM,Lech Poznań,False,,,,,,,insufficient_data,Za mało danych (0/2 kolejek),,,0
18,Mateusz Cetnarski,cracovia,POM,Lech Poznań,False,,,,,,,insufficient_data,Za mało danych (0/2 kolejek),,,0
19,Miroslav Čovilo,cracovia,POM,Lech Poznań,False,,,,,,,insufficient_data,Za mało danych (0/2 kolejek),,,0
20,Damian Dąbrowski,zagłębie lubin,POM,Piast Gliwice,True,,,,,,,insufficient_data,Za mało danych (0/2 kolejek),,,0
21,Milan Dimun,cracovia,POM,Lech Poznań,False,,,,,,,insufficient_data,Za mało danych (0/2 kolejek),,,0
22,Radosław Kanach,cracovia,POM,Lech Poznań,False,,,,,,,insufficient_data,Za mało danych (0/2 kolejek),,,0
23,Karol Niemczycki,śląsk wrocław,BR,Górnik Zabrze,False,,,,,,,insufficient_data,Za mało danych (0/2 kolejek),,,0
24,Anton Karaczanakow,cracovia,POM,Lech Poznań,False,,,,,,,insufficient_data,Za mało danych (0/2 kolejek),,,0
25,Szymon Kiebzak,cracovia,POM,Lech Poznań,False,,,,,,,insufficient_data,Za mało danych (0/2 kolejek),,,0
26,Przemysław Pyrdek,cracovia,POM,Lech Poznań,False,,,,,,,insufficient_data,Za mało danych (0/2 kolejek),,,0
27,Sebastian Steblecki,cracovia,POM,Lech Poznań,False,,,,,,,insufficient_data,Za mało danych (0/2 kolejek),,,0
29,Erik Jendrišek,cracovia,NAP,Lech Poznań,False,,,,,,,insufficient_data,Za mało danych (0/2 kolejek),,,0
30,Krzysztof Szewczyk,cracovia,NAP,Lech Poznań,False,,,,,,,insufficient_data,Za mało danych (0/2 kolejek),,,0
31,Tomáš Vestenický,cracovia,POM,Lech Poznań,False,,,,,,,insufficient_data,Za mało danych (0/2 kolejek),,,0
32,Karol Jaksik,górnik zabrze,OBR,Śląsk Wrocław,True,,,,,,,insufficient_data,Za mało danych (0/2 kolejek),,,0
37,Damian Jakubik,radomiak radom,OBR,Wieczysta Kraków,True,,,,,,,insufficient_data,Za mało danych (0/2 kolejek),,,0
53,Bartosz Śpiączka,wisła płock,NAP,Raków Częstochowa,False,,,,,,,insufficient_data,Za mało danych (0/2 kolejek),,,0
55,Krševan Santini,jagiellonia białystok,BR,Korona Kielce,True,,,,,,,insufficient_data,Za mało danych (0/2 kolejek),,,0
56,Marián Kelemen,jagiellonia białystok,BR,Korona Kielce,True,,,,,,,insufficient_data,Za mało danych (0/2 kolejek),,,0
58,Łukasz Burliga,wisła kraków,OBR,GKS Katowice,True,,,,,,,insufficient_data,Za mało danych (0/2 kolejek),,,0
59,Guti,jagiellonia białystok,OBR,Korona Kielce,True,,,,,,,insufficient_data,Za mało danych (0/2 kolejek),,,0
60,Michał Koźlik,jagiellonia białystok,OBR,Korona Kielce,True,,,,,,,insufficient_data,Za mało danych (0/2 kolejek),,,0
61,Emil Łupiński,jagiellonia białystok,OBR,Korona Kielce,True,,,,,,,insufficient_data,Za mało danych (0/2 kolejek),,,0
62,Mateusz Maliszewski,jagiellonia białystok,OBR,Korona Kielce,True,,,,,,,insufficient_data,Za mało danych (0/2 kolejek),,,0
63,Paweł Olszewski,jagiellonia białystok,OBR,Korona Kielce,True,,,,,,,insufficient_data,Za mało danych (0/2 kolejek),,,0
65,Ivan Runje,jagiellonia białystok,OBR,Korona Kielce,True,,,,,,,insufficient_data,Za mało danych (0/2 kolejek),,,0
68,Igors Tarasovs,śląsk wrocław,OBR,Górnik Zabrze,False,,,,,,,insufficient_data,Za mało danych (0/2 kolejek),,,0
69,Piotr Tomasik,wisła płock,OBR,Raków Częstochowa,False,,,,,,,insufficient_data,Za mało danych (0/2 kolejek),,,0
70,Marek Wasiluk,jagiellonia białystok,OBR,Korona Kielce,True,,,,,,,insufficient_data,Za mało danych (0/2 kolejek),,,0
71,Fedor Černych,jagiellonia białystok,POM,Korona Kielce,True,,,,,,,insufficient_data,Za mało danych (0/2 kolejek),,,0
72,Dmytro Chomczenowśkyj,jagiellonia białystok,POM,Korona Kielce,True,,,,,,,insufficient_data,Za mało danych (0/2 kolejek),,,0
73,Michał Domański,jagiellonia białystok,POM,Korona Kielce,True,,,,,,,insufficient_data,Za mało danych (0/2 kolejek),,,0
74,Kacper Falon,jagiellonia białystok,POM,Korona Kielce,True,,,,,,,insufficient_data,Za mało danych (0/2 kolejek),,,0
75,Przemysław Frankowski,jagiellonia białystok,POM,Korona Kielce,True,,,,,,,insufficient_data,Za mało danych (0/2 kolejek),,,0
76,Jacek Góralski,jagiellonia białystok,POM,Korona Kielce,True,,,,,,,insufficient_data,Za mało danych (0/2 kolejek),,,0
77,Rafał Grzyb,jagiellonia białystok,POM,Korona Kielce,True,,,,,,,insufficient_data,Za mało danych (0/2 kolejek),,,0
78,Paweł Kaczmarczyk,jagiellonia białystok,POM,Korona Kielce,True,,,,,,,insufficient_data,Za mało danych (0/2 kolejek),,,0
79,Paweł Koncewicz-Żyłka,wisła kraków,OBR,GKS Katowice,True,,,,,,,insufficient_data,Za mało danych (0/2 kolejek),,,0
80,Karol Mackiewicz,jagiellonia białystok,POM,Korona Kielce,True,,,,,,,insufficient_data,Za mało danych (0/2 kolejek),,,0
81,Przemysław Mystkowski,jagiellonia białystok,POM,Korona Kielce,True,,,,,,,insufficient_data,Za mało danych (0/2 kolejek),,,0
82,Patryk Niemczynowicz,jagiellonia białystok,POM,Korona Kielce,True,,,,,,,insufficient_data,Za mało danych (0/2 kolejek),,,0
83,Mateusz Ostaszewski,jagiellonia białystok,POM,Korona Kielce,True,,,,,,,insufficient_data,Za mało danych (0/2 kolejek),,,0
84,Dawid Polkowski,jagiellonia białystok,POM,Korona Kielce,True,,,,,,,insufficient_data,Za mało danych (0/2 kolejek),,,0
85,Dominik Prusaczyk,jagiellonia białystok,POM,Korona Kielce,True,,,,,,,insufficient_data,Za mało danych (0/2 kolejek),,,0
86,Taras Romanczuk,jagiellonia białystok,POM,Korona Kielce,True,,,,,,,insufficient_data,Za mało danych (0/2 kolejek),,,0
87,Damian Szymański,legia warszawa,POM,Pogoń Szczecin,False,,,,,,,insufficient_data,Za mało danych (0/2 kolejek),,,0
88,Dawid Szymonowicz,wieczysta kraków,OBR,Radomiak Radom,False,,,,,,,insufficient_data,Za mało danych (0/2 kolejek),,,0
89,Jakub Tabor,jagiellonia białystok,POM,Korona Kielce,True,,,,,,,insufficient_data,Za mało danych (0/2 kolejek),,,0
90,Konstantin Vassiljev,piast gliwice,POM,Zagłębie Lubin,False,,,,,,,insufficient_data,Za mało danych (0/2 kolejek),,,0
91,Emil Gajko,jagiellonia białystok,NAP,Korona Kielce,True,,,,,,,insufficient_data,Za mało danych (0/2 kolejek),,,0
92,Bartosz Giełażyn,jagiellonia białystok,NAP,Korona Kielce,True,,,,,,,insufficient_data,Za mało danych (0/2 kolejek),,,0
93,Maciej Górski,korona kielce,NAP,Jagiellonia Białystok,False,,,,,,,insufficient_data,Za mało danych (0/2 kolejek),,,0
94,Kacper Piechniak,jagiellonia białystok,NAP,Korona Kielce,True,,,,,,,insufficient_data,Za mało danych (0/2 kolejek),,,0
95,Karol Świderski,widzew łódź,NAP,Motor Lublin,True,,,,,,,insufficient_data,Za mało danych (0/2 kolejek),,,0
97,Zbigniew Małkowski,zagłębie lubin,BR,Piast Gliwice,True,,,,,,,insufficient_data,Za mało danych (0/2 kolejek),,,0
98,Artur Marzec,korona kielce,BR,Jagiellonia Białystok,False,,,,,,,insufficient_data,Za mało danych (0/2 kolejek),,,0
99,Leonid Otczenaszenko,korona kielce,BR,Jagiellonia Białystok,False,,,,,,,insufficient_data,Za mało danych (0/2 kolejek),,,0
101,Adrian Bednarski,korona kielce,OBR,Jagiellonia Białystok,False,,,,,,,insufficient_data,Za mało danych (0/2 kolejek),,,0
102,Radek Dejmek,korona kielce,OBR,Jagiellonia Białystok,False,,,,,,,insufficient_data,Za mało danych (0/2 kolejek),,,0
103,Elhadji Pape Diaw,korona kielce,OBR,Jagiellonia Białystok,False,,,,,,,insufficient_data,Za mało danych (0/2 kolejek),,,0
104,Vladislavs Gabovs,korona kielce,OBR,Jagiellonia Białystok,False,,,,,,,insufficient_data,Za mało danych (0/2 kolejek),,,0
105,Ken Kallaste,korona kielce,OBR,Jagiellonia Białystok,False,,,,,,,insufficient_data,Za mało danych (0/2 kolejek),,,0
106,Grzegorz Rogala,gks katowice,OBR,Wisła Kraków,False,,,,,,,insufficient_data,Za mało danych (0/2 kolejek),,,0
108,Dmitrij Wierchowcow,korona kielce,OBR,Jagiellonia Białystok,False,,,,,,,insufficient_data,Za mało danych (0/2 kolejek),,,0
109,Michał Wrześniewski,korona kielce,OBR,Jagiellonia Białystok,False,,,,,,,insufficient_data,Za mało danych (0/2 kolejek),,,0
111,Marcin Cebula,korona kielce,POM,Jagiellonia Białystok,False,,,,,,,insufficient_data,Za mało danych (0/2 kolejek),,,0
114,Jakub Kotarzewski,korona kielce,POM,Jagiellonia Białystok,False,,,,,,,insufficient_data,Za mało danych (0/2 kolejek),,,0
115,Bartosz Kwiecień,korona kielce,OBR,Jagiellonia Białystok,False,,,,,,,insufficient_data,Za mało danych (0/2 kolejek),,,0
116,Vanja Marković,korona kielce,POM,Jagiellonia Białystok,False,,,,,,,insufficient_data,Za mało danych (0/2 kolejek),,,0
117,Kamil Matulka,korona kielce,POM,Jagiellonia Białystok,False,,,,,,,insufficient_data,Za mało danych (0/2 kolejek),,,0
118,Michał Mokrzycki,śląsk wrocław,POM,Górnik Zabrze,False,,,,,,,insufficient_data,Za mało danych (0/2 kolejek),,,0
120,Serhij Pyłypczuk,korona kielce,POM,Jagiellonia Białystok,False,,,,,,,insufficient_data,Za mało danych (0/2 kolejek),,,0
121,Mariusz Rybicki,motor lublin,POM,Widzew Łódź,False,,,,,,,insufficient_data,Za mało danych (0/2 kolejek),,,0
122,Paweł Sobolewski,korona kielce,POM,Jagiellonia Białystok,False,,,,,,,insufficient_data,Za mało danych (0/2 kolejek),,,0
125,Maciej Załęcki,korona kielce,POM,Jagiellonia Białystok,False,,,,,,,insufficient_data,Za mało danych (0/2 kolejek),,,0
126,Hubert Laskowski,korona kielce,NAP,Jagiellonia Białystok,False,,,,,,,insufficient_data,Za mało danych (0/2 kolejek),,,0
127,Michał Przybyła,korona kielce,NAP,Jagiellonia Białystok,False,,,,,,,insufficient_data,Za mało danych (0/2 kolejek),,,0
128,Łukasz Sekulski,wisła płock,NAP,Raków Częstochowa,False,,,,,,,insufficient_data,Za mało danych (0/2 kolejek),,,0
129,Adam Zawierucha,korona kielce,NAP,Jagiellonia Białystok,False,,,,,,,insufficient_data,Za mało danych (0/2 kolejek),,,0
130,Jasmin Burić,zagłębie lubin,BR,Piast Gliwice,True,,,,,,,insufficient_data,Za mało danych (0/2 kolejek),,,0
132,Adam Makuchowski,lech poznań,BR,Cracovia,True,,,,,,,insufficient_data,Za mało danych (0/2 kolejek),,,0
133,Matúš Putnocký,śląsk wrocław,BR,Górnik Zabrze,False,,,,,,,insufficient_data,Za mało danych (0/2 kolejek),,,0
134,Paulus Arajuuri,lech poznań,OBR,Cracovia,True,,,,,,,insufficient_data,Za mało danych (0/2 kolejek),,,0
135,Jan Bednarek,lech poznań,OBR,Cracovia,True,,,,,,,insufficient_data,Za mało danych (0/2 kolejek),,,0
136,Kebba Ceesay,lech poznań,OBR,Cracovia,True,,,,,,,insufficient_data,Za mało danych (0/2 kolejek),,,0
137,Tomasz Dejewski,lech poznań,OBR,Cracovia,True,,,,,,,insufficient_data,Za mało danych (0/2 kolejek),,,0
138,Robert Gumny,lech poznań,OBR,Cracovia,True,,,,,,,insufficient_data,Za mało danych (0/2 kolejek),,,0
139,Tamás Kádár,lech poznań,OBR,Cracovia,True,,,,,,,insufficient_data,Za mało danych (0/2 kolejek),,,0
140,Tomasz Kędziora,lech poznań,OBR,Cracovia,True,,,,,,,insufficient_data,Za mało danych (0/2 kolejek),,,0
141,Lasse Nielsen,lech poznań,OBR,Cracovia,True,,,,,,,insufficient_data,Za mało danych (0/2 kolejek),,,0
142,Maciej Wilusz,raków częstochowa,OBR,Wisła Płock,True,,,,,,,insufficient_data,Za mało danych (0/2 kolejek),,,0
143,Dariusz Dudka,lech poznań,POM,Cracovia,True,,,,,,,insufficient_data,Za mało danych (0/2 kolejek),,,0
144,Dariusz Formella,pogoń szczecin,POM,Legia Warszawa,True,,,,,,,insufficient_data,Za mało danych (0/2 kolejek),,,0
146,Darko Jevtić,lech poznań,POM,Cracovia,True,,,,,,,insufficient_data,Za mało danych (0/2 kolejek),,,0
147,Kamil Jóźwiak,jagiellonia białystok,POM,Korona Kielce,True,,,,,,,insufficient_data,Za mało danych (0/2 kolejek),,,0
148,Karol Linetty,lech poznań,POM,Cracovia,True,,,,,,,insufficient_data,Za mało danych (0/2 kolejek),,,0
149,Radosław Majewski,pogoń szczecin,POM,Legia Warszawa,True,,,,,,,insufficient_data,Za mało danych (0/2 kolejek),,,0
150,Maciej Makuszewski,jagiellonia białystok,POM,Korona Kielce,True,,,,,,,insufficient_data,Za mało danych (0/2 kolejek),,,0
153,Abdul Aziz Tetteh,lech poznań,POM,Cracovia,True,,,,,,,insufficient_data,Za mało danych (0/2 kolejek),,,0
155,Nicki Bille Nielsen,lech poznań,NAP,Cracovia,True,,,,,,,insufficient_data,Za mało danych (0/2 kolejek),,,0
156,Dawid Kownacki,lech poznań,NAP,Cracovia,True,,,,,,,insufficient_data,Za mało danych (0/2 kolejek),,,0
157,Marcin Robak,śląsk wrocław,NAP,Górnik Zabrze,False,,,,,,,insufficient_data,Za mało danych (0/2 kolejek),,,0
159,Łukasz Budziłek,motor lublin,BR,Widzew Łódź,False,,,,,,,insufficient_data,Za mało danych (0/2 kolejek),,,0
163,Adam Chrzanowski,wisła płock,OBR,Raków Częstochowa,False,,,,,,,insufficient_data,Za mało danych (0/2 kolejek),,,0
164,Adam Dźwigała,wisła płock,OBR,Raków Częstochowa,False,,,,,,,insufficient_data,Za mało danych (0/2 kolejek),,,0
166,Rafał Janicki,górnik zabrze,OBR,Śląsk Wrocław,True,,,,,,,insufficient_data,Za mało danych (0/2 kolejek),,,0
168,Paweł Stolarski,motor lublin,OBR,Widzew Łódź,False,,,,,,,insufficient_data,Za mało danych (0/2 kolejek),,,0
171,Michał Chrapek,piast gliwice,POM,Zagłębie Lubin,False,,,,,,,insufficient_data,Za mało danych (0/2 kolejek),,,0
181,Bartłomiej Pawłowski,widzew łódź,POM,Motor Lublin,True,,,,,,,insufficient_data,Za mało danych (0/2 kolejek),,,0
184,Rafał Wolski,radomiak radom,POM,Wieczysta Kraków,True,,,,,,,insufficient_data,Za mało danych (0/2 kolejek),,,0
185,Adam Buksa,pogoń szczecin,NAP,Legia Warszawa,True,,,,,,,insufficient_data,Za mało danych (0/2 kolejek),,,0
187,Grzegorz Kuświk,wisła płock,NAP,Raków Częstochowa,False,,,,,,,insufficient_data,Za mało danych (0/2 kolejek),,,0
191,Radosław Cierzniak,legia warszawa,BR,Pogoń Szczecin,False,,,,,,,insufficient_data,Za mało danych (0/2 kolejek),,,0
192,Radosław Majecki,legia warszawa,BR,Pogoń Szczecin,False,,,,,,,insufficient_data,Za mało danych (0/2 kolejek),,,0
195,Bartosz Bereszyński,motor lublin,OBR,Widzew Łódź,False,,,,,,,insufficient_data,Za mało danych (0/2 kolejek),,,0
196,Łukasz Broź,śląsk wrocław,OBR,Górnik Zabrze,False,,,,,,,insufficient_data,Za mało danych (0/2 kolejek),,,0
200,Igor Lewczuk,legia warszawa,OBR,Pogoń Szczecin,False,,,,,,,insufficient_data,Za mało danych (0/2 kolejek),,,0
201,Michał Pazdan,jagiellonia białystok,OBR,Korona Kielce,True,,,,,,,insufficient_data,Za mało danych (0/2 kolejek),,,0
202,Jakub Rzeźniczak,wisła płock,OBR,Raków Częstochowa,False,,,,,,,insufficient_data,Za mało danych (0/2 kolejek),,,0
203,Michaił Aleksandrow,legia warszawa,POM,Pogoń Szczecin,False,,,,,,,insufficient_data,Za mało danych (0/2 kolejek),,,0
204,Ondrej Duda,legia warszawa,POM,Pogoń Szczecin,False,,,,,,,insufficient_data,Za mało danych (0/2 kolejek),,,0
206,Guilherme,legia warszawa,POM,Pogoń Szczecin,False,,,,,,,insufficient_data,Za mało danych (0/2 kolejek),,,0
207,Kasper Hämäläinen,legia warszawa,POM,Pogoń Szczecin,False,,,,,,,insufficient_data,Za mało danych (0/2 kolejek),,,0
209,Tomasz Jodłowiec,piast gliwice,POM,Zagłębie Lubin,False,,,,,,,insufficient_data,Za mało danych (0/2 kolejek),,,0
211,Michał Kucharczyk,legia warszawa,POM,Pogoń Szczecin,False,,,,,,,insufficient_data,Za mało danych (0/2 kolejek),,,0
213,Michał Masłowski,legia warszawa,POM,Pogoń Szczecin,False,,,,,,,insufficient_data,Za mało danych (0/2 kolejek),,,0
214,Thibault Moulin,legia warszawa,POM,Pogoń Szczecin,False,,,,,,,insufficient_data,Za mało danych (0/2 kolejek),,,0
215,Stojan Vranješ,piast gliwice,POM,Zagłębie Lubin,False,,,,,,,insufficient_data,Za mało danych (0/2 kolejek),,,0
217,Jarosław Niezgoda,legia warszawa,NAP,Pogoń Szczecin,False,,,,,,,insufficient_data,Za mało danych (0/2 kolejek),,,0
218,Nemanja Nikolić,legia warszawa,NAP,Pogoń Szczecin,False,,,,,,,insufficient_data,Za mało danych (0/2 kolejek),,,0
219,Aleksandar Prijović,legia warszawa,NAP,Pogoń Szczecin,False,,,,,,,insufficient_data,Za mało danych (0/2 kolejek),,,0
223,Dobrivoj Rusov,piast gliwice,BR,Zagłębie Lubin,False,,,,,,,insufficient_data,Za mało danych (0/2 kolejek),,,0
224,Jakub Szmatuła,piast gliwice,BR,Zagłębie Lubin,False,,,,,,,insufficient_data,Za mało danych (0/2 kolejek),,,0
226,Edvinas Girdvainis,piast gliwice,OBR,Zagłębie Lubin,False,,,,,,,insufficient_data,Za mało danych (0/2 kolejek),,,0
227,Silva Santos Hebert,wisła kraków,OBR,GKS Katowice,True,,,,,,,insufficient_data,Za mało danych (0/2 kolejek),,,0
229,Uroš Korun,piast gliwice,OBR,Zagłębie Lubin,False,,,,,,,insufficient_data,Za mało danych (0/2 kolejek),,,0
231,Tomasz Mokwa,piast gliwice,OBR,Zagłębie Lubin,False,,,,,,,insufficient_data,Za mało danych (0/2 kolejek),,,0
232,Paweł Moskwik,piast gliwice,OBR,Zagłębie Lubin,False,,,,,,,insufficient_data,Za mało danych (0/2 kolejek),,,0
234,Marcin Pietrowski,piast gliwice,OBR,Zagłębie Lubin,False,,,,,,,insufficient_data,Za mało danych (0/2 kolejek),,,0
235,Aleksandar Sedlar,piast gliwice,OBR,Zagłębie Lubin,False,,,,,,,insufficient_data,Za mało danych (0/2 kolejek),,,0
236,Gerard Badía,piast gliwice,POM,Zagłębie Lubin,False,,,,,,,insufficient_data,Za mało danych (0/2 kolejek),,,0
237,Dominik Budzik,piast gliwice,POM,Zagłębie Lubin,False,,,,,,,insufficient_data,Za mało danych (0/2 kolejek),,,0
238,Martin Bukata,piast gliwice,POM,Zagłębie Lubin,False,,,,,,,insufficient_data,Za mało danych (0/2 kolejek),,,0
239,Marcin Flis,wisła płock,OBR,Raków Częstochowa,False,,,,,,,insufficient_data,Za mało danych (0/2 kolejek),,,0
243,Mateusz Mak,gks katowice,POM,Wisła Kraków,False,,,,,,,insufficient_data,Za mało danych (0/2 kolejek),,,0
244,Radosław Murawski,lech poznań,POM,Cracovia,True,,,,,,,insufficient_data,Za mało danych (0/2 kolejek),,,0
245,Igor Sapała,raków częstochowa,POM,Wisła Płock,True,,,,,,,insufficient_data,Za mało danych (0/2 kolejek),,,0
248,Saša Živec,zagłębie lubin,POM,Piast Gliwice,True,,,,,,,insufficient_data,Za mało danych (0/2 kolejek),,,0
249,Josip Barišić,piast gliwice,NAP,Zagłębie Lubin,False,,,,,,,insufficient_data,Za mało danych (0/2 kolejek),,,0
251,Adrian Henger,pogoń szczecin,BR,Legia Warszawa,True,,,,,,,insufficient_data,Za mało danych (0/2 kolejek),,,0
252,Radosław Janukiewicz,pogoń szczecin,BR,Legia Warszawa,True,,,,,,,insufficient_data,Za mało danych (0/2 kolejek),,,0
254,Bartosz Piotrowski,pogoń szczecin,BR,Legia Warszawa,True,,,,,,,insufficient_data,Za mało danych (0/2 kolejek),,,0
255,Jakub Słowik,śląsk wrocław,BR,Górnik Zabrze,False,,,,,,,insufficient_data,Za mało danych (0/2 kolejek),,,0
256,Jakub Czerwiński,piast gliwice,OBR,Zagłębie Lubin,False,,,,,,,insufficient_data,Za mało danych (0/2 kolejek),,,0
257,Jarosław Fojut,wisła płock,OBR,Raków Częstochowa,False,,,,,,,insufficient_data,Za mało danych (0/2 kolejek),,,0
258,Adam Frączczak,korona kielce,NAP,Jagiellonia Białystok,False,,,,,,,insufficient_data,Za mało danych (0/2 kolejek),,,0
259,Mateusz Lewandowski,wisła płock,OBR,Raków Częstochowa,False,,,,,,,insufficient_data,Za mało danych (0/2 kolejek),,,0
261,Sebastian Murawski,pogoń szczecin,OBR,Legia Warszawa,True,,,,,,,insufficient_data,Za mało danych (0/2 kolejek),,,0
263,Ricardo Nunes,pogoń szczecin,OBR,Legia Warszawa,True,,,,,,,insufficient_data,Za mało danych (0/2 kolejek),,,0
264,Sebastian Rudol,motor lublin,OBR,Widzew Łódź,False,,,,,,,insufficient_data,Za mało danych (0/2 kolejek),,,0
265,Michał Stańczyk,pogoń szczecin,OBR,Legia Warszawa,True,,,,,,,insufficient_data,Za mało danych (0/2 kolejek),,,0
266,Takafumi Akahoshi,pogoń szczecin,POM,Legia Warszawa,True,,,,,,,insufficient_data,Za mało danych (0/2 kolejek),,,0
268,Spas Delew,pogoń szczecin,POM,Legia Warszawa,True,,,,,,,insufficient_data,Za mało danych (0/2 kolejek),,,0
270,Ádám Gyurcsó,pogoń szczecin,POM,Legia Warszawa,True,,,,,,,insufficient_data,Za mało danych (0/2 kolejek),,,0
273,Rafał Murawski,pogoń szczecin,POM,Legia Warszawa,True,,,,,,,insufficient_data,Za mało danych (0/2 kolejek),,,0
274,Robert Obst,pogoń szczecin,POM,Legia Warszawa,True,,,,,,,insufficient_data,Za mało danych (0/2 kolejek),,,0
275,Jakub Piotrowski,pogoń szczecin,POM,Legia Warszawa,True,,,,,,,insufficient_data,Za mało danych (0/2 kolejek),,,0
277,Kacper Kozłowski,pogoń szczecin,POM,Legia Warszawa,True,,,,,,,insufficient_data,Za mało danych (0/2 kolejek),,,0
278,Marcin Listkowski,jagiellonia białystok,POM,Korona Kielce,True,,,,,,,insufficient_data,Za mało danych (0/2 kolejek),,,0
279,Łukasz Zwoliński,raków częstochowa,NAP,Wisła Płock,True,,,,,,,insufficient_data,Za mało danych (0/2 kolejek),,,0
282,Gonçalo Silva,radomiak radom,OBR,Wieczysta Kraków,True,,,,,,,insufficient_data,Za mało danych (0/2 kolejek),,,0
284,Michał Helik,cracovia,OBR,Lech Poznań,False,,,,,,,insufficient_data,Za mało danych (0/2 kolejek),,,0
286,Martin Konczkowski,śląsk wrocław,OBR,Górnik Zabrze,False,,,,,,,insufficient_data,Za mało danych (0/2 kolejek),,,0
289,Przemysław Bargiel,śląsk wrocław,POM,Górnik Zabrze,False,,,,,,,insufficient_data,Za mało danych (0/2 kolejek),,,0
293,Patryk Lipski,widzew łódź,POM,Motor Lublin,True,,,,,,,insufficient_data,Za mało danych (0/2 kolejek),,,0
294,Kamil Mazek,zagłębie lubin,POM,Piast Gliwice,True,,,,,,,insufficient_data,Za mało danych (0/2 kolejek),,,0
298,Miłosz Trojak,korona kielce,OBR,Jagiellonia Białystok,False,,,,,,,insufficient_data,Za mało danych (0/2 kolejek),,,0
303,Mariusz Stępiński,korona kielce,NAP,Jagiellonia Białystok,False,,,,,,,insufficient_data,Za mało danych (0/2 kolejek),,,0
304,Ľuboš Kamenár,śląsk wrocław,BR,Górnik Zabrze,False,,,,,,,insufficient_data,Za mało danych (0/2 kolejek),,,0
305,Mariusz Pawełek,jagiellonia białystok,BR,Korona Kielce,True,,,,,,,insufficient_data,Za mało danych (0/2 kolejek),,,0
306,Augusto,śląsk wrocław,OBR,Górnik Zabrze,False,,,,,,,insufficient_data,Za mało danych (0/2 kolejek),,,0
307,Piotr Celeban,śląsk wrocław,OBR,Górnik Zabrze,False,,,,,,,insufficient_data,Za mało danych (0/2 kolejek),,,0
308,Kamil Dankowski,wieczysta kraków,OBR,Radomiak Radom,False,,,,,,,insufficient_data,Za mało danych (0/2 kolejek),,,0
309,Lasza Dwali,pogoń szczecin,OBR,Legia Warszawa,True,,,,,,,insufficient_data,Za mało danych (0/2 kolejek),,,0
311,Mariusz Pawelec,śląsk wrocław,OBR,Górnik Zabrze,False,,,,,,,insufficient_data,Za mało danych (0/2 kolejek),,,0
313,Alvarinho,śląsk wrocław,POM,Górnik Zabrze,False,,,,,,,insufficient_data,Za mało danych (0/2 kolejek),,,0
314,Filipe Gonçalves,śląsk wrocław,POM,Górnik Zabrze,False,,,,,,,insufficient_data,Za mało danych (0/2 kolejek),,,0
315,András Gosztonyi,śląsk wrocław,POM,Górnik Zabrze,False,,,,,,,insufficient_data,Za mało danych (0/2 kolejek),,,0
316,Peter Grajciar,śląsk wrocław,POM,Górnik Zabrze,False,,,,,,,insufficient_data,Za mało danych (0/2 kolejek),,,0
317,Jacek Kiełb,korona kielce,POM,Jagiellonia Białystok,False,,,,,,,insufficient_data,Za mało danych (0/2 kolejek),,,0
318,Łukasz Madej,śląsk wrocław,POM,Górnik Zabrze,False,,,,,,,insufficient_data,Za mało danych (0/2 kolejek),,,0
319,Maciej Matusik,śląsk wrocław,POM,Górnik Zabrze,False,,,,,,,insufficient_data,Za mało danych (0/2 kolejek),,,0
320,Ryota Morioka,śląsk wrocław,POM,Górnik Zabrze,False,,,,,,,insufficient_data,Za mało danych (0/2 kolejek),,,0
321,Maciej Pałaszewski,śląsk wrocław,POM,Górnik Zabrze,False,,,,,,,insufficient_data,Za mało danych (0/2 kolejek),,,0
322,Róbert Pich,legia warszawa,POM,Pogoń Szczecin,False,,,,,,,insufficient_data,Za mało danych (0/2 kolejek),,,0
323,Ostoja Stjepanović,śląsk wrocław,POM,Górnik Zabrze,False,,,,,,,insufficient_data,Za mało danych (0/2 kolejek),,,0
324,Wiktor Żytek,śląsk wrocław,POM,Górnik Zabrze,False,,,,,,,insufficient_data,Za mało danych (0/2 kolejek),,,0
326,Mariusz Idzik,śląsk wrocław,NAP,Górnik Zabrze,False,,,,,,,insufficient_data,Za mało danych (0/2 kolejek),,,0
327,Bence Mervó,śląsk wrocław,NAP,Górnik Zabrze,False,,,,,,,insufficient_data,Za mało danych (0/2 kolejek),,,0
352,Michał Miśkiewicz,korona kielce,BR,Jagiellonia Białystok,False,,,,,,,insufficient_data,Za mało danych (0/2 kolejek),,,0
353,Mateusz Zając,wisła kraków,BR,GKS Katowice,True,,,,,,,insufficient_data,Za mało danych (0/2 kolejek),,,0
355,Michał Czekaj,wisła kraków,OBR,GKS Katowice,True,,,,,,,insufficient_data,Za mało danych (0/2 kolejek),,,0
356,Arkadiusz Głowacki,wisła kraków,OBR,GKS Katowice,True,,,,,,,insufficient_data,Za mało danych (0/2 kolejek),,,0
357,Richárd Guzmics,wisła kraków,OBR,GKS Katowice,True,,,,,,,insufficient_data,Za mało danych (0/2 kolejek),,,0
358,Boban Jović,śląsk wrocław,OBR,Górnik Zabrze,False,,,,,,,insufficient_data,Za mało danych (0/2 kolejek),,,0
359,Krystian Kujawa,wisła kraków,OBR,GKS Katowice,True,,,,,,,insufficient_data,Za mało danych (0/2 kolejek),,,0
360,Adam Mójta,piast gliwice,OBR,Zagłębie Lubin,False,,,,,,,insufficient_data,Za mało danych (0/2 kolejek),,,0
363,Szymon Witek,wisła kraków,OBR,GKS Katowice,True,,,,,,,insufficient_data,Za mało danych (0/2 kolejek),,,0
364,Piotr Żemło,wisła kraków,OBR,GKS Katowice,True,,,,,,,insufficient_data,Za mało danych (0/2 kolejek),,,0
365,Rafał Boguski,wisła kraków,POM,GKS Katowice,True,,,,,,,insufficient_data,Za mało danych (0/2 kolejek),,,0
366,Petar Brlek,wisła kraków,POM,GKS Katowice,True,,,,,,,insufficient_data,Za mało danych (0/2 kolejek),,,0
367,Tomasz Cywka,lech poznań,POM,Cracovia,True,,,,,,,insufficient_data,Za mało danych (0/2 kolejek),,,0
368,Wilde-Donald Guerrier,wisła kraków,POM,GKS Katowice,True,,,,,,,insufficient_data,Za mało danych (0/2 kolejek),,,0
369,Grzegorz Gulczyński,wisła kraków,POM,GKS Katowice,True,,,,,,,insufficient_data,Za mało danych (0/2 kolejek),,,0
370,Patryk Małecki,wisła kraków,POM,GKS Katowice,True,,,,,,,insufficient_data,Za mało danych (0/2 kolejek),,,0
371,Krzysztof Mączyński,śląsk wrocław,POM,Górnik Zabrze,False,,,,,,,insufficient_data,Za mało danych (0/2 kolejek),,,0
372,Jakub Mordec,wisła kraków,POM,GKS Katowice,True,,,,,,,insufficient_data,Za mało danych (0/2 kolejek),,,0
373,Denis Popovič,wisła kraków,POM,GKS Katowice,True,,,,,,,insufficient_data,Za mało danych (0/2 kolejek),,,0
374,Alan Uryga,wisła kraków,OBR,GKS Katowice,True,,,,,,,insufficient_data,Za mało danych (0/2 kolejek),,,0
375,Oskar Wąsikowski,wisła kraków,POM,GKS Katowice,True,,,,,,,insufficient_data,Za mało danych (0/2 kolejek),,,0
376,Paweł Brożek,wisła kraków,NAP,GKS Katowice,True,,,,,,,insufficient_data,Za mało danych (0/2 kolejek),,,0
378,Zdeněk Ondrášek,wisła kraków,NAP,GKS Katowice,True,,,,,,,insufficient_data,Za mało danych (0/2 kolejek),,,0
379,Adrian Wójcik,wisła kraków,NAP,GKS Katowice,True,,,,,,,insufficient_data,Za mało danych (0/2 kolejek),,,0
380,Mateusz Zachara,wisła kraków,NAP,GKS Katowice,True,,,,,,,insufficient_data,Za mało danych (0/2 kolejek),,,0
381,Konrad Forenc,korona kielce,BR,Jagiellonia Białystok,False,,,,,,,insufficient_data,Za mało danych (0/2 kolejek),,,0
384,Đorđe Čotra,śląsk wrocław,OBR,Górnik Zabrze,False,,,,,,,insufficient_data,Za mało danych (0/2 kolejek),,,0
387,Ľubomír Guldan,zagłębie lubin,OBR,Piast Gliwice,True,,,,,,,insufficient_data,Za mało danych (0/2 kolejek),,,0
388,Jarosław Jach,zagłębie lubin,OBR,Piast Gliwice,True,,,,,,,insufficient_data,Za mało danych (0/2 kolejek),,,0
389,Sebastian Madera,zagłębie lubin,OBR,Piast Gliwice,True,,,,,,,insufficient_data,Za mało danych (0/2 kolejek),,,0
390,Aleksandar Todorovski,zagłębie lubin,OBR,Piast Gliwice,True,,,,,,,insufficient_data,Za mało danych (0/2 kolejek),,,0
391,Damian Zbozień,wisła płock,OBR,Raków Częstochowa,False,,,,,,,insufficient_data,Za mało danych (0/2 kolejek),,,0
392,Filip Jagiełło,lech poznań,POM,Cracovia,True,,,,,,,insufficient_data,Za mało danych (0/2 kolejek),,,0
393,Łukasz Janoszka,zagłębie lubin,POM,Piast Gliwice,True,,,,,,,insufficient_data,Za mało danych (0/2 kolejek),,,0
400,Jakub Tosik,zagłębie lubin,POM,Piast Gliwice,True,,,,,,,insufficient_data,Za mało danych (0/2 kolejek),,,0
401,Ján Vlasko,zagłębie lubin,POM,Piast Gliwice,True,,,,,,,insufficient_data,Za mało danych (0/2 kolejek),,,0
402,Arkadiusz Woźniak,zagłębie lubin,POM,Piast Gliwice,True,,,,,,,insufficient_data,Za mało danych (0/2 kolejek),,,0
403,Karol Żmijewski,zagłębie lubin,POM,Piast Gliwice,True,,,,,,,insufficient_data,Za mało danych (0/2 kolejek),,,0
405,Konrad Andrzejczak,zagłębie lubin,POM,Piast Gliwice,True,,,,,,,insufficient_data,Za mało danych (0/2 kolejek),,,0
406,Michal Papadopulos,korona kielce,NAP,Jagiellonia Białystok,False,,,,,,,insufficient_data,Za mało danych (0/2 kolejek),,,0
407,Krzysztof Piątek,cracovia,NAP,Lech Poznań,False,,,,,,,insufficient_data,Za mało danych (0/2 kolejek),,,0
412,Pavels Šteinbors,jagiellonia białystok,BR,Korona Kielce,True,,,,,,,insufficient_data,Za mało danych (0/2 kolejek),,,0
420,Marcin Warcholak,wisła płock,OBR,Raków Częstochowa,False,,,,,,,insufficient_data,Za mało danych (0/2 kolejek),,,0
423,Adrian Błąd,gks katowice,POM,Wisła Kraków,False,,,,,,,insufficient_data,Za mało danych (0/2 kolejek),,,0
429,Michał Nalepa,jagiellonia białystok,POM,Korona Kielce,True,,,,,,,insufficient_data,Za mało danych (0/2 kolejek),,,0
431,Mateusz Szwoch,wisła płock,POM,Raków Częstochowa,False,,,,,,,insufficient_data,Za mało danych (0/2 kolejek),,,0
432,Grzegorz Tomasiewicz,śląsk wrocław,POM,Górnik Zabrze,False,,,,,,,insufficient_data,Za mało danych (0/2 kolejek),,,0
439,Bartosz Kaniecki,wisła płock,BR,Raków Częstochowa,False,,,,,,,insufficient_data,Za mało danych (0/2 kolejek),,,0
440,Seweryn Kiełpin,wisła płock,BR,Raków Częstochowa,False,,,,,,,insufficient_data,Za mało danych (0/2 kolejek),,,0
441,Mateusz Kryczka,radomiak radom,BR,Wieczysta Kraków,True,,,,,,,insufficient_data,Za mało danych (0/2 kolejek),,,0
442,Klaudiusz Kurek,wisła płock,BR,Raków Częstochowa,False,,,,,,,insufficient_data,Za mało danych (0/2 kolejek),,,0
444,Damian Byrtek,piast gliwice,OBR,Zagłębie Lubin,False,,,,,,,insufficient_data,Za mało danych (0/2 kolejek),,,0
445,Bartłomiej Sielewski,wisła płock,OBR,Raków Częstochowa,False,,,,,,,insufficient_data,Za mało danych (0/2 kolejek),,,0
446,Cezary Stefańczyk,wisła płock,OBR,Raków Częstochowa,False,,,,,,,insufficient_data,Za mało danych (0/2 kolejek),,,0
448,Kamil Sylwestrzak,wisła płock,OBR,Raków Częstochowa,False,,,,,,,insufficient_data,Za mało danych (0/2 kolejek),,,0
449,Przemysław Szymiński,wisła płock,OBR,Raków Częstochowa,False,,,,,,,insufficient_data,Za mało danych (0/2 kolejek),,,0
450,Dominik Furman,wisła płock,POM,Raków Częstochowa,False,,,,,,,insufficient_data,Za mało danych (0/2 kolejek),,,0
451,Dimityr Ilijew,wisła płock,POM,Raków Częstochowa,False,,,,,,,insufficient_data,Za mało danych (0/2 kolejek),,,0
452,Dawid Jabłoński,wisła płock,POM,Raków Częstochowa,False,,,,,,,insufficient_data,Za mało danych (0/2 kolejek),,,0
453,Dominik Kun,wisła płock,POM,Raków Częstochowa,False,,,,,,,insufficient_data,Za mało danych (0/2 kolejek),,,0
455,Jakub Łukowski,gks katowice,POM,Wisła Kraków,False,,,,,,,insufficient_data,Za mało danych (0/2 kolejek),,,0
457,Damian Piotrowski,wisła płock,POM,Raków Częstochowa,False,,,,,,,insufficient_data,Za mało danych (0/2 kolejek),,,0
458,Arkadiusz Reca,legia warszawa,OBR,Pogoń Szczecin,False,,,,,,,insufficient_data,Za mało danych (0/2 kolejek),,,0
459,Maksymilian Rogalski,wisła płock,POM,Raków Częstochowa,False,,,,,,,insufficient_data,Za mało danych (0/2 kolejek),,,0
460,Patryk Szczepański,wisła płock,POM,Raków Częstochowa,False,,,,,,,insufficient_data,Za mało danych (0/2 kolejek),,,0
462,Emil Drozdowicz,wisła płock,NAP,Raków Częstochowa,False,,,,,,,insufficient_data,Za mało danych (0/2 kolejek),,,0
464,Kamil Nowicki,wisła płock,NAP,Raków Częstochowa,False,,,,,,,insufficient_data,Za mało danych (0/2 kolejek),,,0
465,Krystian Popiela,wisła płock,NAP,Raków Częstochowa,False,,,,,,,insufficient_data,Za mało danych (0/2 kolejek),,,0
466,Witalij Hemeha,wisła płock,POM,Raków Częstochowa,False,,,,,,,insufficient_data,Za mało danych (0/2 kolejek),,,0
469,José Kanté,legia warszawa,NAP,Pogoń Szczecin,False,,,,,,,insufficient_data,Za mało danych (0/2 kolejek),,,0
471,Seiya Kitano,pogoń szczecin,NAP,Legia Warszawa,True,,,,,,,insufficient_data,Za mało danych (0/2 kolejek),,,0
472,Łukasz Załuska,pogoń szczecin,BR,Legia Warszawa,True,,,,,,,insufficient_data,Za mało danych (0/2 kolejek),,,0
473,Miguel Palanca Fernández,korona kielce,POM,Jagiellonia Białystok,False,,,,,,,insufficient_data,Za mało danych (0/2 kolejek),,,0
474,Jakub Čunta,cracovia,OBR,Lech Poznań,False,,,,,,,insufficient_data,Za mało danych (0/2 kolejek),,,0
477,Steeven Langil,legia warszawa,POM,Pogoń Szczecin,False,,,,,,,insufficient_data,Za mało danych (0/2 kolejek),,,0
479,Diego Ferraresso,cracovia,OBR,Lech Poznań,False,,,,,,,insufficient_data,Za mało danych (0/2 kolejek),,,0
480,Bartosz Nowak,gks katowice,POM,Wisła Kraków,False,,,,,,,insufficient_data,Za mało danych (0/2 kolejek),,,0
485,Vadis Odjidja-Ofoe,legia warszawa,POM,Pogoń Szczecin,False,,,,,,,insufficient_data,Za mało danych (0/2 kolejek),,,0
487,Giorgi Merebaszwili,wisła płock,POM,Raków Częstochowa,False,,,,,,,insufficient_data,Za mało danych (0/2 kolejek),,,0
490,Mario Engels,śląsk wrocław,POM,Górnik Zabrze,False,,,,,,,insufficient_data,Za mało danych (0/2 kolejek),,,0
491,Mateusz Wieteska,legia warszawa,OBR,Pogoń Szczecin,False,,,,,,,insufficient_data,Za mało danych (0/2 kolejek),,,0
492,Sebastian Szymański,legia warszawa,POM,Pogoń Szczecin,False,,,,,,,insufficient_data,Za mało danych (0/2 kolejek),,,0
494,Sito Riera,śląsk wrocław,POM,Górnik Zabrze,False,,,,,,,insufficient_data,Za mało danych (0/2 kolejek),,,0
495,Martin Nespor,zagłębie lubin,NAP,Piast Gliwice,True,,,,,,,insufficient_data,Za mało danych (0/2 kolejek),,,0
498,Haubert Sityá Guilherme,jagiellonia białystok,OBR,Korona Kielce,True,,,,,,,insufficient_data,Za mało danych (0/2 kolejek),,,0
499,Miroslav Radović,legia warszawa,POM,Pogoń Szczecin,False,,,,,,,insufficient_data,Za mało danych (0/2 kolejek),,,0
500,Waleri Kazaiszwili,legia warszawa,POM,Pogoń Szczecin,False,,,,,,,insufficient_data,Za mało danych (0/2 kolejek),,,0
501,Piotr Malarczyk,korona kielce,OBR,Jagiellonia Białystok,False,,,,,,,insufficient_data,Za mało danych (0/2 kolejek),,,0
504,Deimantas Petravičius,zagłębie lubin,POM,Piast Gliwice,True,,,,,,,insufficient_data,Za mało danych (0/2 kolejek),,,0
505,Javi Hernández,cracovia,POM,Lech Poznań,False,,,,,,,insufficient_data,Za mało danych (0/2 kolejek),,,0
507,Daniel Abalo,korona kielce,POM,Jagiellonia Białystok,False,,,,,,,insufficient_data,Za mało danych (0/2 kolejek),,,0
508,Cornel Râpă,cracovia,OBR,Lech Poznań,False,,,,,,,insufficient_data,Za mało danych (0/2 kolejek),,,0
511,Ivica Vrdoljak,wisła płock,POM,Raków Częstochowa,False,,,,,,,insufficient_data,Za mało danych (0/2 kolejek),,,0
514,Łukasz Bejger,śląsk wrocław,OBR,Górnik Zabrze,False,,,,,,,insufficient_data,Za mało danych (0/2 kolejek),,,0
515,Sandro Gotal,piast gliwice,NAP,Zagłębie Lubin,False,,,,,,,insufficient_data,Za mało danych (0/2 kolejek),,,0
519,Przemysław Porębski,wisła kraków,POM,GKS Katowice,True,,,,,,,insufficient_data,Za mało danych (0/2 kolejek),,,0
522,Semir Štilić,wisła płock,POM,Raków Częstochowa,False,,,,,,,insufficient_data,Za mało danych (0/2 kolejek),,,0
523,Daniel Chima Chukwu,legia warszawa,NAP,Pogoń Szczecin,False,,,,,,,insufficient_data,Za mało danych (0/2 kolejek),,,0
526,Luka Zarandia,korona kielce,POM,Jagiellonia Białystok,False,,,,,,,insufficient_data,Za mało danych (0/2 kolejek),,,0
528,Arvydas Novikovas,legia warszawa,POM,Pogoń Szczecin,False,,,,,,,insufficient_data,Za mało danych (0/2 kolejek),,,0
529,Iván González,wisła kraków,OBR,GKS Katowice,True,,,,,,,insufficient_data,Za mało danych (0/2 kolejek),,,0
531,Jakub Żubrowski,zagłębie lubin,POM,Piast Gliwice,True,,,,,,,insufficient_data,Za mało danych (0/2 kolejek),,,0
533,Mihai Radut,lech poznań,POM,Cracovia,True,,,,,,,insufficient_data,Za mało danych (0/2 kolejek),,,0
534,Mate Cincadze,pogoń szczecin,POM,Legia Warszawa,True,,,,,,,insufficient_data,Za mało danych (0/2 kolejek),,,0
535,Artur Jędrzejczyk,legia warszawa,OBR,Pogoń Szczecin,False,,,,,,,insufficient_data,Za mało danych (0/2 kolejek),,,0
536,Dominik Nagy,legia warszawa,POM,Pogoń Szczecin,False,,,,,,,insufficient_data,Za mało danych (0/2 kolejek),,,0
537,Sadam Sulley,legia warszawa,NAP,Pogoń Szczecin,False,,,,,,,insufficient_data,Za mało danych (0/2 kolejek),,,0
538,Eryk Sobków,zagłębie lubin,NAP,Piast Gliwice,True,,,,,,,insufficient_data,Za mało danych (0/2 kolejek),,,0
542,Krystian Miś,wisła płock,OBR,Raków Częstochowa,False,,,,,,,insufficient_data,Za mało danych (0/2 kolejek),,,0
543,Charlie Trafford,korona kielce,POM,Jagiellonia Białystok,False,,,,,,,insufficient_data,Za mało danych (0/2 kolejek),,,0
544,Sandro Kulenović,legia warszawa,NAP,Pogoń Szczecin,False,,,,,,,insufficient_data,Za mało danych (0/2 kolejek),,,0
545,Jakub Freitag,piast gliwice,BR,Zagłębie Lubin,False,,,,,,,insufficient_data,Za mało danych (0/2 kolejek),,,0
547,Łukasz Wiech,śląsk wrocław,OBR,Górnik Zabrze,False,,,,,,,insufficient_data,Za mało danych (0/2 kolejek),,,0
548,Ariel Borysiuk,jagiellonia białystok,POM,Korona Kielce,True,,,,,,,insufficient_data,Za mało danych (0/2 kolejek),,,0
549,Ziggy Gordon,jagiellonia białystok,OBR,Korona Kielce,True,,,,,,,insufficient_data,Za mało danych (0/2 kolejek),,,0
550,Tomáš Necid,legia warszawa,NAP,Pogoń Szczecin,False,,,,,,,insufficient_data,Za mało danych (0/2 kolejek),,,0
552,Ilijan Micanski,korona kielce,NAP,Jagiellonia Białystok,False,,,,,,,insufficient_data,Za mało danych (0/2 kolejek),,,0
554,Bartłomiej Urbański,legia warszawa,POM,Pogoń Szczecin,False,,,,,,,insufficient_data,Za mało danych (0/2 kolejek),,,0
555,Pol Llonch,wisła kraków,POM,GKS Katowice,True,,,,,,,insufficient_data,Za mało danych (0/2 kolejek),,,0
556,Tymoteusz Puchacz,gks katowice,OBR,Wisła Kraków,False,,,,,,,insufficient_data,Za mało danych (0/2 kolejek),,,0
558,Dušan Kuciak,raków częstochowa,BR,Wisła Płock,True,,,,,,,insufficient_data,Za mało danych (0/2 kolejek),,,0
560,Hugo Vidémont,wisła kraków,POM,GKS Katowice,True,,,,,,,insufficient_data,Za mało danych (0/2 kolejek),,,0
561,Matija Špičić,wisła kraków,OBR,GKS Katowice,True,,,,,,,insufficient_data,Za mało danych (0/2 kolejek),,,0
562,Lukáš Čmelík,piast gliwice,POM,Zagłębie Lubin,False,,,,,,,insufficient_data,Za mało danych (0/2 kolejek),,,0
563,Marcin Wasielewski,gks katowice,OBR,Wisła Kraków,False,,,,,,,insufficient_data,Za mało danych (0/2 kolejek),,,0
564,Víctor Gutiérrez,lech poznań,POM,Cracovia,True,,,,,,,insufficient_data,Za mało danych (0/2 kolejek),,,0
565,Milan Borjan,korona kielce,BR,Jagiellonia Białystok,False,,,,,,,insufficient_data,Za mało danych (0/2 kolejek),,,0
566,Nadir Çiftçi,pogoń szczecin,NAP,Legia Warszawa,True,,,,,,,insufficient_data,Za mało danych (0/2 kolejek),,,0
567,Éver Valencia,wisła kraków,POM,GKS Katowice,True,,,,,,,insufficient_data,Za mało danych (0/2 kolejek),,,0
568,Cristián Echavarría,wisła kraków,POM,GKS Katowice,True,,,,,,,insufficient_data,Za mało danych (0/2 kolejek),,,0
570,Michał Smolarczyk,korona kielce,NAP,Jagiellonia Białystok,False,,,,,,,insufficient_data,Za mało danych (0/2 kolejek),,,0
571,Elvis Kokalović,lech poznań,OBR,Cracovia,True,,,,,,,insufficient_data,Za mało danych (0/2 kolejek),,,0
572,Mateusz Prolejko,jagiellonia białystok,POM,Korona Kielce,True,,,,,,,insufficient_data,Za mało danych (0/2 kolejek),,,0
574,Bartosz Slisz,legia warszawa,POM,Pogoń Szczecin,False,,,,,,,insufficient_data,Za mało danych (0/2 kolejek),,,0
575,Radosław Dzierbicki,zagłębie lubin,POM,Piast Gliwice,True,,,,,,,insufficient_data,Za mało danych (0/2 kolejek),,,0
576,Cillian Sheridan,wisła płock,NAP,Raków Częstochowa,False,,,,,,,insufficient_data,Za mało danych (0/2 kolejek),,,0
579,Harmeet Singh,wisła płock,POM,Raków Częstochowa,False,,,,,,,insufficient_data,Za mało danych (0/2 kolejek),,,0
580,Sebastian Kowalczyk,zagłębie lubin,POM,Piast Gliwice,True,,,,,,,insufficient_data,Za mało danych (0/2 kolejek),,,0
581,Dominik Jończy,zagłębie lubin,OBR,Piast Gliwice,True,,,,,,,insufficient_data,Za mało danych (0/2 kolejek),,,0
582,Denis Gojko,piast gliwice,POM,Zagłębie Lubin,False,,,,,,,insufficient_data,Za mało danych (0/2 kolejek),,,0
583,Adrian Łyszczarz,śląsk wrocław,POM,Górnik Zabrze,False,,,,,,,insufficient_data,Za mało danych (0/2 kolejek),,,0
584,Wojciech Słomka,wisła kraków,POM,GKS Katowice,True,,,,,,,insufficient_data,Za mało danych (0/2 kolejek),,,0
585,Kacper Laskoś,wisła kraków,POM,GKS Katowice,True,,,,,,,insufficient_data,Za mało danych (0/2 kolejek),,,0
587,Patryk Dziczek,pogoń szczecin,POM,Legia Warszawa,True,,,,,,,insufficient_data,Za mało danych (0/2 kolejek),,,0
588,Dawid Kieplin,wisła płock,POM,Raków Częstochowa,False,,,,,,,insufficient_data,Za mało danych (0/2 kolejek),,,0
589,Seweryn Truskolaski,wisła płock,POM,Raków Częstochowa,False,,,,,,,insufficient_data,Za mało danych (0/2 kolejek),,,0
591,Marcin Mielczarski,wisła płock,OBR,Raków Częstochowa,False,,,,,,,insufficient_data,Za mało danych (0/2 kolejek),,,0
592,Daniel Łuczak,śląsk wrocław,POM,Górnik Zabrze,False,,,,,,,insufficient_data,Za mało danych (0/2 kolejek),,,0
593,Łukasz Krakowczyk,piast gliwice,NAP,Zagłębie Lubin,False,,,,,,,insufficient_data,Za mało danych (0/2 kolejek),,,0
595,Piotr Poński,korona kielce,NAP,Jagiellonia Białystok,False,,,,,,,insufficient_data,Za mało danych (0/2 kolejek),,,0
602,Lennard Sowah,cracovia,OBR,Lech Poznań,False,,,,,,,insufficient_data,Za mało danych (0/2 kolejek),,,0
605,Sergei Zenjov,cracovia,NAP,Lech Poznań,False,,,,,,,insufficient_data,Za mało danych (0/2 kolejek),,,0
608,Łukasz Radliński,lech poznań,BR,Cracovia,True,,,,,,,insufficient_data,Za mało danych (0/2 kolejek),,,0
610,Adrian Danek,gks katowice,OBR,Wisła Kraków,False,,,,,,,insufficient_data,Za mało danych (0/2 kolejek),,,0
625,Filip Piszczek,jagiellonia białystok,NAP,Korona Kielce,True,,,,,,,insufficient_data,Za mało danych (0/2 kolejek),,,0
632,Wiktor Nowak,wisła płock,POM,Raków Częstochowa,False,,,,,,,insufficient_data,Za mało danych (0/2 kolejek),,,0
633,Mateusz Wdowiak,gks katowice,POM,Wisła Kraków,False,,,,,,,insufficient_data,Za mało danych (0/2 kolejek),,,0
636,Nika Kaczarawa,lech poznań,NAP,Cracovia,True,,,,,,,insufficient_data,Za mało danych (0/2 kolejek),,,0
637,Mateusz Kuchta,zagłębie lubin,BR,Piast Gliwice,True,,,,,,,insufficient_data,Za mało danych (0/2 kolejek),,,0
638,Grzegorz Kasprzik,górnik zabrze,BR,Śląsk Wrocław,True,,,,,,,insufficient_data,Za mało danych (0/2 kolejek),,,0
641,Marcis Ošs,górnik zabrze,OBR,Śląsk Wrocław,True,,,,,,,insufficient_data,Za mało danych (0/2 kolejek),,,0
642,Ołeksandr Szeweluchin,górnik zabrze,OBR,Śląsk Wrocław,True,,,,,,,insufficient_data,Za mało danych (0/2 kolejek),,,0
644,Erik Grendel,górnik zabrze,POM,Śląsk Wrocław,True,,,,,,,insufficient_data,Za mało danych (0/2 kolejek),,,0
646,Aleksander Kwiek,górnik zabrze,POM,Śląsk Wrocław,True,,,,,,,insufficient_data,Za mało danych (0/2 kolejek),,,0
648,Bartosz Pikul,górnik zabrze,POM,Śląsk Wrocław,True,,,,,,,insufficient_data,Za mało danych (0/2 kolejek),,,0
649,Mariusz Przybylski,górnik zabrze,POM,Śląsk Wrocław,True,,,,,,,insufficient_data,Za mało danych (0/2 kolejek),,,0
650,Michał Teichman,górnik zabrze,OBR,Śląsk Wrocław,True,,,,,,,insufficient_data,Za mało danych (0/2 kolejek),,,0
651,Daniel Wajsak,górnik zabrze,POM,Śląsk Wrocław,True,,,,,,,insufficient_data,Za mało danych (0/2 kolejek),,,0
652,Krzysztof Kiklaisz,górnik zabrze,NAP,Śląsk Wrocław,True,,,,,,,insufficient_data,Za mało danych (0/2 kolejek),,,0
653,Dariusz Pawłowski,radomiak radom,OBR,Wieczysta Kraków,True,,,,,,,insufficient_data,Za mało danych (0/2 kolejek),,,0
654,Szymon Skrzypczak,górnik zabrze,NAP,Śląsk Wrocław,True,,,,,,,insufficient_data,Za mało danych (0/2 kolejek),,,0
655,Marcin Urynowicz,górnik zabrze,NAP,Śląsk Wrocław,True,,,,,,,insufficient_data,Za mało danych (0/2 kolejek),,,0
656,Bartłomiej Olszewski,górnik zabrze,OBR,Śląsk Wrocław,True,,,,,,,insufficient_data,Za mało danych (0/2 kolejek),,,0
657,Dawid Plizga,górnik zabrze,POM,Śląsk Wrocław,True,,,,,,,insufficient_data,Za mało danych (0/2 kolejek),,,0
659,Konrad Nowak,górnik zabrze,POM,Śląsk Wrocław,True,,,,,,,insufficient_data,Za mało danych (0/2 kolejek),,,0
660,Bartłomiej Gajda,górnik zabrze,OBR,Śląsk Wrocław,True,,,,,,,insufficient_data,Za mało danych (0/2 kolejek),,,0
661,Adam Wolniewicz,górnik zabrze,OBR,Śląsk Wrocław,True,,,,,,,insufficient_data,Za mało danych (0/2 kolejek),,,0
662,Igor Angulo,górnik zabrze,NAP,Śląsk Wrocław,True,,,,,,,insufficient_data,Za mało danych (0/2 kolejek),,,0
663,Rafał Kosznik,górnik zabrze,OBR,Śląsk Wrocław,True,,,,,,,insufficient_data,Za mało danych (0/2 kolejek),,,0
665,David Ledecký,górnik zabrze,NAP,Śląsk Wrocław,True,,,,,,,insufficient_data,Za mało danych (0/2 kolejek),,,0
666,Wojciech Pawłowski,górnik zabrze,BR,Śląsk Wrocław,True,,,,,,,insufficient_data,Za mało danych (0/2 kolejek),,,0
667,Szymon Żurkowski,górnik zabrze,POM,Śląsk Wrocław,True,,,,,,,insufficient_data,Za mało danych (0/2 kolejek),,,0
668,Denis Jančo,górnik zabrze,POM,Śląsk Wrocław,True,,,,,,,insufficient_data,Za mało danych (0/2 kolejek),,,0
669,Sandi Arčon,górnik zabrze,POM,Śląsk Wrocław,True,,,,,,,insufficient_data,Za mało danych (0/2 kolejek),,,0
670,Meik Karwot,radomiak radom,OBR,Wieczysta Kraków,True,,,,,,,insufficient_data,Za mało danych (0/2 kolejek),,,0
671,Dani Suárez,górnik zabrze,OBR,Śląsk Wrocław,True,,,,,,,insufficient_data,Za mało danych (0/2 kolejek),,,0
672,Tomasz Loska,górnik zabrze,BR,Śląsk Wrocław,True,,,,,,,insufficient_data,Za mało danych (0/2 kolejek),,,0
673,Rafał Wolsztyński R.,górnik zabrze,POM,Śląsk Wrocław,True,,,,,,,insufficient_data,Za mało danych (0/2 kolejek),,,0
674,Nicklas Bärkroth,lech poznań,POM,Cracovia,True,,,,,,,insufficient_data,Za mało danych (0/2 kolejek),,,0
675,Vernon De Marco,lech poznań,OBR,Cracovia,True,,,,,,,insufficient_data,Za mało danych (0/2 kolejek),,,0
676,Emir Dilaver,lech poznań,OBR,Cracovia,True,,,,,,,insufficient_data,Za mało danych (0/2 kolejek),,,0
677,Deniss Rakels,cracovia,NAP,Lech Poznań,False,,,,,,,insufficient_data,Za mało danych (0/2 kolejek),,,0
678,Mario Šitum,lech poznań,POM,Cracovia,True,,,,,,,insufficient_data,Za mało danych (0/2 kolejek),,,0
680,Fran Vélez,wisła kraków,OBR,GKS Katowice,True,,,,,,,insufficient_data,Za mało danych (0/2 kolejek),,,0
681,Michał Nalepa,zagłębie lubin,OBR,Piast Gliwice,True,,,,,,,insufficient_data,Za mało danych (0/2 kolejek),,,0
684,Bartosz Waleńcik,piast gliwice,OBR,Zagłębie Lubin,False,,,,,,,insufficient_data,Za mało danych (0/2 kolejek),,,0
685,Tomasz Hołota,pogoń szczecin,POM,Legia Warszawa,True,,,,,,,insufficient_data,Za mało danych (0/2 kolejek),,,0
686,Sebastian Walukiewicz,pogoń szczecin,OBR,Legia Warszawa,True,,,,,,,insufficient_data,Za mało danych (0/2 kolejek),,,0
688,Jakub Kosecki,cracovia,POM,Lech Poznań,False,,,,,,,insufficient_data,Za mało danych (0/2 kolejek),,,0
689,Arkadiusz Piech,śląsk wrocław,NAP,Górnik Zabrze,False,,,,,,,insufficient_data,Za mało danych (0/2 kolejek),,,0
690,Oktawian Skrzecz,korona kielce,POM,Jagiellonia Białystok,False,,,,,,,insufficient_data,Za mało danych (0/2 kolejek),,,0
691,Jakub Wrąbel,widzew łódź,BR,Motor Lublin,True,,,,,,,insufficient_data,Za mało danych (0/2 kolejek),,,0
692,Zoran Arsenić,legia warszawa,OBR,Pogoń Szczecin,False,,,,,,,insufficient_data,Za mało danych (0/2 kolejek),,,0
693,Carlos López,legia warszawa,NAP,Pogoń Szczecin,False,,,,,,,insufficient_data,Za mało danych (0/2 kolejek),,,0
694,Julián Cuesta,wisła kraków,BR,GKS Katowice,True,,,,,,,insufficient_data,Za mało danych (0/2 kolejek),,,0
695,Tibor Halilović,wisła kraków,POM,GKS Katowice,True,,,,,,,insufficient_data,Za mało danych (0/2 kolejek),,,0
696,Paul Pârvulescu,wisła płock,POM,Raków Częstochowa,False,,,,,,,insufficient_data,Za mało danych (0/2 kolejek),,,0
697,César Varela,wisła płock,POM,Raków Częstochowa,False,,,,,,,insufficient_data,Za mało danych (0/2 kolejek),,,0
698,Alan Czerwiński,gks katowice,OBR,Wisła Kraków,False,,,,,,,insufficient_data,Za mało danych (0/2 kolejek),,,0
699,Adam Matuszczyk,zagłębie lubin,POM,Piast Gliwice,True,,,,,,,insufficient_data,Za mało danych (0/2 kolejek),,,0
700,Jakub Świerczok,śląsk wrocław,NAP,Górnik Zabrze,False,,,,,,,insufficient_data,Za mało danych (0/2 kolejek),,,0
701,Patryk Kun,wisła płock,OBR,Raków Częstochowa,False,,,,,,,insufficient_data,Za mało danych (0/2 kolejek),,,0
704,Christian Gytkjær,lech poznań,NAP,Cracovia,True,,,,,,,insufficient_data,Za mało danych (0/2 kolejek),,,0
706,Kamil Wojtkowski,jagiellonia białystok,POM,Korona Kielce,True,,,,,,,insufficient_data,Za mało danych (0/2 kolejek),,,0
707,Damian Pietras,korona kielce,OBR,Jagiellonia Białystok,False,,,,,,,insufficient_data,Za mało danych (0/2 kolejek),,,0
708,Eryk Borczyński,korona kielce,POM,Jagiellonia Białystok,False,,,,,,,insufficient_data,Za mało danych (0/2 kolejek),,,0
710,Mateusz Jarzynka,cracovia,OBR,Lech Poznań,False,,,,,,,insufficient_data,Za mało danych (0/2 kolejek),,,0
711,Robert Pieczur,górnik zabrze,OBR,Śląsk Wrocław,True,,,,,,,insufficient_data,Za mało danych (0/2 kolejek),,,0
712,Jakub Bursztyn,pogoń szczecin,BR,Legia Warszawa,True,,,,,,,insufficient_data,Za mało danych (0/2 kolejek),,,0
713,Martin Pospíšil,jagiellonia białystok,POM,Korona Kielce,True,,,,,,,insufficient_data,Za mało danych (0/2 kolejek),,,0
715,Łukasz Kosakiewicz,korona kielce,POM,Jagiellonia Białystok,False,,,,,,,insufficient_data,Za mało danych (0/2 kolejek),,,0
716,Alen Ploj,wisła płock,NAP,Raków Częstochowa,False,,,,,,,insufficient_data,Za mało danych (0/2 kolejek),,,0
718,Adnan Kovačević,raków częstochowa,OBR,Wisła Płock,True,,,,,,,insufficient_data,Za mało danych (0/2 kolejek),,,0
721,Nikola Vujadinović,lech poznań,OBR,Cracovia,True,,,,,,,insufficient_data,Za mało danych (0/2 kolejek),,,0
722,Karol Angielski,pogoń szczecin,NAP,Legia Warszawa,True,,,,,,,insufficient_data,Za mało danych (0/2 kolejek),,,0
723,Igor Łasicki,pogoń szczecin,OBR,Legia Warszawa,True,,,,,,,insufficient_data,Za mało danych (0/2 kolejek),,,0
724,Zlatan Alomerović,zagłębie lubin,BR,Piast Gliwice,True,,,,,,,insufficient_data,Za mało danych (0/2 kolejek),,,0
725,Matthias Hamrol,korona kielce,BR,Jagiellonia Białystok,False,,,,,,,insufficient_data,Za mało danych (0/2 kolejek),,,0
726,Shawn Barry,korona kielce,OBR,Jagiellonia Białystok,False,,,,,,,insufficient_data,Za mało danych (0/2 kolejek),,,0
727,Ivan Jukić,korona kielce,POM,Jagiellonia Białystok,False,,,,,,,insufficient_data,Za mało danych (0/2 kolejek),,,0
728,Fabian Burdenski,korona kielce,POM,Jagiellonia Białystok,False,,,,,,,insufficient_data,Za mało danych (0/2 kolejek),,,0
729,Michael Gardawski,cracovia,POM,Lech Poznań,False,,,,,,,insufficient_data,Za mało danych (0/2 kolejek),,,0
730,Martin Košťál,jagiellonia białystok,POM,Korona Kielce,True,,,,,,,insufficient_data,Za mało danych (0/2 kolejek),,,0
731,Hildeberto Pereira,legia warszawa,POM,Pogoń Szczecin,False,,,,,,,insufficient_data,Za mało danych (0/2 kolejek),,,0
732,Angelos Argýris,korona kielce,OBR,Jagiellonia Białystok,False,,,,,,,insufficient_data,Za mało danych (0/2 kolejek),,,0
733,Daniel Łukasik,śląsk wrocław,POM,Górnik Zabrze,False,,,,,,,insufficient_data,Za mało danych (0/2 kolejek),,,0
734,Adam Deja,korona kielce,POM,Jagiellonia Białystok,False,,,,,,,insufficient_data,Za mało danych (0/2 kolejek),,,0
735,Armando Sadiku,legia warszawa,NAP,Pogoń Szczecin,False,,,,,,,insufficient_data,Za mało danych (0/2 kolejek),,,0
738,Ákos Kecskés,korona kielce,OBR,Jagiellonia Białystok,False,,,,,,,insufficient_data,Za mało danych (0/2 kolejek),,,0
740,Ołeksij Dytiatjew,cracovia,OBR,Lech Poznań,False,,,,,,,insufficient_data,Za mało danych (0/2 kolejek),,,0
741,Cristian Pasquato,legia warszawa,POM,Pogoń Szczecin,False,,,,,,,insufficient_data,Za mało danych (0/2 kolejek),,,0
742,Joel Valencia,legia warszawa,POM,Pogoń Szczecin,False,,,,,,,insufficient_data,Za mało danych (0/2 kolejek),,,0
745,Saša Balić,korona kielce,OBR,Jagiellonia Białystok,False,,,,,,,insufficient_data,Za mało danych (0/2 kolejek),,,0
747,Elia Soriano,korona kielce,NAP,Jagiellonia Białystok,False,,,,,,,insufficient_data,Za mało danych (0/2 kolejek),,,0
749,Błażej Augustyn,jagiellonia białystok,OBR,Korona Kielce,True,,,,,,,insufficient_data,Za mało danych (0/2 kolejek),,,0
750,José Zé Manuel,wisła kraków,POM,GKS Katowice,True,,,,,,,insufficient_data,Za mało danych (0/2 kolejek),,,0
751,Dario Rugašević,piast gliwice,OBR,Zagłębie Lubin,False,,,,,,,insufficient_data,Za mało danych (0/2 kolejek),,,0
752,Vullnet Basha,wisła kraków,POM,GKS Katowice,True,,,,,,,insufficient_data,Za mało danych (0/2 kolejek),,,0
753,Iñaki Astiz,legia warszawa,OBR,Pogoń Szczecin,False,,,,,,,insufficient_data,Za mało danych (0/2 kolejek),,,0
755,Patryk Tuszyński,wisła płock,NAP,Raków Częstochowa,False,,,,,,,insufficient_data,Za mało danych (0/2 kolejek),,,0
756,Dawid Pietrzkiewicz,raków częstochowa,BR,Wisła Płock,True,,,,,,,insufficient_data,Za mało danych (0/2 kolejek),,,0
757,Sylwester Lusiusz,cracovia,POM,Lech Poznań,False,,,,,,,insufficient_data,Za mało danych (0/2 kolejek),,,0
758,Nemanja Mitrović,jagiellonia białystok,OBR,Korona Kielce,True,,,,,,,insufficient_data,Za mało danych (0/2 kolejek),,,0
759,Kamil Vacek,śląsk wrocław,POM,Górnik Zabrze,False,,,,,,,insufficient_data,Za mało danych (0/2 kolejek),,,0
760,Matic Fink,cracovia,OBR,Lech Poznań,False,,,,,,,insufficient_data,Za mało danych (0/2 kolejek),,,0
761,Emil Bergström,górnik zabrze,OBR,Śląsk Wrocław,True,,,,,,,insufficient_data,Za mało danych (0/2 kolejek),,,0
763,Marko Kolar,wisła płock,NAP,Raków Częstochowa,False,,,,,,,insufficient_data,Za mało danych (0/2 kolejek),,,0
765,Jesús Imaz,jagiellonia białystok,POM,Korona Kielce,True,,,,,,,insufficient_data,Za mało danych (0/2 kolejek),,,0
767,Víctor Pérez,wisła kraków,POM,GKS Katowice,True,,,,,,,insufficient_data,Za mało danych (0/2 kolejek),,,0
768,Patryk Paczuk,pogoń szczecin,POM,Legia Warszawa,True,,,,,,,insufficient_data,Za mało danych (0/2 kolejek),,,0
769,Konrad Poprawa,śląsk wrocław,OBR,Górnik Zabrze,False,,,,,,,insufficient_data,Za mało danych (0/2 kolejek),,,0
771,Marcin Wasilewski,wisła kraków,OBR,GKS Katowice,True,,,,,,,insufficient_data,Za mało danych (0/2 kolejek),,,0
772,Dominik Lasik,górnik zabrze,NAP,Śląsk Wrocław,True,,,,,,,insufficient_data,Za mało danych (0/2 kolejek),,,0
773,Mathieu Scalet,motor lublin,POM,Widzew Łódź,False,,,,,,,insufficient_data,Za mało danych (0/2 kolejek),,,0
774,Sebastian Bergier,widzew łódź,NAP,Motor Lublin,True,,,,,,,insufficient_data,Za mało danych (0/2 kolejek),,,0
776,Sebastian Strózik,cracovia,NAP,Lech Poznań,False,,,,,,,insufficient_data,Za mało danych (0/2 kolejek),,,0
777,Mateusz Żukowski,śląsk wrocław,POM,Górnik Zabrze,False,,,,,,,insufficient_data,Za mało danych (0/2 kolejek),,,0
778,Alves da Silva Eduardo,legia warszawa,NAP,Pogoń Szczecin,False,,,,,,,insufficient_data,Za mało danych (0/2 kolejek),,,0
781,Antonini Čulina,cracovia,POM,Lech Poznań,False,,,,,,,insufficient_data,Za mało danych (0/2 kolejek),,,0
782,Ołeksij Chobłenko,lech poznań,NAP,Cracovia,True,,,,,,,insufficient_data,Za mało danych (0/2 kolejek),,,0
783,Thomas Rogne,lech poznań,OBR,Cracovia,True,,,,,,,insufficient_data,Za mało danych (0/2 kolejek),,,0
785,Domagoj Antolić,legia warszawa,POM,Pogoń Szczecin,False,,,,,,,insufficient_data,Za mało danych (0/2 kolejek),,,0
786,Filip Mladenović,legia warszawa,OBR,Pogoń Szczecin,False,,,,,,,insufficient_data,Za mało danych (0/2 kolejek),,,0
787,William Rémy,legia warszawa,OBR,Pogoń Szczecin,False,,,,,,,insufficient_data,Za mało danych (0/2 kolejek),,,0
788,Marko Vešović,legia warszawa,OBR,Pogoń Szczecin,False,,,,,,,insufficient_data,Za mało danych (0/2 kolejek),,,0
790,František Plach,piast gliwice,BR,Zagłębie Lubin,False,,,,,,,insufficient_data,Za mało danych (0/2 kolejek),,,0
791,Dawid Błanik,korona kielce,POM,Jagiellonia Białystok,False,,,,,,,insufficient_data,Za mało danych (0/2 kolejek),,,0
792,Tim Rieder,śląsk wrocław,OBR,Górnik Zabrze,False,,,,,,,insufficient_data,Za mało danych (0/2 kolejek),,,0
793,Nikola Mitrović,wisła kraków,POM,GKS Katowice,True,,,,,,,insufficient_data,Za mało danych (0/2 kolejek),,,0
794,Thomas Dähne,wisła płock,BR,Raków Częstochowa,False,,,,,,,insufficient_data,Za mało danych (0/2 kolejek),,,0
796,Piotr Leciejewski,zagłębie lubin,BR,Piast Gliwice,True,,,,,,,insufficient_data,Za mało danych (0/2 kolejek),,,0
798,Nicolai Brock-Madsen,cracovia,NAP,Lech Poznań,False,,,,,,,insufficient_data,Za mało danych (0/2 kolejek),,,0
799,Paweł Bochniewicz,górnik zabrze,OBR,Śląsk Wrocław,True,,,,,,,insufficient_data,Za mało danych (0/2 kolejek),,,0
800,Daniel Smuga,górnik zabrze,POM,Śląsk Wrocław,True,,,,,,,insufficient_data,Za mało danych (0/2 kolejek),,,0
801,Dejan Lazarević,jagiellonia białystok,POM,Korona Kielce,True,,,,,,,insufficient_data,Za mało danych (0/2 kolejek),,,0
802,Thomas Hateley,piast gliwice,POM,Zagłębie Lubin,False,,,,,,,insufficient_data,Za mało danych (0/2 kolejek),,,0
806,Daniel Pik,radomiak radom,POM,Wieczysta Kraków,True,,,,,,,insufficient_data,Za mało danych (0/2 kolejek),,,0
808,Dariusz Kamiński,motor lublin,POM,Widzew Łódź,False,,,,,,,insufficient_data,Za mało danych (0/2 kolejek),,,0
810,Bartosz Bida,jagiellonia białystok,POM,Korona Kielce,True,,,,,,,insufficient_data,Za mało danych (0/2 kolejek),,,0
811,Bartosz Przybysz,lech poznań,BR,Cracovia,True,,,,,,,insufficient_data,Za mało danych (0/2 kolejek),,,0
812,Łukasz Turzyniecki,legia warszawa,OBR,Pogoń Szczecin,False,,,,,,,insufficient_data,Za mało danych (0/2 kolejek),,,0
813,Mateusz Żyro,widzew łódź,OBR,Motor Lublin,True,,,,,,,insufficient_data,Za mało danych (0/2 kolejek),,,0
814,Robert Bartczak,legia warszawa,POM,Pogoń Szczecin,False,,,,,,,insufficient_data,Za mało danych (0/2 kolejek),,,0
816,Miłosz Szczepański,piast gliwice,POM,Zagłębie Lubin,False,,,,,,,insufficient_data,Za mało danych (0/2 kolejek),,,0
817,Marcel Stefaniak,pogoń szczecin,OBR,Legia Warszawa,True,,,,,,,insufficient_data,Za mało danych (0/2 kolejek),,,0
818,Rafał Maćkowski,pogoń szczecin,POM,Legia Warszawa,True,,,,,,,insufficient_data,Za mało danych (0/2 kolejek),,,0
820,Aron Stasiak,pogoń szczecin,NAP,Legia Warszawa,True,,,,,,,insufficient_data,Za mało danych (0/2 kolejek),,,0
822,Paweł Kucharczyk,śląsk wrocław,OBR,Górnik Zabrze,False,,,,,,,insufficient_data,Za mało danych (0/2 kolejek),,,0
823,Maciej Buławski,śląsk wrocław,POM,Górnik Zabrze,False,,,,,,,insufficient_data,Za mało danych (0/2 kolejek),,,0
824,Matej Palčič,wisła kraków,OBR,GKS Katowice,True,,,,,,,insufficient_data,Za mało danych (0/2 kolejek),,,0
825,Kacper Chorążka,wisła kraków,BR,GKS Katowice,True,,,,,,,insufficient_data,Za mało danych (0/2 kolejek),,,0
826,Piotr Świątko,wisła kraków,OBR,GKS Katowice,True,,,,,,,insufficient_data,Za mało danych (0/2 kolejek),,,0
827,Mateusz Grzybek,zagłębie lubin,OBR,Piast Gliwice,True,,,,,,,insufficient_data,Za mało danych (0/2 kolejek),,,0
829,Damian Oko,zagłębie lubin,OBR,Piast Gliwice,True,,,,,,,insufficient_data,Za mało danych (0/2 kolejek),,,0
831,Dawid Pakulski,zagłębie lubin,POM,Piast Gliwice,True,,,,,,,insufficient_data,Za mało danych (0/2 kolejek),,,0
832,Morten Rasmussen,pogoń szczecin,NAP,Legia Warszawa,True,,,,,,,insufficient_data,Za mało danych (0/2 kolejek),,,0
833,Bödvar Bödvarsson,jagiellonia białystok,OBR,Korona Kielce,True,,,,,,,insufficient_data,Za mało danych (0/2 kolejek),,,0
834,Niko Datković,cracovia,OBR,Lech Poznań,False,,,,,,,insufficient_data,Za mało danych (0/2 kolejek),,,0
835,Jakub Mareš,zagłębie lubin,NAP,Piast Gliwice,True,,,,,,,insufficient_data,Za mało danych (0/2 kolejek),,,0
836,Roman Bezjak,jagiellonia białystok,NAP,Korona Kielce,True,,,,,,,insufficient_data,Za mało danych (0/2 kolejek),,,0
838,Chris Philipps,legia warszawa,POM,Pogoń Szczecin,False,,,,,,,insufficient_data,Za mało danych (0/2 kolejek),,,0
839,Sanel Kapidžić,korona kielce,NAP,Jagiellonia Białystok,False,,,,,,,insufficient_data,Za mało danych (0/2 kolejek),,,0
840,Oliver Petrak,korona kielce,POM,Jagiellonia Białystok,False,,,,,,,insufficient_data,Za mało danych (0/2 kolejek),,,0
841,Elvir Koljić,lech poznań,NAP,Cracovia,True,,,,,,,insufficient_data,Za mało danych (0/2 kolejek),,,0
843,Zlatko Janjić,korona kielce,POM,Jagiellonia Białystok,False,,,,,,,insufficient_data,Za mało danych (0/2 kolejek),,,0
844,Adrian Gryszkiewicz,raków częstochowa,OBR,Wisła Płock,True,,,,,,,insufficient_data,Za mało danych (0/2 kolejek),,,0
846,Tymoteusz Klupś,lech poznań,POM,Cracovia,True,,,,,,,insufficient_data,Za mało danych (0/2 kolejek),,,0
847,Mikkel Kirkeskov,zagłębie lubin,OBR,Piast Gliwice,True,,,,,,,insufficient_data,Za mało danych (0/2 kolejek),,,0
849,Carlos Cafu,legia warszawa,POM,Pogoń Szczecin,False,,,,,,,insufficient_data,Za mało danych (0/2 kolejek),,,0
850,Arkadiusz Najemski,motor lublin,OBR,Widzew Łódź,False,,,,,,,insufficient_data,Za mało danych (0/2 kolejek),,,0
852,dos Santos Maurício,legia warszawa,OBR,Pogoń Szczecin,False,,,,,,,insufficient_data,Za mało danych (0/2 kolejek),,,0
854,Brian Iloski,legia warszawa,POM,Pogoń Szczecin,False,,,,,,,insufficient_data,Za mało danych (0/2 kolejek),,,0
856,Martin Adamec,jagiellonia białystok,POM,Korona Kielce,True,,,,,,,insufficient_data,Za mało danych (0/2 kolejek),,,0
857,Daniel Liszka,górnik zabrze,POM,Śląsk Wrocław,True,,,,,,,insufficient_data,Za mało danych (0/2 kolejek),,,0
858,Adrian Benedyczak,pogoń szczecin,NAP,Legia Warszawa,True,,,,,,,insufficient_data,Za mało danych (0/2 kolejek),,,0
859,Piotr Pierzchała,korona kielce,OBR,Jagiellonia Białystok,False,,,,,,,insufficient_data,Za mało danych (0/2 kolejek),,,0
860,Wiktor Długosz,korona kielce,POM,Jagiellonia Białystok,False,,,,,,,insufficient_data,Za mało danych (0/2 kolejek),,,0
861,Michał Dziubek,korona kielce,OBR,Jagiellonia Białystok,False,,,,,,,insufficient_data,Za mało danych (0/2 kolejek),,,0
923,Rafał Augustyniak,legia warszawa,OBR,Pogoń Szczecin,False,,,,,,,insufficient_data,Za mało danych (0/2 kolejek),,,0
929,Paweł Zieliński,widzew łódź,OBR,Motor Lublin,True,,,,,,,insufficient_data,Za mało danych (0/2 kolejek),,,0
930,Michał Bartkowiak,śląsk wrocław,POM,Górnik Zabrze,False,,,,,,,insufficient_data,Za mało danych (0/2 kolejek),,,0
934,Petteri Forsell,korona kielce,POM,Jagiellonia Białystok,False,,,,,,,insufficient_data,Za mało danych (0/2 kolejek),,,0
942,Fabian Piasecki,piast gliwice,NAP,Zagłębie Lubin,False,,,,,,,insufficient_data,Za mało danych (0/2 kolejek),,,0
948,Märten Kuusk,gks katowice,OBR,Wisła Kraków,False,,,,,,,insufficient_data,Za mało danych (0/2 kolejek),,,0
950,Mateusz Cichocki,radomiak radom,OBR,Wieczysta Kraków,True,,,,,,,insufficient_data,Za mało danych (0/2 kolejek),,,0
951,Arkadiusz Jędrych,gks katowice,OBR,Wisła Kraków,False,,,,,,,insufficient_data,Za mało danych (0/2 kolejek),,,0
954,Tomasz Nawotka,legia warszawa,OBR,Pogoń Szczecin,False,,,,,,,insufficient_data,Za mało danych (0/2 kolejek),,,0
958,Žarko Udovičić,raków częstochowa,POM,Wisła Płock,True,,,,,,,insufficient_data,Za mało danych (0/2 kolejek),,,0
960,Adam Banasiak,radomiak radom,POM,Wieczysta Kraków,True,,,,,,,insufficient_data,Za mało danych (0/2 kolejek),,,0
963,Rafał Makowski,śląsk wrocław,POM,Górnik Zabrze,False,,,,,,,insufficient_data,Za mało danych (0/2 kolejek),,,0
964,Sebastian Milewski,gks katowice,POM,Wisła Kraków,False,,,,,,,insufficient_data,Za mało danych (0/2 kolejek),,,0
971,Szymon Lewicki,raków częstochowa,NAP,Wisła Płock,True,,,,,,,insufficient_data,Za mało danych (0/2 kolejek),,,0
972,Vamara Sanogo,górnik zabrze,NAP,Śląsk Wrocław,True,,,,,,,insufficient_data,Za mało danych (0/2 kolejek),,,0
976,Karol Danielak,widzew łódź,POM,Motor Lublin,True,,,,,,,insufficient_data,Za mało danych (0/2 kolejek),,,0
979,Oskar Repka,raków częstochowa,POM,Wisła Płock,True,,,,,,,insufficient_data,Za mało danych (0/2 kolejek),,,0
983,Gerard Oliva,cracovia,NAP,Lech Poznań,False,,,,,,,insufficient_data,Za mało danych (0/2 kolejek),,,0
984,Radosław Kruppa,cracovia,OBR,Lech Poznań,False,,,,,,,insufficient_data,Za mało danych (0/2 kolejek),,,0
985,Robert Ożóg,cracovia,POM,Lech Poznań,False,,,,,,,insufficient_data,Za mało danych (0/2 kolejek),,,0
986,Michał Wiśniewski,cracovia,POM,Lech Poznań,False,,,,,,,insufficient_data,Za mało danych (0/2 kolejek),,,0
989,Adam Ryczkowski,górnik zabrze,NAP,Śląsk Wrocław,True,,,,,,,insufficient_data,Za mało danych (0/2 kolejek),,,0
990,Kamil Surowiec,górnik zabrze,OBR,Śląsk Wrocław,True,,,,,,,insufficient_data,Za mało danych (0/2 kolejek),,,0
992,Przemysław Wiśniewski,widzew łódź,OBR,Motor Lublin,True,,,,,,,insufficient_data,Za mało danych (0/2 kolejek),,,0
993,Wato Arweladze,korona kielce,NAP,Jagiellonia Białystok,False,,,,,,,insufficient_data,Za mało danych (0/2 kolejek),,,0
994,Lukas Klemenz,gks katowice,OBR,Wisła Kraków,False,,,,,,,insufficient_data,Za mało danych (0/2 kolejek),,,0
995,Mateusz Machaj,jagiellonia białystok,POM,Korona Kielce,True,,,,,,,insufficient_data,Za mało danych (0/2 kolejek),,,0
996,Mikołaj Nawrocki,jagiellonia białystok,POM,Korona Kielce,True,,,,,,,insufficient_data,Za mało danych (0/2 kolejek),,,0
997,Uroš Djuranović,korona kielce,NAP,Jagiellonia Białystok,False,,,,,,,insufficient_data,Za mało danych (0/2 kolejek),,,0
998,Paweł Sokół,górnik zabrze,BR,Śląsk Wrocław,True,,,,,,,insufficient_data,Za mało danych (0/2 kolejek),,,0
1000,Pedro Tiba,lech poznań,POM,Cracovia,True,,,,,,,insufficient_data,Za mało danych (0/2 kolejek),,,0
1001,Karol Szymański,piast gliwice,BR,Zagłębie Lubin,False,,,,,,,insufficient_data,Za mało danych (0/2 kolejek),,,0
1004,Jakub Arak,gks katowice,NAP,Wisła Kraków,False,,,,,,,insufficient_data,Za mało danych (0/2 kolejek),,,0
1005,Karol Fila,wieczysta kraków,OBR,Radomiak Radom,False,,,,,,,insufficient_data,Za mało danych (0/2 kolejek),,,0
1006,Daniel Mikołajewski,zagłębie lubin,NAP,Piast Gliwice,True,,,,,,,insufficient_data,Za mało danych (0/2 kolejek),,,0
1008,Mateusz Hołownia,legia warszawa,OBR,Pogoń Szczecin,False,,,,,,,insufficient_data,Za mało danych (0/2 kolejek),,,0
1010,Jorge Félix Garcia,piast gliwice,POM,Zagłębie Lubin,False,,,,,,,insufficient_data,Za mało danych (0/2 kolejek),,,0
1011,Piotr Parzyszek,pogoń szczecin,NAP,Legia Warszawa,True,,,,,,,insufficient_data,Za mało danych (0/2 kolejek),,,0
1012,Patryk Sokołowski,śląsk wrocław,POM,Górnik Zabrze,False,,,,,,,insufficient_data,Za mało danych (0/2 kolejek),,,0
1013,Soufian Benyamina,pogoń szczecin,NAP,Legia Warszawa,True,,,,,,,insufficient_data,Za mało danych (0/2 kolejek),,,0
1015,Mariusz Malec,śląsk wrocław,OBR,Górnik Zabrze,False,,,,,,,insufficient_data,Za mało danych (0/2 kolejek),,,0
1017,Farshad Ahmadzadeh,śląsk wrocław,POM,Górnik Zabrze,False,,,,,,,insufficient_data,Za mało danych (0/2 kolejek),,,0
1019,Wojciech Golla,śląsk wrocław,OBR,Górnik Zabrze,False,,,,,,,insufficient_data,Za mało danych (0/2 kolejek),,,0
1020,Jakub Łabojko,piast gliwice,POM,Zagłębie Lubin,False,,,,,,,insufficient_data,Za mało danych (0/2 kolejek),,,0
1023,Dariusz Szczerbal,śląsk wrocław,BR,Górnik Zabrze,False,,,,,,,insufficient_data,Za mało danych (0/2 kolejek),,,0
1025,Riccardo Grym,wisła płock,POM,Raków Częstochowa,False,,,,,,,insufficient_data,Za mało danych (0/2 kolejek),,,0
1026,Mateusz Lis,lech poznań,BR,Cracovia,True,,,,,,,insufficient_data,Za mało danych (0/2 kolejek),,,0
1027,Carlos Tavares Carlitos,legia warszawa,POM,Pogoń Szczecin,False,,,,,,,insufficient_data,Za mało danych (0/2 kolejek),,,0
1028,Patryk Wieliczko,wisła płock,POM,Raków Częstochowa,False,,,,,,,insufficient_data,Za mało danych (0/2 kolejek),,,0
1029,Bartłomiej Żynel,jagiellonia białystok,BR,Korona Kielce,True,,,,,,,insufficient_data,Za mało danych (0/2 kolejek),,,0
1030,Krystian Ogrodowski,wisła płock,POM,Raków Częstochowa,False,,,,,,,insufficient_data,Za mało danych (0/2 kolejek),,,0
1031,Olaf Nowak,zagłębie lubin,NAP,Piast Gliwice,True,,,,,,,insufficient_data,Za mało danych (0/2 kolejek),,,0
1036,Szymon Łapiński,jagiellonia białystok,POM,Korona Kielce,True,,,,,,,insufficient_data,Za mało danych (0/2 kolejek),,,0
1038,Bartosz Bartczuk,górnik zabrze,POM,Śląsk Wrocław,True,,,,,,,insufficient_data,Za mało danych (0/2 kolejek),,,0
1039,Wiktor Biedrzycki,wisła kraków,OBR,GKS Katowice,True,,,,,,,insufficient_data,Za mało danych (0/2 kolejek),,,0
1040,Michał Ozga,jagiellonia białystok,OBR,Korona Kielce,True,,,,,,,insufficient_data,Za mało danych (0/2 kolejek),,,0
1041,Patryk Klimala,śląsk wrocław,NAP,Górnik Zabrze,False,,,,,,,insufficient_data,Za mało danych (0/2 kolejek),,,0
1042,Vjačeslavs Kudrjavcevs,legia warszawa,BR,Pogoń Szczecin,False,,,,,,,insufficient_data,Za mało danych (0/2 kolejek),,,0
1043,Patryk Plewka,wisła kraków,POM,GKS Katowice,True,,,,,,,insufficient_data,Za mało danych (0/2 kolejek),,,0
1044,Damjan Bohar,zagłębie lubin,POM,Piast Gliwice,True,,,,,,,insufficient_data,Za mało danych (0/2 kolejek),,,0
1045,Władisław Sirotow,zagłębie lubin,POM,Piast Gliwice,True,,,,,,,insufficient_data,Za mało danych (0/2 kolejek),,,0
1051,Eladio Jiménez Elady,cracovia,POM,Lech Poznań,False,,,,,,,insufficient_data,Za mało danych (0/2 kolejek),,,0
1052,Adrian Kajpust,cracovia,OBR,Lech Poznań,False,,,,,,,insufficient_data,Za mało danych (0/2 kolejek),,,0
1053,Cavalcante Ricardinho,wisła płock,NAP,Raków Częstochowa,False,,,,,,,insufficient_data,Za mało danych (0/2 kolejek),,,0
1055,Tomasz Makowski,zagłębie lubin,POM,Piast Gliwice,True,,,,,,,insufficient_data,Za mało danych (0/2 kolejek),,,0
1058,Stanisław Wawrzynowicz,pogoń szczecin,POM,Legia Warszawa,True,,,,,,,insufficient_data,Za mało danych (0/2 kolejek),,,0
1059,Kornel Kordas,korona kielce,OBR,Jagiellonia Białystok,False,,,,,,,insufficient_data,Za mało danych (0/2 kolejek),,,0
1060,João Amaral,lech poznań,POM,Cracovia,True,,,,,,,insufficient_data,Za mało danych (0/2 kolejek),,,0
1061,Felicio Brown Forbes,wisła kraków,NAP,GKS Katowice,True,,,,,,,insufficient_data,Za mało danych (0/2 kolejek),,,0
1063,Dionisio Villalba Dioni,lech poznań,NAP,Cracovia,True,,,,,,,insufficient_data,Za mało danych (0/2 kolejek),,,0
1065,Iker Guarrotxena,pogoń szczecin,POM,Legia Warszawa,True,,,,,,,insufficient_data,Za mało danych (0/2 kolejek),,,0
1066,Mile Savković,jagiellonia białystok,POM,Korona Kielce,True,,,,,,,insufficient_data,Za mało danych (0/2 kolejek),,,0
1067,Jakub Miszczuk,jagiellonia białystok,BR,Korona Kielce,True,,,,,,,insufficient_data,Za mało danych (0/2 kolejek),,,0
1068,Artur Sobiech,lech poznań,NAP,Cracovia,True,,,,,,,insufficient_data,Za mało danych (0/2 kolejek),,,0
1070,Juan Cámara,jagiellonia białystok,POM,Korona Kielce,True,,,,,,,insufficient_data,Za mało danych (0/2 kolejek),,,0
1071,Mateusz Młyński,wisła kraków,POM,GKS Katowice,True,,,,,,,insufficient_data,Za mało danych (0/2 kolejek),,,0
1072,Iván Márquez,cracovia,OBR,Lech Poznań,False,,,,,,,insufficient_data,Za mało danych (0/2 kolejek),,,0
1073,Matej Pučko,korona kielce,POM,Jagiellonia Białystok,False,,,,,,,insufficient_data,Za mało danych (0/2 kolejek),,,0
1074,Sierdier Sierdierow,cracovia,NAP,Lech Poznań,False,,,,,,,insufficient_data,Za mało danych (0/2 kolejek),,,0
1075,Justas Lasickas,jagiellonia białystok,POM,Korona Kielce,True,,,,,,,insufficient_data,Za mało danych (0/2 kolejek),,,0
1077,Karsten Ayong,piast gliwice,NAP,Zagłębie Lubin,False,,,,,,,insufficient_data,Za mało danych (0/2 kolejek),,,0
1079,Dimítris Goútas,lech poznań,OBR,Cracovia,True,,,,,,,insufficient_data,Za mało danych (0/2 kolejek),,,0
1081,Karol Stanek,piast gliwice,NAP,Zagłębie Lubin,False,,,,,,,insufficient_data,Za mało danych (0/2 kolejek),,,0
1082,Airam Cabrera,wisła płock,NAP,Raków Częstochowa,False,,,,,,,insufficient_data,Za mało danych (0/2 kolejek),,,0
1083,Vinícius Ferreira,cracovia,NAP,Lech Poznań,False,,,,,,,insufficient_data,Za mało danych (0/2 kolejek),,,0
1084,Matheus Santos,cracovia,POM,Lech Poznań,False,,,,,,,insufficient_data,Za mało danych (0/2 kolejek),,,0
1085,Michał Żyro,jagiellonia białystok,NAP,Korona Kielce,True,,,,,,,insufficient_data,Za mało danych (0/2 kolejek),,,0
1087,André Martins,legia warszawa,POM,Pogoń Szczecin,False,,,,,,,insufficient_data,Za mało danych (0/2 kolejek),,,0
1088,Łukasz Poręba,zagłębie lubin,POM,Piast Gliwice,True,,,,,,,insufficient_data,Za mało danych (0/2 kolejek),,,0
1089,Marcel Zapytowski,korona kielce,BR,Jagiellonia Białystok,False,,,,,,,insufficient_data,Za mało danych (0/2 kolejek),,,0
1091,Marko Poletanovič,zagłębie lubin,POM,Piast Gliwice,True,,,,,,,insufficient_data,Za mało danych (0/2 kolejek),,,0
1092,Piotr Samiec-Talar,śląsk wrocław,POM,Górnik Zabrze,False,,,,,,,insufficient_data,Za mało danych (0/2 kolejek),,,0
1094,Filip Marchwiński,cracovia,POM,Lech Poznań,False,,,,,,,insufficient_data,Za mało danych (0/2 kolejek),,,0
1095,Santeri Hostikka,pogoń szczecin,POM,Legia Warszawa,True,,,,,,,insufficient_data,Za mało danych (0/2 kolejek),,,0
1096,Hubert Sobol,widzew łódź,NAP,Motor Lublin,True,,,,,,,insufficient_data,Za mało danych (0/2 kolejek),,,0
1103,Sergiu Hanca,cracovia,POM,Lech Poznań,False,,,,,,,insufficient_data,Za mało danych (0/2 kolejek),,,0
1104,Bojan Čečarić,cracovia,NAP,Lech Poznań,False,,,,,,,insufficient_data,Za mało danych (0/2 kolejek),,,0
1105,Martin Chudý,górnik zabrze,BR,Śląsk Wrocław,True,,,,,,,insufficient_data,Za mało danych (0/2 kolejek),,,0
1106,Walerian Gwilia,piast gliwice,POM,Zagłębie Lubin,False,,,,,,,insufficient_data,Za mało danych (0/2 kolejek),,,0
1107,Andrej Kadlec,jagiellonia białystok,OBR,Korona Kielce,True,,,,,,,insufficient_data,Za mało danych (0/2 kolejek),,,0
1108,Maciej Twarowski,jagiellonia białystok,NAP,Korona Kielce,True,,,,,,,insufficient_data,Za mało danych (0/2 kolejek),,,0
1109,Stefan Šćepović,jagiellonia białystok,NAP,Korona Kielce,True,,,,,,,insufficient_data,Za mało danych (0/2 kolejek),,,0
1111,Ognjen Gnjatić,korona kielce,POM,Jagiellonia Białystok,False,,,,,,,insufficient_data,Za mało danych (0/2 kolejek),,,0
1113,Luís Rocha,cracovia,OBR,Lech Poznań,False,,,,,,,insufficient_data,Za mało danych (0/2 kolejek),,,0
1114,Salvador Agra,legia warszawa,POM,Pogoń Szczecin,False,,,,,,,insufficient_data,Za mało danych (0/2 kolejek),,,0
1115,Jan Szpaderski,radomiak radom,BR,Wieczysta Kraków,True,,,,,,,insufficient_data,Za mało danych (0/2 kolejek),,,0
1118,Patryk Królczyk,piast gliwice,BR,Zagłębie Lubin,False,,,,,,,insufficient_data,Za mało danych (0/2 kolejek),,,0
1119,Adam Tymiński,piast gliwice,OBR,Zagłębie Lubin,False,,,,,,,insufficient_data,Za mało danych (0/2 kolejek),,,0
1120,Jin Izumisawa,pogoń szczecin,POM,Legia Warszawa,True,,,,,,,insufficient_data,Za mało danych (0/2 kolejek),,,0
1122,Damian Korczyk,wisła kraków,OBR,GKS Katowice,True,,,,,,,insufficient_data,Za mało danych (0/2 kolejek),,,0
1123,Krzysztof Drzazga,wisła kraków,NAP,GKS Katowice,True,,,,,,,insufficient_data,Za mało danych (0/2 kolejek),,,0
1124,Ángel García,wisła płock,OBR,Raków Częstochowa,False,,,,,,,insufficient_data,Za mało danych (0/2 kolejek),,,0
1125,Justinas Marazas,wisła płock,POM,Raków Częstochowa,False,,,,,,,insufficient_data,Za mało danych (0/2 kolejek),,,0
1126,Kamil Piątkowski,legia warszawa,OBR,Pogoń Szczecin,False,,,,,,,insufficient_data,Za mało danych (0/2 kolejek),,,0
1127,Patryk Mucha,zagłębie lubin,POM,Piast Gliwice,True,,,,,,,insufficient_data,Za mało danych (0/2 kolejek),,,0
1136,Mateusz Praszelik,cracovia,POM,Lech Poznań,False,,,,,,,insufficient_data,Za mało danych (0/2 kolejek),,,0
1137,Lubambo Musonda,śląsk wrocław,POM,Górnik Zabrze,False,,,,,,,insufficient_data,Za mało danych (0/2 kolejek),,,0
1138,Lukáš Hroššo,cracovia,BR,Lech Poznań,False,,,,,,,insufficient_data,Za mało danych (0/2 kolejek),,,0
1140,Timur Żamaletdinow,lech poznań,NAP,Cracovia,True,,,,,,,insufficient_data,Za mało danych (0/2 kolejek),,,0
1141,Maciej Spychała,wisła płock,POM,Raków Częstochowa,False,,,,,,,insufficient_data,Za mało danych (0/2 kolejek),,,0
1142,Jakub Błaszczykowski,wisła kraków,POM,GKS Katowice,True,,,,,,,insufficient_data,Za mało danych (0/2 kolejek),,,0
1143,Michał Karbownik,legia warszawa,OBR,Pogoń Szczecin,False,,,,,,,insufficient_data,Za mało danych (0/2 kolejek),,,0
1145,Vukan Savićević,wisła kraków,POM,GKS Katowice,True,,,,,,,insufficient_data,Za mało danych (0/2 kolejek),,,0
1146,Aleksander Buksa,górnik zabrze,NAP,Śląsk Wrocław,True,,,,,,,insufficient_data,Za mało danych (0/2 kolejek),,,0
1147,Iuri Medeiros,legia warszawa,POM,Pogoń Szczecin,False,,,,,,,insufficient_data,Za mało danych (0/2 kolejek),,,0
1148,Giannis Mystakidis,górnik zabrze,POM,Śląsk Wrocław,True,,,,,,,insufficient_data,Za mało danych (0/2 kolejek),,,0
1149,Ishmael Baidoo,górnik zabrze,POM,Śląsk Wrocław,True,,,,,,,insufficient_data,Za mało danych (0/2 kolejek),,,0
1150,Oskar Sewerzyński,korona kielce,POM,Jagiellonia Białystok,False,,,,,,,insufficient_data,Za mało danych (0/2 kolejek),,,0
1151,Daniel Morys,wisła kraków,POM,GKS Katowice,True,,,,,,,insufficient_data,Za mało danych (0/2 kolejek),,,0
1152,Dawid Szot,wisła kraków,OBR,GKS Katowice,True,,,,,,,insufficient_data,Za mało danych (0/2 kolejek),,,0
1153,Michał Zięba,cracovia,OBR,Lech Poznań,False,,,,,,,insufficient_data,Za mało danych (0/2 kolejek),,,0
1155,Joonas Tamm,korona kielce,OBR,Jagiellonia Białystok,False,,,,,,,insufficient_data,Za mało danych (0/2 kolejek),,,0
1157,Adam Örn Arnarson,górnik zabrze,OBR,Śląsk Wrocław,True,,,,,,,insufficient_data,Za mało danych (0/2 kolejek),,,0
1158,Alen Stevanović,wisła płock,POM,Raków Częstochowa,False,,,,,,,insufficient_data,Za mało danych (0/2 kolejek),,,0
1159,Boris Sekulić,górnik zabrze,OBR,Śląsk Wrocław,True,,,,,,,insufficient_data,Za mało danych (0/2 kolejek),,,0
1161,Emmanuel Kumah,wisła kraków,POM,GKS Katowice,True,,,,,,,insufficient_data,Za mało danych (0/2 kolejek),,,0
1163,Artur Balicki,wisła kraków,NAP,GKS Katowice,True,,,,,,,insufficient_data,Za mało danych (0/2 kolejek),,,0
1164,Aleksandar Bjelica,korona kielce,OBR,Jagiellonia Białystok,False,,,,,,,insufficient_data,Za mało danych (0/2 kolejek),,,0
1166,Jake McGing,wisła płock,OBR,Raków Częstochowa,False,,,,,,,insufficient_data,Za mało danych (0/2 kolejek),,,0
1167,Tobiasz Weinzettel,wisła kraków,BR,GKS Katowice,True,,,,,,,insufficient_data,Za mało danych (0/2 kolejek),,,0
1168,Patryk Makuch,raków częstochowa,NAP,Wisła Płock,True,,,,,,,insufficient_data,Za mało danych (0/2 kolejek),,,0
1169,Mateusz Skrzypczak,lech poznań,OBR,Cracovia,True,,,,,,,insufficient_data,Za mało danych (0/2 kolejek),,,0
1170,Daniel Hoyo-Kowalski,wisła kraków,OBR,GKS Katowice,True,,,,,,,insufficient_data,Za mało danych (0/2 kolejek),,,0
1171,Krzysztof Kołodziej,lech poznań,NAP,Cracovia,True,,,,,,,insufficient_data,Za mało danych (0/2 kolejek),,,0
1172,Kacper Radkowski,śląsk wrocław,POM,Górnik Zabrze,False,,,,,,,insufficient_data,Za mało danych (0/2 kolejek),,,0
1181,Dominik Stępień,radomiak radom,POM,Wieczysta Kraków,True,,,,,,,insufficient_data,Za mało danych (0/2 kolejek),,,0
1183,David Jablonský,cracovia,OBR,Lech Poznań,False,,,,,,,insufficient_data,Za mało danych (0/2 kolejek),,,0
1184,Mateusz Pieńczak,cracovia,OBR,Lech Poznań,False,,,,,,,insufficient_data,Za mało danych (0/2 kolejek),,,0
1185,Bartłomiej Kafel,cracovia,POM,Lech Poznań,False,,,,,,,insufficient_data,Za mało danych (0/2 kolejek),,,0
1186,Michał Rakoczy,górnik zabrze,POM,Śląsk Wrocław,True,,,,,,,insufficient_data,Za mało danych (0/2 kolejek),,,0
1187,Pelle van Amersfoort,cracovia,POM,Lech Poznań,False,,,,,,,insufficient_data,Za mało danych (0/2 kolejek),,,0
1188,Patryk Zaucha,cracovia,POM,Lech Poznań,False,,,,,,,insufficient_data,Za mało danych (0/2 kolejek),,,0
1189,Rafael Lopes,legia warszawa,NAP,Pogoń Szczecin,False,,,,,,,insufficient_data,Za mało danych (0/2 kolejek),,,0
1190,Rubén López Huesca,cracovia,NAP,Lech Poznań,False,,,,,,,insufficient_data,Za mało danych (0/2 kolejek),,,0
1191,Filip Bainović,górnik zabrze,POM,Śląsk Wrocław,True,,,,,,,insufficient_data,Za mało danych (0/2 kolejek),,,0
1192,Erik Janža,górnik zabrze,OBR,Śląsk Wrocław,True,,,,,,,insufficient_data,Za mało danych (0/2 kolejek),,,0
1193,Piotr Krawczyk,wisła płock,NAP,Raków Częstochowa,False,,,,,,,insufficient_data,Za mało danych (0/2 kolejek),,,0
1194,Aleksander Paluszek,gks katowice,OBR,Wisła Kraków,False,,,,,,,insufficient_data,Za mało danych (0/2 kolejek),,,0
1196,Michał Rostkowski,górnik zabrze,POM,Śląsk Wrocław,True,,,,,,,insufficient_data,Za mało danych (0/2 kolejek),,,0
1197,Ognjen Mudrinski,jagiellonia białystok,NAP,Korona Kielce,True,,,,,,,insufficient_data,Za mało danych (0/2 kolejek),,,0
1198,Luka Kukić,korona kielce,BR,Jagiellonia Białystok,False,,,,,,,insufficient_data,Za mało danych (0/2 kolejek),,,0
1200,Grzegorz Szymusik,korona kielce,OBR,Jagiellonia Białystok,False,,,,,,,insufficient_data,Za mało danych (0/2 kolejek),,,0
1201,Themistoklís Tzimópoulos,korona kielce,OBR,Jagiellonia Białystok,False,,,,,,,insufficient_data,Za mało danych (0/2 kolejek),,,0
1202,Artur Piróg,korona kielce,POM,Jagiellonia Białystok,False,,,,,,,insufficient_data,Za mało danych (0/2 kolejek),,,0
1203,Daniel Szelągowski,raków częstochowa,POM,Wisła Płock,True,,,,,,,insufficient_data,Za mało danych (0/2 kolejek),,,0
1204,Erik Pačinda,korona kielce,NAP,Jagiellonia Białystok,False,,,,,,,insufficient_data,Za mało danych (0/2 kolejek),,,0
1205,Mateusz Sowiński,korona kielce,NAP,Jagiellonia Białystok,False,,,,,,,insufficient_data,Za mało danych (0/2 kolejek),,,0
1207,Mickey van der Hart,lech poznań,BR,Cracovia,True,,,,,,,insufficient_data,Za mało danych (0/2 kolejek),,,0
1208,Đorđe Crnomarković,lech poznań,OBR,Cracovia,True,,,,,,,insufficient_data,Za mało danych (0/2 kolejek),,,0
1209,Ľubomír Šatka,lech poznań,OBR,Cracovia,True,,,,,,,insufficient_data,Za mało danych (0/2 kolejek),,,0
1210,Jakub Kamiński,lech poznań,POM,Cracovia,True,,,,,,,insufficient_data,Za mało danych (0/2 kolejek),,,0
1211,Jakub Moder,lech poznań,POM,Cracovia,True,,,,,,,insufficient_data,Za mało danych (0/2 kolejek),,,0
1212,Karlo Muhar,lech poznań,POM,Cracovia,True,,,,,,,insufficient_data,Za mało danych (0/2 kolejek),,,0
1213,Michał Skóraś,lech poznań,POM,Cracovia,True,,,,,,,insufficient_data,Za mało danych (0/2 kolejek),,,0
1214,Filip Szymczak,zagłębie lubin,NAP,Piast Gliwice,True,,,,,,,insufficient_data,Za mało danych (0/2 kolejek),,,0
1216,Paweł Żuk,wisła płock,POM,Raków Częstochowa,False,,,,,,,insufficient_data,Za mało danych (0/2 kolejek),,,0
1217,Cezary Miszta,legia warszawa,BR,Pogoń Szczecin,False,,,,,,,insufficient_data,Za mało danych (0/2 kolejek),,,0
1218,Kacper Kostorz,pogoń szczecin,NAP,Legia Warszawa,True,,,,,,,insufficient_data,Za mało danych (0/2 kolejek),,,0
1219,Kacper Skibicki,legia warszawa,POM,Pogoń Szczecin,False,,,,,,,insufficient_data,Za mało danych (0/2 kolejek),,,0
1223,Artur Bogusz,radomiak radom,OBR,Wieczysta Kraków,True,,,,,,,insufficient_data,Za mało danych (0/2 kolejek),,,0
1225,Jan Grzesik,radomiak radom,OBR,Wieczysta Kraków,True,,,,,,,insufficient_data,Za mało danych (0/2 kolejek),,,0
1232,Piotr Pyrdoł,wisła płock,POM,Raków Częstochowa,False,,,,,,,insufficient_data,Za mało danych (0/2 kolejek),,,0
1241,Tomáš Huk,piast gliwice,OBR,Zagłębie Lubin,False,,,,,,,insufficient_data,Za mało danych (0/2 kolejek),,,0
1242,Remigiusz Borkała,piast gliwice,POM,Zagłębie Lubin,False,,,,,,,insufficient_data,Za mało danych (0/2 kolejek),,,0
1243,Jakub Holúbek,piast gliwice,OBR,Zagłębie Lubin,False,,,,,,,insufficient_data,Za mało danych (0/2 kolejek),,,0
1244,Wojciech Kamiński,korona kielce,POM,Jagiellonia Białystok,False,,,,,,,insufficient_data,Za mało danych (0/2 kolejek),,,0
1245,Michał Rakowiecki,piast gliwice,POM,Zagłębie Lubin,False,,,,,,,insufficient_data,Za mało danych (0/2 kolejek),,,0
1246,Dani Aquino,piast gliwice,NAP,Zagłębie Lubin,False,,,,,,,insufficient_data,Za mało danych (0/2 kolejek),,,0
1248,Dariusz Krzysztofek,pogoń szczecin,BR,Legia Warszawa,True,,,,,,,insufficient_data,Za mało danych (0/2 kolejek),,,0
1249,Kóstas Triantafyllópoulos,górnik zabrze,OBR,Śląsk Wrocław,True,,,,,,,insufficient_data,Za mało danych (0/2 kolejek),,,0
1250,Benedikt Zech,pogoń szczecin,OBR,Legia Warszawa,True,,,,,,,insufficient_data,Za mało danych (0/2 kolejek),,,0
1251,Kacper Smoliński,pogoń szczecin,POM,Legia Warszawa,True,,,,,,,insufficient_data,Za mało danych (0/2 kolejek),,,0
1252,Marcel Wędrychowski,gks katowice,POM,Wisła Kraków,False,,,,,,,insufficient_data,Za mało danych (0/2 kolejek),,,0
1253,Michális Maniás,pogoń szczecin,NAP,Legia Warszawa,True,,,,,,,insufficient_data,Za mało danych (0/2 kolejek),,,0
1254,Jakub Szumski,raków częstochowa,BR,Wisła Płock,True,,,,,,,insufficient_data,Za mało danych (0/2 kolejek),,,0
1255,Emir Azemović,raków częstochowa,OBR,Wisła Płock,True,,,,,,,insufficient_data,Za mało danych (0/2 kolejek),,,0
1257,Oskar Krzyżak,raków częstochowa,OBR,Wisła Płock,True,,,,,,,insufficient_data,Za mało danych (0/2 kolejek),,,0
1259,Tomáš Petrášek,raków częstochowa,OBR,Wisła Płock,True,,,,,,,insufficient_data,Za mało danych (0/2 kolejek),,,0
1260,Jakub Apolinarski,raków częstochowa,POM,Wisła Płock,True,,,,,,,insufficient_data,Za mało danych (0/2 kolejek),,,0
1261,Rusłan Babenko,raków częstochowa,POM,Wisła Płock,True,,,,,,,insufficient_data,Za mało danych (0/2 kolejek),,,0
1262,Daniel Bartl,raków częstochowa,POM,Wisła Płock,True,,,,,,,insufficient_data,Za mało danych (0/2 kolejek),,,0
1264,Andrija Luković,raków częstochowa,POM,Wisła Płock,True,,,,,,,insufficient_data,Za mało danych (0/2 kolejek),,,0
1265,Piotr Malinowski,raków częstochowa,POM,Wisła Płock,True,,,,,,,insufficient_data,Za mało danych (0/2 kolejek),,,0
1266,Bryan Nouvier,raków częstochowa,POM,Wisła Płock,True,,,,,,,insufficient_data,Za mało danych (0/2 kolejek),,,0
1267,Danian Pawłas,raków częstochowa,POM,Wisła Płock,True,,,,,,,insufficient_data,Za mało danych (0/2 kolejek),,,0
1268,Petr Schwarz,śląsk wrocław,POM,Górnik Zabrze,False,,,,,,,insufficient_data,Za mało danych (0/2 kolejek),,,0
1269,Sebastian Musiolik,śląsk wrocław,NAP,Górnik Zabrze,False,,,,,,,insufficient_data,Za mało danych (0/2 kolejek),,,0
1270,Franciszek Wróblewski,radomiak radom,NAP,Wieczysta Kraków,True,,,,,,,insufficient_data,Za mało danych (0/2 kolejek),,,0
1271,Daniel Kajzer,śląsk wrocław,BR,Górnik Zabrze,False,,,,,,,insufficient_data,Za mało danych (0/2 kolejek),,,0
1272,Israel Puerto,jagiellonia białystok,OBR,Korona Kielce,True,,,,,,,insufficient_data,Za mało danych (0/2 kolejek),,,0
1273,Dino Štiglec,śląsk wrocław,OBR,Górnik Zabrze,False,,,,,,,insufficient_data,Za mało danych (0/2 kolejek),,,0
1274,Bartosz Boruń,śląsk wrocław,POM,Górnik Zabrze,False,,,,,,,insufficient_data,Za mało danych (0/2 kolejek),,,0
1275,Przemysław Płacheta,śląsk wrocław,POM,Górnik Zabrze,False,,,,,,,insufficient_data,Za mało danych (0/2 kolejek),,,0
1276,Erik Expósito,śląsk wrocław,NAP,Górnik Zabrze,False,,,,,,,insufficient_data,Za mało danych (0/2 kolejek),,,0
1277,Kamil Broda,wisła kraków,BR,GKS Katowice,True,,,,,,,insufficient_data,Za mało danych (0/2 kolejek),,,0
1278,Patryk Moskiewicz,wisła kraków,POM,GKS Katowice,True,,,,,,,insufficient_data,Za mało danych (0/2 kolejek),,,0
1279,Denys Bałaniuk,wisła kraków,NAP,GKS Katowice,True,,,,,,,insufficient_data,Za mało danych (0/2 kolejek),,,0
1280,Damian Michalski,zagłębie lubin,OBR,Piast Gliwice,True,,,,,,,insufficient_data,Za mało danych (0/2 kolejek),,,0
1281,Titas Milašius,wisła płock,POM,Raków Częstochowa,False,,,,,,,insufficient_data,Za mało danych (0/2 kolejek),,,0
1282,Maciej Warpas,zagłębie lubin,OBR,Piast Gliwice,True,,,,,,,insufficient_data,Za mało danych (0/2 kolejek),,,0
1283,Daniel Dudziński,zagłębie lubin,POM,Piast Gliwice,True,,,,,,,insufficient_data,Za mało danych (0/2 kolejek),,,0
1284,Rok Sirk,zagłębie lubin,NAP,Piast Gliwice,True,,,,,,,insufficient_data,Za mało danych (0/2 kolejek),,,0
1285,Lucas Luquinhas,radomiak radom,POM,Wieczysta Kraków,True,,,,,,,insufficient_data,Za mało danych (0/2 kolejek),,,0
1288,Srđan Spiridonović,pogoń szczecin,POM,Legia Warszawa,True,,,,,,,insufficient_data,Za mało danych (0/2 kolejek),,,0
1289,Wojciech Muzyk,legia warszawa,BR,Pogoń Szczecin,False,,,,,,,insufficient_data,Za mało danych (0/2 kolejek),,,0
1290,Karol Struski,raków częstochowa,POM,Wisła Płock,True,,,,,,,insufficient_data,Za mało danych (0/2 kolejek),,,0
1291,Rodrigo Zalazar,korona kielce,POM,Jagiellonia Białystok,False,,,,,,,insufficient_data,Za mało danych (0/2 kolejek),,,0
1293,Łukasz Soszyński,zagłębie lubin,POM,Piast Gliwice,True,,,,,,,insufficient_data,Za mało danych (0/2 kolejek),,,0
1296,Milan Radin,korona kielce,POM,Jagiellonia Białystok,False,,,,,,,insufficient_data,Za mało danych (0/2 kolejek),,,0
1297,Ivan Obradović,legia warszawa,OBR,Pogoń Szczecin,False,,,,,,,insufficient_data,Za mało danych (0/2 kolejek),,,0
1298,Ołeh Horin,jagiellonia białystok,POM,Korona Kielce,True,,,,,,,insufficient_data,Za mało danych (0/2 kolejek),,,0
1299,Jean Carlos Silva,raków częstochowa,OBR,Wisła Płock,True,,,,,,,insufficient_data,Za mało danych (0/2 kolejek),,,0
1300,Alasana Manneh,górnik zabrze,POM,Śląsk Wrocław,True,,,,,,,insufficient_data,Za mało danych (0/2 kolejek),,,0
1301,David Kopacz,górnik zabrze,POM,Śląsk Wrocław,True,,,,,,,insufficient_data,Za mało danych (0/2 kolejek),,,0
1304,Suad Sahiti,wisła płock,POM,Raków Częstochowa,False,,,,,,,insufficient_data,Za mało danych (0/2 kolejek),,,0
1305,Daniel Ściślak,górnik zabrze,POM,Śląsk Wrocław,True,,,,,,,insufficient_data,Za mało danych (0/2 kolejek),,,0
1306,Juan Bauzá,górnik zabrze,POM,Śląsk Wrocław,True,,,,,,,insufficient_data,Za mało danych (0/2 kolejek),,,0
1308,Andrés Lioi,korona kielce,POM,Jagiellonia Białystok,False,,,,,,,insufficient_data,Za mało danych (0/2 kolejek),,,0
1309,Tiago Alves,piast gliwice,POM,Zagłębie Lubin,False,,,,,,,insufficient_data,Za mało danych (0/2 kolejek),,,0
1310,Filip Marković,śląsk wrocław,NAP,Górnik Zabrze,False,,,,,,,insufficient_data,Za mało danych (0/2 kolejek),,,0
1311,Przemysław Zdybowicz,wisła kraków,NAP,GKS Katowice,True,,,,,,,insufficient_data,Za mało danych (0/2 kolejek),,,0
1312,Mátyás Tajti,zagłębie lubin,POM,Piast Gliwice,True,,,,,,,insufficient_data,Za mało danych (0/2 kolejek),,,0
1313,Asmir Suljić,zagłębie lubin,POM,Piast Gliwice,True,,,,,,,insufficient_data,Za mało danych (0/2 kolejek),,,0
1316,Mikołaj Wasilewski,jagiellonia białystok,POM,Korona Kielce,True,,,,,,,insufficient_data,Za mało danych (0/2 kolejek),,,0
1317,Diego Zivulic,śląsk wrocław,POM,Górnik Zabrze,False,,,,,,,insufficient_data,Za mało danych (0/2 kolejek),,,0
1318,Nemanja Miletić,korona kielce,OBR,Jagiellonia Białystok,False,,,,,,,insufficient_data,Za mało danych (0/2 kolejek),,,0
1319,Paweł Wszołek,legia warszawa,OBR,Pogoń Szczecin,False,,,,,,,insufficient_data,Za mało danych (0/2 kolejek),,,0
1322,Maciej Rosołek,gks katowice,NAP,Wisła Kraków,False,,,,,,,insufficient_data,Za mało danych (0/2 kolejek),,,0
1323,Mateusz Supryn,cracovia,POM,Lech Poznań,False,,,,,,,insufficient_data,Za mało danych (0/2 kolejek),,,0
1324,Bartosz Białek,zagłębie lubin,NAP,Piast Gliwice,True,,,,,,,insufficient_data,Za mało danych (0/2 kolejek),,,0
1326,Krzysztof Toporkiewicz,jagiellonia białystok,NAP,Korona Kielce,True,,,,,,,insufficient_data,Za mało danych (0/2 kolejek),,,0
1327,Kacper Urbański,górnik zabrze,POM,Śląsk Wrocław,True,,,,,,,insufficient_data,Za mało danych (0/2 kolejek),,,0
1330,Florian Loshaj,cracovia,POM,Lech Poznań,False,,,,,,,insufficient_data,Za mało danych (0/2 kolejek),,,0
1332,Erik Jirka,gks katowice,OBR,Wisła Kraków,False,,,,,,,insufficient_data,Za mało danych (0/2 kolejek),,,0
1333,Dejan Iliev,jagiellonia białystok,BR,Korona Kielce,True,,,,,,,insufficient_data,Za mało danych (0/2 kolejek),,,0
1334,Conrado Buchanelli Holz,radomiak radom,OBR,Wieczysta Kraków,True,,,,,,,insufficient_data,Za mało danych (0/2 kolejek),,,0
1339,Paweł Cibicki,pogoń szczecin,NAP,Legia Warszawa,True,,,,,,,insufficient_data,Za mało danych (0/2 kolejek),,,0
1340,David Tijanić,raków częstochowa,POM,Wisła Płock,True,,,,,,,insufficient_data,Za mało danych (0/2 kolejek),,,0
1341,Fran Tudor,raków częstochowa,OBR,Wisła Płock,True,,,,,,,insufficient_data,Za mało danych (0/2 kolejek),,,0
1342,Nikola Kuveljić,wisła kraków,POM,GKS Katowice,True,,,,,,,insufficient_data,Za mało danych (0/2 kolejek),,,0
1343,Lubomir Tupta,widzew łódź,NAP,Motor Lublin,True,,,,,,,insufficient_data,Za mało danych (0/2 kolejek),,,0
1344,Torgil Gjertsen,wisła płock,POM,Raków Częstochowa,False,,,,,,,insufficient_data,Za mało danych (0/2 kolejek),,,0
1346,Dominik Kalinowski,zagłębie lubin,BR,Piast Gliwice,True,,,,,,,insufficient_data,Za mało danych (0/2 kolejek),,,0
1347,Filip Raicević,śląsk wrocław,NAP,Górnik Zabrze,False,,,,,,,insufficient_data,Za mało danych (0/2 kolejek),,,0
1348,Roman Prochazka,górnik zabrze,POM,Śląsk Wrocław,True,,,,,,,insufficient_data,Za mało danych (0/2 kolejek),,,0
1349,Guillermo Cotugno,śląsk wrocław,OBR,Górnik Zabrze,False,,,,,,,insufficient_data,Za mało danych (0/2 kolejek),,,0
1351,Jakov Puljić,jagiellonia białystok,NAP,Korona Kielce,True,,,,,,,insufficient_data,Za mało danych (0/2 kolejek),,,0
1352,Dawid Lisowski,korona kielce,OBR,Jagiellonia Białystok,False,,,,,,,insufficient_data,Za mało danych (0/2 kolejek),,,0
1353,Alon Turgeman,wisła kraków,NAP,GKS Katowice,True,,,,,,,insufficient_data,Za mało danych (0/2 kolejek),,,0
1356,Ivan Fiolić,cracovia,POM,Lech Poznań,False,,,,,,,insufficient_data,Za mało danych (0/2 kolejek),,,0
1357,D'Sean Theobalds,korona kielce,POM,Jagiellonia Białystok,False,,,,,,,insufficient_data,Za mało danych (0/2 kolejek),,,0
1358,Krzysztof Kamiński,pogoń szczecin,BR,Legia Warszawa,True,,,,,,,insufficient_data,Za mało danych (0/2 kolejek),,,0
1359,Aleksander Stawiarz,jagiellonia białystok,NAP,Korona Kielce,True,,,,,,,insufficient_data,Za mało danych (0/2 kolejek),,,0
1360,Kacper Chodyna,legia warszawa,POM,Pogoń Szczecin,False,,,,,,,insufficient_data,Za mało danych (0/2 kolejek),,,0
1362,Tomas Pekhart,legia warszawa,NAP,Pogoń Szczecin,False,,,,,,,insufficient_data,Za mało danych (0/2 kolejek),,,0
1363,Bartłomiej Wdowik,jagiellonia białystok,OBR,Korona Kielce,True,,,,,,,insufficient_data,Za mało danych (0/2 kolejek),,,0
1368,Mark Tamas,śląsk wrocław,OBR,Górnik Zabrze,False,,,,,,,insufficient_data,Za mało danych (0/2 kolejek),,,0
1369,Aleksander Pawlak,wisła płock,POM,Raków Częstochowa,False,,,,,,,insufficient_data,Za mało danych (0/2 kolejek),,,0
1370,Bohdan Butko,lech poznań,OBR,Cracovia,True,,,,,,,insufficient_data,Za mało danych (0/2 kolejek),,,0
1371,Orest Tkaczuk,jagiellonia białystok,NAP,Korona Kielce,True,,,,,,,insufficient_data,Za mało danych (0/2 kolejek),,,0
1372,Mateusz Maćkowiak,śląsk wrocław,OBR,Górnik Zabrze,False,,,,,,,insufficient_data,Za mało danych (0/2 kolejek),,,0
1373,Ben Lederman,wieczysta kraków,POM,Radomiak Radom,False,,,,,,,insufficient_data,Za mało danych (0/2 kolejek),,,0
1374,Kristopher Vida,piast gliwice,POM,Zagłębie Lubin,False,,,,,,,insufficient_data,Za mało danych (0/2 kolejek),,,0
1375,Jewgienij Baszkirow,zagłębie lubin,POM,Piast Gliwice,True,,,,,,,insufficient_data,Za mało danych (0/2 kolejek),,,0
1376,Dejan Dražić,zagłębie lubin,NAP,Piast Gliwice,True,,,,,,,insufficient_data,Za mało danych (0/2 kolejek),,,0
1377,Hubert Gostomski,jagiellonia białystok,BR,Korona Kielce,True,,,,,,,insufficient_data,Za mało danych (0/2 kolejek),,,0
1378,Iwo Kaczmarski,raków częstochowa,POM,Wisła Płock,True,,,,,,,insufficient_data,Za mało danych (0/2 kolejek),,,0
1379,Giórgos Giakoumákis,górnik zabrze,NAP,Śląsk Wrocław,True,,,,,,,insufficient_data,Za mało danych (0/2 kolejek),,,0
1380,Stávros Vassilantonópoulos,górnik zabrze,OBR,Śląsk Wrocław,True,,,,,,,insufficient_data,Za mało danych (0/2 kolejek),,,0
1381,Michał Bogacz,zagłębie lubin,OBR,Piast Gliwice,True,,,,,,,insufficient_data,Za mało danych (0/2 kolejek),,,0
1383,Marcin Szpakowski,korona kielce,POM,Jagiellonia Białystok,False,,,,,,,insufficient_data,Za mało danych (0/2 kolejek),,,0
1385,Grzegorz Kotowicz,śląsk wrocław,POM,Górnik Zabrze,False,,,,,,,insufficient_data,Za mało danych (0/2 kolejek),,,0
1386,Ariel Mosór,korona kielce,OBR,Jagiellonia Białystok,False,,,,,,,insufficient_data,Za mało danych (0/2 kolejek),,,0
1387,Przemysław Oziębała,raków częstochowa,POM,Wisła Płock,True,,,,,,,insufficient_data,Za mało danych (0/2 kolejek),,,0
1388,Hubert Turski,pogoń szczecin,NAP,Legia Warszawa,True,,,,,,,insufficient_data,Za mało danych (0/2 kolejek),,,0
1389,Filip Bednarek,lech poznań,BR,Cracovia,True,,,,,,,insufficient_data,Za mało danych (0/2 kolejek),,,0
1391,Jakub Górski,korona kielce,POM,Jagiellonia Białystok,False,,,,,,,insufficient_data,Za mało danych (0/2 kolejek),,,0
1393,Kamil Kruk,motor lublin,OBR,Widzew Łódź,False,,,,,,,insufficient_data,Za mało danych (0/2 kolejek),,,0
1394,Przemysław Kapek,cracovia,POM,Lech Poznań,False,,,,,,,insufficient_data,Za mało danych (0/2 kolejek),,,0
1395,Jakub Bator,raków częstochowa,POM,Wisła Płock,True,,,,,,,insufficient_data,Za mało danych (0/2 kolejek),,,0
1397,Kacper Bieszczad,raków częstochowa,BR,Wisła Płock,True,,,,,,,insufficient_data,Za mało danych (0/2 kolejek),,,0
1398,Jakub Sypek,zagłębie lubin,POM,Piast Gliwice,True,,,,,,,insufficient_data,Za mało danych (0/2 kolejek),,,0
1400,Xavier Dziekoński,korona kielce,BR,Jagiellonia Białystok,False,,,,,,,insufficient_data,Za mało danych (0/2 kolejek),,,0
1401,Kryspin Szcześniak,radomiak radom,OBR,Wieczysta Kraków,True,,,,,,,insufficient_data,Za mało danych (0/2 kolejek),,,0
1402,Radosław Cielemęcki,radomiak radom,POM,Wieczysta Kraków,True,,,,,,,insufficient_data,Za mało danych (0/2 kolejek),,,0
1403,Damian Warchoł,śląsk wrocław,POM,Górnik Zabrze,False,,,,,,,insufficient_data,Za mało danych (0/2 kolejek),,,0
1404,Nikodem Niski,korona kielce,POM,Jagiellonia Białystok,False,,,,,,,insufficient_data,Za mało danych (0/2 kolejek),,,0
1405,Tomasz Bała,cracovia,NAP,Lech Poznań,False,,,,,,,insufficient_data,Za mało danych (0/2 kolejek),,,0
1406,Szymon Włodarczyk,górnik zabrze,NAP,Śląsk Wrocław,True,,,,,,,insufficient_data,Za mało danych (0/2 kolejek),,,0
1407,Radosław Seweryś,korona kielce,OBR,Jagiellonia Białystok,False,,,,,,,insufficient_data,Za mało danych (0/2 kolejek),,,0
1409,Mateusz Grudziński,legia warszawa,POM,Pogoń Szczecin,False,,,,,,,insufficient_data,Za mało danych (0/2 kolejek),,,0
1411,Rafał Leszczyński,wisła płock,BR,Raków Częstochowa,False,,,,,,,insufficient_data,Za mało danych (0/2 kolejek),,,0
1415,Bartosz Jaroch,wisła kraków,OBR,GKS Katowice,True,,,,,,,insufficient_data,Za mało danych (0/2 kolejek),,,0
1416,Aleksander Komor,gks katowice,OBR,Wisła Kraków,False,,,,,,,insufficient_data,Za mało danych (0/2 kolejek),,,0
1424,Mateusz Marzec,gks katowice,POM,Wisła Kraków,False,,,,,,,insufficient_data,Za mało danych (0/2 kolejek),,,0
1427,Łukasz Sierpina,korona kielce,OBR,Jagiellonia Białystok,False,,,,,,,insufficient_data,Za mało danych (0/2 kolejek),,,0
1437,Mateusz Bodzioch,radomiak radom,OBR,Wieczysta Kraków,True,,,,,,,insufficient_data,Za mało danych (0/2 kolejek),,,0
1440,Wojciech Lisowski,pogoń szczecin,OBR,Legia Warszawa,True,,,,,,,insufficient_data,Za mało danych (0/2 kolejek),,,0
1454,Adrian Laskowski,lech poznań,OBR,Cracovia,True,,,,,,,insufficient_data,Za mało danych (0/2 kolejek),,,0
1455,Aleks Ławniczak,zagłębie lubin,OBR,Piast Gliwice,True,,,,,,,insufficient_data,Za mało danych (0/2 kolejek),,,0
1457,Mateusz Czyżycki,korona kielce,POM,Jagiellonia Białystok,False,,,,,,,insufficient_data,Za mało danych (0/2 kolejek),,,0
1464,Kajetan Szmyt,jagiellonia białystok,POM,Korona Kielce,True,,,,,,,insufficient_data,Za mało danych (0/2 kolejek),,,0
1468,Dorian Pituła,cracovia,OBR,Lech Poznań,False,,,,,,,insufficient_data,Za mało danych (0/2 kolejek),,,0
1469,Jakub Myszor,raków częstochowa,POM,Wisła Płock,True,,,,,,,insufficient_data,Za mało danych (0/2 kolejek),,,0
1470,Marcos Álvarez,cracovia,NAP,Lech Poznań,False,,,,,,,insufficient_data,Za mało danych (0/2 kolejek),,,0
1471,Kamil Lukoszek,górnik zabrze,POM,Śląsk Wrocław,True,,,,,,,insufficient_data,Za mało danych (0/2 kolejek),,,0
1472,Alex Sobczyk,piast gliwice,NAP,Zagłębie Lubin,False,,,,,,,insufficient_data,Za mało danych (0/2 kolejek),,,0
1473,Maciej Mas,jagiellonia białystok,NAP,Korona Kielce,True,,,,,,,insufficient_data,Za mało danych (0/2 kolejek),,,0
1475,Mikael Ishak,lech poznań,NAP,Cracovia,True,,,,,,,insufficient_data,Za mało danych (0/2 kolejek),,,0
1476,Krzysztof Bąkowski,lech poznań,BR,Cracovia,True,,,,,,,insufficient_data,Za mało danych (0/2 kolejek),,,0
1478,Artur Boruc,legia warszawa,BR,Pogoń Szczecin,False,,,,,,,insufficient_data,Za mało danych (0/2 kolejek),,,0
1479,Josip Juranović,legia warszawa,OBR,Pogoń Szczecin,False,,,,,,,insufficient_data,Za mało danych (0/2 kolejek),,,0
1480,Arkadiusz Pyrka,piast gliwice,OBR,Zagłębie Lubin,False,,,,,,,insufficient_data,Za mało danych (0/2 kolejek),,,0
1481,Javier Ajenjo Hyjek,śląsk wrocław,POM,Górnik Zabrze,False,,,,,,,insufficient_data,Za mało danych (0/2 kolejek),,,0
1483,Luís Mata,zagłębie lubin,OBR,Piast Gliwice,True,,,,,,,insufficient_data,Za mało danych (0/2 kolejek),,,0
1484,Bartłomiej Mruk,pogoń szczecin,OBR,Legia Warszawa,True,,,,,,,insufficient_data,Za mało danych (0/2 kolejek),,,0
1486,Alexander Gorgon,pogoń szczecin,POM,Legia Warszawa,True,,,,,,,insufficient_data,Za mało danych (0/2 kolejek),,,0
1487,Oskar Kalenik,pogoń szczecin,POM,Legia Warszawa,True,,,,,,,insufficient_data,Za mało danych (0/2 kolejek),,,0
1488,Błażej Starzycki,pogoń szczecin,POM,Legia Warszawa,True,,,,,,,insufficient_data,Za mało danych (0/2 kolejek),,,0
1489,Branislav Pindroch,raków częstochowa,BR,Wisła Płock,True,,,,,,,insufficient_data,Za mało danych (0/2 kolejek),,,0
1490,Kacper Trelowski,raków częstochowa,BR,Wisła Płock,True,,,,,,,insufficient_data,Za mało danych (0/2 kolejek),,,0
1491,Patryk Janasik,cracovia,OBR,Lech Poznań,False,,,,,,,insufficient_data,Za mało danych (0/2 kolejek),,,0
1492,Waldemar Sobota,śląsk wrocław,POM,Górnik Zabrze,False,,,,,,,insufficient_data,Za mało danych (0/2 kolejek),,,0
1493,Michał Szromnik,śląsk wrocław,BR,Górnik Zabrze,False,,,,,,,insufficient_data,Za mało danych (0/2 kolejek),,,0
1494,Kacper Duda,wisła kraków,POM,GKS Katowice,True,,,,,,,insufficient_data,Za mało danych (0/2 kolejek),,,0
1496,Fatos Bećiraj,wisła kraków,NAP,GKS Katowice,True,,,,,,,insufficient_data,Za mało danych (0/2 kolejek),,,0
1497,Mateusz Duda,wisła kraków,NAP,GKS Katowice,True,,,,,,,insufficient_data,Za mało danych (0/2 kolejek),,,0
1499,Kacper Kondracki,wisła płock,POM,Raków Częstochowa,False,,,,,,,insufficient_data,Za mało danych (0/2 kolejek),,,0
1500,Filip Lesniak,wisła płock,POM,Raków Częstochowa,False,,,,,,,insufficient_data,Za mało danych (0/2 kolejek),,,0
1501,Mateusz Lewandowski,wisła płock,NAP,Raków Częstochowa,False,,,,,,,insufficient_data,Za mało danych (0/2 kolejek),,,0
1502,Wojciech Szumilas,wisła płock,OBR,Raków Częstochowa,False,,,,,,,insufficient_data,Za mało danych (0/2 kolejek),,,0
1503,Adrian Tokarski,wisła płock,BR,Raków Częstochowa,False,,,,,,,insufficient_data,Za mało danych (0/2 kolejek),,,0
1504,Patryk Leszczyński,wisła płock,POM,Raków Częstochowa,False,,,,,,,insufficient_data,Za mało danych (0/2 kolejek),,,0
1505,Mateusz Bartolewski,śląsk wrocław,OBR,Górnik Zabrze,False,,,,,,,insufficient_data,Za mało danych (0/2 kolejek),,,0
1506,Milan Rundić,raków częstochowa,OBR,Wisła Płock,True,,,,,,,insufficient_data,Za mało danych (0/2 kolejek),,,0
1507,Łukasz Zjawiński,legia warszawa,NAP,Pogoń Szczecin,False,,,,,,,insufficient_data,Za mało danych (0/2 kolejek),,,0
1508,Adrian Szczutowski,wisła płock,NAP,Raków Częstochowa,False,,,,,,,insufficient_data,Za mało danych (0/2 kolejek),,,0
1509,Bartłomiej Gradecki,radomiak radom,BR,Wieczysta Kraków,True,,,,,,,insufficient_data,Za mało danych (0/2 kolejek),,,0
1511,Marko Malenica,lech poznań,BR,Cracovia,True,,,,,,,insufficient_data,Za mało danych (0/2 kolejek),,,0
1512,Dušan Lagator,wisła płock,POM,Raków Częstochowa,False,,,,,,,insufficient_data,Za mało danych (0/2 kolejek),,,0
1513,Yaw Yeboah,wisła kraków,POM,GKS Katowice,True,,,,,,,insufficient_data,Za mało danych (0/2 kolejek),,,0
1514,Ioánnis Papanikoláou,raków częstochowa,POM,Wisła Płock,True,,,,,,,insufficient_data,Za mało danych (0/2 kolejek),,,0
1515,Maciej Bortniczuk,jagiellonia białystok,POM,Korona Kielce,True,,,,,,,insufficient_data,Za mało danych (0/2 kolejek),,,0
1516,Adi Mehremić,wisła kraków,OBR,GKS Katowice,True,,,,,,,insufficient_data,Za mało danych (0/2 kolejek),,,0
1517,Daniel Bielica,górnik zabrze,BR,Śląsk Wrocław,True,,,,,,,insufficient_data,Za mało danych (0/2 kolejek),,,0
1518,Rivaldo Ferreira Júnior,cracovia,NAP,Lech Poznań,False,,,,,,,insufficient_data,Za mało danych (0/2 kolejek),,,0
1519,Jakub Niewiadomski,lech poznań,OBR,Cracovia,True,,,,,,,insufficient_data,Za mało danych (0/2 kolejek),,,0
1521,Bartosz Kapustka,legia warszawa,POM,Pogoń Szczecin,False,,,,,,,insufficient_data,Za mało danych (0/2 kolejek),,,0
1522,Samuel Mráz,motor lublin,NAP,Widzew Łódź,False,,,,,,,insufficient_data,Za mało danych (0/2 kolejek),,,0
1523,Lorenco Šimić,zagłębie lubin,OBR,Piast Gliwice,True,,,,,,,insufficient_data,Za mało danych (0/2 kolejek),,,0
1526,Wiktor Preuss,piast gliwice,POM,Zagłębie Lubin,False,,,,,,,insufficient_data,Za mało danych (0/2 kolejek),,,0
1528,Konrad Gruszkowski,gks katowice,OBR,Wisła Kraków,False,,,,,,,insufficient_data,Za mało danych (0/2 kolejek),,,0
1529,Mariusz Fornalczyk,widzew łódź,POM,Motor Lublin,True,,,,,,,insufficient_data,Za mało danych (0/2 kolejek),,,0
1531,Søren Reese,zagłębie lubin,OBR,Piast Gliwice,True,,,,,,,insufficient_data,Za mało danych (0/2 kolejek),,,0
1532,Jan Sýkora,lech poznań,POM,Cracovia,True,,,,,,,insufficient_data,Za mało danych (0/2 kolejek),,,0
1533,Marcel Żurek,raków częstochowa,POM,Wisła Płock,True,,,,,,,insufficient_data,Za mało danych (0/2 kolejek),,,0
1536,Jakub Gut,cracovia,POM,Lech Poznań,False,,,,,,,insufficient_data,Za mało danych (0/2 kolejek),,,0
1537,Jakub Bednarczyk,zagłębie lubin,POM,Piast Gliwice,True,,,,,,,insufficient_data,Za mało danych (0/2 kolejek),,,0
1538,Kamil Bielikow,zagłębie lubin,BR,Piast Gliwice,True,,,,,,,insufficient_data,Za mało danych (0/2 kolejek),,,0
1539,Iván López,raków częstochowa,POM,Wisła Płock,True,,,,,,,insufficient_data,Za mało danych (0/2 kolejek),,,0
1540,Norbert Wojtuszek,jagiellonia białystok,OBR,Korona Kielce,True,,,,,,,insufficient_data,Za mało danych (0/2 kolejek),,,0
1541,Piotr Owczarek,raków częstochowa,POM,Wisła Płock,True,,,,,,,insufficient_data,Za mało danych (0/2 kolejek),,,0
1543,Mohammad Awwad,lech poznań,NAP,Cracovia,True,,,,,,,insufficient_data,Za mało danych (0/2 kolejek),,,0
1544,Marcel Zylla,śląsk wrocław,POM,Górnik Zabrze,False,,,,,,,insufficient_data,Za mało danych (0/2 kolejek),,,0
1547,Wasyl Kraweć,lech poznań,OBR,Cracovia,True,,,,,,,insufficient_data,Za mało danych (0/2 kolejek),,,0
1549,Michal Frydrych,wisła kraków,OBR,GKS Katowice,True,,,,,,,insufficient_data,Za mało danych (0/2 kolejek),,,0
1550,Szymon Lewkot,śląsk wrocław,POM,Górnik Zabrze,False,,,,,,,insufficient_data,Za mało danych (0/2 kolejek),,,0
1551,Fernán Ferreiroa,jagiellonia białystok,POM,Korona Kielce,True,,,,,,,insufficient_data,Za mało danych (0/2 kolejek),,,0
1553,Luka Zahovič,górnik zabrze,NAP,Śląsk Wrocław,True,,,,,,,insufficient_data,Za mało danych (0/2 kolejek),,,0
1554,Milan Obradović,wisła płock,OBR,Raków Częstochowa,False,,,,,,,insufficient_data,Za mało danych (0/2 kolejek),,,0
1555,Damir Sadiković,cracovia,POM,Lech Poznań,False,,,,,,,insufficient_data,Za mało danych (0/2 kolejek),,,0
1557,Kris Twardek,jagiellonia białystok,POM,Korona Kielce,True,,,,,,,insufficient_data,Za mało danych (0/2 kolejek),,,0
1558,Stéfanos Evangélou,górnik zabrze,OBR,Śląsk Wrocław,True,,,,,,,insufficient_data,Za mało danych (0/2 kolejek),,,0
1559,Julio Rodríguez,wisła płock,OBR,Raków Częstochowa,False,,,,,,,insufficient_data,Za mało danych (0/2 kolejek),,,0
1560,Bożidar Czorbadżijski,widzew łódź,OBR,Motor Lublin,True,,,,,,,insufficient_data,Za mało danych (0/2 kolejek),,,0
1561,Szymon Pankiewicz,jagiellonia białystok,OBR,Korona Kielce,True,,,,,,,insufficient_data,Za mało danych (0/2 kolejek),,,0
1562,Kristoffer Velde,lech poznań,POM,Cracovia,True,,,,,,,insufficient_data,Za mało danych (0/2 kolejek),,,0
1565,Olivier Wypart,śląsk wrocław,OBR,Górnik Zabrze,False,,,,,,,insufficient_data,Za mało danych (0/2 kolejek),,,0
1566,Sławomir Chmiel,wisła kraków,POM,GKS Katowice,True,,,,,,,insufficient_data,Za mało danych (0/2 kolejek),,,0
1567,Wiktor Szywacz,wisła kraków,POM,GKS Katowice,True,,,,,,,insufficient_data,Za mało danych (0/2 kolejek),,,0
1568,Jakub Góralczyk,cracovia,OBR,Lech Poznań,False,,,,,,,insufficient_data,Za mało danych (0/2 kolejek),,,0
1569,Oskar Wójcik,cracovia,OBR,Lech Poznań,False,,,,,,,insufficient_data,Za mało danych (0/2 kolejek),,,0
1571,Jan Majsterek,jagiellonia białystok,OBR,Korona Kielce,True,,,,,,,insufficient_data,Za mało danych (0/2 kolejek),,,0
1572,Kacper Andrzejewski,lech poznań,OBR,Cracovia,True,,,,,,,insufficient_data,Za mało danych (0/2 kolejek),,,0
1573,Antonio Milić,wieczysta kraków,OBR,Radomiak Radom,False,,,,,,,insufficient_data,Za mało danych (0/2 kolejek),,,0
1574,Bartosz Salamon,lech poznań,OBR,Cracovia,True,,,,,,,insufficient_data,Za mało danych (0/2 kolejek),,,0
1575,Jakub Karbownik,lech poznań,POM,Cracovia,True,,,,,,,insufficient_data,Za mało danych (0/2 kolejek),,,0
1576,Jesper Karlström,lech poznań,POM,Cracovia,True,,,,,,,insufficient_data,Za mało danych (0/2 kolejek),,,0
1578,Jan Biegański,pogoń szczecin,POM,Legia Warszawa,True,,,,,,,insufficient_data,Za mało danych (0/2 kolejek),,,0
1580,Patryk Konik,legia warszawa,OBR,Pogoń Szczecin,False,,,,,,,insufficient_data,Za mało danych (0/2 kolejek),,,0
1581,Bartłomiej Ciepiela,legia warszawa,POM,Pogoń Szczecin,False,,,,,,,insufficient_data,Za mało danych (0/2 kolejek),,,0
1582,Yehor Matsenko,śląsk wrocław,OBR,Górnik Zabrze,False,,,,,,,insufficient_data,Za mało danych (0/2 kolejek),,,0
1583,Mateusz Winciersz,piast gliwice,POM,Zagłębie Lubin,False,,,,,,,insufficient_data,Za mało danych (0/2 kolejek),,,0
1586,Makana Baku,legia warszawa,POM,Pogoń Szczecin,False,,,,,,,insufficient_data,Za mało danych (0/2 kolejek),,,0
1588,Tim Hall,wisła kraków,OBR,GKS Katowice,True,,,,,,,insufficient_data,Za mało danych (0/2 kolejek),,,0
1589,Łukasz Łakomy,zagłębie lubin,POM,Piast Gliwice,True,,,,,,,insufficient_data,Za mało danych (0/2 kolejek),,,0
1590,Dominik Holec,piast gliwice,BR,Zagłębie Lubin,False,,,,,,,insufficient_data,Za mało danych (0/2 kolejek),,,0
1591,Karol Smajdor,lech poznań,OBR,Cracovia,True,,,,,,,insufficient_data,Za mało danych (0/2 kolejek),,,0
1593,Kacper Rogoziński,wisła płock,NAP,Raków Częstochowa,False,,,,,,,insufficient_data,Za mało danych (0/2 kolejek),,,0
1594,Żan Medved,wisła kraków,NAP,GKS Katowice,True,,,,,,,insufficient_data,Za mało danych (0/2 kolejek),,,0
1595,Luka Šušnjara,wisła płock,POM,Raków Częstochowa,False,,,,,,,insufficient_data,Za mało danych (0/2 kolejek),,,0
1596,Souleymane Koné,wisła kraków,OBR,GKS Katowice,True,,,,,,,insufficient_data,Za mało danych (0/2 kolejek),,,0
1597,Bojan Nastić,wisła płock,OBR,Raków Częstochowa,False,,,,,,,insufficient_data,Za mało danych (0/2 kolejek),,,0
1598,Mateusz Łęgowski,motor lublin,POM,Widzew Łódź,False,,,,,,,insufficient_data,Za mało danych (0/2 kolejek),,,0
1599,Jan Ziewiec,cracovia,OBR,Lech Poznań,False,,,,,,,insufficient_data,Za mało danych (0/2 kolejek),,,0
1600,Michał Litwa,raków częstochowa,NAP,Wisła Płock,True,,,,,,,insufficient_data,Za mało danych (0/2 kolejek),,,0
1601,Nika Kwekweskiri,lech poznań,POM,Cracovia,True,,,,,,,insufficient_data,Za mało danych (0/2 kolejek),,,0
1602,Mateusz Kizyma,zagłębie lubin,POM,Piast Gliwice,True,,,,,,,insufficient_data,Za mało danych (0/2 kolejek),,,0
1603,Piotr Starzyński,wisła kraków,POM,GKS Katowice,True,,,,,,,insufficient_data,Za mało danych (0/2 kolejek),,,0
1604,Miroslav Stoch,zagłębie lubin,POM,Piast Gliwice,True,,,,,,,insufficient_data,Za mało danych (0/2 kolejek),,,0
1605,Maksym Gendera,piast gliwice,OBR,Zagłębie Lubin,False,,,,,,,insufficient_data,Za mało danych (0/2 kolejek),,,0
1606,Michał Zachciał,piast gliwice,POM,Zagłębie Lubin,False,,,,,,,insufficient_data,Za mało danych (0/2 kolejek),,,0
1607,Bartosz Zynek,wisła płock,POM,Raków Częstochowa,False,,,,,,,insufficient_data,Za mało danych (0/2 kolejek),,,0
1608,Myrosław Mazur,jagiellonia białystok,OBR,Korona Kielce,True,,,,,,,insufficient_data,Za mało danych (0/2 kolejek),,,0
1609,Jakub Kisiel,legia warszawa,POM,Pogoń Szczecin,False,,,,,,,insufficient_data,Za mało danych (0/2 kolejek),,,0
1610,Krystian Wachowiak,wisła kraków,OBR,GKS Katowice,True,,,,,,,insufficient_data,Za mało danych (0/2 kolejek),,,0
1611,Bartłomiej Eizenchart,górnik zabrze,POM,Śląsk Wrocław,True,,,,,,,insufficient_data,Za mało danych (0/2 kolejek),,,0
1612,Godfrey Stephen,jagiellonia białystok,OBR,Korona Kielce,True,,,,,,,insufficient_data,Za mało danych (0/2 kolejek),,,0
1615,Richmond Boakye,górnik zabrze,NAP,Śląsk Wrocław,True,,,,,,,insufficient_data,Za mało danych (0/2 kolejek),,,0
1616,Adam Zreľák,gks katowice,NAP,Wisła Kraków,False,,,,,,,insufficient_data,Za mało danych (0/2 kolejek),,,0
1617,Aron Jóhannsson,lech poznań,NAP,Cracovia,True,,,,,,,insufficient_data,Za mało danych (0/2 kolejek),,,0
1618,Krystian Palacz,motor lublin,OBR,Widzew Łódź,False,,,,,,,insufficient_data,Za mało danych (0/2 kolejek),,,0
1619,Jasur Yaxshiboyev,legia warszawa,POM,Pogoń Szczecin,False,,,,,,,insufficient_data,Za mało danych (0/2 kolejek),,,0
1620,Artem Szabanow,legia warszawa,OBR,Pogoń Szczecin,False,,,,,,,insufficient_data,Za mało danych (0/2 kolejek),,,0
1621,Karol Szymkowiak,wisła płock,BR,Raków Częstochowa,False,,,,,,,insufficient_data,Za mało danych (0/2 kolejek),,,0
1622,Jakub Orpik,jagiellonia białystok,POM,Korona Kielce,True,,,,,,,insufficient_data,Za mało danych (0/2 kolejek),,,0
1623,Filip Borowski,piast gliwice,OBR,Zagłębie Lubin,False,,,,,,,insufficient_data,Za mało danych (0/2 kolejek),,,0
1624,Kristián Vallo,wisła płock,POM,Raków Częstochowa,False,,,,,,,insufficient_data,Za mało danych (0/2 kolejek),,,0
1626,Ernest Muçi,legia warszawa,POM,Pogoń Szczecin,False,,,,,,,insufficient_data,Za mało danych (0/2 kolejek),,,0
1627,Karol Podliński,zagłębie lubin,NAP,Piast Gliwice,True,,,,,,,insufficient_data,Za mało danych (0/2 kolejek),,,0
1628,Uroš Radaković,wisła kraków,OBR,GKS Katowice,True,,,,,,,insufficient_data,Za mało danych (0/2 kolejek),,,0
1630,Maik Nawrocki,legia warszawa,OBR,Pogoń Szczecin,False,,,,,,,insufficient_data,Za mało danych (0/2 kolejek),,,0
1631,David Mawutor,wisła kraków,POM,GKS Katowice,True,,,,,,,insufficient_data,Za mało danych (0/2 kolejek),,,0
1632,Antoni Kozubal,lech poznań,POM,Cracovia,True,,,,,,,insufficient_data,Za mało danych (0/2 kolejek),,,0
1633,Hubert Karpiński,jagiellonia białystok,NAP,Korona Kielce,True,,,,,,,insufficient_data,Za mało danych (0/2 kolejek),,,0
1635,Filip Koperski,radomiak radom,OBR,Wieczysta Kraków,True,,,,,,,insufficient_data,Za mało danych (0/2 kolejek),,,0
1636,Bartłomiej Frasik,śląsk wrocław,BR,Górnik Zabrze,False,,,,,,,insufficient_data,Za mało danych (0/2 kolejek),,,0
1638,Norbert Pacławski,lech poznań,NAP,Cracovia,True,,,,,,,insufficient_data,Za mało danych (0/2 kolejek),,,0
1639,Milan Posmyk,zagłębie lubin,OBR,Piast Gliwice,True,,,,,,,insufficient_data,Za mało danych (0/2 kolejek),,,0
1653,Adam Radwański,wisła płock,POM,Raków Częstochowa,False,,,,,,,insufficient_data,Za mało danych (0/2 kolejek),,,0
1654,Ernest Terpiłowski,widzew łódź,POM,Motor Lublin,True,,,,,,,insufficient_data,Za mało danych (0/2 kolejek),,,0
1660,Kacper Śpiewak,motor lublin,NAP,Widzew Łódź,False,,,,,,,insufficient_data,Za mało danych (0/2 kolejek),,,0
1673,Przemysław Banaszak,śląsk wrocław,NAP,Górnik Zabrze,False,,,,,,,insufficient_data,Za mało danych (0/2 kolejek),,,0
1675,Filip Majchrowicz,radomiak radom,BR,Wieczysta Kraków,True,,,,,,,insufficient_data,Za mało danych (0/2 kolejek),,,0
1676,Maciej Świdzikowski,radomiak radom,OBR,Wieczysta Kraków,True,,,,,,,insufficient_data,Za mało danych (0/2 kolejek),,,0
1677,Kacper Wiatrak,radomiak radom,OBR,Wieczysta Kraków,True,,,,,,,insufficient_data,Za mało danych (0/2 kolejek),,,0
1678,Amâncio Fortes,radomiak radom,POM,Wieczysta Kraków,True,,,,,,,insufficient_data,Za mało danych (0/2 kolejek),,,0
1679,Dominik Banach,radomiak radom,POM,Wieczysta Kraków,True,,,,,,,insufficient_data,Za mało danych (0/2 kolejek),,,0
1680,Filipe Nascimento,górnik zabrze,POM,Śląsk Wrocław,True,,,,,,,insufficient_data,Za mało danych (0/2 kolejek),,,0
1681,Michał Kaput,radomiak radom,POM,Wieczysta Kraków,True,,,,,,,insufficient_data,Za mało danych (0/2 kolejek),,,0
1682,Miłosz Kozak,śląsk wrocław,POM,Górnik Zabrze,False,,,,,,,insufficient_data,Za mało danych (0/2 kolejek),,,0
1683,Luís Machado,radomiak radom,POM,Wieczysta Kraków,True,,,,,,,insufficient_data,Za mało danych (0/2 kolejek),,,0
1684,Jakub Nowakowski,radomiak radom,POM,Wieczysta Kraków,True,,,,,,,insufficient_data,Za mało danych (0/2 kolejek),,,0
1685,Athanasios Scheidt,radomiak radom,POM,Wieczysta Kraków,True,,,,,,,insufficient_data,Za mało danych (0/2 kolejek),,,0
1686,Dominik Sokół,radomiak radom,POM,Wieczysta Kraków,True,,,,,,,insufficient_data,Za mało danych (0/2 kolejek),,,0
1687,Morimakan Diané,radomiak radom,NAP,Wieczysta Kraków,True,,,,,,,insufficient_data,Za mało danych (0/2 kolejek),,,0
1688,Rossi Pereira Leândro,radomiak radom,POM,Wieczysta Kraków,True,,,,,,,insufficient_data,Za mało danych (0/2 kolejek),,,0
1689,Patryk Mikita,radomiak radom,NAP,Wieczysta Kraków,True,,,,,,,insufficient_data,Za mało danych (0/2 kolejek),,,0
1690,Jakub Podsiadło,radomiak radom,NAP,Wieczysta Kraków,True,,,,,,,insufficient_data,Za mało danych (0/2 kolejek),,,0
1691,Mario Rondón,radomiak radom,NAP,Wieczysta Kraków,True,,,,,,,insufficient_data,Za mało danych (0/2 kolejek),,,0
1693,Filip Kramarz,cracovia,BR,Lech Poznań,False,,,,,,,insufficient_data,Za mało danych (0/2 kolejek),,,0
1694,Filip Balaj,cracovia,NAP,Lech Poznań,False,,,,,,,insufficient_data,Za mało danych (0/2 kolejek),,,0
1695,Mathias Hebo Rasmussen,cracovia,POM,Lech Poznań,False,,,,,,,insufficient_data,Za mało danych (0/2 kolejek),,,0
1696,Jakub Jugas,cracovia,OBR,Lech Poznań,False,,,,,,,insufficient_data,Za mało danych (0/2 kolejek),,,0
1697,Otar Kakabadze,cracovia,OBR,Lech Poznań,False,,,,,,,insufficient_data,Za mało danych (0/2 kolejek),,,0
1698,Karol Knap,cracovia,POM,Lech Poznań,False,,,,,,,insufficient_data,Za mało danych (0/2 kolejek),,,0
1699,Kamil Ogorzały,cracovia,POM,Lech Poznań,False,,,,,,,insufficient_data,Za mało danych (0/2 kolejek),,,0
1700,Maciej Mrozik,cracovia,POM,Lech Poznań,False,,,,,,,insufficient_data,Za mało danych (0/2 kolejek),,,0
1701,Łukasz Ziemnik,cracovia,NAP,Lech Poznań,False,,,,,,,insufficient_data,Za mało danych (0/2 kolejek),,,0
1702,Lukas Podolski,górnik zabrze,POM,Śląsk Wrocław,True,,,,,,,insufficient_data,Za mało danych (0/2 kolejek),,,0
1703,Jakub Szymański,wisła płock,OBR,Raków Częstochowa,False,,,,,,,insufficient_data,Za mało danych (0/2 kolejek),,,0
1704,Błażej Niezgoda,jagiellonia białystok,BR,Korona Kielce,True,,,,,,,insufficient_data,Za mało danych (0/2 kolejek),,,0
1705,Dani Quintana,jagiellonia białystok,POM,Korona Kielce,True,,,,,,,insufficient_data,Za mało danych (0/2 kolejek),,,0
1706,Michał Samborski,jagiellonia białystok,NAP,Korona Kielce,True,,,,,,,insufficient_data,Za mało danych (0/2 kolejek),,,0
1707,Michał Surzyn,jagiellonia białystok,POM,Korona Kielce,True,,,,,,,insufficient_data,Za mało danych (0/2 kolejek),,,0
1708,Kacper Tabiś,jagiellonia białystok,POM,Korona Kielce,True,,,,,,,insufficient_data,Za mało danych (0/2 kolejek),,,0
1709,Oliwier Wojciechowski,jagiellonia białystok,POM,Korona Kielce,True,,,,,,,insufficient_data,Za mało danych (0/2 kolejek),,,0
1711,Barry Douglas,lech poznań,OBR,Cracovia,True,,,,,,,insufficient_data,Za mało danych (0/2 kolejek),,,0
1712,Joel Pereira,lech poznań,OBR,Cracovia,True,,,,,,,insufficient_data,Za mało danych (0/2 kolejek),,,0
1713,Kacper Wachowiak,lech poznań,OBR,Cracovia,True,,,,,,,insufficient_data,Za mało danych (0/2 kolejek),,,0
1714,Patryk Waliś,lech poznań,OBR,Cracovia,True,,,,,,,insufficient_data,Za mało danych (0/2 kolejek),,,0
1715,Kacper Tobiasz,legia warszawa,BR,Pogoń Szczecin,False,,,,,,,insufficient_data,Za mało danych (0/2 kolejek),,,0
1717,Mattias Johansson,legia warszawa,OBR,Pogoń Szczecin,False,,,,,,,insufficient_data,Za mało danych (0/2 kolejek),,,0
1719,Michael Ameyaw,raków częstochowa,POM,Wisła Płock,True,,,,,,,insufficient_data,Za mało danych (0/2 kolejek),,,0
1720,Miguel Muñoz,piast gliwice,OBR,Zagłębie Lubin,False,,,,,,,insufficient_data,Za mało danych (0/2 kolejek),,,0
1721,Alberto Toril,piast gliwice,NAP,Zagłębie Lubin,False,,,,,,,insufficient_data,Za mało danych (0/2 kolejek),,,0
1722,Bartosz Klebaniuk,pogoń szczecin,BR,Legia Warszawa,True,,,,,,,insufficient_data,Za mało danych (0/2 kolejek),,,0
1723,Lindsay Rose,legia warszawa,OBR,Pogoń Szczecin,False,,,,,,,insufficient_data,Za mało danych (0/2 kolejek),,,0
1724,Vladan Kovačević,legia warszawa,BR,Pogoń Szczecin,False,,,,,,,insufficient_data,Za mało danych (0/2 kolejek),,,0
1725,Mehir Emreli,raków częstochowa,NAP,Wisła Płock,True,,,,,,,insufficient_data,Za mało danych (0/2 kolejek),,,0
1729,Maksymilian Boruc,śląsk wrocław,BR,Górnik Zabrze,False,,,,,,,insufficient_data,Za mało danych (0/2 kolejek),,,0
1731,Józef Burta,śląsk wrocław,BR,Górnik Zabrze,False,,,,,,,insufficient_data,Za mało danych (0/2 kolejek),,,0
1732,Diogo Verdasca,śląsk wrocław,OBR,Górnik Zabrze,False,,,,,,,insufficient_data,Za mało danych (0/2 kolejek),,,0
1733,Víctor García,śląsk wrocław,OBR,Górnik Zabrze,False,,,,,,,insufficient_data,Za mało danych (0/2 kolejek),,,0
1734,Caye Quintana,śląsk wrocław,NAP,Górnik Zabrze,False,,,,,,,insufficient_data,Za mało danych (0/2 kolejek),,,0
1735,Josue Pesqueira,legia warszawa,POM,Pogoń Szczecin,False,,,,,,,insufficient_data,Za mało danych (0/2 kolejek),,,0
1739,Mikołaj Biegański,widzew łódź,BR,Motor Lublin,True,,,,,,,insufficient_data,Za mało danych (0/2 kolejek),,,0
1740,Aschraf El Mahdioui,wisła kraków,POM,GKS Katowice,True,,,,,,,insufficient_data,Za mało danych (0/2 kolejek),,,0
1741,Matěj Hanousek,wisła kraków,OBR,GKS Katowice,True,,,,,,,insufficient_data,Za mało danych (0/2 kolejek),,,0
1742,Dor Hugi,wisła kraków,POM,GKS Katowice,True,,,,,,,insufficient_data,Za mało danych (0/2 kolejek),,,0
1743,Jan Kliment,wisła kraków,NAP,GKS Katowice,True,,,,,,,insufficient_data,Za mało danych (0/2 kolejek),,,0
1744,Kacper Rosa,motor lublin,BR,Widzew Łódź,False,,,,,,,insufficient_data,Za mało danych (0/2 kolejek),,,0
1745,Michal Škvarka,wisła kraków,POM,GKS Katowice,True,,,,,,,insufficient_data,Za mało danych (0/2 kolejek),,,0
1746,Kamil Głogowski,wisła kraków,OBR,GKS Katowice,True,,,,,,,insufficient_data,Za mało danych (0/2 kolejek),,,0
1747,Igor Drapiński,piast gliwice,OBR,Zagłębie Lubin,False,,,,,,,insufficient_data,Za mało danych (0/2 kolejek),,,0
1748,Anton Krywociuk,wisła płock,OBR,Raków Częstochowa,False,,,,,,,insufficient_data,Za mało danych (0/2 kolejek),,,0
1749,Michał Oczkowski,wisła płock,BR,Raków Częstochowa,False,,,,,,,insufficient_data,Za mało danych (0/2 kolejek),,,0
1750,Dawid Krzyżański,wisła płock,POM,Raków Częstochowa,False,,,,,,,insufficient_data,Za mało danych (0/2 kolejek),,,0
1752,Ian Soler,zagłębie lubin,OBR,Piast Gliwice,True,,,,,,,insufficient_data,Za mało danych (0/2 kolejek),,,0
1754,Michał Król,wisła płock,POM,Raków Częstochowa,False,,,,,,,insufficient_data,Za mało danych (0/2 kolejek),,,0
1756,Konrad Matuszewski,korona kielce,OBR,Jagiellonia Białystok,False,,,,,,,insufficient_data,Za mało danych (0/2 kolejek),,,0
1757,Bartosz Mrozek,lech poznań,BR,Cracovia,True,,,,,,,insufficient_data,Za mało danych (0/2 kolejek),,,0
1758,Pedro Vieira,raków częstochowa,NAP,Wisła Płock,True,,,,,,,insufficient_data,Za mało danych (0/2 kolejek),,,0
1761,Krystian Bracik,cracovia,OBR,Lech Poznań,False,,,,,,,insufficient_data,Za mało danych (0/2 kolejek),,,0
1762,Damian Kołtański,lech poznań,POM,Cracovia,True,,,,,,,insufficient_data,Za mało danych (0/2 kolejek),,,0
1764,Szymon Krocz,śląsk wrocław,POM,Górnik Zabrze,False,,,,,,,insufficient_data,Za mało danych (0/2 kolejek),,,0
1766,Jakub Mądrzyk,raków częstochowa,BR,Wisła Płock,True,,,,,,,insufficient_data,Za mało danych (0/2 kolejek),,,0
1767,Gabriel Kirejczyk,piast gliwice,NAP,Zagłębie Lubin,False,,,,,,,insufficient_data,Za mało danych (0/2 kolejek),,,0
1769,Gabor Żukowski,jagiellonia białystok,OBR,Korona Kielce,True,,,,,,,insufficient_data,Za mało danych (0/2 kolejek),,,0
1770,Tomasz Pieńko,raków częstochowa,POM,Wisła Płock,True,,,,,,,insufficient_data,Za mało danych (0/2 kolejek),,,0
1772,Kacper Lepczyński,zagłębie lubin,OBR,Piast Gliwice,True,,,,,,,insufficient_data,Za mało danych (0/2 kolejek),,,0
1774,Adrian Dziedzic,górnik zabrze,POM,Śląsk Wrocław,True,,,,,,,insufficient_data,Za mało danych (0/2 kolejek),,,0
1775,Arsen Hrosu,górnik zabrze,POM,Śląsk Wrocław,True,,,,,,,insufficient_data,Za mało danych (0/2 kolejek),,,0
1777,Bartosz Bayer,jagiellonia białystok,POM,Korona Kielce,True,,,,,,,insufficient_data,Za mało danych (0/2 kolejek),,,0
1778,Eryk Matus,jagiellonia białystok,POM,Korona Kielce,True,,,,,,,insufficient_data,Za mało danych (0/2 kolejek),,,0
1779,Alexandre Guedes,raków częstochowa,NAP,Wisła Płock,True,,,,,,,insufficient_data,Za mało danych (0/2 kolejek),,,0
1780,Erik Daniel,zagłębie lubin,POM,Piast Gliwice,True,,,,,,,insufficient_data,Za mało danych (0/2 kolejek),,,0
1781,Raphael Rossi,radomiak radom,OBR,Wieczysta Kraków,True,,,,,,,insufficient_data,Za mało danych (0/2 kolejek),,,0
1782,Roque Júnior Maurides,radomiak radom,NAP,Wieczysta Kraków,True,,,,,,,insufficient_data,Za mało danych (0/2 kolejek),,,0
1783,da Silveira Castro Rhuan,radomiak radom,POM,Wieczysta Kraków,True,,,,,,,insufficient_data,Za mało danych (0/2 kolejek),,,0
1784,Jonathan Simba Bwanga,radomiak radom,OBR,Wieczysta Kraków,True,,,,,,,insufficient_data,Za mało danych (0/2 kolejek),,,0
1786,Dominik Wydra,raków częstochowa,OBR,Wisła Płock,True,,,,,,,insufficient_data,Za mało danych (0/2 kolejek),,,0
1787,Paweł Kieszek,wisła kraków,BR,GKS Katowice,True,,,,,,,insufficient_data,Za mało danych (0/2 kolejek),,,0
1788,Marcel Błachewicz,wisła płock,OBR,Raków Częstochowa,False,,,,,,,insufficient_data,Za mało danych (0/2 kolejek),,,0
1790,Fábio Sturgeon,raków częstochowa,POM,Wisła Płock,True,,,,,,,insufficient_data,Za mało danych (0/2 kolejek),,,0
1791,Adriel Ba Loua,lech poznań,POM,Cracovia,True,,,,,,,insufficient_data,Za mało danych (0/2 kolejek),,,0
1792,Ilja Żygulow,zagłębie lubin,POM,Piast Gliwice,True,,,,,,,insufficient_data,Za mało danych (0/2 kolejek),,,0
1793,Nikola Stojiljković,piast gliwice,NAP,Zagłębie Lubin,False,,,,,,,insufficient_data,Za mało danych (0/2 kolejek),,,0
1794,Kamil Grosicki,pogoń szczecin,POM,Legia Warszawa,True,,,,,,,insufficient_data,Za mało danych (0/2 kolejek),,,0
1795,Sławomir Abramowicz,jagiellonia białystok,BR,Korona Kielce,True,,,,,,,insufficient_data,Za mało danych (0/2 kolejek),,,0
1796,Pedro Rebocho,lech poznań,OBR,Cracovia,True,,,,,,,insufficient_data,Za mało danych (0/2 kolejek),,,0
1797,Yuri Ribeiro,legia warszawa,OBR,Pogoń Szczecin,False,,,,,,,insufficient_data,Za mało danych (0/2 kolejek),,,0
1798,Roko Baturina,lech poznań,NAP,Cracovia,True,,,,,,,insufficient_data,Za mało danych (0/2 kolejek),,,0
1800,Jurgen Çelhaka,legia warszawa,POM,Pogoń Szczecin,False,,,,,,,insufficient_data,Za mało danych (0/2 kolejek),,,0
1801,Jorge Jorginho,wisła płock,POM,Raków Częstochowa,False,,,,,,,insufficient_data,Za mało danych (0/2 kolejek),,,0
1802,Jakub Iskra,śląsk wrocław,OBR,Górnik Zabrze,False,,,,,,,insufficient_data,Za mało danych (0/2 kolejek),,,0
1804,Tomáš Zajíc,zagłębie lubin,NAP,Piast Gliwice,True,,,,,,,insufficient_data,Za mało danych (0/2 kolejek),,,0
1805,David Toševski,górnik zabrze,NAP,Śląsk Wrocław,True,,,,,,,insufficient_data,Za mało danych (0/2 kolejek),,,0
1806,Tiago Matos,radomiak radom,POM,Wieczysta Kraków,True,,,,,,,insufficient_data,Za mało danych (0/2 kolejek),,,0
1808,Ihor Charatin,legia warszawa,POM,Pogoń Szczecin,False,,,,,,,insufficient_data,Za mało danych (0/2 kolejek),,,0
1809,Jean Jules Mvondo,górnik zabrze,POM,Śląsk Wrocław,True,,,,,,,insufficient_data,Za mało danych (0/2 kolejek),,,0
1810,Lirim Kastrati,legia warszawa,POM,Pogoń Szczecin,False,,,,,,,insufficient_data,Za mało danych (0/2 kolejek),,,0
1811,Aléxandros Katránis,piast gliwice,OBR,Zagłębie Lubin,False,,,,,,,insufficient_data,Za mało danych (0/2 kolejek),,,0
1812,Jason Lokilo,piast gliwice,POM,Zagłębie Lubin,False,,,,,,,insufficient_data,Za mało danych (0/2 kolejek),,,0
1814,Patryk Kusztal,zagłębie lubin,NAP,Piast Gliwice,True,,,,,,,insufficient_data,Za mało danych (0/2 kolejek),,,0
1815,Dawid Rezaeian,pogoń szczecin,OBR,Legia Warszawa,True,,,,,,,insufficient_data,Za mało danych (0/2 kolejek),,,0
1817,Aleksandar Pantić,zagłębie lubin,OBR,Piast Gliwice,True,,,,,,,insufficient_data,Za mało danych (0/2 kolejek),,,0
1818,Tomasz Walczak,raków częstochowa,NAP,Wisła Płock,True,,,,,,,insufficient_data,Za mało danych (0/2 kolejek),,,0
1819,Thabo Cele,radomiak radom,POM,Wieczysta Kraków,True,,,,,,,insufficient_data,Za mało danych (0/2 kolejek),,,0
1821,Dariusz Stalmach,górnik zabrze,POM,Śląsk Wrocław,True,,,,,,,insufficient_data,Za mało danych (0/2 kolejek),,,0
1822,Alexander Steffen,zagłębie lubin,BR,Piast Gliwice,True,,,,,,,insufficient_data,Za mało danych (0/2 kolejek),,,0
1823,Jakub Jasionek,jagiellonia białystok,BR,Korona Kielce,True,,,,,,,insufficient_data,Za mało danych (0/2 kolejek),,,0
1825,Rui Gomes,legia warszawa,NAP,Pogoń Szczecin,False,,,,,,,insufficient_data,Za mało danych (0/2 kolejek),,,0
1826,Filip Gryglak,śląsk wrocław,POM,Górnik Zabrze,False,,,,,,,insufficient_data,Za mało danych (0/2 kolejek),,,0
1827,Oliwier Hyla,cracovia,OBR,Lech Poznań,False,,,,,,,insufficient_data,Za mało danych (0/2 kolejek),,,0
1828,Jan Ciućka,górnik zabrze,NAP,Śląsk Wrocław,True,,,,,,,insufficient_data,Za mało danych (0/2 kolejek),,,0
1829,Krzysztof Wingralek,górnik zabrze,OBR,Śląsk Wrocław,True,,,,,,,insufficient_data,Za mało danych (0/2 kolejek),,,0
1830,Miłosz Piekutowski,jagiellonia białystok,BR,Korona Kielce,True,,,,,,,insufficient_data,Za mało danych (0/2 kolejek),,,0
1831,Antoni Mikułko,wieczysta kraków,BR,Radomiak Radom,False,,,,,,,insufficient_data,Za mało danych (0/2 kolejek),,,0
1832,Karol Noiszewski,legia warszawa,POM,Pogoń Szczecin,False,,,,,,,insufficient_data,Za mało danych (0/2 kolejek),,,0
1833,Tihomir Kostadinov,piast gliwice,POM,Zagłębie Lubin,False,,,,,,,insufficient_data,Za mało danych (0/2 kolejek),,,0
1835,Wahan Biczachczjan,legia warszawa,POM,Pogoń Szczecin,False,,,,,,,insufficient_data,Za mało danych (0/2 kolejek),,,0
1837,Momo Cissé,wisła kraków,POM,GKS Katowice,True,,,,,,,insufficient_data,Za mało danych (0/2 kolejek),,,0
1839,Sebastian Ring,wisła kraków,OBR,GKS Katowice,True,,,,,,,insufficient_data,Za mało danych (0/2 kolejek),,,0
1840,Martin Doležal,zagłębie lubin,NAP,Piast Gliwice,True,,,,,,,insufficient_data,Za mało danych (0/2 kolejek),,,0
1842,Dawid Olejarka,radomiak radom,POM,Wieczysta Kraków,True,,,,,,,insufficient_data,Za mało danych (0/2 kolejek),,,0
1843,Constantin Reiner,piast gliwice,OBR,Zagłębie Lubin,False,,,,,,,insufficient_data,Za mało danych (0/2 kolejek),,,0
1844,Joseph Colley,wisła kraków,OBR,GKS Katowice,True,,,,,,,insufficient_data,Za mało danych (0/2 kolejek),,,0
1845,Deiana Sorescu,raków częstochowa,POM,Wisła Płock,True,,,,,,,insufficient_data,Za mało danych (0/2 kolejek),,,0
1846,Aleksandar Šćekić,zagłębie lubin,POM,Piast Gliwice,True,,,,,,,insufficient_data,Za mało danych (0/2 kolejek),,,0
1847,Pawieł Pawluczenko,górnik zabrze,BR,Śląsk Wrocław,True,,,,,,,insufficient_data,Za mało danych (0/2 kolejek),,,0
1848,Enis Fazlagić,wisła kraków,POM,GKS Katowice,True,,,,,,,insufficient_data,Za mało danych (0/2 kolejek),,,0
1849,Adrián Balboa,raków częstochowa,NAP,Wisła Płock,True,,,,,,,insufficient_data,Za mało danych (0/2 kolejek),,,0
1850,Dennis Jastrzembski,śląsk wrocław,POM,Górnik Zabrze,False,,,,,,,insufficient_data,Za mało danych (0/2 kolejek),,,0
1851,Filip Wilak,lech poznań,POM,Cracovia,True,,,,,,,insufficient_data,Za mało danych (0/2 kolejek),,,0
1852,Daníel Grétarsson,śląsk wrocław,OBR,Górnik Zabrze,False,,,,,,,insufficient_data,Za mało danych (0/2 kolejek),,,0
1853,Bogdan Racovițan,raków częstochowa,OBR,Wisła Płock,True,,,,,,,insufficient_data,Za mało danych (0/2 kolejek),,,0
1854,Nikodem Zielonka,górnik zabrze,POM,Śląsk Wrocław,True,,,,,,,insufficient_data,Za mało danych (0/2 kolejek),,,0
1855,Miłosz Skowronek,jagiellonia białystok,OBR,Korona Kielce,True,,,,,,,insufficient_data,Za mało danych (0/2 kolejek),,,0
1856,Kamil Wilczek,piast gliwice,NAP,Zagłębie Lubin,False,,,,,,,insufficient_data,Za mało danych (0/2 kolejek),,,0
1857,Ramil Mustafajew,legia warszawa,OBR,Pogoń Szczecin,False,,,,,,,insufficient_data,Za mało danych (0/2 kolejek),,,0
1858,Jakub Antczak,lech poznań,POM,Cracovia,True,,,,,,,insufficient_data,Za mało danych (0/2 kolejek),,,0
1859,Maksymilian Pingot,górnik zabrze,OBR,Śląsk Wrocław,True,,,,,,,insufficient_data,Za mało danych (0/2 kolejek),,,0
1862,Szymon Michalski,śląsk wrocław,OBR,Górnik Zabrze,False,,,,,,,insufficient_data,Za mało danych (0/2 kolejek),,,0
1864,Patryk Pierzak,legia warszawa,POM,Pogoń Szczecin,False,,,,,,,insufficient_data,Za mało danych (0/2 kolejek),,,0
1867,Jakub Lutostański,śląsk wrocław,NAP,Górnik Zabrze,False,,,,,,,insufficient_data,Za mało danych (0/2 kolejek),,,0
1868,Kacper Masiak,raków częstochowa,POM,Wisła Płock,True,,,,,,,insufficient_data,Za mało danych (0/2 kolejek),,,0
1870,Jakub Snopczyński,radomiak radom,POM,Wieczysta Kraków,True,,,,,,,insufficient_data,Za mało danych (0/2 kolejek),,,0
1871,Abraham Marcus,radomiak radom,NAP,Wieczysta Kraków,True,,,,,,,insufficient_data,Za mało danych (0/2 kolejek),,,0
1872,Jô Santos,radomiak radom,POM,Wieczysta Kraków,True,,,,,,,insufficient_data,Za mało danych (0/2 kolejek),,,0
1873,Jewhen Konoplanka,cracovia,POM,Lech Poznań,False,,,,,,,insufficient_data,Za mało danych (0/2 kolejek),,,0
1874,Frank Castañeda,radomiak radom,POM,Wieczysta Kraków,True,,,,,,,insufficient_data,Za mało danych (0/2 kolejek),,,0
1875,Patrick Olsen,śląsk wrocław,POM,Górnik Zabrze,False,,,,,,,insufficient_data,Za mało danych (0/2 kolejek),,,0
1878,Richard Strebinger,legia warszawa,BR,Pogoń Szczecin,False,,,,,,,insufficient_data,Za mało danych (0/2 kolejek),,,0
1879,Luiz Gustavo,radomiak radom,POM,Wieczysta Kraków,True,,,,,,,insufficient_data,Za mało danych (0/2 kolejek),,,0
1880,Ilja Szkurin,gks katowice,NAP,Wisła Kraków,False,,,,,,,insufficient_data,Za mało danych (0/2 kolejek),,,0
1882,Jhon Chancellor,zagłębie lubin,OBR,Piast Gliwice,True,,,,,,,insufficient_data,Za mało danych (0/2 kolejek),,,0
1883,Higinio Marín,górnik zabrze,NAP,Śląsk Wrocław,True,,,,,,,insufficient_data,Za mało danych (0/2 kolejek),,,0
1885,Cheikhou Dieng,zagłębie lubin,POM,Piast Gliwice,True,,,,,,,insufficient_data,Za mało danych (0/2 kolejek),,,0
1886,Virgil Ghiță,cracovia,OBR,Lech Poznań,False,,,,,,,insufficient_data,Za mało danych (0/2 kolejek),,,0
1887,Elvis Manu,wisła kraków,NAP,GKS Katowice,True,,,,,,,insufficient_data,Za mało danych (0/2 kolejek),,,0
1888,Narek Grigorjan,jagiellonia białystok,POM,Korona Kielce,True,,,,,,,insufficient_data,Za mało danych (0/2 kolejek),,,0
1889,Kacper Łukasiak,gks katowice,POM,Wisła Kraków,False,,,,,,,insufficient_data,Za mało danych (0/2 kolejek),,,0
1890,Kamil Sobczak,zagłębie lubin,POM,Piast Gliwice,True,,,,,,,insufficient_data,Za mało danych (0/2 kolejek),,,0
1891,Radosław Zyśk,jagiellonia białystok,NAP,Korona Kielce,True,,,,,,,insufficient_data,Za mało danych (0/2 kolejek),,,0
1893,Dani Pacheco,wisła płock,POM,Raków Częstochowa,False,,,,,,,insufficient_data,Za mało danych (0/2 kolejek),,,0
1894,Benjamin Verbič,legia warszawa,POM,Pogoń Szczecin,False,,,,,,,insufficient_data,Za mało danych (0/2 kolejek),,,0
1896,Bartłomiej Korbecki,górnik zabrze,POM,Śląsk Wrocław,True,,,,,,,insufficient_data,Za mało danych (0/2 kolejek),,,0
1897,Diego Silva Carioca,jagiellonia białystok,POM,Korona Kielce,True,,,,,,,insufficient_data,Za mało danych (0/2 kolejek),,,0
1898,Marc Gual,legia warszawa,NAP,Pogoń Szczecin,False,,,,,,,insufficient_data,Za mało danych (0/2 kolejek),,,0
1899,Luka Gagnidze,raków częstochowa,POM,Wisła Płock,True,,,,,,,insufficient_data,Za mało danych (0/2 kolejek),,,0
1900,Władysław Koczerhin,raków częstochowa,POM,Wisła Płock,True,,,,,,,insufficient_data,Za mało danych (0/2 kolejek),,,0
1902,Heorhij Citaiszwili,lech poznań,POM,Cracovia,True,,,,,,,insufficient_data,Za mało danych (0/2 kolejek),,,0
1904,Patryk Czerech,jagiellonia białystok,OBR,Korona Kielce,True,,,,,,,insufficient_data,Za mało danych (0/2 kolejek),,,0
1905,Mateusz Ziółkowski,górnik zabrze,POM,Śląsk Wrocław,True,,,,,,,insufficient_data,Za mało danych (0/2 kolejek),,,0
1906,Maciej Kikolski,gks katowice,BR,Wisła Kraków,False,,,,,,,insufficient_data,Za mało danych (0/2 kolejek),,,0
1907,Bartosz Łuczak,piast gliwice,OBR,Zagłębie Lubin,False,,,,,,,insufficient_data,Za mało danych (0/2 kolejek),,,0
1909,Rafał Adamski,legia warszawa,NAP,Pogoń Szczecin,False,,,,,,,insufficient_data,Za mało danych (0/2 kolejek),,,0
1910,Piotr Zieliński,wisła płock,BR,Raków Częstochowa,False,,,,,,,insufficient_data,Za mało danych (0/2 kolejek),,,0
1911,Maksym Czekała,lech poznań,POM,Cracovia,True,,,,,,,insufficient_data,Za mało danych (0/2 kolejek),,,0
1912,Mateusz Kowalski,jagiellonia białystok,NAP,Korona Kielce,True,,,,,,,insufficient_data,Za mało danych (0/2 kolejek),,,0
1913,Miłosz Żurawski,radomiak radom,NAP,Wieczysta Kraków,True,,,,,,,insufficient_data,Za mało danych (0/2 kolejek),,,0
1914,Karol Borys,śląsk wrocław,POM,Górnik Zabrze,False,,,,,,,insufficient_data,Za mało danych (0/2 kolejek),,,0
1918,Paweł Olkowski,górnik zabrze,OBR,Śląsk Wrocław,True,,,,,,,insufficient_data,Za mało danych (0/2 kolejek),,,0
1919,Wojciech Łaski,jagiellonia białystok,POM,Korona Kielce,True,,,,,,,insufficient_data,Za mało danych (0/2 kolejek),,,0
1920,Rui Filipe Nene,jagiellonia białystok,POM,Korona Kielce,True,,,,,,,insufficient_data,Za mało danych (0/2 kolejek),,,0
1921,Artur Rudko,lech poznań,BR,Cracovia,True,,,,,,,insufficient_data,Za mało danych (0/2 kolejek),,,0
1922,Dominik Piła,cracovia,OBR,Lech Poznań,False,,,,,,,insufficient_data,Za mało danych (0/2 kolejek),,,0
1923,Blaż Kramer,legia warszawa,NAP,Pogoń Szczecin,False,,,,,,,insufficient_data,Za mało danych (0/2 kolejek),,,0
1924,Michał Jerke,radomiak radom,BR,Wieczysta Kraków,True,,,,,,,insufficient_data,Za mało danych (0/2 kolejek),,,0
1925,Gabriel Kobylak,gks katowice,BR,Wisła Kraków,False,,,,,,,insufficient_data,Za mało danych (0/2 kolejek),,,0
1926,Roberto Alves,radomiak radom,POM,Wieczysta Kraków,True,,,,,,,insufficient_data,Za mało danych (0/2 kolejek),,,0
1928,Stratos Svarnas,raków częstochowa,OBR,Wisła Płock,True,,,,,,,insufficient_data,Za mało danych (0/2 kolejek),,,0
1930,John Yeboah,raków częstochowa,POM,Wisła Płock,True,,,,,,,insufficient_data,Za mało danych (0/2 kolejek),,,0
1931,Steve Kapuadi,widzew łódź,OBR,Motor Lublin,True,,,,,,,insufficient_data,Za mało danych (0/2 kolejek),,,0
1932,Martin Sulek,wisła płock,OBR,Raków Częstochowa,False,,,,,,,insufficient_data,Za mało danych (0/2 kolejek),,,0
1933,Antonio Álvarez,wisła płock,POM,Raków Częstochowa,False,,,,,,,insufficient_data,Za mało danych (0/2 kolejek),,,0
1935,Juljan Shehu,widzew łódź,POM,Motor Lublin,True,,,,,,,insufficient_data,Za mało danych (0/2 kolejek),,,0
1936,Hubert Szulc,korona kielce,NAP,Jagiellonia Białystok,False,,,,,,,insufficient_data,Za mało danych (0/2 kolejek),,,0
1940,Mattia Montini,widzew łódź,NAP,Motor Lublin,True,,,,,,,insufficient_data,Za mało danych (0/2 kolejek),,,0
1941,Bartosz Guzdek,widzew łódź,NAP,Motor Lublin,True,,,,,,,insufficient_data,Za mało danych (0/2 kolejek),,,0
1942,Filip Zawadzki,widzew łódź,POM,Motor Lublin,True,,,,,,,insufficient_data,Za mało danych (0/2 kolejek),,,0
1943,Kristoffer Hansen,jagiellonia białystok,POM,Korona Kielce,True,,,,,,,insufficient_data,Za mało danych (0/2 kolejek),,,0
1944,Marek Hanousek,widzew łódź,POM,Motor Lublin,True,,,,,,,insufficient_data,Za mało danych (0/2 kolejek),,,0
1945,Radosław Gołębiowski,widzew łódź,POM,Motor Lublin,True,,,,,,,insufficient_data,Za mało danych (0/2 kolejek),,,0
1946,Fabio Nunes,widzew łódź,POM,Motor Lublin,True,,,,,,,insufficient_data,Za mało danych (0/2 kolejek),,,0
1947,Martin Kreuzriegler,widzew łódź,OBR,Motor Lublin,True,,,,,,,insufficient_data,Za mało danych (0/2 kolejek),,,0
1948,Henrich Ravas,cracovia,BR,Lech Poznań,False,,,,,,,insufficient_data,Za mało danych (0/2 kolejek),,,0
1949,Wasyl Łytwynenko,widzew łódź,BR,Motor Lublin,True,,,,,,,insufficient_data,Za mało danych (0/2 kolejek),,,0
1950,Roberto Corral,korona kielce,OBR,Jagiellonia Białystok,False,,,,,,,insufficient_data,Za mało danych (0/2 kolejek),,,0
1951,Jacek Podgórski,korona kielce,POM,Jagiellonia Białystok,False,,,,,,,insufficient_data,Za mało danych (0/2 kolejek),,,0
1952,Filipe Oliveira,korona kielce,POM,Jagiellonia Białystok,False,,,,,,,insufficient_data,Za mało danych (0/2 kolejek),,,0
1953,Kyryło Petrow,korona kielce,OBR,Jagiellonia Białystok,False,,,,,,,insufficient_data,Za mało danych (0/2 kolejek),,,0
1954,Jewgienij Szykawka,korona kielce,NAP,Jagiellonia Białystok,False,,,,,,,insufficient_data,Za mało danych (0/2 kolejek),,,0
1955,Mario Zebić,korona kielce,OBR,Jagiellonia Białystok,False,,,,,,,insufficient_data,Za mało danych (0/2 kolejek),,,0
1964,Afonso Sousa,lech poznań,POM,Cracovia,True,,,,,,,insufficient_data,Za mało danych (0/2 kolejek),,,0
1968,Nemanja Mijuśković,wisła płock,OBR,Raków Częstochowa,False,,,,,,,insufficient_data,Za mało danych (0/2 kolejek),,,0
1970,Maxime Dominguez,cracovia,POM,Lech Poznań,False,,,,,,,insufficient_data,Za mało danych (0/2 kolejek),,,0
1971,Benjamin Källman,cracovia,NAP,Lech Poznań,False,,,,,,,insufficient_data,Za mało danych (0/2 kolejek),,,0
1972,Adrian Sandach,korona kielce,BR,Jagiellonia Białystok,False,,,,,,,insufficient_data,Za mało danych (0/2 kolejek),,,0
1974,Artur Amroziński,korona kielce,NAP,Jagiellonia Białystok,False,,,,,,,insufficient_data,Za mało danych (0/2 kolejek),,,0
1981,Jakub Niedbała,piast gliwice,POM,Zagłębie Lubin,False,,,,,,,insufficient_data,Za mało danych (0/2 kolejek),,,0
1982,Jakub Lis,pogoń szczecin,OBR,Legia Warszawa,True,,,,,,,insufficient_data,Za mało danych (0/2 kolejek),,,0
1983,Jakub Ojrzyński,radomiak radom,BR,Wieczysta Kraków,True,,,,,,,insufficient_data,Za mało danych (0/2 kolejek),,,0
1984,Aleksander Gajgier,radomiak radom,OBR,Wieczysta Kraków,True,,,,,,,insufficient_data,Za mało danych (0/2 kolejek),,,0
1985,Mateusz Ludwikowski,widzew łódź,BR,Motor Lublin,True,,,,,,,insufficient_data,Za mało danych (0/2 kolejek),,,0
1986,Michał Grudniewski,widzew łódź,OBR,Motor Lublin,True,,,,,,,insufficient_data,Za mało danych (0/2 kolejek),,,0
1987,Jordi Sánchez,wisła kraków,NAP,GKS Katowice,True,,,,,,,insufficient_data,Za mało danych (0/2 kolejek),,,0
1989,Kevin Broll,górnik zabrze,BR,Śląsk Wrocław,True,,,,,,,insufficient_data,Za mało danych (0/2 kolejek),,,0
1990,Fabian Hiszpański,wisła płock,POM,Raków Częstochowa,False,,,,,,,insufficient_data,Za mało danych (0/2 kolejek),,,0
1991,Pontus Almqvist,pogoń szczecin,NAP,Legia Warszawa,True,,,,,,,insufficient_data,Za mało danych (0/2 kolejek),,,0
1993,Dalibor Takáč,korona kielce,POM,Jagiellonia Białystok,False,,,,,,,insufficient_data,Za mało danych (0/2 kolejek),,,0
1994,Miłosz Strzeboński,korona kielce,POM,Jagiellonia Białystok,False,,,,,,,insufficient_data,Za mało danych (0/2 kolejek),,,0
1995,Janusz Nojszewski,korona kielce,POM,Jagiellonia Białystok,False,,,,,,,insufficient_data,Za mało danych (0/2 kolejek),,,0
1996,Kacper Bojańczyk,korona kielce,POM,Jagiellonia Białystok,False,,,,,,,insufficient_data,Za mało danych (0/2 kolejek),,,0
1997,Szymon Majewski,korona kielce,POM,Jagiellonia Białystok,False,,,,,,,insufficient_data,Za mało danych (0/2 kolejek),,,0
1998,Olaf Kobacki,wisła płock,POM,Raków Częstochowa,False,,,,,,,insufficient_data,Za mało danych (0/2 kolejek),,,0
1999,Jonatan Kotzke,górnik zabrze,OBR,Śląsk Wrocław,True,,,,,,,insufficient_data,Za mało danych (0/2 kolejek),,,0
2000,Lisandro Semedo,wieczysta kraków,POM,Radomiak Radom,False,,,,,,,insufficient_data,Za mało danych (0/2 kolejek),,,0
2001,Nahuel Leiva,jagiellonia białystok,POM,Korona Kielce,True,,,,,,,insufficient_data,Za mało danych (0/2 kolejek),,,0
2002,Léo Borges,pogoń szczecin,OBR,Legia Warszawa,True,,,,,,,insufficient_data,Za mało danych (0/2 kolejek),,,0
2003,Pedro Justiniano,radomiak radom,OBR,Wieczysta Kraków,True,,,,,,,insufficient_data,Za mało danych (0/2 kolejek),,,0
2004,Dawid Owczarek,widzew łódź,OBR,Motor Lublin,True,,,,,,,insufficient_data,Za mało danych (0/2 kolejek),,,0
2005,Mateusz Letkiewicz,wisła kraków,OBR,GKS Katowice,True,,,,,,,insufficient_data,Za mało danych (0/2 kolejek),,,0
2007,Michał Matys,zagłębie lubin,BR,Piast Gliwice,True,,,,,,,insufficient_data,Za mało danych (0/2 kolejek),,,0
2008,Kacper Terlecki,zagłębie lubin,POM,Piast Gliwice,True,,,,,,,insufficient_data,Za mało danych (0/2 kolejek),,,0
2009,Takuto Oshima,cracovia,POM,Lech Poznań,False,,,,,,,insufficient_data,Za mało danych (0/2 kolejek),,,0
2010,Saïd Hamulic,wisła płock,NAP,Raków Częstochowa,False,,,,,,,insufficient_data,Za mało danych (0/2 kolejek),,,0
2014,Kacper Jodłowski,cracovia,POM,Lech Poznań,False,,,,,,,insufficient_data,Za mało danych (0/2 kolejek),,,0
2015,Milan Kvocera,wisła płock,NAP,Raków Częstochowa,False,,,,,,,insufficient_data,Za mało danych (0/2 kolejek),,,0
2016,Jakub Lewicki,piast gliwice,OBR,Zagłębie Lubin,False,,,,,,,insufficient_data,Za mało danych (0/2 kolejek),,,0
2017,Bartosz Bernatowicz,jagiellonia białystok,POM,Korona Kielce,True,,,,,,,insufficient_data,Za mało danych (0/2 kolejek),,,0
2018,Albert Posiadała,radomiak radom,BR,Wieczysta Kraków,True,,,,,,,insufficient_data,Za mało danych (0/2 kolejek),,,0
2019,Oskar Lodziński,wisła płock,BR,Raków Częstochowa,False,,,,,,,insufficient_data,Za mało danych (0/2 kolejek),,,0
2020,Guram Giorbelidze,zagłębie lubin,OBR,Piast Gliwice,True,,,,,,,insufficient_data,Za mało danych (0/2 kolejek),,,0
2025,Richard Jensen,górnik zabrze,OBR,Śląsk Wrocław,True,,,,,,,insufficient_data,Za mało danych (0/2 kolejek),,,0
2026,Filip Dagerstal,lech poznań,OBR,Cracovia,True,,,,,,,insufficient_data,Za mało danych (0/2 kolejek),,,0
2027,Ronaldo Deaconu,korona kielce,POM,Jagiellonia Białystok,False,,,,,,,insufficient_data,Za mało danych (0/2 kolejek),,,0
2028,Krzysztof Kolanko,zagłębie lubin,POM,Piast Gliwice,True,,,,,,,insufficient_data,Za mało danych (0/2 kolejek),,,0
2030,Gustav Berggren,raków częstochowa,POM,Wisła Płock,True,,,,,,,insufficient_data,Za mało danych (0/2 kolejek),,,0
2031,Karol Drażdżewski,lech poznań,BR,Cracovia,True,,,,,,,insufficient_data,Za mało danych (0/2 kolejek),,,0
2032,Oskar Leśniak,piast gliwice,POM,Zagłębie Lubin,False,,,,,,,insufficient_data,Za mało danych (0/2 kolejek),,,0
2036,Jakub Rajczykowski,raków częstochowa,BR,Wisła Płock,True,,,,,,,insufficient_data,Za mało danych (0/2 kolejek),,,0
2037,Robin Kamber,górnik zabrze,POM,Śląsk Wrocław,True,,,,,,,insufficient_data,Za mało danych (0/2 kolejek),,,0
2038,Patryk Olejnik,lech poznań,OBR,Cracovia,True,,,,,,,insufficient_data,Za mało danych (0/2 kolejek),,,0
2039,Oskar Mielcarz,śląsk wrocław,BR,Górnik Zabrze,False,,,,,,,insufficient_data,Za mało danych (0/2 kolejek),,,0
2040,Michał Stachera,cracovia,OBR,Lech Poznań,False,,,,,,,insufficient_data,Za mało danych (0/2 kolejek),,,0
2042,Matos Miloš,widzew łódź,OBR,Motor Lublin,True,,,,,,,insufficient_data,Za mało danych (0/2 kolejek),,,0
2043,Amadej Maroša,górnik zabrze,NAP,Śląsk Wrocław,True,,,,,,,insufficient_data,Za mało danych (0/2 kolejek),,,0
2045,Kanji Okunuki,górnik zabrze,POM,Śląsk Wrocław,True,,,,,,,insufficient_data,Za mało danych (0/2 kolejek),,,0
2046,Dawid Drachal,jagiellonia białystok,POM,Korona Kielce,True,,,,,,,insufficient_data,Za mało danych (0/2 kolejek),,,0
2048,Miroslav Gono,wisła płock,POM,Raków Częstochowa,False,,,,,,,insufficient_data,Za mało danych (0/2 kolejek),,,0
2049,Ignacy Dawid,widzew łódź,POM,Motor Lublin,True,,,,,,,insufficient_data,Za mało danych (0/2 kolejek),,,0
2050,Blaž Vrhovec,górnik zabrze,POM,Śląsk Wrocław,True,,,,,,,insufficient_data,Za mało danych (0/2 kolejek),,,0
2051,Adam Dębiński,widzew łódź,POM,Motor Lublin,True,,,,,,,insufficient_data,Za mało danych (0/2 kolejek),,,0
2052,Rafał Mamla,korona kielce,BR,Jagiellonia Białystok,False,,,,,,,insufficient_data,Za mało danych (0/2 kolejek),,,0
2053,Sebastian Madejski,cracovia,BR,Lech Poznań,False,,,,,,,insufficient_data,Za mało danych (0/2 kolejek),,,0
2054,Tomasz Kupisz,jagiellonia białystok,POM,Korona Kielce,True,,,,,,,insufficient_data,Za mało danych (0/2 kolejek),,,0
2055,Damian Wojdakowski,jagiellonia białystok,POM,Korona Kielce,True,,,,,,,insufficient_data,Za mało danych (0/2 kolejek),,,0
2056,Mateusz Kempski,widzew łódź,NAP,Motor Lublin,True,,,,,,,insufficient_data,Za mało danych (0/2 kolejek),,,0
2057,Józef Kolasa,radomiak radom,POM,Wieczysta Kraków,True,,,,,,,insufficient_data,Za mało danych (0/2 kolejek),,,0
2058,Filip Kocaba,zagłębie lubin,POM,Piast Gliwice,True,,,,,,,insufficient_data,Za mało danych (0/2 kolejek),,,0
2059,Jakub Kolan,zagłębie lubin,POM,Piast Gliwice,True,,,,,,,insufficient_data,Za mało danych (0/2 kolejek),,,0
2061,Mateusz Stawny,śląsk wrocław,OBR,Górnik Zabrze,False,,,,,,,insufficient_data,Za mało danych (0/2 kolejek),,,0
2062,Dawid Więckowski,korona kielce,OBR,Jagiellonia Białystok,False,,,,,,,insufficient_data,Za mało danych (0/2 kolejek),,,0
2063,Piotr Liszewski,piast gliwice,OBR,Zagłębie Lubin,False,,,,,,,insufficient_data,Za mało danych (0/2 kolejek),,,0
2066,David González Plata,korona kielce,POM,Jagiellonia Białystok,False,,,,,,,insufficient_data,Za mało danych (0/2 kolejek),,,0
2069,Szczepan Mucha,piast gliwice,POM,Zagłębie Lubin,False,,,,,,,insufficient_data,Za mało danych (0/2 kolejek),,,0
2070,Bartłomiej Jelonek,piast gliwice,BR,Zagłębie Lubin,False,,,,,,,insufficient_data,Za mało danych (0/2 kolejek),,,0
2071,Leonárdo Koútris,pogoń szczecin,OBR,Legia Warszawa,True,,,,,,,insufficient_data,Za mało danych (0/2 kolejek),,,0
2072,Hubert Sadowski,pogoń szczecin,OBR,Legia Warszawa,True,,,,,,,insufficient_data,Za mało danych (0/2 kolejek),,,0
2073,Linus Wahlqvist,pogoń szczecin,OBR,Legia Warszawa,True,,,,,,,insufficient_data,Za mało danych (0/2 kolejek),,,0
2074,Maciej Kowal,pogoń szczecin,BR,Legia Warszawa,True,,,,,,,insufficient_data,Za mało danych (0/2 kolejek),,,0
2075,Berto Cayarga,radomiak radom,POM,Wieczysta Kraków,True,,,,,,,insufficient_data,Za mało danych (0/2 kolejek),,,0
2076,Jean Franco Sarmiento,radomiak radom,NAP,Wieczysta Kraków,True,,,,,,,insufficient_data,Za mało danych (0/2 kolejek),,,0
2077,Andrejs Cigaņiks,widzew łódź,OBR,Motor Lublin,True,,,,,,,insufficient_data,Za mało danych (0/2 kolejek),,,0
2078,Paweł Chrupałła,wisła płock,POM,Raków Częstochowa,False,,,,,,,insufficient_data,Za mało danych (0/2 kolejek),,,0
2080,Francisco Ramos,radomiak radom,POM,Wieczysta Kraków,True,,,,,,,insufficient_data,Za mało danych (0/2 kolejek),,,0
2081,Mike Cestor,radomiak radom,OBR,Wieczysta Kraków,True,,,,,,,insufficient_data,Za mało danych (0/2 kolejek),,,0
2082,Leonardo Rocha,raków częstochowa,NAP,Wisła Płock,True,,,,,,,insufficient_data,Za mało danych (0/2 kolejek),,,0
2084,Bartosz Neugebauer,górnik zabrze,BR,Śląsk Wrocław,True,,,,,,,insufficient_data,Za mało danych (0/2 kolejek),,,0
2085,Marcus Godinho,korona kielce,OBR,Jagiellonia Białystok,False,,,,,,,insufficient_data,Za mało danych (0/2 kolejek),,,0
2087,Arttu Hoskonen,cracovia,OBR,Lech Poznań,False,,,,,,,insufficient_data,Za mało danych (0/2 kolejek),,,0
2088,Jani Atanasov,cracovia,POM,Lech Poznań,False,,,,,,,insufficient_data,Za mało danych (0/2 kolejek),,,0
2089,Mateusz Bochnak,cracovia,POM,Lech Poznań,False,,,,,,,insufficient_data,Za mało danych (0/2 kolejek),,,0
2090,Chrístos Dónis,radomiak radom,POM,Wieczysta Kraków,True,,,,,,,insufficient_data,Za mało danych (0/2 kolejek),,,0
2091,Jakub Pochcioł,górnik zabrze,POM,Śląsk Wrocław,True,,,,,,,insufficient_data,Za mało danych (0/2 kolejek),,,0
2092,Adrian Przyborek,pogoń szczecin,POM,Legia Warszawa,True,,,,,,,insufficient_data,Za mało danych (0/2 kolejek),,,0
2093,Jakub Jędrasik,legia warszawa,POM,Pogoń Szczecin,False,,,,,,,insufficient_data,Za mało danych (0/2 kolejek),,,0
2094,Filip Rejczyk,gks katowice,POM,Wisła Kraków,False,,,,,,,insufficient_data,Za mało danych (0/2 kolejek),,,0
2095,Jan Ziółkowski,legia warszawa,OBR,Pogoń Szczecin,False,,,,,,,insufficient_data,Za mało danych (0/2 kolejek),,,0
2096,Kacper Śmiglewski,cracovia,NAP,Lech Poznań,False,,,,,,,insufficient_data,Za mało danych (0/2 kolejek),,,0
2097,Marius Briceag,korona kielce,OBR,Jagiellonia Białystok,False,,,,,,,insufficient_data,Za mało danych (0/2 kolejek),,,0
2098,Olivier Sukiennicki,wisła kraków,POM,GKS Katowice,True,,,,,,,insufficient_data,Za mało danych (0/2 kolejek),,,0
2100,Dušan Stojinović,jagiellonia białystok,OBR,Korona Kielce,True,,,,,,,insufficient_data,Za mało danych (0/2 kolejek),,,0
2101,Sokrátis Dioúdis,zagłębie lubin,BR,Piast Gliwice,True,,,,,,,insufficient_data,Za mało danych (0/2 kolejek),,,0
2102,Kacper Capiga,górnik zabrze,OBR,Śląsk Wrocław,True,,,,,,,insufficient_data,Za mało danych (0/2 kolejek),,,0
2103,Kamil Soberka,górnik zabrze,BR,Śląsk Wrocław,True,,,,,,,insufficient_data,Za mało danych (0/2 kolejek),,,0
2104,Michal Sáček,górnik zabrze,OBR,Śląsk Wrocław,True,,,,,,,insufficient_data,Za mało danych (0/2 kolejek),,,0
2106,Daisuke Yokota,górnik zabrze,POM,Śląsk Wrocław,True,,,,,,,insufficient_data,Za mało danych (0/2 kolejek),,,0
2107,Danijel Lončar,pogoń szczecin,OBR,Legia Warszawa,True,,,,,,,insufficient_data,Za mało danych (0/2 kolejek),,,0
2108,Patryk Szwedzik,śląsk wrocław,NAP,Górnik Zabrze,False,,,,,,,insufficient_data,Za mało danych (0/2 kolejek),,,0
2111,Wojciech Mazurowski,wisła płock,OBR,Raków Częstochowa,False,,,,,,,insufficient_data,Za mało danych (0/2 kolejek),,,0
2112,Jakub Konstantyn,korona kielce,POM,Jagiellonia Białystok,False,,,,,,,insufficient_data,Za mało danych (0/2 kolejek),,,0
2114,Jakub Burek,wisła płock,BR,Raków Częstochowa,False,,,,,,,insufficient_data,Za mało danych (0/2 kolejek),,,0
2115,Anthony van den Hurk,górnik zabrze,NAP,Śląsk Wrocław,True,,,,,,,insufficient_data,Za mało danych (0/2 kolejek),,,0
2117,Mateusz Malec,jagiellonia białystok,POM,Korona Kielce,True,,,,,,,insufficient_data,Za mało danych (0/2 kolejek),,,0
2119,Łukasz Gerstenstein,śląsk wrocław,OBR,Górnik Zabrze,False,,,,,,,insufficient_data,Za mało danych (0/2 kolejek),,,0
2120,Martin Hašek,wisła płock,POM,Raków Częstochowa,False,,,,,,,insufficient_data,Za mało danych (0/2 kolejek),,,0
2121,Jakub Trojanowski,legia warszawa,BR,Pogoń Szczecin,False,,,,,,,insufficient_data,Za mało danych (0/2 kolejek),,,0
2123,Michał Gurgul,lech poznań,OBR,Cracovia,True,,,,,,,insufficient_data,Za mało danych (0/2 kolejek),,,0
2124,Hubert Muszyński,śląsk wrocław,OBR,Górnik Zabrze,False,,,,,,,insufficient_data,Za mało danych (0/2 kolejek),,,0
2125,Gleb Kuczko,wisła płock,POM,Raków Częstochowa,False,,,,,,,insufficient_data,Za mało danych (0/2 kolejek),,,0
2127,Dawid Bałydga,śląsk wrocław,NAP,Górnik Zabrze,False,,,,,,,insufficient_data,Za mało danych (0/2 kolejek),,,0
2128,Robert Pisarczuk,śląsk wrocław,OBR,Górnik Zabrze,False,,,,,,,insufficient_data,Za mało danych (0/2 kolejek),,,0
2133,Tobiasz Kubik,raków częstochowa,POM,Wisła Płock,True,,,,,,,insufficient_data,Za mało danych (0/2 kolejek),,,0
2134,Bartosz Tomaszewski,lech poznań,OBR,Cracovia,True,,,,,,,insufficient_data,Za mało danych (0/2 kolejek),,,0
2160,Roman Jakuba,zagłębie lubin,OBR,Piast Gliwice,True,,,,,,,insufficient_data,Za mało danych (0/2 kolejek),,,0
2163,Marcel Pięczek,korona kielce,OBR,Jagiellonia Białystok,False,,,,,,,insufficient_data,Za mało danych (0/2 kolejek),,,0
2176,Mateusz Kowalczyk,gks katowice,POM,Wisła Kraków,False,,,,,,,insufficient_data,Za mało danych (0/2 kolejek),,,0
2189,Adrián Diéguez,radomiak radom,OBR,Wieczysta Kraków,True,,,,,,,insufficient_data,Za mało danych (0/2 kolejek),,,0
2190,Dominik Marczuk,jagiellonia białystok,POM,Korona Kielce,True,,,,,,,insufficient_data,Za mało danych (0/2 kolejek),,,0
2191,Radovan Pankov,legia warszawa,OBR,Pogoń Szczecin,False,,,,,,,insufficient_data,Za mało danych (0/2 kolejek),,,0
2192,João Gamboa,pogoń szczecin,POM,Legia Warszawa,True,,,,,,,insufficient_data,Za mało danych (0/2 kolejek),,,0
2193,Edi Semedo,jagiellonia białystok,NAP,Korona Kielce,True,,,,,,,insufficient_data,Za mało danych (0/2 kolejek),,,0
2194,Pedro Henrique,radomiak radom,NAP,Wieczysta Kraków,True,,,,,,,insufficient_data,Za mało danych (0/2 kolejek),,,0
2198,Jan Krzywański,widzew łódź,BR,Motor Lublin,True,,,,,,,insufficient_data,Za mało danych (0/2 kolejek),,,0
2199,Luís Silva,widzew łódź,OBR,Motor Lublin,True,,,,,,,insufficient_data,Za mało danych (0/2 kolejek),,,0
2200,Marek Mróz,zagłębie lubin,POM,Piast Gliwice,True,,,,,,,insufficient_data,Za mało danych (0/2 kolejek),,,0
2202,Damian Urban,cracovia,OBR,Lech Poznań,False,,,,,,,insufficient_data,Za mało danych (0/2 kolejek),,,0
2203,Lawrence Ennali,górnik zabrze,POM,Śląsk Wrocław,True,,,,,,,insufficient_data,Za mało danych (0/2 kolejek),,,0
2204,José Naranjo,jagiellonia białystok,POM,Korona Kielce,True,,,,,,,insufficient_data,Za mało danych (0/2 kolejek),,,0
2205,Afimico Pululu,jagiellonia białystok,NAP,Korona Kielce,True,,,,,,,insufficient_data,Za mało danych (0/2 kolejek),,,0
2206,Adrián Dalmau,piast gliwice,NAP,Zagłębie Lubin,False,,,,,,,insufficient_data,Za mało danych (0/2 kolejek),,,0
2207,Szymon Gałązka,korona kielce,POM,Jagiellonia Białystok,False,,,,,,,insufficient_data,Za mało danych (0/2 kolejek),,,0
2208,Martin Remacle,korona kielce,POM,Jagiellonia Białystok,False,,,,,,,insufficient_data,Za mało danych (0/2 kolejek),,,0
2209,Elias Andersson,lech poznań,OBR,Cracovia,True,,,,,,,insufficient_data,Za mało danych (0/2 kolejek),,,0
2210,Miha Blažič,lech poznań,OBR,Cracovia,True,,,,,,,insufficient_data,Za mało danych (0/2 kolejek),,,0
2211,Juergen Elitim,legia warszawa,POM,Pogoń Szczecin,False,,,,,,,insufficient_data,Za mało danych (0/2 kolejek),,,0
2214,Efthýmios Kouloúris,pogoń szczecin,NAP,Legia Warszawa,True,,,,,,,insufficient_data,Za mało danych (0/2 kolejek),,,0
2215,Hélder Sá,radomiak radom,OBR,Wieczysta Kraków,True,,,,,,,insufficient_data,Za mało danych (0/2 kolejek),,,0
2216,Antónis Tsiftsís,raków częstochowa,BR,Wisła Płock,True,,,,,,,insufficient_data,Za mało danych (0/2 kolejek),,,0
2217,Dawid Barnowski,wisła płock,POM,Raków Częstochowa,False,,,,,,,insufficient_data,Za mało danych (0/2 kolejek),,,0
2222,Aleks Petkow,śląsk wrocław,OBR,Górnik Zabrze,False,,,,,,,insufficient_data,Za mało danych (0/2 kolejek),,,0
2225,Fran Álvarez,widzew łódź,POM,Motor Lublin,True,,,,,,,insufficient_data,Za mało danych (0/2 kolejek),,,0
2226,Kamil Cybulski,widzew łódź,POM,Motor Lublin,True,,,,,,,insufficient_data,Za mało danych (0/2 kolejek),,,0
2227,Hubert Lenart,widzew łódź,OBR,Motor Lublin,True,,,,,,,insufficient_data,Za mało danych (0/2 kolejek),,,0
2228,Filip Przybułek,widzew łódź,POM,Motor Lublin,True,,,,,,,insufficient_data,Za mało danych (0/2 kolejek),,,0
2230,Juan Muñoz,zagłębie lubin,NAP,Piast Gliwice,True,,,,,,,insufficient_data,Za mało danych (0/2 kolejek),,,0
2231,Marcel Bykowski,piast gliwice,POM,Zagłębie Lubin,False,,,,,,,insufficient_data,Za mało danych (0/2 kolejek),,,0
2232,Jakub Szymański,widzew łódź,BR,Motor Lublin,True,,,,,,,insufficient_data,Za mało danych (0/2 kolejek),,,0
2233,Kenneth Zohorè,śląsk wrocław,NAP,Górnik Zabrze,False,,,,,,,insufficient_data,Za mało danych (0/2 kolejek),,,0
2235,Filip Karbowy,piast gliwice,POM,Zagłębie Lubin,False,,,,,,,insufficient_data,Za mało danych (0/2 kolejek),,,0
2236,Axel Holewiński,pogoń szczecin,BR,Legia Warszawa,True,,,,,,,insufficient_data,Za mało danych (0/2 kolejek),,,0
2237,Olaf Korczakowski,pogoń szczecin,POM,Legia Warszawa,True,,,,,,,insufficient_data,Za mało danych (0/2 kolejek),,,0
2238,Dino Hotic,lech poznań,POM,Cracovia,True,,,,,,,insufficient_data,Za mało danych (0/2 kolejek),,,0
2239,Igor Orlikowski,zagłębie lubin,OBR,Piast Gliwice,True,,,,,,,insufficient_data,Za mało danych (0/2 kolejek),,,0
2240,Michał Niedbała,korona kielce,BR,Jagiellonia Białystok,False,,,,,,,insufficient_data,Za mało danych (0/2 kolejek),,,0
2242,Imad Rondić,raków częstochowa,NAP,Wisła Płock,True,,,,,,,insufficient_data,Za mało danych (0/2 kolejek),,,0
2244,Burak İnce,śląsk wrocław,POM,Górnik Zabrze,False,,,,,,,insufficient_data,Za mało danych (0/2 kolejek),,,0
2250,Dawid Rychta,piast gliwice,BR,Zagłębie Lubin,False,,,,,,,insufficient_data,Za mało danych (0/2 kolejek),,,0
2251,Alan Rybak,jagiellonia białystok,NAP,Korona Kielce,True,,,,,,,insufficient_data,Za mało danych (0/2 kolejek),,,0
2252,Jordan Majchrzak,legia warszawa,NAP,Pogoń Szczecin,False,,,,,,,insufficient_data,Za mało danych (0/2 kolejek),,,0
2253,Sonny Kittel,raków częstochowa,POM,Wisła Płock,True,,,,,,,insufficient_data,Za mało danych (0/2 kolejek),,,0
2254,Piotr Urbański,piast gliwice,NAP,Zagłębie Lubin,False,,,,,,,insufficient_data,Za mało danych (0/2 kolejek),,,0
2255,Aleksander Nadolski,lech poznań,POM,Cracovia,True,,,,,,,insufficient_data,Za mało danych (0/2 kolejek),,,0
2256,Mikołaj Molendowski,radomiak radom,POM,Wieczysta Kraków,True,,,,,,,insufficient_data,Za mało danych (0/2 kolejek),,,0
2259,Mateusz Chmarek,górnik zabrze,NAP,Śląsk Wrocław,True,,,,,,,insufficient_data,Za mało danych (0/2 kolejek),,,0
2260,Maksymilian Gandziarowski,górnik zabrze,OBR,Śląsk Wrocław,True,,,,,,,insufficient_data,Za mało danych (0/2 kolejek),,,0
2261,Dominik Szala,śląsk wrocław,OBR,Górnik Zabrze,False,,,,,,,insufficient_data,Za mało danych (0/2 kolejek),,,0
2262,Filip Rózga,cracovia,POM,Lech Poznań,False,,,,,,,insufficient_data,Za mało danych (0/2 kolejek),,,0
2263,Kacper Kucharczyk,korona kielce,POM,Jagiellonia Białystok,False,,,,,,,insufficient_data,Za mało danych (0/2 kolejek),,,0
2264,Krzysztof Kurowski,śląsk wrocław,OBR,Górnik Zabrze,False,,,,,,,insufficient_data,Za mało danych (0/2 kolejek),,,0
2265,Stanisław Szczyrek,śląsk wrocław,OBR,Górnik Zabrze,False,,,,,,,insufficient_data,Za mało danych (0/2 kolejek),,,0
2266,Aleksander Wołczek,śląsk wrocław,POM,Górnik Zabrze,False,,,,,,,insufficient_data,Za mało danych (0/2 kolejek),,,0
2267,Miłosz Kurowski,śląsk wrocław,POM,Górnik Zabrze,False,,,,,,,insufficient_data,Za mało danych (0/2 kolejek),,,0
2268,Yoav Hofmeister,korona kielce,POM,Jagiellonia Białystok,False,,,,,,,insufficient_data,Za mało danych (0/2 kolejek),,,0
2269,Srđan Plavšić,raków częstochowa,OBR,Wisła Płock,True,,,,,,,insufficient_data,Za mało danych (0/2 kolejek),,,0
2271,Cameron Borthwick-Jackson,śląsk wrocław,OBR,Górnik Zabrze,False,,,,,,,insufficient_data,Za mało danych (0/2 kolejek),,,0
2272,Mateusz Górski,śląsk wrocław,BR,Górnik Zabrze,False,,,,,,,insufficient_data,Za mało danych (0/2 kolejek),,,0
2273,Peter Pokorný,śląsk wrocław,POM,Górnik Zabrze,False,,,,,,,insufficient_data,Za mało danych (0/2 kolejek),,,0
2274,Bartłomiej Kolec,cracovia,POM,Lech Poznań,False,,,,,,,insufficient_data,Za mało danych (0/2 kolejek),,,0
2275,Adrián Kaprálik,górnik zabrze,POM,Śląsk Wrocław,True,,,,,,,insufficient_data,Za mało danych (0/2 kolejek),,,0
2276,Franciszek Dziewicki,cracovia,OBR,Lech Poznań,False,,,,,,,insufficient_data,Za mało danych (0/2 kolejek),,,0
2280,Fredrik Ulvestad,pogoń szczecin,POM,Legia Warszawa,True,,,,,,,insufficient_data,Za mało danych (0/2 kolejek),,,0
2281,Sebastian Kerk,zagłębie lubin,POM,Piast Gliwice,True,,,,,,,insufficient_data,Za mało danych (0/2 kolejek),,,0
2282,Andreas Skovgaard,cracovia,OBR,Lech Poznań,False,,,,,,,insufficient_data,Za mało danych (0/2 kolejek),,,0
2283,Kamil Glik,cracovia,OBR,Lech Poznań,False,,,,,,,insufficient_data,Za mało danych (0/2 kolejek),,,0
2285,Ante Crnac,raków częstochowa,NAP,Wisła Płock,True,,,,,,,insufficient_data,Za mało danych (0/2 kolejek),,,0
2286,Valentin Cojocaru,pogoń szczecin,BR,Legia Warszawa,True,,,,,,,insufficient_data,Za mało danych (0/2 kolejek),,,0
2287,Oliwier Zych,raków częstochowa,BR,Wisła Płock,True,,,,,,,insufficient_data,Za mało danych (0/2 kolejek),,,0
2288,Gil Dias,legia warszawa,POM,Pogoń Szczecin,False,,,,,,,insufficient_data,Za mało danych (0/2 kolejek),,,0
2289,Juan Fernández Blanco,widzew łódź,OBR,Motor Lublin,True,,,,,,,insufficient_data,Za mało danych (0/2 kolejek),,,0
2290,Marco Burch,legia warszawa,OBR,Pogoń Szczecin,False,,,,,,,insufficient_data,Za mało danych (0/2 kolejek),,,0
2291,Szymon Doba,cracovia,NAP,Lech Poznań,False,,,,,,,insufficient_data,Za mało danych (0/2 kolejek),,,0
2292,Bartłomiej Barański,lech poznań,POM,Cracovia,True,,,,,,,insufficient_data,Za mało danych (0/2 kolejek),,,0
2293,Radosław Turek,korona kielce,OBR,Jagiellonia Białystok,False,,,,,,,insufficient_data,Za mało danych (0/2 kolejek),,,0
2295,Daniel Bąk,korona kielce,NAP,Jagiellonia Białystok,False,,,,,,,insufficient_data,Za mało danych (0/2 kolejek),,,0
2297,Vinícius Matheus,jagiellonia białystok,NAP,Korona Kielce,True,,,,,,,insufficient_data,Za mało danych (0/2 kolejek),,,0
2299,Norbert Barczak,korona kielce,OBR,Jagiellonia Białystok,False,,,,,,,insufficient_data,Za mało danych (0/2 kolejek),,,0
2300,Wiktor Koptas,radomiak radom,BR,Wieczysta Kraków,True,,,,,,,insufficient_data,Za mało danych (0/2 kolejek),,,0
2302,Adam Chojecki,korona kielce,POM,Jagiellonia Białystok,False,,,,,,,insufficient_data,Za mało danych (0/2 kolejek),,,0
2303,Michał Wróblewski,śląsk wrocław,OBR,Górnik Zabrze,False,,,,,,,insufficient_data,Za mało danych (0/2 kolejek),,,0
2304,Bartosz Głogowski,śląsk wrocław,BR,Górnik Zabrze,False,,,,,,,insufficient_data,Za mało danych (0/2 kolejek),,,0
2305,Patryk Malamis,raków częstochowa,POM,Wisła Płock,True,,,,,,,insufficient_data,Za mało danych (0/2 kolejek),,,0
2306,Tobiasz Mras,wieczysta kraków,POM,Radomiak Radom,False,,,,,,,insufficient_data,Za mało danych (0/2 kolejek),,,0
2307,Jetmir Haliti,jagiellonia białystok,OBR,Korona Kielce,True,,,,,,,insufficient_data,Za mało danych (0/2 kolejek),,,0
2310,Muhamed Šahinović,raków częstochowa,BR,Wisła Płock,True,,,,,,,insufficient_data,Za mało danych (0/2 kolejek),,,0
2311,Paweł Kwiatkowski,widzew łódź,OBR,Motor Lublin,True,,,,,,,insufficient_data,Za mało danych (0/2 kolejek),,,0
2312,Patryk Paryzek,pogoń szczecin,NAP,Legia Warszawa,True,,,,,,,insufficient_data,Za mało danych (0/2 kolejek),,,0
2313,Maksymilian Dziuba,lech poznań,POM,Cracovia,True,,,,,,,insufficient_data,Za mało danych (0/2 kolejek),,,0
2314,Kaan Caliskaner,motor lublin,POM,Widzew Łódź,False,,,,,,,insufficient_data,Za mało danych (0/2 kolejek),,,0
2315,Danny Trejo,korona kielce,POM,Jagiellonia Białystok,False,,,,,,,insufficient_data,Za mało danych (0/2 kolejek),,,0
2316,Mateusz Pruchniewski,lech poznań,BR,Cracovia,True,,,,,,,insufficient_data,Za mało danych (0/2 kolejek),,,0
2317,Ryōya Morishita,legia warszawa,POM,Pogoń Szczecin,False,,,,,,,insufficient_data,Za mało danych (0/2 kolejek),,,0
2321,Rahil Mammadov,radomiak radom,OBR,Wieczysta Kraków,True,,,,,,,insufficient_data,Za mało danych (0/2 kolejek),,,0
2323,Vágner Dias,radomiak radom,POM,Wieczysta Kraków,True,,,,,,,insufficient_data,Za mało danych (0/2 kolejek),,,0
2324,Baráth Baráth,raków częstochowa,POM,Wisła Płock,True,,,,,,,insufficient_data,Za mało danych (0/2 kolejek),,,0
2325,Erick Otieno,raków częstochowa,OBR,Wisła Płock,True,,,,,,,insufficient_data,Za mało danych (0/2 kolejek),,,0
2329,Alen Mustafić,śląsk wrocław,POM,Górnik Zabrze,False,,,,,,,insufficient_data,Za mało danych (0/2 kolejek),,,0
2330,Lewuis Peña,śląsk wrocław,POM,Górnik Zabrze,False,,,,,,,insufficient_data,Za mało danych (0/2 kolejek),,,0
2331,Simeon Petrow,śląsk wrocław,OBR,Górnik Zabrze,False,,,,,,,insufficient_data,Za mało danych (0/2 kolejek),,,0
2332,Mikołaj Tudruj,śląsk wrocław,OBR,Górnik Zabrze,False,,,,,,,insufficient_data,Za mało danych (0/2 kolejek),,,0
2333,Ivan Krajčírik,widzew łódź,BR,Motor Lublin,True,,,,,,,insufficient_data,Za mało danych (0/2 kolejek),,,0
2334,Noah Diliberto,widzew łódź,POM,Motor Lublin,True,,,,,,,insufficient_data,Za mało danych (0/2 kolejek),,,0
2335,Lirim Kastrati,widzew łódź,OBR,Motor Lublin,True,,,,,,,insufficient_data,Za mało danych (0/2 kolejek),,,0
2336,Sōichirō Kōzuki,górnik zabrze,POM,Śląsk Wrocław,True,,,,,,,insufficient_data,Za mało danych (0/2 kolejek),,,0
2337,Eneo Bitri,cracovia,OBR,Lech Poznań,False,,,,,,,insufficient_data,Za mało danych (0/2 kolejek),,,0
2338,Luka Vušković,radomiak radom,OBR,Wieczysta Kraków,True,,,,,,,insufficient_data,Za mało danych (0/2 kolejek),,,0
2339,Guilherme Zimovski,radomiak radom,NAP,Wieczysta Kraków,True,,,,,,,insufficient_data,Za mało danych (0/2 kolejek),,,0
2340,Qëndrim Zyba,legia warszawa,POM,Pogoń Szczecin,False,,,,,,,insufficient_data,Za mało danych (0/2 kolejek),,,0
2342,Tommaso Guercio,śląsk wrocław,OBR,Górnik Zabrze,False,,,,,,,insufficient_data,Za mało danych (0/2 kolejek),,,0
2343,Kornel Lisman,lech poznań,POM,Cracovia,True,,,,,,,insufficient_data,Za mało danych (0/2 kolejek),,,0
2344,Jakub Adkonis,legia warszawa,POM,Pogoń Szczecin,False,,,,,,,insufficient_data,Za mało danych (0/2 kolejek),,,0
2345,Wojciech Urbański,legia warszawa,POM,Pogoń Szczecin,False,,,,,,,insufficient_data,Za mało danych (0/2 kolejek),,,0
2346,Jakub Żewłakow,legia warszawa,POM,Pogoń Szczecin,False,,,,,,,insufficient_data,Za mało danych (0/2 kolejek),,,0
2347,Kacper Gołębiewski,pogoń szczecin,POM,Legia Warszawa,True,,,,,,,insufficient_data,Za mało danych (0/2 kolejek),,,0
2348,Antoni Klukowski,widzew łódź,POM,Motor Lublin,True,,,,,,,insufficient_data,Za mało danych (0/2 kolejek),,,0
2349,Bruno Jordão,radomiak radom,POM,Wieczysta Kraków,True,,,,,,,insufficient_data,Za mało danych (0/2 kolejek),,,0
2351,Szymon Karasiński,zagłębie lubin,POM,Piast Gliwice,True,,,,,,,insufficient_data,Za mało danych (0/2 kolejek),,,0
2352,Fabian Bzdyl,cracovia,POM,Lech Poznań,False,,,,,,,insufficient_data,Za mało danych (0/2 kolejek),,,0
2353,Mikkel Maigaard,wieczysta kraków,POM,Radomiak Radom,False,,,,,,,insufficient_data,Za mało danych (0/2 kolejek),,,0
2354,Rafał Gikiewicz,zagłębie lubin,BR,Piast Gliwice,True,,,,,,,insufficient_data,Za mało danych (0/2 kolejek),,,0
2355,Esmiraldo Sá Silva,radomiak radom,NAP,Wieczysta Kraków,True,,,,,,,insufficient_data,Za mało danych (0/2 kolejek),,,0
2359,Davíð Ólafsson,cracovia,OBR,Lech Poznań,False,,,,,,,insufficient_data,Za mało danych (0/2 kolejek),,,0
2363,Jakub Jezierski,śląsk wrocław,POM,Górnik Zabrze,False,,,,,,,insufficient_data,Za mało danych (0/2 kolejek),,,0
2364,Fredrik Krogstad,korona kielce,POM,Jagiellonia Białystok,False,,,,,,,insufficient_data,Za mało danych (0/2 kolejek),,,0
2365,João Peglow,radomiak radom,POM,Wieczysta Kraków,True,,,,,,,insufficient_data,Za mało danych (0/2 kolejek),,,0
2366,Konrad Golonka,cracovia,BR,Lech Poznań,False,,,,,,,insufficient_data,Za mało danych (0/2 kolejek),,,0
2367,Wojciech Mońka,lech poznań,OBR,Cracovia,True,,,,,,,insufficient_data,Za mało danych (0/2 kolejek),,,0
2368,Aleksander Tobolik,górnik zabrze,POM,Śląsk Wrocław,True,,,,,,,insufficient_data,Za mało danych (0/2 kolejek),,,0
2371,Bartosz Biedrzycki,cracovia,OBR,Lech Poznań,False,,,,,,,insufficient_data,Za mało danych (0/2 kolejek),,,0
2372,Dawid Kudła,gks katowice,BR,Wisła Kraków,False,,,,,,,insufficient_data,Za mało danych (0/2 kolejek),,,0
2373,Przemysław Pęksa,gks katowice,BR,Wisła Kraków,False,,,,,,,insufficient_data,Za mało danych (0/2 kolejek),,,0
2374,Patryk Szczuka,gks katowice,BR,Wisła Kraków,False,,,,,,,insufficient_data,Za mało danych (0/2 kolejek),,,0
2375,Bartosz Jaroszek,gks katowice,OBR,Wisła Kraków,False,,,,,,,insufficient_data,Za mało danych (0/2 kolejek),,,0
2376,Łukasz Trepka,gks katowice,OBR,Wisła Kraków,False,,,,,,,insufficient_data,Za mało danych (0/2 kolejek),,,0
2377,Norbert Warmuz,gks katowice,OBR,Wisła Kraków,False,,,,,,,insufficient_data,Za mało danych (0/2 kolejek),,,0
2378,Bartosz Baranowicz,gks katowice,POM,Wisła Kraków,False,,,,,,,insufficient_data,Za mało danych (0/2 kolejek),,,0
2379,Alan Bród,gks katowice,POM,Wisła Kraków,False,,,,,,,insufficient_data,Za mało danych (0/2 kolejek),,,0
2380,Kacper Ćwielong,gks katowice,POM,Wisła Kraków,False,,,,,,,insufficient_data,Za mało danych (0/2 kolejek),,,0
2381,Szymon Krawczyk,gks katowice,POM,Wisła Kraków,False,,,,,,,insufficient_data,Za mało danych (0/2 kolejek),,,0
2382,Kacper Pietrzyk,gks katowice,NAP,Wisła Kraków,False,,,,,,,insufficient_data,Za mało danych (0/2 kolejek),,,0
2383,Shun Shibata,gks katowice,POM,Wisła Kraków,False,,,,,,,insufficient_data,Za mało danych (0/2 kolejek),,,0
2384,Borja Galán,gks katowice,OBR,Wisła Kraków,False,,,,,,,insufficient_data,Za mało danych (0/2 kolejek),,,0
2385,Lukáš Ambros,górnik zabrze,POM,Śląsk Wrocław,True,,,,,,,insufficient_data,Za mało danych (0/2 kolejek),,,0
2386,Patrik Hellebrand,korona kielce,POM,Jagiellonia Białystok,False,,,,,,,insufficient_data,Za mało danych (0/2 kolejek),,,0
2387,José Manuel Josema,górnik zabrze,OBR,Śląsk Wrocław,True,,,,,,,insufficient_data,Za mało danych (0/2 kolejek),,,0
2388,Manuel Sánchez,górnik zabrze,OBR,Śląsk Wrocław,True,,,,,,,insufficient_data,Za mało danych (0/2 kolejek),,,0
2389,Lamine Diaby-Fadiga,raków częstochowa,POM,Wisła Płock,True,,,,,,,insufficient_data,Za mało danych (0/2 kolejek),,,0
2390,Maksymilian Stryjek,jagiellonia białystok,BR,Korona Kielce,True,,,,,,,insufficient_data,Za mało danych (0/2 kolejek),,,0
2391,Miki Villar,wieczysta kraków,POM,Radomiak Radom,False,,,,,,,insufficient_data,Za mało danych (0/2 kolejek),,,0
2392,Filip Wolski,jagiellonia białystok,POM,Korona Kielce,True,,,,,,,insufficient_data,Za mało danych (0/2 kolejek),,,0
2393,Shuma Nagamatsu,korona kielce,POM,Jagiellonia Białystok,False,,,,,,,insufficient_data,Za mało danych (0/2 kolejek),,,0
2394,Pedro Nuno,korona kielce,POM,Jagiellonia Białystok,False,,,,,,,insufficient_data,Za mało danych (0/2 kolejek),,,0
2395,Mateusz Mędrala,lech poznań,BR,Cracovia,True,,,,,,,insufficient_data,Za mało danych (0/2 kolejek),,,0
2396,Igor Kornobis,lech poznań,NAP,Cracovia,True,,,,,,,insufficient_data,Za mało danych (0/2 kolejek),,,0
2406,Maksym Chłań,górnik zabrze,POM,Śląsk Wrocław,True,,,,,,,insufficient_data,Za mało danych (0/2 kolejek),,,0
2414,Oskar Jeż,motor lublin,BR,Widzew Łódź,False,,,,,,,insufficient_data,Za mało danych (0/2 kolejek),,,0
2415,Marek Bartoš,motor lublin,OBR,Widzew Łódź,False,,,,,,,insufficient_data,Za mało danych (0/2 kolejek),,,0
2416,Bohdan Krywołapow,motor lublin,OBR,Widzew Łódź,False,,,,,,,insufficient_data,Za mało danych (0/2 kolejek),,,0
2417,Filip Luberecki,motor lublin,OBR,Widzew Łódź,False,,,,,,,insufficient_data,Za mało danych (0/2 kolejek),,,0
2418,Konrad Magnuszewski,motor lublin,OBR,Widzew Łódź,False,,,,,,,insufficient_data,Za mało danych (0/2 kolejek),,,0
2419,Piotr Ceglarz,motor lublin,POM,Widzew Łódź,False,,,,,,,insufficient_data,Za mało danych (0/2 kolejek),,,0
2420,Marcel Gąsior,motor lublin,POM,Widzew Łódź,False,,,,,,,insufficient_data,Za mało danych (0/2 kolejek),,,0
2421,Sebastian Koziej,motor lublin,POM,Widzew Łódź,False,,,,,,,insufficient_data,Za mało danych (0/2 kolejek),,,0
2422,Rafał Król,motor lublin,POM,Widzew Łódź,False,,,,,,,insufficient_data,Za mało danych (0/2 kolejek),,,0
2423,Mbaye N'Diaye,motor lublin,POM,Widzew Łódź,False,,,,,,,insufficient_data,Za mało danych (0/2 kolejek),,,0
2424,Bartosz Wolski,gks katowice,POM,Wisła Kraków,False,,,,,,,insufficient_data,Za mało danych (0/2 kolejek),,,0
2425,Filip Wójcik,motor lublin,OBR,Widzew Łódź,False,,,,,,,insufficient_data,Za mało danych (0/2 kolejek),,,0
2426,Sebastian Sikora,motor lublin,NAP,Widzew Łódź,False,,,,,,,insufficient_data,Za mało danych (0/2 kolejek),,,0
2427,Kacper Wełniak,motor lublin,NAP,Widzew Łódź,False,,,,,,,insufficient_data,Za mało danych (0/2 kolejek),,,0
2428,Claude Gonçalves,legia warszawa,POM,Pogoń Szczecin,False,,,,,,,insufficient_data,Za mało danych (0/2 kolejek),,,0
2429,Marcel Mendes-Dudziński,piast gliwice,BR,Zagłębie Lubin,False,,,,,,,insufficient_data,Za mało danych (0/2 kolejek),,,0
2430,Jean-Pierre Nsame,pogoń szczecin,NAP,Legia Warszawa,True,,,,,,,insufficient_data,Za mało danych (0/2 kolejek),,,0
2431,Rúben Vinagre,legia warszawa,OBR,Pogoń Szczecin,False,,,,,,,insufficient_data,Za mało danych (0/2 kolejek),,,0
2434,Michał Perchel,jagiellonia białystok,BR,Korona Kielce,True,,,,,,,insufficient_data,Za mało danych (0/2 kolejek),,,0
2435,Zié Ouattara,radomiak radom,OBR,Wieczysta Kraków,True,,,,,,,insufficient_data,Za mało danych (0/2 kolejek),,,0
2436,Adriano Amorim,raków częstochowa,POM,Wisła Płock,True,,,,,,,insufficient_data,Za mało danych (0/2 kolejek),,,0
2437,Vassílis Sourlís,raków częstochowa,POM,Wisła Płock,True,,,,,,,insufficient_data,Za mało danych (0/2 kolejek),,,0
2440,Junior Eyamba,śląsk wrocław,NAP,Górnik Zabrze,False,,,,,,,insufficient_data,Za mało danych (0/2 kolejek),,,0
2441,Simon Schierack,śląsk wrocław,POM,Górnik Zabrze,False,,,,,,,insufficient_data,Za mało danych (0/2 kolejek),,,0
2442,Kreshnik Hajrizi,widzew łódź,OBR,Motor Lublin,True,,,,,,,insufficient_data,Za mało danych (0/2 kolejek),,,0
2443,Samuel Kozlovský,widzew łódź,OBR,Motor Lublin,True,,,,,,,insufficient_data,Za mało danych (0/2 kolejek),,,0
2444,Marcel Krajewski,widzew łódź,OBR,Motor Lublin,True,,,,,,,insufficient_data,Za mało danych (0/2 kolejek),,,0
2445,Václav Sejk,zagłębie lubin,NAP,Piast Gliwice,True,,,,,,,insufficient_data,Za mało danych (0/2 kolejek),,,0
2446,Kristoffer Klaesson,raków częstochowa,BR,Wisła Płock,True,,,,,,,insufficient_data,Za mało danych (0/2 kolejek),,,0
2447,João Moutinho,lech poznań,OBR,Cracovia,True,,,,,,,insufficient_data,Za mało danych (0/2 kolejek),,,0
2448,Alex Douglas,lech poznań,OBR,Cracovia,True,,,,,,,insufficient_data,Za mało danych (0/2 kolejek),,,0
2449,Lázaros Lamprou,raków częstochowa,POM,Wisła Płock,True,,,,,,,insufficient_data,Za mało danych (0/2 kolejek),,,0
2450,Ivan Brkić,legia warszawa,BR,Pogoń Szczecin,False,,,,,,,insufficient_data,Za mało danych (0/2 kolejek),,,0
2451,Bryan Fiabema,lech poznań,NAP,Cracovia,True,,,,,,,insufficient_data,Za mało danych (0/2 kolejek),,,0
2452,Hilary Gong,widzew łódź,POM,Motor Lublin,True,,,,,,,insufficient_data,Za mało danych (0/2 kolejek),,,0
2453,Sergio Barcia,legia warszawa,OBR,Pogoń Szczecin,False,,,,,,,insufficient_data,Za mało danych (0/2 kolejek),,,0
2454,Pau Resta,gks katowice,OBR,Wisła Kraków,False,,,,,,,insufficient_data,Za mało danych (0/2 kolejek),,,0
2455,Jakub Pestka,cracovia,OBR,Lech Poznań,False,,,,,,,insufficient_data,Za mało danych (0/2 kolejek),,,0
2456,Christopher Simon,motor lublin,POM,Widzew Łódź,False,,,,,,,insufficient_data,Za mało danych (0/2 kolejek),,,0
2457,Mick van Buren,cracovia,NAP,Lech Poznań,False,,,,,,,insufficient_data,Za mało danych (0/2 kolejek),,,0
2458,Hubert Zwoźny,korona kielce,OBR,Jagiellonia Białystok,False,,,,,,,insufficient_data,Za mało danych (0/2 kolejek),,,0
2459,Oskar Lachowicz,cracovia,POM,Lech Poznań,False,,,,,,,insufficient_data,Za mało danych (0/2 kolejek),,,0
2460,Szymon Stypułkowski,jagiellonia białystok,POM,Korona Kielce,True,,,,,,,insufficient_data,Za mało danych (0/2 kolejek),,,0
2461,Taofeek Ismaheel,górnik zabrze,POM,Śląsk Wrocław,True,,,,,,,insufficient_data,Za mało danych (0/2 kolejek),,,0
2462,Amir Al-Ammari,cracovia,POM,Lech Poznań,False,,,,,,,insufficient_data,Za mało danych (0/2 kolejek),,,0
2464,Igor Bartnik,motor lublin,BR,Widzew Łódź,False,,,,,,,insufficient_data,Za mało danych (0/2 kolejek),,,0
2465,Patryk Romanowski,motor lublin,OBR,Widzew Łódź,False,,,,,,,insufficient_data,Za mało danych (0/2 kolejek),,,0
2466,Arnau Ortiz,śląsk wrocław,POM,Górnik Zabrze,False,,,,,,,insufficient_data,Za mało danych (0/2 kolejek),,,0
2467,Mateusz Szczepaniak,legia warszawa,POM,Pogoń Szczecin,False,,,,,,,insufficient_data,Za mało danych (0/2 kolejek),,,0
2468,Krystian Harciński,radomiak radom,BR,Wieczysta Kraków,True,,,,,,,insufficient_data,Za mało danych (0/2 kolejek),,,0
2469,Tymoteusz Gmur,lech poznań,POM,Cracovia,True,,,,,,,insufficient_data,Za mało danych (0/2 kolejek),,,0
2470,Igor Brzyski,pogoń szczecin,POM,Legia Warszawa,True,,,,,,,insufficient_data,Za mało danych (0/2 kolejek),,,0
2471,Migouel Alfarela,legia warszawa,NAP,Pogoń Szczecin,False,,,,,,,insufficient_data,Za mało danych (0/2 kolejek),,,0
2472,Bartłomiej Smolarczyk,korona kielce,OBR,Jagiellonia Białystok,False,,,,,,,insufficient_data,Za mało danych (0/2 kolejek),,,0
2473,Michalis Kosidis,zagłębie lubin,NAP,Piast Gliwice,True,,,,,,,insufficient_data,Za mało danych (0/2 kolejek),,,0
2474,Arkadiusz Murzacz,motor lublin,OBR,Widzew Łódź,False,,,,,,,insufficient_data,Za mało danych (0/2 kolejek),,,0
2475,Jakub Grzejszczak,widzew łódź,OBR,Motor Lublin,True,,,,,,,insufficient_data,Za mało danych (0/2 kolejek),,,0
2476,Jonatan Braut Brunes,raków częstochowa,NAP,Wisła Płock,True,,,,,,,insufficient_data,Za mało danych (0/2 kolejek),,,0
2477,Marcel Reguła,zagłębie lubin,POM,Piast Gliwice,True,,,,,,,insufficient_data,Za mało danych (0/2 kolejek),,,0
2478,Tudor Băluță,śląsk wrocław,POM,Górnik Zabrze,False,,,,,,,insufficient_data,Za mało danych (0/2 kolejek),,,0
2479,David Ezeh,raków częstochowa,NAP,Wisła Płock,True,,,,,,,insufficient_data,Za mało danych (0/2 kolejek),,,0
2480,Daniel Håkans,lech poznań,POM,Cracovia,True,,,,,,,insufficient_data,Za mało danych (0/2 kolejek),,,0
2481,Ajdin Hasić,cracovia,POM,Lech Poznań,False,,,,,,,insufficient_data,Za mało danych (0/2 kolejek),,,0
2482,Sergi Samper,motor lublin,POM,Widzew Łódź,False,,,,,,,insufficient_data,Za mało danych (0/2 kolejek),,,0
2483,Osvaldo Capemba Capita,radomiak radom,POM,Wieczysta Kraków,True,,,,,,,insufficient_data,Za mało danych (0/2 kolejek),,,0
2484,Tomás Costa Silva,jagiellonia białystok,OBR,Korona Kielce,True,,,,,,,insufficient_data,Za mało danych (0/2 kolejek),,,0
2487,Igor Kośmicki,korona kielce,OBR,Jagiellonia Białystok,False,,,,,,,insufficient_data,Za mało danych (0/2 kolejek),,,0
2488,Ian Hoffman,lech poznań,OBR,Cracovia,True,,,,,,,insufficient_data,Za mało danych (0/2 kolejek),,,0
2489,Levis Pitan,piast gliwice,OBR,Zagłębie Lubin,False,,,,,,,insufficient_data,Za mało danych (0/2 kolejek),,,0
2490,Darko Čurlinov,jagiellonia białystok,POM,Korona Kielce,True,,,,,,,insufficient_data,Za mało danych (0/2 kolejek),,,0
2491,Maciej Wojciechowski,pogoń szczecin,POM,Legia Warszawa,True,,,,,,,insufficient_data,Za mało danych (0/2 kolejek),,,0
2492,Hubert Śliczniak,śląsk wrocław,BR,Górnik Zabrze,False,,,,,,,insufficient_data,Za mało danych (0/2 kolejek),,,0
2495,Maximillian Oyedele,legia warszawa,POM,Pogoń Szczecin,False,,,,,,,insufficient_data,Za mało danych (0/2 kolejek),,,0
2496,Paulo Henrique,radomiak radom,OBR,Wieczysta Kraków,True,,,,,,,insufficient_data,Za mało danych (0/2 kolejek),,,0
2498,Patrik Wålemark,lech poznań,POM,Cracovia,True,,,,,,,insufficient_data,Za mało danych (0/2 kolejek),,,0
2499,Sinan Bakış,górnik zabrze,NAP,Śląsk Wrocław,True,,,,,,,insufficient_data,Za mało danych (0/2 kolejek),,,0
2500,Cezary Polak,jagiellonia białystok,OBR,Korona Kielce,True,,,,,,,insufficient_data,Za mało danych (0/2 kolejek),,,0
2501,Peter Kováčik,jagiellonia białystok,OBR,Korona Kielce,True,,,,,,,insufficient_data,Za mało danych (0/2 kolejek),,,0
2502,Andréas Katsantónis,piast gliwice,NAP,Zagłębie Lubin,False,,,,,,,insufficient_data,Za mało danych (0/2 kolejek),,,0
2503,Yōsuke Furukawa,górnik zabrze,POM,Śląsk Wrocław,True,,,,,,,insufficient_data,Za mało danych (0/2 kolejek),,,0
2504,Miguel Nóbrega,piast gliwice,OBR,Zagłębie Lubin,False,,,,,,,insufficient_data,Za mało danych (0/2 kolejek),,,0
2505,Dimítrios Keramítsis,pogoń szczecin,OBR,Legia Warszawa,True,,,,,,,insufficient_data,Za mało danych (0/2 kolejek),,,0
2506,Stjepan Lončar,lech poznań,POM,Cracovia,True,,,,,,,insufficient_data,Za mało danych (0/2 kolejek),,,0
2507,Jesus Diaz,raków częstochowa,POM,Wisła Płock,True,,,,,,,insufficient_data,Za mało danych (0/2 kolejek),,,0
2508,Mateusz Dziewiatowski,zagłębie lubin,POM,Piast Gliwice,True,,,,,,,insufficient_data,Za mało danych (0/2 kolejek),,,0
2509,Miłosz Lewandowski,motor lublin,OBR,Widzew Łódź,False,,,,,,,insufficient_data,Za mało danych (0/2 kolejek),,,0
2510,Eryk Kozłowski,jagiellonia białystok,POM,Korona Kielce,True,,,,,,,insufficient_data,Za mało danych (0/2 kolejek),,,0
2511,Dominik Sarapata,wisła płock,POM,Raków Częstochowa,False,,,,,,,insufficient_data,Za mało danych (0/2 kolejek),,,0
2512,Bradly van Hoeven,motor lublin,POM,Widzew Łódź,False,,,,,,,insufficient_data,Za mało danych (0/2 kolejek),,,0
2513,Kacper Nowakowski,raków częstochowa,POM,Wisła Płock,True,,,,,,,insufficient_data,Za mało danych (0/2 kolejek),,,0
2515,Sylvester Jasper,śląsk wrocław,POM,Górnik Zabrze,False,,,,,,,insufficient_data,Za mało danych (0/2 kolejek),,,0
2516,Shaocong Wu,radomiak radom,OBR,Wieczysta Kraków,True,,,,,,,insufficient_data,Za mało danych (0/2 kolejek),,,0
2517,Adam Basse,raków częstochowa,NAP,Wisła Płock,True,,,,,,,insufficient_data,Za mało danych (0/2 kolejek),,,0
2518,Yegor Sharabura,śląsk wrocław,POM,Górnik Zabrze,False,,,,,,,insufficient_data,Za mało danych (0/2 kolejek),,,0
2519,Oskar Pietuszewski,jagiellonia białystok,POM,Korona Kielce,True,,,,,,,insufficient_data,Za mało danych (0/2 kolejek),,,0
2520,Mateusz Pomietło,cracovia,POM,Lech Poznań,False,,,,,,,insufficient_data,Za mało danych (0/2 kolejek),,,0
2521,Łukasz Łęgowski,pogoń szczecin,BR,Legia Warszawa,True,,,,,,,insufficient_data,Za mało danych (0/2 kolejek),,,0
2522,Mateusz Jeleń,górnik zabrze,BR,Śląsk Wrocław,True,,,,,,,insufficient_data,Za mało danych (0/2 kolejek),,,0
2523,Maciej Wichtowski,lech poznań,OBR,Cracovia,True,,,,,,,insufficient_data,Za mało danych (0/2 kolejek),,,0
2524,Daniel Gryzio,widzew łódź,NAP,Motor Lublin,True,,,,,,,insufficient_data,Za mało danych (0/2 kolejek),,,0
2525,Jakub Suchocki,jagiellonia białystok,BR,Korona Kielce,True,,,,,,,insufficient_data,Za mało danych (0/2 kolejek),,,0
2526,Sondre Liseth,górnik zabrze,NAP,Śląsk Wrocław,True,,,,,,,insufficient_data,Za mało danych (0/2 kolejek),,,0
2527,Gisli Thordarson,lech poznań,POM,Cracovia,True,,,,,,,insufficient_data,Za mało danych (0/2 kolejek),,,0
2529,Bright Ede,motor lublin,OBR,Widzew Łódź,False,,,,,,,insufficient_data,Za mało danych (0/2 kolejek),,,0
2530,Franciszek Lewandowski,motor lublin,POM,Widzew Łódź,False,,,,,,,insufficient_data,Za mało danych (0/2 kolejek),,,0
2531,Gašper Tratnik,motor lublin,BR,Widzew Łódź,False,,,,,,,insufficient_data,Za mało danych (0/2 kolejek),,,0
2532,Akim Zedadka,piast gliwice,OBR,Zagłębie Lubin,False,,,,,,,insufficient_data,Za mało danych (0/2 kolejek),,,0
2533,Mateusz Bąk,pogoń szczecin,POM,Legia Warszawa,True,,,,,,,insufficient_data,Za mało danych (0/2 kolejek),,,0
2534,Paulius Golubickas,radomiak radom,POM,Wieczysta Kraków,True,,,,,,,insufficient_data,Za mało danych (0/2 kolejek),,,0
2535,Steve Kingué,radomiak radom,OBR,Wieczysta Kraków,True,,,,,,,insufficient_data,Za mało danych (0/2 kolejek),,,0
2536,Pedro Perotti,radomiak radom,NAP,Wieczysta Kraków,True,,,,,,,insufficient_data,Za mało danych (0/2 kolejek),,,0
2538,Marc Llinares,śląsk wrocław,OBR,Górnik Zabrze,False,,,,,,,insufficient_data,Za mało danych (0/2 kolejek),,,0
2539,Ludvig Fritzson,zagłębie lubin,POM,Piast Gliwice,True,,,,,,,insufficient_data,Za mało danych (0/2 kolejek),,,0
2540,Rafael Barbosa,radomiak radom,POM,Wieczysta Kraków,True,,,,,,,insufficient_data,Za mało danych (0/2 kolejek),,,0
2541,Leon Flach,jagiellonia białystok,POM,Korona Kielce,True,,,,,,,insufficient_data,Za mało danych (0/2 kolejek),,,0
2542,Polydéfkis Volanákis,widzew łódź,OBR,Motor Lublin,True,,,,,,,insufficient_data,Za mało danych (0/2 kolejek),,,0
2543,Rasmus Carstensen,lech poznań,OBR,Cracovia,True,,,,,,,insufficient_data,Za mało danych (0/2 kolejek),,,0
2544,Jonathan Júnior,radomiak radom,NAP,Wieczysta Kraków,True,,,,,,,insufficient_data,Za mało danych (0/2 kolejek),,,0
2545,Hervé Matthys,motor lublin,OBR,Widzew Łódź,False,,,,,,,insufficient_data,Za mało danych (0/2 kolejek),,,0
2546,Alexander Abrahamsson,zagłębie lubin,OBR,Piast Gliwice,True,,,,,,,insufficient_data,Za mało danych (0/2 kolejek),,,0
2547,Assad Al-Hamlawi,śląsk wrocław,NAP,Górnik Zabrze,False,,,,,,,insufficient_data,Za mało danych (0/2 kolejek),,,0
2548,Abbati Abdullahi,górnik zabrze,POM,Śląsk Wrocław,True,,,,,,,insufficient_data,Za mało danych (0/2 kolejek),,,0
2549,Antonio Sefer,motor lublin,POM,Widzew Łódź,False,,,,,,,insufficient_data,Za mało danych (0/2 kolejek),,,0
2550,Kamil Koczy,zagłębie lubin,POM,Piast Gliwice,True,,,,,,,insufficient_data,Za mało danych (0/2 kolejek),,,0
2551,Gierman Barkowskij,piast gliwice,NAP,Zagłębie Lubin,False,,,,,,,insufficient_data,Za mało danych (0/2 kolejek),,,0
2552,Konstantínos Sotiríou,korona kielce,OBR,Jagiellonia Białystok,False,,,,,,,insufficient_data,Za mało danych (0/2 kolejek),,,0
2553,Aleksander Wyganowski,legia warszawa,POM,Pogoń Szczecin,False,,,,,,,insufficient_data,Za mało danych (0/2 kolejek),,,0
2554,Leon Madej,widzew łódź,POM,Motor Lublin,True,,,,,,,insufficient_data,Za mało danych (0/2 kolejek),,,0
2555,Nikodem Stachowicz,widzew łódź,POM,Motor Lublin,True,,,,,,,insufficient_data,Za mało danych (0/2 kolejek),,,0
2556,Enzo Ebosse,jagiellonia białystok,OBR,Korona Kielce,True,,,,,,,insufficient_data,Za mało danych (0/2 kolejek),,,0
2557,Abdoul Tapsoba,radomiak radom,NAP,Wieczysta Kraków,True,,,,,,,insufficient_data,Za mało danych (0/2 kolejek),,,0
2558,Ibrahima Seck,raków częstochowa,POM,Wisła Płock,True,,,,,,,insufficient_data,Za mało danych (0/2 kolejek),,,0
2559,Dawid Mazurek,górnik zabrze,OBR,Śląsk Wrocław,True,,,,,,,insufficient_data,Za mało danych (0/2 kolejek),,,0
2560,Konrad Ciszek,korona kielce,OBR,Jagiellonia Białystok,False,,,,,,,insufficient_data,Za mało danych (0/2 kolejek),,,0
2561,Michał Mikielewicz,korona kielce,BR,Jagiellonia Białystok,False,,,,,,,insufficient_data,Za mało danych (0/2 kolejek),,,0
2562,Bartosz Mazurek,jagiellonia białystok,POM,Korona Kielce,True,,,,,,,insufficient_data,Za mało danych (0/2 kolejek),,,0
2563,Dimítrios Rétsos,jagiellonia białystok,OBR,Korona Kielce,True,,,,,,,insufficient_data,Za mało danych (0/2 kolejek),,,0
2564,Kamil Sochań,zagłębie lubin,OBR,Piast Gliwice,True,,,,,,,insufficient_data,Za mało danych (0/2 kolejek),,,0
2565,Sammy Dudek,lech poznań,POM,Cracovia,True,,,,,,,insufficient_data,Za mało danych (0/2 kolejek),,,0
2566,José Pozo,pogoń szczecin,POM,Legia Warszawa,True,,,,,,,insufficient_data,Za mało danych (0/2 kolejek),,,0
2567,Thierry Gale,piast gliwice,NAP,Zagłębie Lubin,False,,,,,,,insufficient_data,Za mało danych (0/2 kolejek),,,0
2568,Ousmane Sow,górnik zabrze,NAP,Śląsk Wrocław,True,,,,,,,insufficient_data,Za mało danych (0/2 kolejek),,,0
2569,Matúš Kmeť,górnik zabrze,OBR,Śląsk Wrocław,True,,,,,,,insufficient_data,Za mało danych (0/2 kolejek),,,0
2570,Matija Marsenić,górnik zabrze,POM,Śląsk Wrocław,True,,,,,,,insufficient_data,Za mało danych (0/2 kolejek),,,0
2571,Gustaw Henriksson,cracovia,OBR,Lech Poznań,False,,,,,,,insufficient_data,Za mało danych (0/2 kolejek),,,0
2573,Oliwier Olewiński,legia warszawa,POM,Pogoń Szczecin,False,,,,,,,insufficient_data,Za mało danych (0/2 kolejek),,,0
2574,Pascal Mozie,legia warszawa,POM,Pogoń Szczecin,False,,,,,,,insufficient_data,Za mało danych (0/2 kolejek),,,0
2575,Filip Prebsl,górnik zabrze,POM,Śląsk Wrocław,True,,,,,,,insufficient_data,Za mało danych (0/2 kolejek),,,0
2576,Mario González,lech poznań,NAP,Cracovia,True,,,,,,,insufficient_data,Za mało danych (0/2 kolejek),,,0
2577,Josip Ćorluka,zagłębie lubin,OBR,Piast Gliwice,True,,,,,,,insufficient_data,Za mało danych (0/2 kolejek),,,0
2578,Szymon Rygiel,śląsk wrocław,OBR,Górnik Zabrze,False,,,,,,,insufficient_data,Za mało danych (0/2 kolejek),,,0
2579,Jakub Zawadzki,pogoń szczecin,OBR,Legia Warszawa,True,,,,,,,insufficient_data,Za mało danych (0/2 kolejek),,,0
2580,Saad Agouzoul,radomiak radom,OBR,Wieczysta Kraków,True,,,,,,,insufficient_data,Za mało danych (0/2 kolejek),,,0
2581,Peter Therkildsen,widzew łódź,OBR,Motor Lublin,True,,,,,,,insufficient_data,Za mało danych (0/2 kolejek),,,0
2582,Martin Minczew,cracovia,POM,Lech Poznań,False,,,,,,,insufficient_data,Za mało danych (0/2 kolejek),,,0
2583,Renyer,pogoń szczecin,NAP,Legia Warszawa,True,,,,,,,insufficient_data,Za mało danych (0/2 kolejek),,,0
2584,Henrik Udahl,śląsk wrocław,NAP,Górnik Zabrze,False,,,,,,,insufficient_data,Za mało danych (0/2 kolejek),,,0
2585,Luiz Gustavo Oliveira da Silva,pogoń szczecin,OBR,Legia Warszawa,True,,,,,,,insufficient_data,Za mało danych (0/2 kolejek),,,0
2586,Benjamin Rojas,pogoń szczecin,OBR,Legia Warszawa,True,,,,,,,insufficient_data,Za mało danych (0/2 kolejek),,,0
2587,Mateusz Kopczyński,piast gliwice,POM,Zagłębie Lubin,False,,,,,,,insufficient_data,Za mało danych (0/2 kolejek),,,0
2588,Mauro Perković,cracovia,OBR,Lech Poznań,False,,,,,,,insufficient_data,Za mało danych (0/2 kolejek),,,0
2589,Renat Dadaşov,motor lublin,NAP,Widzew Łódź,False,,,,,,,insufficient_data,Za mało danych (0/2 kolejek),,,0
2592,Szymon Kilianek,radomiak radom,OBR,Wieczysta Kraków,True,,,,,,,insufficient_data,Za mało danych (0/2 kolejek),,,0
2593,Jean-Kévin Augustin,motor lublin,NAP,Widzew Łódź,False,,,,,,,insufficient_data,Za mało danych (0/2 kolejek),,,0
2594,Justin Daniel,piast gliwice,POM,Zagłębie Lubin,False,,,,,,,insufficient_data,Za mało danych (0/2 kolejek),,,0
2595,Dawid Polak,cracovia,POM,Lech Poznań,False,,,,,,,insufficient_data,Za mało danych (0/2 kolejek),,,0
2596,Jakub Kowalski,korona kielce,NAP,Jagiellonia Białystok,False,,,,,,,insufficient_data,Za mało danych (0/2 kolejek),,,0
2597,Kamil Nowogoński,zagłębie lubin,POM,Piast Gliwice,True,,,,,,,insufficient_data,Za mało danych (0/2 kolejek),,,0
2598,Adam Matysek,zagłębie lubin,BR,Piast Gliwice,True,,,,,,,insufficient_data,Za mało danych (0/2 kolejek),,,0
2599,Jakub Zieliński,legia warszawa,BR,Pogoń Szczecin,False,,,,,,,insufficient_data,Za mało danych (0/2 kolejek),,,0
2600,Radosław Szafrański,górnik zabrze,OBR,Śląsk Wrocław,True,,,,,,,insufficient_data,Za mało danych (0/2 kolejek),,,0
2601,Filip Stojilković,cracovia,NAP,Lech Poznań,False,,,,,,,insufficient_data,Za mało danych (0/2 kolejek),,,0
2616,Kamil Jakubczyk,korona kielce,POM,Jagiellonia Białystok,False,,,,,,,insufficient_data,Za mało danych (0/2 kolejek),,,0
2636,Oskar Klon,wisła płock,BR,Raków Częstochowa,False,,,,,,,insufficient_data,Za mało danych (0/2 kolejek),,,0
2637,Marcin Kamiński,wisła płock,OBR,Raków Częstochowa,False,,,,,,,insufficient_data,Za mało danych (0/2 kolejek),,,0
2638,Aleksandre Kalandadze,wisła płock,OBR,Raków Częstochowa,False,,,,,,,insufficient_data,Za mało danych (0/2 kolejek),,,0
2639,Andrias Edmundsson,wisła płock,OBR,Raków Częstochowa,False,,,,,,,insufficient_data,Za mało danych (0/2 kolejek),,,0
2640,Marcus Haglind-Sangré,wisła płock,OBR,Raków Częstochowa,False,,,,,,,insufficient_data,Za mało danych (0/2 kolejek),,,0
2641,Przemyslaw Misiak,wisła płock,OBR,Raków Częstochowa,False,,,,,,,insufficient_data,Za mało danych (0/2 kolejek),,,0
2642,Marcin Więckowski,wisła płock,OBR,Raków Częstochowa,False,,,,,,,insufficient_data,Za mało danych (0/2 kolejek),,,0
2643,Filip Zając,wisła płock,OBR,Raków Częstochowa,False,,,,,,,insufficient_data,Za mało danych (0/2 kolejek),,,0
2644,Filip Łodziński,wisła płock,POM,Raków Częstochowa,False,,,,,,,insufficient_data,Za mało danych (0/2 kolejek),,,0
2645,Kevin Custovic,wisła płock,POM,Raków Częstochowa,False,,,,,,,insufficient_data,Za mało danych (0/2 kolejek),,,0
2646,Oskar Tomczyk,wisła płock,POM,Raków Częstochowa,False,,,,,,,insufficient_data,Za mało danych (0/2 kolejek),,,0
2647,Jakub Serwach,wisła płock,POM,Raków Częstochowa,False,,,,,,,insufficient_data,Za mało danych (0/2 kolejek),,,0
2648,Jakub Lejman,wisła płock,POM,Raków Częstochowa,False,,,,,,,insufficient_data,Za mało danych (0/2 kolejek),,,0
2649,Jorge Jiménez,wisła płock,POM,Raków Częstochowa,False,,,,,,,insufficient_data,Za mało danych (0/2 kolejek),,,0
2650,Iban Salvador,wisła płock,POM,Raków Częstochowa,False,,,,,,,insufficient_data,Za mało danych (0/2 kolejek),,,0
2651,Maciej Famulak,wisła płock,POM,Raków Częstochowa,False,,,,,,,insufficient_data,Za mało danych (0/2 kolejek),,,0
2652,Krystian Pomorski,wisła płock,POM,Raków Częstochowa,False,,,,,,,insufficient_data,Za mało danych (0/2 kolejek),,,0
2653,Adrian Bielka,wisła płock,POM,Raków Częstochowa,False,,,,,,,insufficient_data,Za mało danych (0/2 kolejek),,,0
2654,Amin Al-Hamawi,wisła płock,NAP,Raków Częstochowa,False,,,,,,,insufficient_data,Za mało danych (0/2 kolejek),,,0
2655,Bastien Donio,górnik zabrze,POM,Śląsk Wrocław,True,,,,,,,insufficient_data,Za mało danych (0/2 kolejek),,,0
2656,Natan Dzięgielewski,górnik zabrze,POM,Śląsk Wrocław,True,,,,,,,insufficient_data,Za mało danych (0/2 kolejek),,,0
2657,Gabriel Barbosa,górnik zabrze,NAP,Śląsk Wrocław,True,,,,,,,insufficient_data,Za mało danych (0/2 kolejek),,,0
2658,Young-jun Goh,górnik zabrze,POM,Śląsk Wrocław,True,,,,,,,insufficient_data,Za mało danych (0/2 kolejek),,,0
2659,Marcel Łubik,wisła kraków,BR,GKS Katowice,True,,,,,,,insufficient_data,Za mało danych (0/2 kolejek),,,0
2660,Thodorís Tsirigótis,górnik zabrze,NAP,Śląsk Wrocław,True,,,,,,,insufficient_data,Za mało danych (0/2 kolejek),,,0
2661,Bernardo Vital,jagiellonia białystok,OBR,Korona Kielce,True,,,,,,,insufficient_data,Za mało danych (0/2 kolejek),,,0
2662,Yūki Kobayashi,jagiellonia białystok,OBR,Korona Kielce,True,,,,,,,insufficient_data,Za mało danych (0/2 kolejek),,,0
2663,Louka Prip,jagiellonia białystok,POM,Korona Kielce,True,,,,,,,insufficient_data,Za mało danych (0/2 kolejek),,,0
2664,Dimítris Rállis,jagiellonia białystok,NAP,Korona Kielce,True,,,,,,,insufficient_data,Za mało danych (0/2 kolejek),,,0
2665,Jakub Budnicki,korona kielce,OBR,Jagiellonia Białystok,False,,,,,,,insufficient_data,Za mało danych (0/2 kolejek),,,0
2666,Władimir Nikołow,korona kielce,NAP,Jagiellonia Białystok,False,,,,,,,insufficient_data,Za mało danych (0/2 kolejek),,,0
2667,Wiktor Popow,korona kielce,OBR,Jagiellonia Białystok,False,,,,,,,insufficient_data,Za mało danych (0/2 kolejek),,,0
2668,Tamar Svetlin,korona kielce,POM,Jagiellonia Białystok,False,,,,,,,insufficient_data,Za mało danych (0/2 kolejek),,,0
2669,Matus Vojtko,wieczysta kraków,OBR,Radomiak Radom,False,,,,,,,insufficient_data,Za mało danych (0/2 kolejek),,,0
2670,Petar Stojanović,legia warszawa,OBR,Pogoń Szczecin,False,,,,,,,insufficient_data,Za mało danych (0/2 kolejek),,,0
2671,Karol Czubak,motor lublin,NAP,Widzew Łódź,False,,,,,,,insufficient_data,Za mało danych (0/2 kolejek),,,0
2672,Florian Haxha,motor lublin,POM,Widzew Łódź,False,,,,,,,insufficient_data,Za mało danych (0/2 kolejek),,,0
2673,Kacper Karasek,radomiak radom,POM,Wieczysta Kraków,True,,,,,,,insufficient_data,Za mało danych (0/2 kolejek),,,0
2674,Mikolaj Kosior,motor lublin,NAP,Widzew Łódź,False,,,,,,,insufficient_data,Za mało danych (0/2 kolejek),,,0
2675,Quentin Boisgard,piast gliwice,POM,Zagłębie Lubin,False,,,,,,,insufficient_data,Za mało danych (0/2 kolejek),,,0
2676,Emmanuel Twumasi,piast gliwice,OBR,Zagłębie Lubin,False,,,,,,,insufficient_data,Za mało danych (0/2 kolejek),,,0
2677,Musa Juwara,pogoń szczecin,POM,Legia Warszawa,True,,,,,,,insufficient_data,Za mało danych (0/2 kolejek),,,0
2678,Marian Huja,pogoń szczecin,OBR,Legia Warszawa,True,,,,,,,insufficient_data,Za mało danych (0/2 kolejek),,,0
2679,Paul Mukairu,pogoń szczecin,POM,Legia Warszawa,True,,,,,,,insufficient_data,Za mało danych (0/2 kolejek),,,0
2680,Mor N'Diaye,pogoń szczecin,POM,Legia Warszawa,True,,,,,,,insufficient_data,Za mało danych (0/2 kolejek),,,0
2681,Jérémy Blasco,radomiak radom,OBR,Wieczysta Kraków,True,,,,,,,insufficient_data,Za mało danych (0/2 kolejek),,,0
2682,Laurindo Maria Aurélio,radomiak radom,NAP,Wieczysta Kraków,True,,,,,,,insufficient_data,Za mało danych (0/2 kolejek),,,0
2683,Alex Niziołek,radomiak radom,NAP,Wieczysta Kraków,True,,,,,,,insufficient_data,Za mało danych (0/2 kolejek),,,0
2684,Vasco Lopes,radomiak radom,POM,Wieczysta Kraków,True,,,,,,,insufficient_data,Za mało danych (0/2 kolejek),,,0
2685,Apóstolos Konstantópoulos,jagiellonia białystok,OBR,Korona Kielce,True,,,,,,,insufficient_data,Za mało danych (0/2 kolejek),,,0
2686,Samuel Akere,widzew łódź,POM,Motor Lublin,True,,,,,,,insufficient_data,Za mało danych (0/2 kolejek),,,0
2687,Ángel Baena,widzew łódź,POM,Motor Lublin,True,,,,,,,insufficient_data,Za mało danych (0/2 kolejek),,,0
2688,Dion Gallapeni,wisła płock,OBR,Raków Częstochowa,False,,,,,,,insufficient_data,Za mało danych (0/2 kolejek),,,0
2689,Lindon Selahi,widzew łódź,POM,Motor Lublin,True,,,,,,,insufficient_data,Za mało danych (0/2 kolejek),,,0
2690,Ricardo Visus,widzew łódź,OBR,Motor Lublin,True,,,,,,,insufficient_data,Za mało danych (0/2 kolejek),,,0
2691,Luka Lučić,zagłębie lubin,OBR,Piast Gliwice,True,,,,,,,insufficient_data,Za mało danych (0/2 kolejek),,,0
2692,Wojciech Szafranek,zagłębie lubin,NAP,Piast Gliwice,True,,,,,,,insufficient_data,Za mało danych (0/2 kolejek),,,0
2694,Alejandro Cantero,jagiellonia białystok,POM,Korona Kielce,True,,,,,,,insufficient_data,Za mało danych (0/2 kolejek),,,0
2695,Joao Pedro,radomiak radom,OBR,Wieczysta Kraków,True,,,,,,,insufficient_data,Za mało danych (0/2 kolejek),,,0
2696,Mateusz Głowiński,korona kielce,NAP,Jagiellonia Białystok,False,,,,,,,insufficient_data,Za mało danych (0/2 kolejek),,,0
2697,Kacper Szymanek,motor lublin,POM,Widzew Łódź,False,,,,,,,insufficient_data,Za mało danych (0/2 kolejek),,,0
2698,Leo Bengtsson,lech poznań,POM,Cracovia,True,,,,,,,insufficient_data,Za mało danych (0/2 kolejek),,,0
2699,Ivo Rodrigues,motor lublin,POM,Widzew Łódź,False,,,,,,,insufficient_data,Za mało danych (0/2 kolejek),,,0
2700,Paskal Meyer,motor lublin,OBR,Widzew Łódź,False,,,,,,,insufficient_data,Za mało danych (0/2 kolejek),,,0
2701,Kacper Plichta,motor lublin,NAP,Widzew Łódź,False,,,,,,,insufficient_data,Za mało danych (0/2 kolejek),,,0
2702,Stjepan Davidović,korona kielce,POM,Jagiellonia Białystok,False,,,,,,,insufficient_data,Za mało danych (0/2 kolejek),,,0
2703,Ibrahima Camará,radomiak radom,POM,Wieczysta Kraków,True,,,,,,,insufficient_data,Za mało danych (0/2 kolejek),,,0
2704,Kamil Andrzejkiewicz,widzew łódź,NAP,Motor Lublin,True,,,,,,,insufficient_data,Za mało danych (0/2 kolejek),,,0
2705,Stanisław Pruszkowski,wisła płock,BR,Raków Częstochowa,False,,,,,,,insufficient_data,Za mało danych (0/2 kolejek),,,0
2706,Patryk Kukulski,motor lublin,BR,Widzew Łódź,False,,,,,,,insufficient_data,Za mało danych (0/2 kolejek),,,0
2707,Alejandro Pozo,jagiellonia białystok,POM,Korona Kielce,True,,,,,,,insufficient_data,Za mało danych (0/2 kolejek),,,0
2708,Mileta Rajović,legia warszawa,NAP,Pogoń Szczecin,False,,,,,,,insufficient_data,Za mało danych (0/2 kolejek),,,0
2712,Giánnis Niárchos,wisła płock,NAP,Raków Częstochowa,False,,,,,,,insufficient_data,Za mało danych (0/2 kolejek),,,0
2715,Toki Hirosawa,jagiellonia białystok,POM,Korona Kielce,True,,,,,,,insufficient_data,Za mało danych (0/2 kolejek),,,0
2716,Timothy Ouma,lech poznań,POM,Cracovia,True,,,,,,,insufficient_data,Za mało danych (0/2 kolejek),,,0
2717,Pablo Rodríguez,lech poznań,POM,Cracovia,True,,,,,,,insufficient_data,Za mało danych (0/2 kolejek),,,0
2718,Antonio Heredia Antonin,korona kielce,NAP,Jagiellonia Białystok,False,,,,,,,insufficient_data,Za mało danych (0/2 kolejek),,,0
2719,Leandro Sanca,piast gliwice,POM,Zagłębie Lubin,False,,,,,,,insufficient_data,Za mało danych (0/2 kolejek),,,0
2720,Kuba Nawrocki,widzew łódź,POM,Motor Lublin,True,,,,,,,insufficient_data,Za mało danych (0/2 kolejek),,,0
2721,Bartosz Borowski,wisła płock,NAP,Raków Częstochowa,False,,,,,,,insufficient_data,Za mało danych (0/2 kolejek),,,0
2722,Kacper Minuczyc,korona kielce,POM,Jagiellonia Białystok,False,,,,,,,insufficient_data,Za mało danych (0/2 kolejek),,,0
2723,Antoni Burkiewicz,raków częstochowa,POM,Wisła Płock,True,,,,,,,insufficient_data,Za mało danych (0/2 kolejek),,,0
2724,Roberto Massimo,górnik zabrze,POM,Śląsk Wrocław,True,,,,,,,insufficient_data,Za mało danych (0/2 kolejek),,,0
2725,Kamil Lubowiecki,piast gliwice,POM,Zagłębie Lubin,False,,,,,,,insufficient_data,Za mało danych (0/2 kolejek),,,0
2727,Natan Ława,pogoń szczecin,POM,Legia Warszawa,True,,,,,,,insufficient_data,Za mało danych (0/2 kolejek),,,0
2728,Juande Rivas,piast gliwice,OBR,Zagłębie Lubin,False,,,,,,,insufficient_data,Za mało danych (0/2 kolejek),,,0
2729,Dijon Kameri,cracovia,POM,Lech Poznań,False,,,,,,,insufficient_data,Za mało danych (0/2 kolejek),,,0
2731,Aziel Jackson,jagiellonia białystok,POM,Korona Kielce,True,,,,,,,insufficient_data,Za mało danych (0/2 kolejek),,,0
2732,Tonio Teklić,widzew łódź,POM,Motor Lublin,True,,,,,,,insufficient_data,Za mało danych (0/2 kolejek),,,0
2733,Luis Palma,lech poznań,POM,Cracovia,True,,,,,,,insufficient_data,Za mało danych (0/2 kolejek),,,0
2734,Piotr Pietryga,górnik zabrze,BR,Śląsk Wrocław,True,,,,,,,insufficient_data,Za mało danych (0/2 kolejek),,,0
2735,Miłosz Swatowski,gks katowice,POM,Wisła Kraków,False,,,,,,,insufficient_data,Za mało danych (0/2 kolejek),,,0
2736,Cyprian Popielec,zagłębie lubin,POM,Piast Gliwice,True,,,,,,,insufficient_data,Za mało danych (0/2 kolejek),,,0
2737,Marko Bulat,raków częstochowa,POM,Wisła Płock,True,,,,,,,insufficient_data,Za mało danych (0/2 kolejek),,,0
2738,Kuba Bochniarz,pogoń szczecin,BR,Legia Warszawa,True,,,,,,,insufficient_data,Za mało danych (0/2 kolejek),,,0
2739,Konrad Cymerys,cracovia,BR,Lech Poznań,False,,,,,,,insufficient_data,Za mało danych (0/2 kolejek),,,0
2740,Quentin Lecoeuche,wisła płock,OBR,Raków Częstochowa,False,,,,,,,insufficient_data,Za mało danych (0/2 kolejek),,,0
2741,Alex Peškovič,pogoń szczecin,BR,Legia Warszawa,True,,,,,,,insufficient_data,Za mało danych (0/2 kolejek),,,0
2742,Kahveh Zahiroleslam,cracovia,NAP,Lech Poznań,False,,,,,,,insufficient_data,Za mało danych (0/2 kolejek),,,0
2743,Elves Balde,radomiak radom,NAP,Wieczysta Kraków,True,,,,,,,insufficient_data,Za mało danych (0/2 kolejek),,,0
2744,Stélios Andréou,widzew łódź,OBR,Motor Lublin,True,,,,,,,insufficient_data,Za mało danych (0/2 kolejek),,,0
2745,Mateusz Klich,cracovia,POM,Lech Poznań,False,,,,,,,insufficient_data,Za mało danych (0/2 kolejek),,,0
2746,Matchoi Djaló,wisła płock,POM,Raków Częstochowa,False,,,,,,,insufficient_data,Za mało danych (0/2 kolejek),,,0
2747,Hugo Vallejo,piast gliwice,POM,Zagłębie Lubin,False,,,,,,,insufficient_data,Za mało danych (0/2 kolejek),,,0
2748,Jesse Bosch,gks katowice,POM,Wisła Kraków,False,,,,,,,insufficient_data,Za mało danych (0/2 kolejek),,,0
2749,Henrique Arreiol,legia warszawa,POM,Pogoń Szczecin,False,,,,,,,insufficient_data,Za mało danych (0/2 kolejek),,,0
2750,Rafał Jakubowski,pogoń szczecin,OBR,Legia Warszawa,True,,,,,,,insufficient_data,Za mało danych (0/2 kolejek),,,0
2751,Kacper Stanowski,pogoń szczecin,NAP,Legia Warszawa,True,,,,,,,insufficient_data,Za mało danych (0/2 kolejek),,,0
2752,Slobodan Rubežić,korona kielce,OBR,Jagiellonia Białystok,False,,,,,,,insufficient_data,Za mało danych (0/2 kolejek),,,0
2753,Boško Šutalo,cracovia,OBR,Lech Poznań,False,,,,,,,insufficient_data,Za mało danych (0/2 kolejek),,,0
2754,Oskar Klat,wisła płock,BR,Raków Częstochowa,False,,,,,,,insufficient_data,Za mało danych (0/2 kolejek),,,0
2755,Romário Baró,radomiak radom,POM,Wieczysta Kraków,True,,,,,,,insufficient_data,Za mało danych (0/2 kolejek),,,0
2757,Ermal Krasniqi,legia warszawa,POM,Pogoń Szczecin,False,,,,,,,insufficient_data,Za mało danych (0/2 kolejek),,,0
2758,Sam Greenwood,pogoń szczecin,POM,Legia Warszawa,True,,,,,,,insufficient_data,Za mało danych (0/2 kolejek),,,0
2759,Eman Markovic,gks katowice,POM,Wisła Kraków,False,,,,,,,insufficient_data,Za mało danych (0/2 kolejek),,,0
2760,Tomás Tavares,wisła płock,OBR,Raków Częstochowa,False,,,,,,,insufficient_data,Za mało danych (0/2 kolejek),,,0
2762,Youssuf Sylla,jagiellonia białystok,NAP,Korona Kielce,True,,,,,,,insufficient_data,Za mało danych (0/2 kolejek),,,0
2763,Brahim Traoré,cracovia,OBR,Lech Poznań,False,,,,,,,insufficient_data,Za mało danych (0/2 kolejek),,,0
2765,Kamil Jakóbczyk,lech poznań,NAP,Cracovia,True,,,,,,,insufficient_data,Za mało danych (0/2 kolejek),,,0
2766,Noah Weißhaupt,legia warszawa,POM,Pogoń Szczecin,False,,,,,,,insufficient_data,Za mało danych (0/2 kolejek),,,0
2767,Yannick Agnero,lech poznań,NAP,Cracovia,True,,,,,,,insufficient_data,Za mało danych (0/2 kolejek),,,0
2769,Bogdan Mirčetić,raków częstochowa,POM,Wisła Płock,True,,,,,,,insufficient_data,Za mało danych (0/2 kolejek),,,0
2770,Veljko Ilić,widzew łódź,BR,Motor Lublin,True,,,,,,,insufficient_data,Za mało danych (0/2 kolejek),,,0
2772,Sergio Lozano,jagiellonia białystok,POM,Korona Kielce,True,,,,,,,insufficient_data,Za mało danych (0/2 kolejek),,,0
2773,Pape Meïssa Ba,widzew łódź,NAP,Motor Lublin,True,,,,,,,insufficient_data,Za mało danych (0/2 kolejek),,,0
2774,Milan Aleksić,cracovia,POM,Lech Poznań,False,,,,,,,insufficient_data,Za mało danych (0/2 kolejek),,,0
2775,Fábio Ronaldo,motor lublin,POM,Widzew Łódź,False,,,,,,,insufficient_data,Za mało danych (0/2 kolejek),,,0
2776,Joshua Wilson-Esbrand,radomiak radom,OBR,Wieczysta Kraków,True,,,,,,,insufficient_data,Za mało danych (0/2 kolejek),,,0
2777,Andy Pelmard,jagiellonia białystok,OBR,Korona Kielce,True,,,,,,,insufficient_data,Za mało danych (0/2 kolejek),,,0
2778,Mateusz Skoczylas,cracovia,POM,Lech Poznań,False,,,,,,,insufficient_data,Za mało danych (0/2 kolejek),,,0
2779,Deni Jurić,wisła płock,NAP,Raków Częstochowa,False,,,,,,,insufficient_data,Za mało danych (0/2 kolejek),,,0
2781,Žan Rogelj,wisła płock,OBR,Raków Częstochowa,False,,,,,,,insufficient_data,Za mało danych (0/2 kolejek),,,0
2782,Gabriel Charpentier,cracovia,NAP,Lech Poznań,False,,,,,,,insufficient_data,Za mało danych (0/2 kolejek),,,0
2783,Andi Zeqiri,widzew łódź,NAP,Motor Lublin,True,,,,,,,insufficient_data,Za mało danych (0/2 kolejek),,,0
2784,Benjamin Mendy,pogoń szczecin,OBR,Legia Warszawa,True,,,,,,,insufficient_data,Za mało danych (0/2 kolejek),,,0
2785,Hussein Ali,pogoń szczecin,OBR,Legia Warszawa,True,,,,,,,insufficient_data,Za mało danych (0/2 kolejek),,,0
2786,Antoni Bałabuch,górnik zabrze,BR,Śląsk Wrocław,True,,,,,,,insufficient_data,Za mało danych (0/2 kolejek),,,0
2787,Adrian Damasiewicz,jagiellonia białystok,BR,Korona Kielce,True,,,,,,,insufficient_data,Za mało danych (0/2 kolejek),,,0
2788,Mateusz Leśniewski,wisła płock,POM,Raków Częstochowa,False,,,,,,,insufficient_data,Za mało danych (0/2 kolejek),,,0
2789,Jakub Kokosiński,gks katowice,NAP,Wisła Kraków,False,,,,,,,insufficient_data,Za mało danych (0/2 kolejek),,,0
2791,Hubert Janyszka,lech poznań,OBR,Cracovia,True,,,,,,,insufficient_data,Za mało danych (0/2 kolejek),,,0
2792,Maciej Kuczyński,jagiellonia białystok,NAP,Korona Kielce,True,,,,,,,insufficient_data,Za mało danych (0/2 kolejek),,,0
2793,Brandon Dominguès,górnik zabrze,POM,Śląsk Wrocław,True,,,,,,,insufficient_data,Za mało danych (0/2 kolejek),,,0
2794,Lukáš Sadílek,górnik zabrze,POM,Śląsk Wrocław,True,,,,,,,insufficient_data,Za mało danych (0/2 kolejek),,,0
2795,Bartłomiej Krasiewicz,jagiellonia białystok,OBR,Korona Kielce,True,,,,,,,insufficient_data,Za mało danych (0/2 kolejek),,,0
2796,Płamen Andrejew,lech poznań,BR,Cracovia,True,,,,,,,insufficient_data,Za mało danych (0/2 kolejek),,,0
2798,Samuel Kováčik,legia warszawa,POM,Pogoń Szczecin,False,,,,,,,insufficient_data,Za mało danych (0/2 kolejek),,,0
2799,Osman Bukari,widzew łódź,POM,Motor Lublin,True,,,,,,,insufficient_data,Za mało danych (0/2 kolejek),,,0
2800,Christopher Cheng,widzew łódź,OBR,Motor Lublin,True,,,,,,,insufficient_data,Za mało danych (0/2 kolejek),,,0
2801,Bartłomiej Drągowski,widzew łódź,BR,Motor Lublin,True,,,,,,,insufficient_data,Za mało danych (0/2 kolejek),,,0
2803,Matwiej Bochno,wisła płock,OBR,Raków Częstochowa,False,,,,,,,insufficient_data,Za mało danych (0/2 kolejek),,,0
2804,Borisław Rupanow,górnik zabrze,NAP,Śląsk Wrocław,True,,,,,,,insufficient_data,Za mało danych (0/2 kolejek),,,0
2805,Otto Hindrich,legia warszawa,BR,Pogoń Szczecin,False,,,,,,,insufficient_data,Za mało danych (0/2 kolejek),,,0
2807,Kellyn Acosta,pogoń szczecin,POM,Legia Warszawa,True,,,,,,,insufficient_data,Za mało danych (0/2 kolejek),,,0
2808,Mitja Ilenič,raków częstochowa,OBR,Wisła Płock,True,,,,,,,insufficient_data,Za mało danych (0/2 kolejek),,,0
2809,Simon Gustafson,korona kielce,POM,Jagiellonia Białystok,False,,,,,,,insufficient_data,Za mało danych (0/2 kolejek),,,0
2811,Abraham Ojo,raków częstochowa,POM,Wisła Płock,True,,,,,,,insufficient_data,Za mało danych (0/2 kolejek),,,0
2812,Mathias Dahl Sauer,górnik zabrze,POM,Śląsk Wrocław,True,,,,,,,insufficient_data,Za mało danych (0/2 kolejek),,,0
2814,Isak Brusberg,raków częstochowa,NAP,Wisła Płock,True,,,,,,,insufficient_data,Za mało danych (0/2 kolejek),,,0
2815,Guilherme Montóia,jagiellonia białystok,OBR,Korona Kielce,True,,,,,,,insufficient_data,Za mało danych (0/2 kolejek),,,0
2816,Paweł Dawidowicz,raków częstochowa,OBR,Wisła Płock,True,,,,,,,insufficient_data,Za mało danych (0/2 kolejek),,,0
2817,Emil Kornvig,widzew łódź,POM,Motor Lublin,True,,,,,,,insufficient_data,Za mało danych (0/2 kolejek),,,0
2818,Mateusz Tabisz,cracovia,POM,Lech Poznań,False,,,,,,,insufficient_data,Za mało danych (0/2 kolejek),,,0
2819,Samed Baždar,jagiellonia białystok,NAP,Korona Kielce,True,,,,,,,insufficient_data,Za mało danych (0/2 kolejek),,,0
2820,Beno Selan,cracovia,POM,Lech Poznań,False,,,,,,,insufficient_data,Za mało danych (0/2 kolejek),,,0
2821,Attila Szalai,pogoń szczecin,OBR,Legia Warszawa,True,,,,,,,insufficient_data,Za mało danych (0/2 kolejek),,,0
2822,Elton Fikaj,piast gliwice,OBR,Zagłębie Lubin,False,,,,,,,insufficient_data,Za mało danych (0/2 kolejek),,,0
2823,Jan Leszczyński,legia warszawa,OBR,Pogoń Szczecin,False,,,,,,,insufficient_data,Za mało danych (0/2 kolejek),,,0
2824,Adam Żabicki,radomiak radom,POM,Wieczysta Kraków,True,,,,,,,insufficient_data,Za mało danych (0/2 kolejek),,,0
2825,Pau Sans,cracovia,POM,Lech Poznań,False,,,,,,,insufficient_data,Za mało danych (0/2 kolejek),,,0
2826,Levente Szabó,zagłębie lubin,NAP,Piast Gliwice,True,,,,,,,insufficient_data,Za mało danych (0/2 kolejek),,,0
2827,Jakub Ligocki,zagłębie lubin,POM,Piast Gliwice,True,,,,,,,insufficient_data,Za mało danych (0/2 kolejek),,,0
2828,Seweryn Marek,zagłębie lubin,POM,Piast Gliwice,True,,,,,,,insufficient_data,Za mało danych (0/2 kolejek),,,0
2829,Maciej Urbański,zagłębie lubin,OBR,Piast Gliwice,True,,,,,,,insufficient_data,Za mało danych (0/2 kolejek),,,0
2830,Zachary Zalewski,jagiellonia białystok,POM,Korona Kielce,True,,,,,,,insufficient_data,Za mało danych (0/2 kolejek),,,0
2831,Oliwier Maziarz,piast gliwice,POM,Zagłębie Lubin,False,,,,,,,insufficient_data,Za mało danych (0/2 kolejek),,,0
2832,Jakub Grelich,piast gliwice,BR,Zagłębie Lubin,False,,,,,,,insufficient_data,Za mało danych (0/2 kolejek),,,0
2833,Mihael Mlinarić,zagłębie lubin,NAP,Piast Gliwice,True,,,,,,,insufficient_data,Za mało danych (0/2 kolejek),,,0
2834,Jerzy Napieraj,raków częstochowa,OBR,Wisła Płock,True,,,,,,,insufficient_data,Za mało danych (0/2 kolejek),,,0
2835,Jacek Czapliński,pogoń szczecin,POM,Legia Warszawa,True,,,,,,,insufficient_data,Za mało danych (0/2 kolejek),,,0
2836,Marin Karamarko,wisła płock,OBR,Raków Częstochowa,False,,,,,,,insufficient_data,Za mało danych (0/2 kolejek),,,0
2837,Sebastian Rojek,pogoń szczecin,POM,Legia Warszawa,True,,,,,,,insufficient_data,Za mało danych (0/2 kolejek),,,0
2838,Dominik Czeremski,raków częstochowa,BR,Wisła Płock,True,,,,,,,insufficient_data,Za mało danych (0/2 kolejek),,,0
2839,Ivan Lima,piast gliwice,POM,Zagłębie Lubin,False,,,,,,,insufficient_data,Za mało danych (0/2 kolejek),,,0
2840,Salifou Soumah,radomiak radom,POM,Wieczysta Kraków,True,,,,,,,insufficient_data,Za mało danych (0/2 kolejek),,,0
2841,Yvan Ikia Dimi,górnik zabrze,POM,Śląsk Wrocław,True,,,,,,,insufficient_data,Za mało danych (0/2 kolejek),,,0
2842,Jean Batoum,cracovia,NAP,Lech Poznań,False,,,,,,,insufficient_data,Za mało danych (0/2 kolejek),,,0
2843,Wiktor Żołneczko,raków częstochowa,BR,Wisła Płock,True,,,,,,,insufficient_data,Za mało danych (0/2 kolejek),,,0
2844,Wojciech Szymczak,lech poznań,NAP,Cracovia,True,,,,,,,insufficient_data,Za mało danych (0/2 kolejek),,,0
2845,Thomas Santos,motor lublin,OBR,Widzew Łódź,False,,,,,,,insufficient_data,Za mało danych (0/2 kolejek),,,0
2846,Filip Čuić,pogoń szczecin,NAP,Legia Warszawa,True,,,,,,,insufficient_data,Za mało danych (0/2 kolejek),,,0
2847,Mads Agger,pogoń szczecin,POM,Legia Warszawa,True,,,,,,,insufficient_data,Za mało danych (0/2 kolejek),,,0
2848,Ondřej Zmrzlý,górnik zabrze,OBR,Śląsk Wrocław,True,,,,,,,insufficient_data,Za mało danych (0/2 kolejek),,,0
2849,Kyriákos Savvídis,wisła płock,POM,Raków Częstochowa,False,,,,,,,insufficient_data,Za mało danych (0/2 kolejek),,,0
2850,Oskar Markiewicz,radomiak radom,OBR,Wieczysta Kraków,True,,,,,,,insufficient_data,Za mało danych (0/2 kolejek),,,0
2851,Marius Olsen,gks katowice,OBR,Wisła Kraków,False,,,,,,,insufficient_data,Za mało danych (0/2 kolejek),,,0
2852,Krystian Brzozowski,motor lublin,OBR,Widzew Łódź,False,,,,,,,insufficient_data,Za mało danych (0/2 kolejek),,,0
2854,Adam Hańćko,korona kielce,POM,Jagiellonia Białystok,False,,,,,,,insufficient_data,Za mało danych (0/2 kolejek),,,0
2855,Wojciech Pańkowski,gks katowice,BR,Wisła Kraków,False,,,,,,,insufficient_data,Za mało danych (0/2 kolejek),,,0
2859,Nikodem Rogowski,wisła płock,OBR,Raków Częstochowa,False,,,,,,,insufficient_data,Za mało danych (0/2 kolejek),,,0
2863,Jakub Stępak,wisła kraków,BR,GKS Katowice,True,,,,,,,insufficient_data,Za mało danych (0/2 kolejek),,,0
2864,Patryk Letkiewicz,wisła kraków,BR,GKS Katowice,True,,,,,,,insufficient_data,Za mało danych (0/2 kolejek),,,0
2865,Maxence Maisonneuve,wisła kraków,OBR,GKS Katowice,True,,,,,,,insufficient_data,Za mało danych (0/2 kolejek),,,0
2866,Darijo Grujcic,wisła kraków,OBR,GKS Katowice,True,,,,,,,insufficient_data,Za mało danych (0/2 kolejek),,,0
2867,Mariusz Kutwa,wisła kraków,OBR,GKS Katowice,True,,,,,,,insufficient_data,Za mało danych (0/2 kolejek),,,0
2868,Kacper Skrobański,wisła kraków,OBR,GKS Katowice,True,,,,,,,insufficient_data,Za mało danych (0/2 kolejek),,,0
2869,Jakub Krzyżanowski,wisła kraków,OBR,GKS Katowice,True,,,,,,,insufficient_data,Za mało danych (0/2 kolejek),,,0
2870,Rafał Mikulec,wisła kraków,OBR,GKS Katowice,True,,,,,,,insufficient_data,Za mało danych (0/2 kolejek),,,0
2871,Julian Lelieveld,wisła kraków,OBR,GKS Katowice,True,,,,,,,insufficient_data,Za mało danych (0/2 kolejek),,,0
2872,Raoul Giger,wisła kraków,OBR,GKS Katowice,True,,,,,,,insufficient_data,Za mało danych (0/2 kolejek),,,0
2873,Ervin Omic,wisła kraków,POM,GKS Katowice,True,,,,,,,insufficient_data,Za mało danych (0/2 kolejek),,,0
2874,James Igbekeme,wisła kraków,POM,GKS Katowice,True,,,,,,,insufficient_data,Za mało danych (0/2 kolejek),,,0
2875,Marc Carbó,wisła kraków,POM,GKS Katowice,True,,,,,,,insufficient_data,Za mało danych (0/2 kolejek),,,0
2876,Wiktor Staszak,wisła kraków,POM,GKS Katowice,True,,,,,,,insufficient_data,Za mało danych (0/2 kolejek),,,0
2877,Julius Ertlthaler,wisła kraków,POM,GKS Katowice,True,,,,,,,insufficient_data,Za mało danych (0/2 kolejek),,,0
2878,Frederico Duarte,wisła kraków,POM,GKS Katowice,True,,,,,,,insufficient_data,Za mało danych (0/2 kolejek),,,0
2879,Maciej Kuziemka,wisła kraków,POM,GKS Katowice,True,,,,,,,insufficient_data,Za mało danych (0/2 kolejek),,,0
2880,Marko Bozic,wisła kraków,POM,GKS Katowice,True,,,,,,,insufficient_data,Za mało danych (0/2 kolejek),,,0
2881,Ángel Rodado,wisła kraków,NAP,GKS Katowice,True,,,,,,,insufficient_data,Za mało danych (0/2 kolejek),,,0
2882,Szymon Kawała,wisła kraków,NAP,GKS Katowice,True,,,,,,,insufficient_data,Za mało danych (0/2 kolejek),,,0
2883,Irodotos Christodoulou,śląsk wrocław,OBR,Górnik Zabrze,False,,,,,,,insufficient_data,Za mało danych (0/2 kolejek),,,0
2884,Lamine Ba,śląsk wrocław,OBR,Górnik Zabrze,False,,,,,,,insufficient_data,Za mało danych (0/2 kolejek),,,0
2885,Marko Dijakovic,śląsk wrocław,OBR,Górnik Zabrze,False,,,,,,,insufficient_data,Za mało danych (0/2 kolejek),,,0
2886,Eniss Shabani,śląsk wrocław,POM,Górnik Zabrze,False,,,,,,,insufficient_data,Za mało danych (0/2 kolejek),,,0
2887,Jorge Yriarte,śląsk wrocław,POM,Górnik Zabrze,False,,,,,,,insufficient_data,Za mało danych (0/2 kolejek),,,0
2888,Dorian Markowski,śląsk wrocław,POM,Górnik Zabrze,False,,,,,,,insufficient_data,Za mało danych (0/2 kolejek),,,0
2889,Przemyslaw Mazan,śląsk wrocław,POM,Górnik Zabrze,False,,,,,,,insufficient_data,Za mało danych (0/2 kolejek),,,0
2890,Alex Timossi Andersson,śląsk wrocław,POM,Górnik Zabrze,False,,,,,,,insufficient_data,Za mało danych (0/2 kolejek),,,0
2891,Michał Rosiak,śląsk wrocław,POM,Górnik Zabrze,False,,,,,,,insufficient_data,Za mało danych (0/2 kolejek),,,0
2892,Luka Marjanac,śląsk wrocław,POM,Górnik Zabrze,False,,,,,,,insufficient_data,Za mało danych (0/2 kolejek),,,0
2893,Adam Ciućka,śląsk wrocław,POM,Górnik Zabrze,False,,,,,,,insufficient_data,Za mało danych (0/2 kolejek),,,0
2894,Malaly Dembélé,śląsk wrocław,NAP,Górnik Zabrze,False,,,,,,,insufficient_data,Za mało danych (0/2 kolejek),,,0
2895,Philipp Schulze,górnik zabrze,BR,Śląsk Wrocław,True,,,,,,,insufficient_data,Za mało danych (0/2 kolejek),,,0
2896,Antoni Kustra,wieczysta kraków,BR,Radomiak Radom,False,,,,,,,insufficient_data,Za mało danych (0/2 kolejek),,,0
2897,Duje Dujmovic,wieczysta kraków,OBR,Radomiak Radom,False,,,,,,,insufficient_data,Za mało danych (0/2 kolejek),,,0
2898,Aleksandar Djermanovic,wieczysta kraków,OBR,Radomiak Radom,False,,,,,,,insufficient_data,Za mało danych (0/2 kolejek),,,0
2899,Kacper Zagrodzki,wieczysta kraków,OBR,Radomiak Radom,False,,,,,,,insufficient_data,Za mało danych (0/2 kolejek),,,0
2900,Nikola Knezevic,wieczysta kraków,POM,Radomiak Radom,False,,,,,,,insufficient_data,Za mało danych (0/2 kolejek),,,0
2901,Tobias Christensen,wieczysta kraków,POM,Radomiak Radom,False,,,,,,,insufficient_data,Za mało danych (0/2 kolejek),,,0
2902,Lucas Piazón,wieczysta kraków,POM,Radomiak Radom,False,,,,,,,insufficient_data,Za mało danych (0/2 kolejek),,,0
2903,Petar Pusic,wieczysta kraków,POM,Radomiak Radom,False,,,,,,,insufficient_data,Za mało danych (0/2 kolejek),,,0
2904,Christopher Lungoyi,wieczysta kraków,POM,Radomiak Radom,False,,,,,,,insufficient_data,Za mało danych (0/2 kolejek),,,0
2905,Jacky Donkor,wieczysta kraków,POM,Radomiak Radom,False,,,,,,,insufficient_data,Za mało danych (0/2 kolejek),,,0
2906,Stefan Feiertag,wieczysta kraków,NAP,Radomiak Radom,False,,,,,,,insufficient_data,Za mało danych (0/2 kolejek),,,0
2907,Paulinho,wieczysta kraków,NAP,Radomiak Radom,False,,,,,,,insufficient_data,Za mało danych (0/2 kolejek),,,0
2908,Szymon Bartlewicz,gks katowice,POM,Wisła Kraków,False,,,,,,,insufficient_data,Za mało danych (0/2 kolejek),,,0
2909,Dominik Baumgartner,cracovia,OBR,Lech Poznań,False,,,,,,,insufficient_data,Za mało danych (0/2 kolejek),,,0
2910,Bruno Durdov,górnik zabrze,POM,Śląsk Wrocław,True,,,,,,,insufficient_data,Za mało danych (0/2 kolejek),,,0
2911,Gédéon Nongo,górnik zabrze,POM,Śląsk Wrocław,True,,,,,,,insufficient_data,Za mało danych (0/2 kolejek),,,0
2912,Erik Prekop,górnik zabrze,NAP,Śląsk Wrocław,True,,,,,,,insufficient_data,Za mało danych (0/2 kolejek),,,0
2913,Ksawery Semik,górnik zabrze,POM,Śląsk Wrocław,True,,,,,,,insufficient_data,Za mało danych (0/2 kolejek),,,0
2914,Michał Synoś,górnik zabrze,OBR,Śląsk Wrocław,True,,,,,,,insufficient_data,Za mało danych (0/2 kolejek),,,0
2915,Patryk Warczak,górnik zabrze,OBR,Śląsk Wrocław,True,,,,,,,insufficient_data,Za mało danych (0/2 kolejek),,,0
2916,Marcel Kalemba,górnik zabrze,POM,Śląsk Wrocław,True,,,,,,,insufficient_data,Za mało danych (0/2 kolejek),,,0
2917,Allahyar Sayyadmanesh,lech poznań,POM,Cracovia,True,,,,,,,insufficient_data,Za mało danych (0/2 kolejek),,,0
2918,Terry Yegbe,lech poznań,OBR,Cracovia,True,,,,,,,insufficient_data,Za mało danych (0/2 kolejek),,,0
2919,Robert Deziel,legia warszawa,OBR,Pogoń Szczecin,False,,,,,,,insufficient_data,Za mało danych (0/2 kolejek),,,0
2920,Makan Aïko,motor lublin,POM,Widzew Łódź,False,,,,,,,insufficient_data,Za mało danych (0/2 kolejek),,,0
2921,Mihai Popa,motor lublin,BR,Widzew Łódź,False,,,,,,,insufficient_data,Za mało danych (0/2 kolejek),,,0
2922,Artem Akatov,motor lublin,OBR,Widzew Łódź,False,,,,,,,insufficient_data,Za mało danych (0/2 kolejek),,,0
2923,Marcel Złomańczuk,motor lublin,POM,Widzew Łódź,False,,,,,,,insufficient_data,Za mało danych (0/2 kolejek),,,0
2924,Domen Gril,piast gliwice,BR,Zagłębie Lubin,False,,,,,,,insufficient_data,Za mało danych (0/2 kolejek),,,0
2925,Maciek Kucharski,piast gliwice,NAP,Zagłębie Lubin,False,,,,,,,insufficient_data,Za mało danych (0/2 kolejek),,,0
2926,Samuel Ntamack,piast gliwice,NAP,Zagłębie Lubin,False,,,,,,,insufficient_data,Za mało danych (0/2 kolejek),,,0
2927,Níkos Bótis,pogoń szczecin,BR,Legia Warszawa,True,,,,,,,insufficient_data,Za mało danych (0/2 kolejek),,,0
2928,Fernand Gouré,radomiak radom,NAP,Wieczysta Kraków,True,,,,,,,insufficient_data,Za mało danych (0/2 kolejek),,,0
2929,Manu,radomiak radom,NAP,Wieczysta Kraków,True,,,,,,,insufficient_data,Za mało danych (0/2 kolejek),,,0
2930,Dieudonné Debohi,raków częstochowa,OBR,Wisła Płock,True,,,,,,,insufficient_data,Za mało danych (0/2 kolejek),,,0
2931,Jakub Jendryka,raków częstochowa,OBR,Wisła Płock,True,,,,,,,insufficient_data,Za mało danych (0/2 kolejek),,,0
2932,Tarik Karić,raków częstochowa,BR,Wisła Płock,True,,,,,,,insufficient_data,Za mało danych (0/2 kolejek),,,0
2933,Oliwier Kwiatkowski,raków częstochowa,POM,Wisła Płock,True,,,,,,,insufficient_data,Za mało danych (0/2 kolejek),,,0
2934,Ádin Molnár,raków częstochowa,POM,Wisła Płock,True,,,,,,,insufficient_data,Za mało danych (0/2 kolejek),,,0
2935,Jurica Pršir,wisła płock,POM,Raków Częstochowa,False,,,,,,,insufficient_data,Za mało danych (0/2 kolejek),,,0
2936,David Čolina,zagłębie lubin,OBR,Piast Gliwice,True,,,,,,,insufficient_data,Za mało danych (0/2 kolejek),,,0
2937,Paweł Kosmalski,zagłębie lubin,POM,Piast Gliwice,True,,,,,,,insufficient_data,Za mało danych (0/2 kolejek),,,0
2938,Szymon Łyczko,zagłębie lubin,POM,Piast Gliwice,True,,,,,,,insufficient_data,Za mało danych (0/2 kolejek),,,0
2939,Nik Prelec,jagiellonia białystok,NAP,Korona Kielce,True,,,,,,,insufficient_data,Za mało danych (0/2 kolejek),,,0
2940,Mario García,widzew łódź,OBR,Motor Lublin,True,,,,,,,insufficient_data,Za mało danych (0/2 kolejek),,,0
2941,Élie Youan,wisła kraków,POM,GKS Katowice,True,,,,,,,insufficient_data,Za mało danych (0/2 kolejek),,,0
2942,Michal Ševčík,legia warszawa,POM,Pogoń Szczecin,False,,,,,,,insufficient_data,Za mało danych (0/2 kolejek),,,0
2943,Peter González,górnik zabrze,POM,Śląsk Wrocław,True,,,,,,,insufficient_data,Za mało danych (0/2 kolejek),,,0
2944,Dominik Gregorski,motor lublin,NAP,Widzew Łódź,False,,,,,,,insufficient_data,Za mało danych (0/2 kolejek),,,0
2945,Rodrigo Conceicao,jagiellonia białystok,OBR,Korona Kielce,True,,,,,,,insufficient_data,Za mało danych (0/2 kolejek),,,0
2946,Oliwier Pławiński,wisła kraków,POM,GKS Katowice,True,,,,,,,insufficient_data,Za mało danych (0/2 kolejek),,,0
2947,Karol Tokarczyk,wisła kraków,POM,GKS Katowice,True,,,,,,,insufficient_data,Za mało danych (0/2 kolejek),,,0
2948,Kacper Błaszkiewicz,wisła płock,NAP,Raków Częstochowa,False,,,,,,,insufficient_data,Za mało danych (0/2 kolejek),,,0
2949,Oskar Dari,wisła płock,POM,Raków Częstochowa,False,,,,,,,insufficient_data,Za mało danych (0/2 kolejek),,,0
2950,Szymon Wadas,wisła płock,BR,Raków Częstochowa,False,,,,,,,insufficient_data,Za mało danych (0/2 kolejek),,,0
2951,Nikola Čavlina,wieczysta kraków,BR,Radomiak Radom,False,,,,,,,insufficient_data,Za mało danych (0/2 kolejek),,,0
2952,Ché Nunnely,radomiak radom,POM,Wieczysta Kraków,True,,,,,,,insufficient_data,Za mało danych (0/2 kolejek),,,0
2953,Yacine Bourhane,motor lublin,POM,Widzew Łódź,False,,,,,,,insufficient_data,Za mało danych (0/2 kolejek),,,0
2954,Vincent Burlet,cracovia,OBR,Lech Poznań,False,,,,,,,insufficient_data,Za mało danych (0/2 kolejek),,,0
2955,Igor Chmielewski,korona kielce,OBR,Jagiellonia Białystok,False,,,,,,,insufficient_data,Za mało danych (0/2 kolejek),,,0
2956,Kornel Toboła,korona kielce,NAP,Jagiellonia Białystok,False,,,,,,,insufficient_data,Za mało danych (0/2 kolejek),,,0
2957,Patryk Dziekoński,zagłębie lubin,POM,Piast Gliwice,True,,,,,,,insufficient_data,Za mało danych (0/2 kolejek),,,0
2958,Franciszek Nowak,zagłębie lubin,BR,Piast Gliwice,True,,,,,,,insufficient_data,Za mało danych (0/2 kolejek),,,0
2959,Filip Przybyłko,legia warszawa,POM,Pogoń Szczecin,False,,,,,,,insufficient_data,Za mało danych (0/2 kolejek),,,0
2960,Maksym Cymbulak,wisła kraków,POM,GKS Katowice,True,,,,,,,insufficient_data,Za mało danych (0/2 kolejek),,,0
2961,Nikodem Całko,raków częstochowa,OBR,Wisła Płock,True,,,,,,,insufficient_data,Za mało danych (0/2 kolejek),,,0
2962,Erik Mikanowicz,legia warszawa,POM,Pogoń Szczecin,False,,,,,,,insufficient_data,Za mało danych (0/2 kolejek),,,0
2963,Maximilian Dietz,górnik zabrze,OBR,Śląsk Wrocław,True,,,,,,,insufficient_data,Za mało danych (0/2 kolejek),,,0
2964,Patryk Stechnij,wieczysta kraków,BR,Radomiak Radom,False,,,,,,,insufficient_data,Za mało danych (0/2 kolejek),,,0
2965,Alex Marciniak,cracovia,POM,Lech Poznań,False,,,,,,,insufficient_data,Za mało danych (0/2 kolejek),,,0
2966,Jeremy Agbonifo,jagiellonia białystok,POM,Korona Kielce,True,,,,,,,insufficient_data,Za mało danych (0/2 kolejek),,,0
2967,Jérémy Guillemenot,wisła kraków,NAP,GKS Katowice,True,,,,,,,insufficient_data,Za mało danych (0/2 kolejek),,,0
2968,Adrian Żulewski,śląsk wrocław,OBR,Górnik Zabrze,False,,,,,,,insufficient_data,Za mało danych (0/2 kolejek),,,0
2969,Nicolas Dohojda,radomiak radom,POM,Wieczysta Kraków,True,,,,,,,insufficient_data,Za mało danych (0/2 kolejek),,,0
2970,Konrad Kraska,motor lublin,POM,Widzew Łódź,False,,,,,,,insufficient_data,Za mało danych (0/2 kolejek),,,0
2971,Paweł Pakieła,jagiellonia białystok,POM,Korona Kielce,True,,,,,,,insufficient_data,Za mało danych (0/2 kolejek),,,0
2972,Jakub Wilczek,cracovia,OBR,Lech Poznań,False,,,,,,,insufficient_data,Za mało danych (0/2 kolejek),,,0
2234,Ali Gholizadeh,lech poznań,POM,Cracovia,True,0,,,,,,unavailable,⛔ Kontuzjowany — zawodnik niedostępny,True,Kontuzjowany,0
2768,Antonio Čolak,legia warszawa,NAP,Pogoń Szczecin,False,0,,,,,,unavailable,⛔ Kontuzjowany — zawodnik niedostępny,True,Kontuzjowany,0
2810,Carlos Isaac,widzew łódź,OBR,Motor Lublin,True,0,,,,,,unavailable,⛔ Kontuzjowany — zawodnik niedostępny,True,Kontuzjowany,0
705,Damian Rasak,gks katowice,POM,Wisła Kraków,False,0,,,,,,unavailable,⛔ Kontuzjowany — zawodnik niedostępny,True,Kontuzjowany,0
382,Dominik Hładun,zagłębie lubin,BR,Piast Gliwice,True,0,,,,,,unavailable,⛔ Kontuzjowany — zawodnik niedostępny,True,Kontuzjowany,0
395,Jarosław Kubicki,górnik zabrze,POM,Śląsk Wrocław,True,0,,,,,,unavailable,⛔ Kontuzjowany — zawodnik niedostępny,True,Kontuzjowany,0
2802,Lukas Lerager,widzew łódź,POM,Motor Lublin,True,0,,,,,,unavailable,⛔ Kontuzjowany — zawodnik niedostępny,True,Kontuzjowany,0
1435,Rafał Strączek,gks katowice,BR,Wisła Kraków,False,0,,,,,,unavailable,⛔ Kontuzjowany — zawodnik niedostępny,True,Kontuzjowany,0
2761,Rajmund Molnár,pogoń szczecin,NAP,Legia Warszawa,True,0,,,,,,unavailable,⛔ Kontuzjowany — zawodnik niedostępny,True,Kontuzjowany,0
1737,Szymon Czyż,widzew łódź,POM,Motor Lublin,True,0,,,,,,unavailable,⛔ Kontuzjowany — zawodnik niedostępny,True,Kontuzjowany,0
2126,Wiktor Bogacz,cracovia,NAP,Lech Poznań,False,0,,,,,,unavailable,⛔ Kontuzjowany — zawodnik niedostępny,True,Kontuzjowany,0
