player_id,name,team,position,next_opponent,is_home,predicted_points,base_avg,fdr_modifier,minutes_factor,home_away_factor,avg_minutes,confidence,detail,unavailable,availability_reason,round_number
1319,Paweł Wszołek,legia warszawa,OBR,Korona Kielce,False,11.8,10.2,1.2,1.0,0.97,90.0,medium,Śr. 10.2 × FDR 1.2 × min 1.0 × wyjazd 0.97 = 11.8,,,3
1225,Jan Grzesik,radomiak radom,OBR,Górnik Zabrze,True,10.5,11.1,0.9,1.0,1.05,90.0,medium,Śr. 11.1 × FDR 0.9 × min 1.0 × dom 1.05 = 10.5,,,3
2431,Rúben Vinagre,legia warszawa,OBR,Korona Kielce,False,10.2,8.8,1.2,1.0,0.97,89.0,medium,Śr. 8.8 × FDR 1.2 × min 1.0 × wyjazd 0.97 = 10.2,,,3
2781,Žan Rogelj,wisła płock,OBR,Wisła Kraków,False,7.6,7.9,1.0,1.0,0.97,90.0,medium,Śr. 7.9 × FDR 1.0 × min 1.0 × wyjazd 0.97 = 7.6,,,3
1092,Piotr Samiec-Talar,śląsk wrocław,POM,Cracovia,True,7.5,6.6,1.08,1.0,1.05,90.0,medium,Śr. 6.6 × FDR 1.08 × min 1.0 × dom 1.05 = 7.5,,,3
1987,Jordi Sánchez,wisła kraków,NAP,Wisła Płock,True,6.9,9.1,0.8,0.9,1.05,78.0,medium,Śr. 9.1 × FDR 0.8 × min 0.9 × dom 1.05 = 6.9,,,3
2880,Marko Bozic,wisła kraków,POM,Wisła Płock,True,6.8,7.5,0.96,0.9,1.05,78.0,medium,Śr. 7.5 × FDR 0.96 × min 0.9 × dom 1.05 = 6.8,,,3
2423,Mbaye N'Diaye,motor lublin,POM,Pogoń Szczecin,False,6.7,6.4,1.08,1.0,0.97,86.0,medium,Śr. 6.4 × FDR 1.08 × min 1.0 × wyjazd 0.97 = 6.7,,,3
239,Marcin Flis,wisła płock,OBR,Wisła Kraków,False,6.6,6.8,1.0,1.0,0.97,90.0,medium,Śr. 6.8 × FDR 1.0 × min 1.0 × wyjazd 0.97 = 6.6,,,3
1464,Kajetan Szmyt,jagiellonia białystok,POM,Widzew Łódź,True,6.3,5.8,1.02,1.0,1.05,86.0,medium,Śr. 5.8 × FDR 1.02 × min 1.0 × dom 1.05 = 6.3,,,3
1540,Norbert Wojtuszek,jagiellonia białystok,OBR,Widzew Łódź,True,6.3,5.0,1.2,1.0,1.05,90.0,medium,Śr. 5.0 × FDR 1.2 × min 1.0 × dom 1.05 = 6.3,,,3
2703,Ibrahima Camará,radomiak radom,POM,Górnik Zabrze,True,6.3,7.2,0.84,1.0,1.05,87.0,medium,Śr. 7.2 × FDR 0.84 × min 1.0 × dom 1.05 = 6.3,,,3
1795,Sławomir Abramowicz,jagiellonia białystok,BR,Widzew Łódź,True,6.2,4.9,1.2,1.0,1.05,90.0,medium,Śr. 4.9 × FDR 1.2 × min 1.0 × dom 1.05 = 6.2,,,3
2805,Otto Hindrich,legia warszawa,BR,Korona Kielce,False,6.2,5.3,1.2,1.0,0.97,90.0,medium,Śr. 5.3 × FDR 1.2 × min 1.0 × wyjazd 0.97 = 6.2,,,3
2892,Luka Marjanac,śląsk wrocław,POM,Cracovia,True,5.9,5.2,1.08,1.0,1.05,82.0,medium,Śr. 5.2 × FDR 1.08 × min 1.0 × dom 1.05 = 5.9,,,3
1020,Jakub Łabojko,piast gliwice,POM,Lech Poznań,False,5.7,6.0,0.98,1.0,0.97,90.0,medium,Śr. 6.0 × FDR 0.98 × min 1.0 × wyjazd 0.97 = 5.7,,,3
2772,Sergio Lozano,jagiellonia białystok,POM,Widzew Łódź,True,5.7,7.6,1.02,0.7,1.05,52.0,medium,Śr. 7.6 × FDR 1.02 × min 0.7 × dom 1.05 = 5.7,,,3
2815,Guilherme Montóia,jagiellonia białystok,OBR,Widzew Łódź,True,5.6,4.4,1.2,1.0,1.05,90.0,medium,Śr. 4.4 × FDR 1.2 × min 1.0 × dom 1.05 = 5.6,,,3
923,Rafał Augustyniak,legia warszawa,OBR,Korona Kielce,False,5.5,4.7,1.2,1.0,0.97,90.0,medium,Śr. 4.7 × FDR 1.2 × min 1.0 × wyjazd 0.97 = 5.5,,,3
1299,Jean Carlos Silva,raków częstochowa,OBR,Zagłębie Lubin,True,5.4,4.7,1.1,1.0,1.05,90.0,medium,Śr. 4.7 × FDR 1.1 × min 1.0 × dom 1.05 = 5.4,,,3
2477,Marcel Reguła,zagłębie lubin,POM,Raków Częstochowa,False,5.2,6.0,0.9,1.0,0.97,86.0,medium,Śr. 6.0 × FDR 0.9 × min 1.0 × wyjazd 0.97 = 5.2,,,3
2919,Robert Deziel,legia warszawa,OBR,Korona Kielce,False,5.1,4.4,1.2,1.0,0.97,84.0,medium,Śr. 4.4 × FDR 1.2 × min 1.0 × wyjazd 0.97 = 5.1,,,3
2435,Zié Ouattara,radomiak radom,OBR,Górnik Zabrze,True,5.0,5.3,0.9,1.0,1.05,90.0,medium,Śr. 5.3 × FDR 0.9 × min 1.0 × dom 1.05 = 5.0,,,3
2662,Yūki Kobayashi,jagiellonia białystok,OBR,Widzew Łódź,True,5.0,3.9,1.2,1.0,1.05,90.0,medium,Śr. 3.9 × FDR 1.2 × min 1.0 × dom 1.05 = 5.0,,,3
1411,Rafał Leszczyński,wisła płock,BR,Wisła Kraków,False,4.9,5.1,1.0,1.0,0.97,90.0,medium,Śr. 5.1 × FDR 1.0 × min 1.0 × wyjazd 0.97 = 4.9,,,3
1675,Filip Majchrowicz,radomiak radom,BR,Górnik Zabrze,True,4.9,5.2,0.9,1.0,1.05,90.0,medium,Śr. 5.2 × FDR 0.9 × min 1.0 × dom 1.05 = 4.9,,,3
701,Patryk Kun,wisła płock,OBR,Wisła Kraków,False,4.6,4.7,1.0,1.0,0.97,90.0,medium,Śr. 4.7 × FDR 1.0 × min 1.0 × wyjazd 0.97 = 4.6,,,3
1126,Kamil Piątkowski,legia warszawa,OBR,Korona Kielce,False,4.6,3.9,1.2,1.0,0.97,90.0,medium,Śr. 3.9 × FDR 1.2 × min 1.0 × wyjazd 0.97 = 4.6,,,3
1529,Mariusz Fornalczyk,widzew łódź,POM,Jagiellonia Białystok,False,4.6,5.6,0.86,1.0,0.97,81.0,medium,Śr. 5.6 × FDR 0.86 × min 1.0 × wyjazd 0.97 = 4.6,,,3
1026,Mateusz Lis,lech poznań,BR,Piast Gliwice,True,4.5,3.9,1.1,1.0,1.05,90.0,medium,Śr. 3.9 × FDR 1.1 × min 1.0 × dom 1.05 = 4.5,,,3
1507,Łukasz Zjawiński,legia warszawa,NAP,Korona Kielce,False,4.5,5.2,0.9,1.0,0.97,81.0,medium,Śr. 5.2 × FDR 0.9 × min 1.0 × wyjazd 0.97 = 4.5,,,3
2926,Samuel Ntamack,piast gliwice,NAP,Lech Poznań,False,4.5,4.7,1.1,0.9,0.97,60.0,medium,Śr. 4.7 × FDR 1.1 × min 0.9 × wyjazd 0.97 = 4.5,,,3
2058,Filip Kocaba,zagłębie lubin,POM,Raków Częstochowa,False,4.4,5.1,0.9,1.0,0.97,86.0,medium,Śr. 5.1 × FDR 0.9 × min 1.0 × wyjazd 0.97 = 4.4,,,3
2661,Bernardo Vital,jagiellonia białystok,OBR,Widzew Łódź,True,4.4,3.5,1.2,1.0,1.05,90.0,medium,Śr. 3.5 × FDR 1.2 × min 1.0 × dom 1.05 = 4.4,,,3
2671,Karol Czubak,motor lublin,NAP,Pogoń Szczecin,False,4.4,3.7,1.2,1.0,0.97,90.0,medium,Śr. 3.7 × FDR 1.2 × min 1.0 × wyjazd 0.97 = 4.4,,,3
86,Taras Romanczuk,jagiellonia białystok,POM,Widzew Łódź,True,4.3,4.0,1.02,1.0,1.05,90.0,medium,Śr. 4.0 × FDR 1.02 × min 1.0 × dom 1.05 = 4.3,,,3
1285,Lucas Luquinhas,radomiak radom,POM,Górnik Zabrze,True,4.3,4.9,0.84,1.0,1.05,90.0,medium,Śr. 4.9 × FDR 0.84 × min 1.0 × dom 1.05 = 4.3,,,3
2872,Raoul Giger,wisła kraków,OBR,Wisła Płock,True,4.3,3.8,1.2,0.9,1.05,62.0,medium,Śr. 3.8 × FDR 1.2 × min 0.9 × dom 1.05 = 4.3,,,3
2939,Nik Prelec,jagiellonia białystok,NAP,Widzew Łódź,True,4.3,6.5,0.9,0.7,1.05,48.0,medium,Śr. 6.5 × FDR 0.9 × min 0.7 × dom 1.05 = 4.3,,,3
2717,Pablo Rodríguez,lech poznań,POM,Piast Gliwice,True,4.2,4.1,1.1,0.9,1.05,76.0,medium,Śr. 4.1 × FDR 1.1 × min 0.9 × dom 1.05 = 4.2,,,3
480,Bartosz Nowak,gks katowice,POM,Wieczysta Kraków,True,4.1,3.9,1.0,1.0,1.05,90.0,medium,Śr. 3.9 × FDR 1.0 × min 1.0 × dom 1.05 = 4.1,,,3
1673,Przemysław Banaszak,śląsk wrocław,NAP,Cracovia,True,4.1,4.4,1.0,0.9,1.05,62.0,medium,Śr. 4.4 × FDR 1.0 × min 0.9 × dom 1.05 = 4.1,,,3
2367,Wojciech Mońka,lech poznań,OBR,Piast Gliwice,True,4.1,3.5,1.1,1.0,1.05,90.0,medium,Śr. 3.5 × FDR 1.1 × min 1.0 × dom 1.05 = 4.1,,,3
2902,Lucas Piazón,wieczysta kraków,POM,GKS Katowice,False,4.1,4.2,1.02,1.0,0.97,90.0,medium,Śr. 4.2 × FDR 1.02 × min 1.0 × wyjazd 0.97 = 4.1,,,3
2123,Michał Gurgul,lech poznań,OBR,Piast Gliwice,True,4.0,3.9,1.1,0.9,1.05,68.0,medium,Śr. 3.9 × FDR 1.1 × min 0.9 × dom 1.05 = 4.0,,,3
2189,Adrián Diéguez,radomiak radom,OBR,Górnik Zabrze,True,4.0,4.2,0.9,1.0,1.05,90.0,medium,Śr. 4.2 × FDR 0.9 × min 1.0 × dom 1.05 = 4.0,,,3
2640,Marcus Haglind-Sangré,wisła płock,OBR,Wisła Kraków,False,4.0,4.1,1.0,1.0,0.97,90.0,medium,Śr. 4.1 × FDR 1.0 × min 1.0 × wyjazd 0.97 = 4.0,,,3
1334,Conrado Buchanelli Holz,radomiak radom,OBR,Górnik Zabrze,True,3.9,4.2,0.9,1.0,1.05,87.0,medium,Śr. 4.2 × FDR 0.9 × min 1.0 × dom 1.05 = 3.9,,,3
1401,Kryspin Szcześniak,radomiak radom,OBR,Górnik Zabrze,True,3.9,4.2,0.9,1.0,1.05,90.0,medium,Śr. 4.2 × FDR 0.9 × min 1.0 × dom 1.05 = 3.9,,,3
1521,Bartosz Kapustka,legia warszawa,POM,Korona Kielce,False,3.9,4.0,1.02,1.0,0.97,86.0,medium,Śr. 4.0 × FDR 1.02 × min 1.0 × wyjazd 0.97 = 3.9,,,3
2917,Allahyar Sayyadmanesh,lech poznań,POM,Piast Gliwice,True,3.9,4.8,1.1,0.7,1.05,34.0,medium,Śr. 4.8 × FDR 1.1 × min 0.7 × dom 1.05 = 3.9,,,3
765,Jesús Imaz,jagiellonia białystok,POM,Widzew Łódź,True,3.8,4.0,1.02,0.9,1.05,77.0,medium,Śr. 4.0 × FDR 1.02 × min 0.9 × dom 1.05 = 3.8,,,3
2924,Domen Gril,piast gliwice,BR,Lech Poznań,False,3.7,4.8,0.8,1.0,0.97,90.0,medium,Śr. 4.8 × FDR 0.8 × min 1.0 × wyjazd 0.97 = 3.7,,,3
2498,Patrik Wålemark,lech poznań,POM,Piast Gliwice,True,3.6,3.4,1.1,0.9,1.05,64.0,medium,Śr. 3.4 × FDR 1.1 × min 0.9 × dom 1.05 = 3.6,,,3
2637,Marcin Kamiński,wisła płock,OBR,Wisła Kraków,False,3.6,3.7,1.0,1.0,0.97,90.0,medium,Śr. 3.7 × FDR 1.0 × min 1.0 × wyjazd 0.97 = 3.6,,,3
87,Damian Szymański,legia warszawa,POM,Korona Kielce,False,3.5,4.0,1.02,0.9,0.97,76.0,medium,Śr. 4.0 × FDR 1.02 × min 0.9 × wyjazd 0.97 = 3.5,,,3
184,Rafał Wolski,radomiak radom,POM,Górnik Zabrze,True,3.5,4.0,0.84,1.0,1.05,82.0,medium,Śr. 4.0 × FDR 0.84 × min 1.0 × dom 1.05 = 3.5,,,3
2733,Luis Palma,lech poznań,POM,Piast Gliwice,True,3.4,4.3,1.1,0.7,1.05,51.0,medium,Śr. 4.3 × FDR 1.1 × min 0.7 × dom 1.05 = 3.4,,,3
1653,Adam Radwański,wisła płock,POM,Wisła Kraków,False,3.3,3.4,1.0,1.0,0.97,88.0,medium,Śr. 3.4 × FDR 1.0 × min 1.0 × wyjazd 0.97 = 3.3,,,3
1168,Patryk Makuch,raków częstochowa,NAP,Zagłębie Lubin,True,3.2,3.9,0.8,1.0,1.05,88.0,medium,Śr. 3.9 × FDR 0.8 × min 1.0 × dom 1.05 = 3.2,,,3
2747,Hugo Vallejo,piast gliwice,POM,Lech Poznań,False,3.2,4.8,0.98,0.7,0.97,48.0,medium,Śr. 4.8 × FDR 0.98 × min 0.7 × wyjazd 0.97 = 3.2,,,3
2767,Yannick Agnero,lech poznań,NAP,Piast Gliwice,True,3.2,4.0,1.1,0.7,1.05,52.0,medium,Śr. 4.0 × FDR 1.1 × min 0.7 × dom 1.05 = 3.2,,,3
1632,Antoni Kozubal,lech poznań,POM,Piast Gliwice,True,3.1,2.7,1.1,1.0,1.05,90.0,medium,Śr. 2.7 × FDR 1.1 × min 1.0 × dom 1.05 = 3.1,,,3
1725,Mahir Emreli,raków częstochowa,NAP,Zagłębie Lubin,True,3.1,4.2,0.8,0.9,1.05,64.0,medium,Śr. 4.2 × FDR 0.8 × min 0.9 × dom 1.05 = 3.1,,,3
1455,Aleks Ławniczak,zagłębie lubin,OBR,Raków Częstochowa,False,3.0,3.5,0.9,1.0,0.97,90.0,medium,Śr. 3.5 × FDR 0.9 × min 1.0 × wyjazd 0.97 = 3.0,,,3
118,Michał Mokrzycki,śląsk wrocław,POM,Cracovia,True,2.9,3.6,1.08,0.7,1.05,42.0,medium,Śr. 3.6 × FDR 1.08 × min 0.7 × dom 1.05 = 2.9,,,3
1494,Kacper Duda,wisła kraków,POM,Wisła Płock,True,2.9,2.9,0.96,1.0,1.05,88.0,medium,Śr. 2.9 × FDR 0.96 × min 1.0 × dom 1.05 = 2.9,,,3
392,Filip Jagiełło,lech poznań,POM,Piast Gliwice,True,2.8,3.4,1.1,0.7,1.05,38.0,medium,Śr. 3.4 × FDR 1.1 × min 0.7 × dom 1.05 = 2.8,,,3
1893,Dani Pacheco,wisła płock,POM,Wisła Kraków,False,2.8,2.9,1.0,1.0,0.97,86.0,medium,Śr. 2.9 × FDR 1.0 × min 1.0 × wyjazd 0.97 = 2.8,,,3
2345,Wojciech Urbański,legia warszawa,POM,Korona Kielce,False,2.8,3.2,1.02,0.9,0.97,74.0,medium,Śr. 3.2 × FDR 1.02 × min 0.9 × wyjazd 0.97 = 2.8,,,3
2801,Bartłomiej Drągowski,widzew łódź,BR,Jagiellonia Białystok,False,2.8,3.6,0.8,1.0,0.97,90.0,medium,Śr. 3.6 × FDR 0.8 × min 1.0 × wyjazd 0.97 = 2.8,,,3
2016,Jakub Lewicki,piast gliwice,OBR,Lech Poznań,False,2.7,3.5,0.8,1.0,0.97,90.0,medium,Śr. 3.5 × FDR 0.8 × min 1.0 × wyjazd 0.97 = 2.7,,,3
2538,Marc Llinares,śląsk wrocław,OBR,Cracovia,True,2.6,2.1,1.2,1.0,1.05,90.0,medium,Śr. 2.1 × FDR 1.2 × min 1.0 × dom 1.05 = 2.6,,,3
2577,Josip Ćorluka,zagłębie lubin,OBR,Raków Częstochowa,False,2.6,2.9,0.9,1.0,0.97,90.0,medium,Śr. 2.9 × FDR 0.9 × min 1.0 × wyjazd 0.97 = 2.6,,,3
2649,Jorge Jiménez,wisła płock,POM,Wisła Kraków,False,2.6,3.0,1.0,0.9,0.97,68.0,medium,Śr. 3.0 × FDR 1.0 × min 0.9 × wyjazd 0.97 = 2.6,,,3
2883,Irodotos Christodoulou,śląsk wrocław,OBR,Cracovia,True,2.6,2.1,1.2,1.0,1.05,90.0,medium,Śr. 2.1 × FDR 1.2 × min 1.0 × dom 1.05 = 2.6,,,3
2891,Michał Rosiak,śląsk wrocław,POM,Cracovia,True,2.6,2.5,1.08,0.9,1.05,68.0,medium,Śr. 2.5 × FDR 1.08 × min 0.9 × dom 1.05 = 2.6,,,3
138,Robert Gumny,lech poznań,OBR,Piast Gliwice,True,2.5,3.0,1.1,0.7,1.05,38.0,medium,Śr. 3.0 × FDR 1.1 × min 0.7 × dom 1.05 = 2.5,,,3
2708,Mileta Rajović,legia warszawa,NAP,Korona Kielce,False,2.5,3.1,0.9,0.9,0.97,80.0,medium,Śr. 3.1 × FDR 0.9 × min 0.9 × wyjazd 0.97 = 2.5,,,3
2878,Frederico Duarte,wisła kraków,POM,Wisła Płock,True,2.5,2.5,0.96,1.0,1.05,86.0,medium,Śr. 2.5 × FDR 0.96 × min 1.0 × dom 1.05 = 2.5,,,3
2424,Bartosz Wolski,gks katowice,POM,Wieczysta Kraków,True,2.4,2.3,1.0,1.0,1.05,82.0,medium,Śr. 2.3 × FDR 1.0 × min 1.0 × dom 1.05 = 2.4,,,3
2444,Marcel Krajewski,widzew łódź,OBR,Jagiellonia Białystok,False,2.4,3.1,0.8,1.0,0.97,90.0,medium,Śr. 3.1 × FDR 0.8 × min 1.0 × wyjazd 0.97 = 2.4,,,3
2759,Eman Markovic,gks katowice,POM,Wieczysta Kraków,True,2.4,2.3,1.0,1.0,1.05,90.0,medium,Śr. 2.3 × FDR 1.0 × min 1.0 × dom 1.05 = 2.4,,,3
2775,Fábio Ronaldo,motor lublin,POM,Pogoń Szczecin,False,2.4,2.3,1.08,1.0,0.97,84.0,medium,Śr. 2.3 × FDR 1.08 × min 1.0 × wyjazd 0.97 = 2.4,,,3
2010,Saïd Hamulic,wisła płock,NAP,Wisła Kraków,False,2.3,2.7,1.0,0.9,0.97,72.0,medium,Śr. 2.7 × FDR 1.0 × min 0.9 × wyjazd 0.97 = 2.3,,,3
2659,Marcel Łubik,wisła kraków,BR,Wisła Płock,True,2.3,1.8,1.2,1.0,1.05,90.0,medium,Śr. 1.8 × FDR 1.2 × min 1.0 × dom 1.05 = 2.3,,,3
2887,Jorge Yriarte,śląsk wrocław,POM,Cracovia,True,2.3,2.0,1.08,1.0,1.05,80.0,medium,Śr. 2.0 × FDR 1.08 × min 1.0 × dom 1.05 = 2.3,,,3
374,Alan Uryga,wisła kraków,OBR,Wisła Płock,True,2.2,1.8,1.2,1.0,1.05,90.0,medium,Śr. 1.8 × FDR 1.2 × min 1.0 × dom 1.05 = 2.2,,,3
681,Michał Nalepa,zagłębie lubin,OBR,Raków Częstochowa,False,2.2,2.5,0.9,1.0,0.97,90.0,medium,Śr. 2.5 × FDR 0.9 × min 1.0 × wyjazd 0.97 = 2.2,,,3
774,Sebastian Bergier,widzew łódź,NAP,Jagiellonia Białystok,False,2.2,2.8,0.9,0.9,0.97,78.0,medium,Śr. 2.8 × FDR 0.9 × min 0.9 × wyjazd 0.97 = 2.2,,,3
992,Przemysław Wiśniewski,widzew łódź,OBR,Jagiellonia Białystok,False,2.2,2.8,0.8,1.0,0.97,90.0,medium,Śr. 2.8 × FDR 0.8 × min 1.0 × wyjazd 0.97 = 2.2,,,3
1280,Damian Michalski,zagłębie lubin,OBR,Raków Częstochowa,False,2.2,2.5,0.9,1.0,0.97,90.0,medium,Śr. 2.5 × FDR 0.9 × min 1.0 × wyjazd 0.97 = 2.2,,,3
2032,Oskar Leśniak,piast gliwice,POM,Lech Poznań,False,2.2,2.3,0.98,1.0,0.97,90.0,medium,Śr. 2.3 × FDR 0.98 × min 1.0 × wyjazd 0.97 = 2.2,,,3
2874,James Igbekeme,wisła kraków,POM,Wisła Płock,True,2.2,2.5,0.96,0.9,1.05,68.0,medium,Śr. 2.5 × FDR 0.96 × min 0.9 × dom 1.05 = 2.2,,,3
2945,Rodrigo Conceicao,jagiellonia białystok,OBR,Widzew Łódź,True,2.2,2.5,1.2,0.7,1.05,46.0,medium,Śr. 2.5 × FDR 1.2 × min 0.7 × dom 1.05 = 2.2,,,3
147,Kamil Jóźwiak,jagiellonia białystok,POM,Widzew Łódź,True,2.1,2.7,1.02,0.7,1.05,32.0,medium,Śr. 2.7 × FDR 1.02 × min 0.7 × dom 1.05 = 2.1,,,3
2817,Emil Kornvig,widzew łódź,POM,Jagiellonia Białystok,False,2.1,2.5,0.86,1.0,0.97,86.0,medium,Śr. 2.5 × FDR 0.86 × min 1.0 × wyjazd 0.97 = 2.1,,,3
1770,Tomasz Pieńko,raków częstochowa,POM,Zagłębie Lubin,True,2.0,2.3,0.92,0.9,1.05,64.0,medium,Śr. 2.3 × FDR 0.92 × min 0.9 × dom 1.05 = 2.0,,,3
2675,Quentin Boisgard,piast gliwice,POM,Lech Poznań,False,2.0,2.4,0.98,0.9,0.97,66.0,medium,Śr. 2.4 × FDR 0.98 × min 0.9 × wyjazd 0.97 = 2.0,,,3
2884,Lamine Ba,śląsk wrocław,OBR,Cracovia,True,2.0,1.6,1.2,1.0,1.05,90.0,medium,Śr. 1.6 × FDR 1.2 × min 1.0 × dom 1.05 = 2.0,,,3
432,Grzegorz Tomasiewicz,śląsk wrocław,POM,Cracovia,True,1.9,2.4,1.08,0.7,1.05,58.0,medium,Śr. 2.4 × FDR 1.08 × min 0.7 × dom 1.05 = 1.9,,,3
979,Oskar Repka,raków częstochowa,POM,Zagłębie Lubin,True,1.9,1.9,0.92,1.0,1.05,90.0,medium,Śr. 1.9 × FDR 0.92 × min 1.0 × dom 1.05 = 1.9,,,3
1880,Ilja Szkurin,gks katowice,NAP,Wieczysta Kraków,True,1.9,2.0,1.0,0.9,1.05,76.0,medium,Śr. 2.0 × FDR 1.0 × min 0.9 × dom 1.05 = 1.9,,,3
1889,Kacper Łukasiak,gks katowice,POM,Wieczysta Kraków,True,1.9,1.8,1.0,1.0,1.05,90.0,medium,Śr. 1.8 × FDR 1.0 × min 1.0 × dom 1.05 = 1.9,,,3
2557,Abdoul Tapsoba,radomiak radom,NAP,Górnik Zabrze,True,1.9,2.3,0.8,1.0,1.05,82.0,medium,Śr. 2.3 × FDR 0.8 × min 1.0 × dom 1.05 = 1.9,,,3
2687,Ángel Baena,widzew łódź,POM,Jagiellonia Białystok,False,1.9,3.3,0.86,0.7,0.97,41.0,medium,Śr. 3.3 × FDR 0.86 × min 0.7 × wyjazd 0.97 = 1.9,,,3
2719,Leandro Sanca,piast gliwice,POM,Lech Poznań,False,1.9,4.9,0.98,0.4,0.97,16.0,medium,Śr. 4.9 × FDR 0.98 × min 0.4 × wyjazd 0.97 = 1.9,,,3
2953,Yacine Bourhane,motor lublin,POM,Pogoń Szczecin,False,1.9,2.0,1.08,0.9,0.97,74.0,medium,Śr. 2.0 × FDR 1.08 × min 0.9 × wyjazd 0.97 = 1.9,,,3
2000,Lisandro Semedo,wieczysta kraków,POM,GKS Katowice,False,1.8,2.0,1.02,0.9,0.97,79.0,medium,Śr. 2.0 × FDR 1.02 × min 0.9 × wyjazd 0.97 = 1.8,,,3
2090,Chrístos Dónis,radomiak radom,POM,Górnik Zabrze,True,1.8,3.0,0.84,0.7,1.05,52.0,medium,Śr. 3.0 × FDR 0.84 × min 0.7 × dom 1.05 = 1.8,,,3
2800,Christopher Cheng,widzew łódź,OBR,Jagiellonia Białystok,False,1.8,2.5,0.8,0.9,0.97,78.0,medium,Śr. 2.5 × FDR 0.8 × min 0.9 × wyjazd 0.97 = 1.8,,,3
2865,Maxence Maisonneuve,wisła kraków,OBR,Wisła Płock,True,1.8,1.5,1.2,1.0,1.05,90.0,medium,Śr. 1.5 × FDR 1.2 × min 1.0 × dom 1.05 = 1.8,,,3
2881,Ángel Rodado,wisła kraków,NAP,Wisła Płock,True,1.8,3.1,0.8,0.7,1.05,34.0,medium,Śr. 3.1 × FDR 0.8 × min 0.7 × dom 1.05 = 1.8,,,3
1900,Władysław Koczerhin,raków częstochowa,POM,Zagłębie Lubin,True,1.7,2.0,0.92,0.9,1.05,64.0,medium,Śr. 2.0 × FDR 0.92 × min 0.9 × dom 1.05 = 1.7,,,3
1998,Olaf Kobacki,wisła płock,POM,Wisła Kraków,False,1.7,2.5,1.0,0.7,0.97,58.0,medium,Śr. 2.5 × FDR 1.0 × min 0.7 × wyjazd 0.97 = 1.7,,,3
2225,Fran Álvarez,widzew łódź,POM,Jagiellonia Białystok,False,1.7,2.0,0.86,1.0,0.97,90.0,medium,Śr. 2.0 × FDR 0.86 × min 1.0 × wyjazd 0.97 = 1.7,,,3
2281,Sebastian Kerk,zagłębie lubin,POM,Raków Częstochowa,False,1.7,2.8,0.9,0.7,0.97,59.0,medium,Śr. 2.8 × FDR 0.9 × min 0.7 × wyjazd 0.97 = 1.7,,,3
2879,Maciej Kuziemka,wisła kraków,POM,Wisła Płock,True,1.7,2.5,0.96,0.7,1.05,56.0,medium,Śr. 2.5 × FDR 0.96 × min 0.7 × dom 1.05 = 1.7,,,3
1925,Gabriel Kobylak,gks katowice,BR,Wieczysta Kraków,True,1.6,1.5,1.0,1.0,1.05,90.0,medium,Śr. 1.5 × FDR 1.0 × min 1.0 × dom 1.05 = 1.6,,,3
2391,Miki Villar,wieczysta kraków,POM,GKS Katowice,False,1.6,2.4,1.02,0.7,0.97,41.0,medium,Śr. 2.4 × FDR 1.02 × min 0.7 × wyjazd 0.97 = 1.6,,,3
951,Arkadiusz Jędrych,gks katowice,OBR,Wieczysta Kraków,True,1.5,1.4,1.0,1.0,1.05,90.0,medium,Śr. 1.4 × FDR 1.0 × min 1.0 × dom 1.05 = 1.5,,,3
1719,Michael Ameyaw,raków częstochowa,POM,Zagłębie Lubin,True,1.5,1.8,0.92,0.9,1.05,62.0,medium,Śr. 1.8 × FDR 0.92 × min 0.9 × dom 1.05 = 1.5,,,3
1935,Juljan Shehu,widzew łódź,POM,Jagiellonia Białystok,False,1.5,1.8,0.86,1.0,0.97,90.0,medium,Śr. 1.8 × FDR 0.86 × min 1.0 × wyjazd 0.97 = 1.5,,,3
2069,Szczepan Mucha,piast gliwice,POM,Lech Poznań,False,1.5,2.3,0.98,0.7,0.97,56.0,medium,Śr. 2.3 × FDR 0.98 × min 0.7 × wyjazd 0.97 = 1.5,,,3
1373,Ben Lederman,wieczysta kraków,POM,GKS Katowice,False,1.4,1.5,1.02,0.9,0.97,62.0,medium,Śr. 1.5 × FDR 1.02 × min 0.9 × wyjazd 0.97 = 1.4,,,3
1712,Joel Pereira,lech poznań,OBR,Piast Gliwice,True,1.4,1.8,1.1,0.7,1.05,58.0,medium,Śr. 1.8 × FDR 1.1 × min 0.7 × dom 1.05 = 1.4,,,3
1835,Wahan Biczachczjan,legia warszawa,POM,Korona Kielce,False,1.4,3.6,1.02,0.4,0.97,20.0,medium,Śr. 3.6 × FDR 1.02 × min 0.4 × wyjazd 0.97 = 1.4,,,3
633,Mateusz Wdowiak,gks katowice,POM,Wieczysta Kraków,True,1.3,1.8,1.0,0.7,1.05,49.0,medium,Śr. 1.8 × FDR 1.0 × min 0.7 × dom 1.05 = 1.3,,,3
1005,Karol Fila,wieczysta kraków,OBR,GKS Katowice,False,1.3,1.5,0.9,1.0,0.97,90.0,medium,Śr. 1.5 × FDR 0.9 × min 1.0 × wyjazd 0.97 = 1.3,,,3
1332,Erik Jirka,gks katowice,OBR,Wieczysta Kraków,True,1.3,1.8,1.0,0.7,1.05,60.0,medium,Śr. 1.8 × FDR 1.0 × min 0.7 × dom 1.05 = 1.3,,,3
1831,Antoni Mikułko,wieczysta kraków,BR,GKS Katowice,False,1.3,1.5,0.9,1.0,0.97,90.0,medium,Śr. 1.5 × FDR 0.9 × min 1.0 × wyjazd 0.97 = 1.3,,,3
2059,Jakub Kolan,zagłębie lubin,POM,Raków Częstochowa,False,1.3,2.2,0.9,0.7,0.97,45.0,medium,Śr. 2.2 × FDR 0.9 × min 0.7 × wyjazd 0.97 = 1.3,,,3
2502,Andréas Katsantónis,piast gliwice,NAP,Lech Poznań,False,1.3,1.8,1.1,0.7,0.97,30.0,medium,Śr. 1.8 × FDR 1.1 × min 0.7 × wyjazd 0.97 = 1.3,,,3
244,Radosław Murawski,lech poznań,POM,Piast Gliwice,True,1.2,1.4,1.1,0.7,1.05,36.0,medium,Śr. 1.4 × FDR 1.1 × min 0.7 × dom 1.05 = 1.2,,,3
1623,Filip Borowski,piast gliwice,OBR,Lech Poznań,False,1.2,1.8,0.8,0.9,0.97,72.0,medium,Śr. 1.8 × FDR 0.8 × min 0.9 × wyjazd 0.97 = 1.2,,,3
2325,Erick Otieno,raków częstochowa,OBR,Zagłębie Lubin,True,1.2,1.1,1.1,0.9,1.05,73.0,medium,Śr. 1.1 × FDR 1.1 × min 0.9 × dom 1.05 = 1.2,,,3
2845,Thomas Santos,motor lublin,OBR,Pogoń Szczecin,False,1.2,1.4,0.9,1.0,0.97,84.0,medium,Śr. 1.4 × FDR 0.9 × min 1.0 × wyjazd 0.97 = 1.2,,,3
458,Arkadiusz Reca,legia warszawa,OBR,Korona Kielce,False,1.1,2.3,1.2,0.4,0.97,6.0,medium,Śr. 2.3 × FDR 1.2 × min 0.4 × wyjazd 0.97 = 1.1,,,3
2456,Christopher Simon,motor lublin,POM,Pogoń Szczecin,False,1.1,1.5,1.08,0.7,0.97,50.0,medium,Śr. 1.5 × FDR 1.08 × min 0.7 × wyjazd 0.97 = 1.1,,,3
2676,Emmanuel Twumasi,piast gliwice,OBR,Lech Poznań,False,1.1,3.7,0.8,0.4,0.97,18.0,medium,Śr. 3.7 × FDR 0.8 × min 0.4 × wyjazd 0.97 = 1.1,,,3
2826,Levente Szabó,zagłębie lubin,NAP,Raków Częstochowa,False,1.1,1.8,0.9,0.7,0.97,45.0,medium,Śr. 1.8 × FDR 0.9 × min 0.7 × wyjazd 0.97 = 1.1,,,3
2869,Jakub Krzyżanowski,wisła kraków,OBR,Wisła Płock,True,1.1,0.8,1.2,1.0,1.05,90.0,medium,Śr. 0.8 × FDR 1.2 × min 1.0 × dom 1.05 = 1.1,,,3
2894,Malaly Dembélé,śląsk wrocław,NAP,Cracovia,True,1.1,2.6,1.0,0.4,1.05,28.0,medium,Śr. 2.6 × FDR 1.0 × min 0.4 × dom 1.05 = 1.1,,,3
1598,Mateusz Łęgowski,motor lublin,POM,Pogoń Szczecin,False,1.0,1.1,1.08,0.9,0.97,78.0,medium,Śr. 1.1 × FDR 1.08 × min 0.9 × wyjazd 0.97 = 1.0,,,3
2454,Pau Resta,gks katowice,OBR,Wieczysta Kraków,True,1.0,1.0,1.0,1.0,1.05,90.0,medium,Śr. 1.0 × FDR 1.0 × min 1.0 × dom 1.05 = 1.0,,,3
2877,Julius Ertlthaler,wisła kraków,POM,Wisła Płock,True,1.0,1.5,0.96,0.7,1.05,34.0,medium,Śr. 1.5 × FDR 0.96 × min 0.7 × dom 1.05 = 1.0,,,3
195,Bartosz Bereszyński,motor lublin,OBR,Pogoń Szczecin,False,0.9,1.0,0.9,1.0,0.97,86.0,medium,Śr. 1.0 × FDR 0.9 × min 1.0 × wyjazd 0.97 = 0.9,,,3
1582,Yehor Matsenko,śląsk wrocław,OBR,Cracovia,True,0.9,0.7,1.2,1.0,1.05,90.0,medium,Śr. 0.7 × FDR 1.2 × min 1.0 × dom 1.05 = 0.9,,,3
2346,Jakub Żewłakow,legia warszawa,POM,Korona Kielce,False,0.9,2.3,1.02,0.4,0.97,15.0,medium,Śr. 2.3 × FDR 1.02 × min 0.4 × wyjazd 0.97 = 0.9,,,3
2749,Henrique Arreiol,legia warszawa,POM,Korona Kielce,False,0.9,2.3,1.02,0.4,0.97,8.0,medium,Śr. 2.3 × FDR 1.02 × min 0.4 × wyjazd 0.97 = 0.9,,,3
2921,Mihai Popa,motor lublin,BR,Pogoń Szczecin,False,0.9,1.0,0.9,1.0,0.97,90.0,medium,Śr. 1.0 × FDR 0.9 × min 1.0 × wyjazd 0.97 = 0.9,,,3
2966,Jeremy Agbonifo,jagiellonia białystok,POM,Widzew Łódź,True,0.9,2.0,1.02,0.4,1.05,16.0,medium,Śr. 2.0 × FDR 1.02 × min 0.4 × dom 1.05 = 0.9,,,3
2415,Marek Bartoš,motor lublin,OBR,Pogoń Szczecin,False,0.8,0.9,0.9,1.0,0.97,90.0,medium,Śr. 0.9 × FDR 0.9 × min 1.0 × wyjazd 0.97 = 0.8,,,3
2669,Matus Vojtko,wieczysta kraków,OBR,GKS Katowice,False,0.8,1.1,0.9,0.9,0.97,76.0,medium,Śr. 1.1 × FDR 0.9 × min 0.9 × wyjazd 0.97 = 0.8,,,3
2728,Juande Rivas,piast gliwice,OBR,Lech Poznań,False,0.8,1.0,0.8,1.0,0.97,90.0,medium,Śr. 1.0 × FDR 0.8 × min 1.0 × wyjazd 0.97 = 0.8,,,3
698,Alan Czerwiński,gks katowice,OBR,Wieczysta Kraków,True,0.7,1.0,1.0,0.7,1.05,60.0,medium,Śr. 1.0 × FDR 1.0 × min 0.7 × dom 1.05 = 0.7,,,3
2353,Mikkel Maigaard,wieczysta kraków,POM,GKS Katowice,False,0.7,0.7,1.02,1.0,0.97,90.0,medium,Śr. 0.7 × FDR 1.02 × min 1.0 × wyjazd 0.97 = 0.7,,,3
2664,Dimítris Rállis,jagiellonia białystok,NAP,Widzew Łódź,True,0.7,1.8,0.9,0.4,1.05,13.0,medium,Śr. 1.8 × FDR 0.9 × min 0.4 × dom 1.05 = 0.7,,,3
2890,Alex Timossi Andersson,śląsk wrocław,POM,Cracovia,True,0.7,1.5,1.08,0.4,1.05,22.0,medium,Śr. 1.5 × FDR 1.08 × min 0.4 × dom 1.05 = 0.7,,,3
2901,Tobias Christensen,wieczysta kraków,POM,GKS Katowice,False,0.7,1.0,1.02,0.7,0.97,42.0,medium,Śr. 1.0 × FDR 1.02 × min 0.7 × wyjazd 0.97 = 0.7,,,3
2934,Ádin Molnár,raków częstochowa,POM,Zagłębie Lubin,True,0.7,1.0,0.92,0.7,1.05,40.0,medium,Śr. 1.0 × FDR 0.92 × min 0.7 × dom 1.05 = 0.7,,,3
95,Karol Świderski,widzew łódź,NAP,Jagiellonia Białystok,False,0.6,1.0,0.9,0.7,0.97,58.0,medium,Śr. 1.0 × FDR 0.9 × min 0.7 × wyjazd 0.97 = 0.6,,,3
1010,Jorge Félix Garcia,piast gliwice,POM,Lech Poznań,False,0.6,1.5,0.98,0.4,0.97,24.0,medium,Śr. 1.5 × FDR 0.98 × min 0.4 × wyjazd 0.97 = 0.6,,,3
2508,Mateusz Dziewiatowski,zagłębie lubin,POM,Raków Częstochowa,False,0.6,1.7,0.9,0.4,0.97,26.0,medium,Śr. 1.7 × FDR 0.9 × min 0.4 × wyjazd 0.97 = 0.6,,,3
2875,Marc Carbó,wisła kraków,POM,Wisła Płock,True,0.6,1.5,0.96,0.4,1.05,6.0,medium,Śr. 1.5 × FDR 0.96 × min 0.4 × dom 1.05 = 0.6,,,3
2936,David Čolina,zagłębie lubin,OBR,Raków Częstochowa,False,0.6,0.9,0.9,0.7,0.97,46.0,medium,Śr. 0.9 × FDR 0.9 × min 0.7 × wyjazd 0.97 = 0.6,,,3
2941,Élie Youan,wisła kraków,POM,Wisła Płock,True,0.6,1.5,0.96,0.4,1.05,12.0,medium,Śr. 1.5 × FDR 0.96 × min 0.4 × dom 1.05 = 0.6,,,3
128,Łukasz Sekulski,wisła płock,NAP,Wisła Kraków,False,0.5,1.3,1.0,0.4,0.97,18.0,medium,Śr. 1.3 × FDR 1.0 × min 0.4 × wyjazd 0.97 = 0.5,,,3
1573,Antonio Milić,wieczysta kraków,OBR,GKS Katowice,False,0.5,0.6,0.9,0.9,0.97,72.0,medium,Śr. 0.6 × FDR 0.9 × min 0.9 × wyjazd 0.97 = 0.5,,,3
1853,Bogdan Racovițan,raków częstochowa,OBR,Zagłębie Lubin,True,0.5,0.4,1.1,1.0,1.05,90.0,medium,Śr. 0.4 × FDR 1.1 × min 1.0 × dom 1.05 = 0.5,,,3
2417,Filip Luberecki,motor lublin,OBR,Pogoń Szczecin,False,0.5,0.6,0.9,1.0,0.97,90.0,medium,Śr. 0.6 × FDR 0.9 × min 1.0 × wyjazd 0.97 = 0.5,,,3
2652,Krystian Pomorski,wisła płock,POM,Wisła Kraków,False,0.5,1.3,1.0,0.4,0.97,14.0,medium,Śr. 1.3 × FDR 1.0 × min 0.4 × wyjazd 0.97 = 0.5,,,3
2672,Florian Haxha,motor lublin,POM,Pogoń Szczecin,False,0.5,1.1,1.08,0.4,0.97,5.0,medium,Śr. 1.1 × FDR 1.08 × min 0.4 × wyjazd 0.97 = 0.5,,,3
2871,Julian Lelieveld,wisła kraków,OBR,Wisła Płock,True,0.5,0.9,1.2,0.4,1.05,28.0,medium,Śr. 0.9 × FDR 1.2 × min 0.4 × dom 1.05 = 0.5,,,3
2898,Aleksandar Dermanovic,wieczysta kraków,OBR,GKS Katowice,False,0.5,0.5,0.9,1.0,0.97,90.0,medium,Śr. 0.5 × FDR 0.9 × min 1.0 × wyjazd 0.97 = 0.5,,,3
2737,Marko Bulat,raków częstochowa,POM,Zagłębie Lubin,True,0.4,1.1,0.92,0.4,1.05,26.0,medium,Śr. 1.1 × FDR 0.92 × min 0.4 × dom 1.05 = 0.4,,,3
2907,Paulo Rafael Pereira Araujo,wieczysta kraków,NAP,GKS Katowice,False,0.4,1.0,1.1,0.4,0.97,20.0,medium,Śr. 1.0 × FDR 1.1 × min 0.4 × wyjazd 0.97 = 0.4,,,3
2920,Makan Aïko,motor lublin,POM,Pogoń Szczecin,False,0.4,1.0,1.08,0.4,0.97,12.0,medium,Śr. 1.0 × FDR 1.08 × min 0.4 × wyjazd 0.97 = 0.4,,,3
2974,Tin Plavotić,motor lublin,POM,Pogoń Szczecin,False,0.4,1.0,1.08,0.4,0.97,6.0,medium,Śr. 1.0 × FDR 1.08 × min 0.4 × wyjazd 0.97 = 0.4,,,3
1214,Filip Szymczak,zagłębie lubin,NAP,Raków Częstochowa,False,0.3,0.9,0.9,0.4,0.97,23.0,medium,Śr. 0.9 × FDR 0.9 × min 0.4 × wyjazd 0.97 = 0.3,,,3
2517,Adam Basse,raków częstochowa,NAP,Zagłębie Lubin,True,0.3,1.0,0.8,0.4,1.05,6.0,medium,Śr. 1.0 × FDR 0.8 × min 0.4 × dom 1.05 = 0.3,,,3
2897,Duje Dujmovic,wieczysta kraków,OBR,GKS Katowice,False,0.3,1.0,0.9,0.4,0.97,18.0,medium,Śr. 1.0 × FDR 0.9 × min 0.4 × wyjazd 0.97 = 0.3,,,3
2700,Paskal Meyer,motor lublin,OBR,Pogoń Szczecin,False,0.2,0.5,0.9,0.4,0.97,19.0,medium,Śr. 0.5 × FDR 0.9 × min 0.4 × wyjazd 0.97 = 0.2,,,3
2935,Jurica Pršir,wisła płock,POM,Wisła Kraków,False,0.1,0.1,1.0,0.7,0.97,32.0,medium,Śr. 0.1 × FDR 1.0 × min 0.7 × wyjazd 0.97 = 0.1,,,3
1,Rafał Dobroliński,cracovia,BR,Śląsk Wrocław,False,,,,,,,insufficient_data,Za mało danych (0/2 kolejek),,,3
2,Damian Drzewiecki,cracovia,BR,Śląsk Wrocław,False,,,,,,,insufficient_data,Za mało danych (0/2 kolejek),,,3
3,Grzegorz Sandomierski,górnik zabrze,BR,Radomiak Radom,False,,,,,,,insufficient_data,Za mało danych (0/2 kolejek),,,3
4,Jakub Grzywaczewski,cracovia,BR,Śląsk Wrocław,False,,,,,,,insufficient_data,Za mało danych (0/2 kolejek),,,3
5,Adam Wilk,cracovia,BR,Śląsk Wrocław,False,,,,,,,insufficient_data,Za mało danych (0/2 kolejek),,,3
6,Florin Bejan,cracovia,OBR,Śląsk Wrocław,False,,,,,,,insufficient_data,Za mało danych (0/2 kolejek),,,3
7,Deleu,cracovia,OBR,Śląsk Wrocław,False,,,,,,,insufficient_data,Za mało danych (0/2 kolejek),,,3
8,Paweł Jaroszyński,cracovia,OBR,Śląsk Wrocław,False,,,,,,,insufficient_data,Za mało danych (0/2 kolejek),,,3
9,Róbert Litauszki,cracovia,OBR,Śląsk Wrocław,False,,,,,,,insufficient_data,Za mało danych (0/2 kolejek),,,3
10,Kamil Pestka,wieczysta kraków,OBR,GKS Katowice,False,,,,,,,insufficient_data,Za mało danych (1/2 kolejek),,,3
12,Łukasz Sosnowski,cracovia,OBR,Śląsk Wrocław,False,,,,,,,insufficient_data,Za mało danych (0/2 kolejek),,,3
13,Hubert Wołąkiewicz,cracovia,OBR,Śląsk Wrocław,False,,,,,,,insufficient_data,Za mało danych (0/2 kolejek),,,3
14,Jakub Wójcicki,zagłębie lubin,OBR,Raków Częstochowa,False,,,,,,,insufficient_data,Za mało danych (0/2 kolejek),,,3
15,Hubert Adamczyk,zagłębie lubin,POM,Raków Częstochowa,False,,,,,,,insufficient_data,Za mało danych (0/2 kolejek),,,3
16,Mateusz Argasiński,cracovia,POM,Śląsk Wrocław,False,,,,,,,insufficient_data,Za mało danych (0/2 kolejek),,,3
17,Marcin Budziński,cracovia,POM,Śląsk Wrocław,False,,,,,,,insufficient_data,Za mało danych (0/2 kolejek),,,3
18,Mateusz Cetnarski,cracovia,POM,Śląsk Wrocław,False,,,,,,,insufficient_data,Za mało danych (0/2 kolejek),,,3
19,Miroslav Čovilo,cracovia,POM,Śląsk Wrocław,False,,,,,,,insufficient_data,Za mało danych (0/2 kolejek),,,3
20,Damian Dąbrowski,zagłębie lubin,POM,Raków Częstochowa,False,,,,,,,insufficient_data,Za mało danych (1/2 kolejek),,,3
21,Milan Dimun,cracovia,POM,Śląsk Wrocław,False,,,,,,,insufficient_data,Za mało danych (0/2 kolejek),,,3
22,Radosław Kanach,cracovia,POM,Śląsk Wrocław,False,,,,,,,insufficient_data,Za mało danych (0/2 kolejek),,,3
23,Karol Niemczycki,śląsk wrocław,BR,Cracovia,True,,,,,,,insufficient_data,Za mało danych (1/2 kolejek),,,3
24,Anton Karaczanakow,cracovia,POM,Śląsk Wrocław,False,,,,,,,insufficient_data,Za mało danych (0/2 kolejek),,,3
25,Szymon Kiebzak,cracovia,POM,Śląsk Wrocław,False,,,,,,,insufficient_data,Za mało danych (0/2 kolejek),,,3
26,Przemysław Pyrdek,cracovia,POM,Śląsk Wrocław,False,,,,,,,insufficient_data,Za mało danych (0/2 kolejek),,,3
27,Sebastian Steblecki,cracovia,POM,Śląsk Wrocław,False,,,,,,,insufficient_data,Za mało danych (0/2 kolejek),,,3
29,Erik Jendrišek,cracovia,NAP,Śląsk Wrocław,False,,,,,,,insufficient_data,Za mało danych (0/2 kolejek),,,3
30,Krzysztof Szewczyk,cracovia,NAP,Śląsk Wrocław,False,,,,,,,insufficient_data,Za mało danych (0/2 kolejek),,,3
31,Tomáš Vestenický,cracovia,POM,Śląsk Wrocław,False,,,,,,,insufficient_data,Za mało danych (0/2 kolejek),,,3
32,Karol Jaksik,górnik zabrze,OBR,Radomiak Radom,False,,,,,,,insufficient_data,Za mało danych (0/2 kolejek),,,3
37,Damian Jakubik,radomiak radom,OBR,Górnik Zabrze,True,,,,,,,insufficient_data,Za mało danych (0/2 kolejek),,,3
53,Bartosz Śpiączka,wisła płock,NAP,Wisła Kraków,False,,,,,,,insufficient_data,Za mało danych (0/2 kolejek),,,3
55,Krševan Santini,jagiellonia białystok,BR,Widzew Łódź,True,,,,,,,insufficient_data,Za mało danych (0/2 kolejek),,,3
56,Marián Kelemen,jagiellonia białystok,BR,Widzew Łódź,True,,,,,,,insufficient_data,Za mało danych (0/2 kolejek),,,3
58,Łukasz Burliga,wisła kraków,OBR,Wisła Płock,True,,,,,,,insufficient_data,Za mało danych (0/2 kolejek),,,3
59,Guti,jagiellonia białystok,OBR,Widzew Łódź,True,,,,,,,insufficient_data,Za mało danych (0/2 kolejek),,,3
60,Michał Koźlik,jagiellonia białystok,OBR,Widzew Łódź,True,,,,,,,insufficient_data,Za mało danych (0/2 kolejek),,,3
61,Emil Łupiński,jagiellonia białystok,OBR,Widzew Łódź,True,,,,,,,insufficient_data,Za mało danych (0/2 kolejek),,,3
62,Mateusz Maliszewski,jagiellonia białystok,OBR,Widzew Łódź,True,,,,,,,insufficient_data,Za mało danych (0/2 kolejek),,,3
63,Paweł Olszewski,jagiellonia białystok,OBR,Widzew Łódź,True,,,,,,,insufficient_data,Za mało danych (0/2 kolejek),,,3
65,Ivan Runje,jagiellonia białystok,OBR,Widzew Łódź,True,,,,,,,insufficient_data,Za mało danych (0/2 kolejek),,,3
68,Igors Tarasovs,śląsk wrocław,OBR,Cracovia,True,,,,,,,insufficient_data,Za mało danych (0/2 kolejek),,,3
69,Piotr Tomasik,wisła płock,OBR,Wisła Kraków,False,,,,,,,insufficient_data,Za mało danych (0/2 kolejek),,,3
70,Marek Wasiluk,jagiellonia białystok,OBR,Widzew Łódź,True,,,,,,,insufficient_data,Za mało danych (0/2 kolejek),,,3
71,Fedor Černych,jagiellonia białystok,POM,Widzew Łódź,True,,,,,,,insufficient_data,Za mało danych (0/2 kolejek),,,3
72,Dmytro Chomczenowśkyj,jagiellonia białystok,POM,Widzew Łódź,True,,,,,,,insufficient_data,Za mało danych (0/2 kolejek),,,3
73,Michał Domański,jagiellonia białystok,POM,Widzew Łódź,True,,,,,,,insufficient_data,Za mało danych (0/2 kolejek),,,3
74,Kacper Falon,jagiellonia białystok,POM,Widzew Łódź,True,,,,,,,insufficient_data,Za mało danych (0/2 kolejek),,,3
75,Przemysław Frankowski,jagiellonia białystok,POM,Widzew Łódź,True,,,,,,,insufficient_data,Za mało danych (0/2 kolejek),,,3
76,Jacek Góralski,jagiellonia białystok,POM,Widzew Łódź,True,,,,,,,insufficient_data,Za mało danych (0/2 kolejek),,,3
77,Rafał Grzyb,jagiellonia białystok,POM,Widzew Łódź,True,,,,,,,insufficient_data,Za mało danych (0/2 kolejek),,,3
78,Paweł Kaczmarczyk,jagiellonia białystok,POM,Widzew Łódź,True,,,,,,,insufficient_data,Za mało danych (0/2 kolejek),,,3
79,Paweł Koncewicz-Żyłka,wisła kraków,OBR,Wisła Płock,True,,,,,,,insufficient_data,Za mało danych (0/2 kolejek),,,3
80,Karol Mackiewicz,jagiellonia białystok,POM,Widzew Łódź,True,,,,,,,insufficient_data,Za mało danych (0/2 kolejek),,,3
81,Przemysław Mystkowski,jagiellonia białystok,POM,Widzew Łódź,True,,,,,,,insufficient_data,Za mało danych (0/2 kolejek),,,3
82,Patryk Niemczynowicz,jagiellonia białystok,POM,Widzew Łódź,True,,,,,,,insufficient_data,Za mało danych (0/2 kolejek),,,3
83,Mateusz Ostaszewski,jagiellonia białystok,POM,Widzew Łódź,True,,,,,,,insufficient_data,Za mało danych (0/2 kolejek),,,3
84,Dawid Polkowski,jagiellonia białystok,POM,Widzew Łódź,True,,,,,,,insufficient_data,Za mało danych (0/2 kolejek),,,3
85,Dominik Prusaczyk,jagiellonia białystok,POM,Widzew Łódź,True,,,,,,,insufficient_data,Za mało danych (0/2 kolejek),,,3
88,Dawid Szymonowicz,wieczysta kraków,OBR,GKS Katowice,False,,,,,,,insufficient_data,Za mało danych (0/2 kolejek),,,3
89,Jakub Tabor,jagiellonia białystok,POM,Widzew Łódź,True,,,,,,,insufficient_data,Za mało danych (0/2 kolejek),,,3
90,Konstantin Vassiljev,piast gliwice,POM,Lech Poznań,False,,,,,,,insufficient_data,Za mało danych (0/2 kolejek),,,3
91,Emil Gajko,jagiellonia białystok,NAP,Widzew Łódź,True,,,,,,,insufficient_data,Za mało danych (0/2 kolejek),,,3
92,Bartosz Giełażyn,jagiellonia białystok,NAP,Widzew Łódź,True,,,,,,,insufficient_data,Za mało danych (0/2 kolejek),,,3
93,Maciej Górski,korona kielce,NAP,Legia Warszawa,True,,,,,,,insufficient_data,Za mało danych (0/2 kolejek),,,3
94,Kacper Piechniak,jagiellonia białystok,NAP,Widzew Łódź,True,,,,,,,insufficient_data,Za mało danych (0/2 kolejek),,,3
97,Zbigniew Małkowski,zagłębie lubin,BR,Raków Częstochowa,False,,,,,,,insufficient_data,Za mało danych (0/2 kolejek),,,3
98,Artur Marzec,korona kielce,BR,Legia Warszawa,True,,,,,,,insufficient_data,Za mało danych (0/2 kolejek),,,3
99,Leonid Otczenaszenko,korona kielce,BR,Legia Warszawa,True,,,,,,,insufficient_data,Za mało danych (0/2 kolejek),,,3
101,Adrian Bednarski,korona kielce,OBR,Legia Warszawa,True,,,,,,,insufficient_data,Za mało danych (0/2 kolejek),,,3
102,Radek Dejmek,korona kielce,OBR,Legia Warszawa,True,,,,,,,insufficient_data,Za mało danych (0/2 kolejek),,,3
103,Elhadji Pape Diaw,korona kielce,OBR,Legia Warszawa,True,,,,,,,insufficient_data,Za mało danych (0/2 kolejek),,,3
104,Vladislavs Gabovs,korona kielce,OBR,Legia Warszawa,True,,,,,,,insufficient_data,Za mało danych (0/2 kolejek),,,3
105,Ken Kallaste,korona kielce,OBR,Legia Warszawa,True,,,,,,,insufficient_data,Za mało danych (0/2 kolejek),,,3
106,Grzegorz Rogala,gks katowice,OBR,Wieczysta Kraków,True,,,,,,,insufficient_data,Za mało danych (0/2 kolejek),,,3
108,Dmitrij Wierchowcow,korona kielce,OBR,Legia Warszawa,True,,,,,,,insufficient_data,Za mało danych (0/2 kolejek),,,3
109,Michał Wrześniewski,korona kielce,OBR,Legia Warszawa,True,,,,,,,insufficient_data,Za mało danych (0/2 kolejek),,,3
111,Marcin Cebula,korona kielce,POM,Legia Warszawa,True,,,,,,,insufficient_data,Za mało danych (0/2 kolejek),,,3
114,Jakub Kotarzewski,korona kielce,POM,Legia Warszawa,True,,,,,,,insufficient_data,Za mało danych (0/2 kolejek),,,3
115,Bartosz Kwiecień,korona kielce,OBR,Legia Warszawa,True,,,,,,,insufficient_data,Za mało danych (0/2 kolejek),,,3
116,Vanja Marković,korona kielce,POM,Legia Warszawa,True,,,,,,,insufficient_data,Za mało danych (0/2 kolejek),,,3
117,Kamil Matulka,korona kielce,POM,Legia Warszawa,True,,,,,,,insufficient_data,Za mało danych (0/2 kolejek),,,3
120,Serhij Pyłypczuk,korona kielce,POM,Legia Warszawa,True,,,,,,,insufficient_data,Za mało danych (0/2 kolejek),,,3
121,Mariusz Rybicki,motor lublin,POM,Pogoń Szczecin,False,,,,,,,insufficient_data,Za mało danych (0/2 kolejek),,,3
122,Paweł Sobolewski,korona kielce,POM,Legia Warszawa,True,,,,,,,insufficient_data,Za mało danych (0/2 kolejek),,,3
125,Maciej Załęcki,korona kielce,POM,Legia Warszawa,True,,,,,,,insufficient_data,Za mało danych (0/2 kolejek),,,3
126,Hubert Laskowski,korona kielce,NAP,Legia Warszawa,True,,,,,,,insufficient_data,Za mało danych (0/2 kolejek),,,3
127,Michał Przybyła,korona kielce,NAP,Legia Warszawa,True,,,,,,,insufficient_data,Za mało danych (0/2 kolejek),,,3
129,Adam Zawierucha,korona kielce,NAP,Legia Warszawa,True,,,,,,,insufficient_data,Za mało danych (0/2 kolejek),,,3
130,Jasmin Burić,zagłębie lubin,BR,Raków Częstochowa,False,,,,,,,insufficient_data,Za mało danych (1/2 kolejek),,,3
132,Adam Makuchowski,lech poznań,BR,Piast Gliwice,True,,,,,,,insufficient_data,Za mało danych (0/2 kolejek),,,3
133,Matúš Putnocký,śląsk wrocław,BR,Cracovia,True,,,,,,,insufficient_data,Za mało danych (0/2 kolejek),,,3
134,Paulus Arajuuri,lech poznań,OBR,Piast Gliwice,True,,,,,,,insufficient_data,Za mało danych (0/2 kolejek),,,3
135,Jan Bednarek,lech poznań,OBR,Piast Gliwice,True,,,,,,,insufficient_data,Za mało danych (0/2 kolejek),,,3
136,Kebba Ceesay,lech poznań,OBR,Piast Gliwice,True,,,,,,,insufficient_data,Za mało danych (0/2 kolejek),,,3
137,Tomasz Dejewski,lech poznań,OBR,Piast Gliwice,True,,,,,,,insufficient_data,Za mało danych (0/2 kolejek),,,3
139,Tamás Kádár,lech poznań,OBR,Piast Gliwice,True,,,,,,,insufficient_data,Za mało danych (0/2 kolejek),,,3
140,Tomasz Kędziora,lech poznań,OBR,Piast Gliwice,True,,,,,,,insufficient_data,Za mało danych (0/2 kolejek),,,3
141,Lasse Nielsen,lech poznań,OBR,Piast Gliwice,True,,,,,,,insufficient_data,Za mało danych (0/2 kolejek),,,3
142,Maciej Wilusz,raków częstochowa,OBR,Zagłębie Lubin,True,,,,,,,insufficient_data,Za mało danych (0/2 kolejek),,,3
143,Dariusz Dudka,lech poznań,POM,Piast Gliwice,True,,,,,,,insufficient_data,Za mało danych (0/2 kolejek),,,3
144,Dariusz Formella,pogoń szczecin,POM,Motor Lublin,True,,,,,,,insufficient_data,Za mało danych (0/2 kolejek),,,3
146,Darko Jevtić,lech poznań,POM,Piast Gliwice,True,,,,,,,insufficient_data,Za mało danych (0/2 kolejek),,,3
148,Karol Linetty,lech poznań,POM,Piast Gliwice,True,,,,,,,insufficient_data,Za mało danych (0/2 kolejek),,,3
149,Radosław Majewski,pogoń szczecin,POM,Motor Lublin,True,,,,,,,insufficient_data,Za mało danych (0/2 kolejek),,,3
150,Maciej Makuszewski,jagiellonia białystok,POM,Widzew Łódź,True,,,,,,,insufficient_data,Za mało danych (0/2 kolejek),,,3
153,Abdul Aziz Tetteh,lech poznań,POM,Piast Gliwice,True,,,,,,,insufficient_data,Za mało danych (0/2 kolejek),,,3
155,Nicki Bille Nielsen,lech poznań,NAP,Piast Gliwice,True,,,,,,,insufficient_data,Za mało danych (0/2 kolejek),,,3
156,Dawid Kownacki,lech poznań,NAP,Piast Gliwice,True,,,,,,,insufficient_data,Za mało danych (0/2 kolejek),,,3
157,Marcin Robak,śląsk wrocław,NAP,Cracovia,True,,,,,,,insufficient_data,Za mało danych (0/2 kolejek),,,3
159,Łukasz Budziłek,motor lublin,BR,Pogoń Szczecin,False,,,,,,,insufficient_data,Za mało danych (0/2 kolejek),,,3
163,Adam Chrzanowski,wisła płock,OBR,Wisła Kraków,False,,,,,,,insufficient_data,Za mało danych (0/2 kolejek),,,3
164,Adam Dźwigała,wisła płock,OBR,Wisła Kraków,False,,,,,,,insufficient_data,Za mało danych (0/2 kolejek),,,3
166,Rafał Janicki,górnik zabrze,OBR,Radomiak Radom,False,,,,,,,insufficient_data,Za mało danych (1/2 kolejek),,,3
168,Paweł Stolarski,motor lublin,OBR,Pogoń Szczecin,False,,,,,,,insufficient_data,Za mało danych (0/2 kolejek),,,3
171,Michał Chrapek,piast gliwice,POM,Lech Poznań,False,,,,,,,insufficient_data,Za mało danych (0/2 kolejek),,,3
181,Bartłomiej Pawłowski,widzew łódź,POM,Jagiellonia Białystok,False,,,,,,,insufficient_data,Za mało danych (0/2 kolejek),,,3
185,Adam Buksa,pogoń szczecin,NAP,Motor Lublin,True,,,,,,,insufficient_data,Za mało danych (0/2 kolejek),,,3
187,Grzegorz Kuświk,wisła płock,NAP,Wisła Kraków,False,,,,,,,insufficient_data,Za mało danych (0/2 kolejek),,,3
191,Radosław Cierzniak,legia warszawa,BR,Korona Kielce,False,,,,,,,insufficient_data,Za mało danych (0/2 kolejek),,,3
192,Radosław Majecki,legia warszawa,BR,Korona Kielce,False,,,,,,,insufficient_data,Za mało danych (0/2 kolejek),,,3
196,Łukasz Broź,śląsk wrocław,OBR,Cracovia,True,,,,,,,insufficient_data,Za mało danych (0/2 kolejek),,,3
200,Igor Lewczuk,legia warszawa,OBR,Korona Kielce,False,,,,,,,insufficient_data,Za mało danych (0/2 kolejek),,,3
201,Michał Pazdan,jagiellonia białystok,OBR,Widzew Łódź,True,,,,,,,insufficient_data,Za mało danych (0/2 kolejek),,,3
202,Jakub Rzeźniczak,wisła płock,OBR,Wisła Kraków,False,,,,,,,insufficient_data,Za mało danych (0/2 kolejek),,,3
203,Michaił Aleksandrow,legia warszawa,POM,Korona Kielce,False,,,,,,,insufficient_data,Za mało danych (0/2 kolejek),,,3
204,Ondrej Duda,legia warszawa,POM,Korona Kielce,False,,,,,,,insufficient_data,Za mało danych (0/2 kolejek),,,3
206,Guilherme,legia warszawa,POM,Korona Kielce,False,,,,,,,insufficient_data,Za mało danych (0/2 kolejek),,,3
207,Kasper Hämäläinen,legia warszawa,POM,Korona Kielce,False,,,,,,,insufficient_data,Za mało danych (0/2 kolejek),,,3
209,Tomasz Jodłowiec,piast gliwice,POM,Lech Poznań,False,,,,,,,insufficient_data,Za mało danych (0/2 kolejek),,,3
211,Michał Kucharczyk,legia warszawa,POM,Korona Kielce,False,,,,,,,insufficient_data,Za mało danych (0/2 kolejek),,,3
213,Michał Masłowski,legia warszawa,POM,Korona Kielce,False,,,,,,,insufficient_data,Za mało danych (0/2 kolejek),,,3
214,Thibault Moulin,legia warszawa,POM,Korona Kielce,False,,,,,,,insufficient_data,Za mało danych (0/2 kolejek),,,3
215,Stojan Vranješ,piast gliwice,POM,Lech Poznań,False,,,,,,,insufficient_data,Za mało danych (0/2 kolejek),,,3
217,Jarosław Niezgoda,legia warszawa,NAP,Korona Kielce,False,,,,,,,insufficient_data,Za mało danych (0/2 kolejek),,,3
218,Nemanja Nikolić,legia warszawa,NAP,Korona Kielce,False,,,,,,,insufficient_data,Za mało danych (0/2 kolejek),,,3
219,Aleksandar Prijović,legia warszawa,NAP,Korona Kielce,False,,,,,,,insufficient_data,Za mało danych (0/2 kolejek),,,3
223,Dobrivoj Rusov,piast gliwice,BR,Lech Poznań,False,,,,,,,insufficient_data,Za mało danych (0/2 kolejek),,,3
224,Jakub Szmatuła,piast gliwice,BR,Lech Poznań,False,,,,,,,insufficient_data,Za mało danych (0/2 kolejek),,,3
226,Edvinas Girdvainis,piast gliwice,OBR,Lech Poznań,False,,,,,,,insufficient_data,Za mało danych (0/2 kolejek),,,3
227,Silva Santos Hebert,wisła kraków,OBR,Wisła Płock,True,,,,,,,insufficient_data,Za mało danych (0/2 kolejek),,,3
229,Uroš Korun,piast gliwice,OBR,Lech Poznań,False,,,,,,,insufficient_data,Za mało danych (0/2 kolejek),,,3
231,Tomasz Mokwa,piast gliwice,OBR,Lech Poznań,False,,,,,,,insufficient_data,Za mało danych (0/2 kolejek),,,3
232,Paweł Moskwik,piast gliwice,OBR,Lech Poznań,False,,,,,,,insufficient_data,Za mało danych (0/2 kolejek),,,3
234,Marcin Pietrowski,piast gliwice,OBR,Lech Poznań,False,,,,,,,insufficient_data,Za mało danych (0/2 kolejek),,,3
235,Aleksandar Sedlar,piast gliwice,OBR,Lech Poznań,False,,,,,,,insufficient_data,Za mało danych (0/2 kolejek),,,3
236,Gerard Badía,piast gliwice,POM,Lech Poznań,False,,,,,,,insufficient_data,Za mało danych (0/2 kolejek),,,3
237,Dominik Budzik,piast gliwice,POM,Lech Poznań,False,,,,,,,insufficient_data,Za mało danych (0/2 kolejek),,,3
238,Martin Bukata,piast gliwice,POM,Lech Poznań,False,,,,,,,insufficient_data,Za mało danych (0/2 kolejek),,,3
243,Mateusz Mak,gks katowice,POM,Wieczysta Kraków,True,,,,,,,insufficient_data,Za mało danych (0/2 kolejek),,,3
245,Igor Sapała,raków częstochowa,POM,Zagłębie Lubin,True,,,,,,,insufficient_data,Za mało danych (0/2 kolejek),,,3
248,Saša Živec,zagłębie lubin,POM,Raków Częstochowa,False,,,,,,,insufficient_data,Za mało danych (0/2 kolejek),,,3
249,Josip Barišić,piast gliwice,NAP,Lech Poznań,False,,,,,,,insufficient_data,Za mało danych (0/2 kolejek),,,3
251,Adrian Henger,pogoń szczecin,BR,Motor Lublin,True,,,,,,,insufficient_data,Za mało danych (0/2 kolejek),,,3
252,Radosław Janukiewicz,pogoń szczecin,BR,Motor Lublin,True,,,,,,,insufficient_data,Za mało danych (0/2 kolejek),,,3
254,Bartosz Piotrowski,pogoń szczecin,BR,Motor Lublin,True,,,,,,,insufficient_data,Za mało danych (0/2 kolejek),,,3
255,Jakub Słowik,śląsk wrocław,BR,Cracovia,True,,,,,,,insufficient_data,Za mało danych (0/2 kolejek),,,3
256,Jakub Czerwiński,piast gliwice,OBR,Lech Poznań,False,,,,,,,insufficient_data,Za mało danych (0/2 kolejek),,,3
257,Jarosław Fojut,wisła płock,OBR,Wisła Kraków,False,,,,,,,insufficient_data,Za mało danych (0/2 kolejek),,,3
258,Adam Frączczak,korona kielce,NAP,Legia Warszawa,True,,,,,,,insufficient_data,Za mało danych (0/2 kolejek),,,3
259,Mateusz Lewandowski,wisła płock,OBR,Wisła Kraków,False,,,,,,,insufficient_data,Za mało danych (0/2 kolejek),,,3
261,Sebastian Murawski,pogoń szczecin,OBR,Motor Lublin,True,,,,,,,insufficient_data,Za mało danych (0/2 kolejek),,,3
263,Ricardo Nunes,pogoń szczecin,OBR,Motor Lublin,True,,,,,,,insufficient_data,Za mało danych (0/2 kolejek),,,3
264,Sebastian Rudol,motor lublin,OBR,Pogoń Szczecin,False,,,,,,,insufficient_data,Za mało danych (0/2 kolejek),,,3
265,Michał Stańczyk,pogoń szczecin,OBR,Motor Lublin,True,,,,,,,insufficient_data,Za mało danych (0/2 kolejek),,,3
266,Takafumi Akahoshi,pogoń szczecin,POM,Motor Lublin,True,,,,,,,insufficient_data,Za mało danych (0/2 kolejek),,,3
268,Spas Delew,pogoń szczecin,POM,Motor Lublin,True,,,,,,,insufficient_data,Za mało danych (0/2 kolejek),,,3
270,Ádám Gyurcsó,pogoń szczecin,POM,Motor Lublin,True,,,,,,,insufficient_data,Za mało danych (0/2 kolejek),,,3
273,Rafał Murawski,pogoń szczecin,POM,Motor Lublin,True,,,,,,,insufficient_data,Za mało danych (0/2 kolejek),,,3
274,Robert Obst,pogoń szczecin,POM,Motor Lublin,True,,,,,,,insufficient_data,Za mało danych (0/2 kolejek),,,3
275,Jakub Piotrowski,pogoń szczecin,POM,Motor Lublin,True,,,,,,,insufficient_data,Za mało danych (0/2 kolejek),,,3
277,Kacper Kozłowski,pogoń szczecin,POM,Motor Lublin,True,,,,,,,insufficient_data,Za mało danych (0/2 kolejek),,,3
278,Marcin Listkowski,jagiellonia białystok,POM,Widzew Łódź,True,,,,,,,insufficient_data,Za mało danych (0/2 kolejek),,,3
279,Łukasz Zwoliński,raków częstochowa,NAP,Zagłębie Lubin,True,,,,,,,insufficient_data,Za mało danych (0/2 kolejek),,,3
282,Gonçalo Silva,radomiak radom,OBR,Górnik Zabrze,True,,,,,,,insufficient_data,Za mało danych (0/2 kolejek),,,3
284,Michał Helik,cracovia,OBR,Śląsk Wrocław,False,,,,,,,insufficient_data,Za mało danych (0/2 kolejek),,,3
286,Martin Konczkowski,śląsk wrocław,OBR,Cracovia,True,,,,,,,insufficient_data,Za mało danych (0/2 kolejek),,,3
289,Przemysław Bargiel,śląsk wrocław,POM,Cracovia,True,,,,,,,insufficient_data,Za mało danych (0/2 kolejek),,,3
293,Patryk Lipski,widzew łódź,POM,Jagiellonia Białystok,False,,,,,,,insufficient_data,Za mało danych (0/2 kolejek),,,3
294,Kamil Mazek,zagłębie lubin,POM,Raków Częstochowa,False,,,,,,,insufficient_data,Za mało danych (0/2 kolejek),,,3
298,Miłosz Trojak,korona kielce,OBR,Legia Warszawa,True,,,,,,,insufficient_data,Za mało danych (0/2 kolejek),,,3
303,Mariusz Stępiński,korona kielce,NAP,Legia Warszawa,True,,,,,,,insufficient_data,Za mało danych (1/2 kolejek),,,3
304,Ľuboš Kamenár,śląsk wrocław,BR,Cracovia,True,,,,,,,insufficient_data,Za mało danych (0/2 kolejek),,,3
305,Mariusz Pawełek,jagiellonia białystok,BR,Widzew Łódź,True,,,,,,,insufficient_data,Za mało danych (0/2 kolejek),,,3
306,Augusto,śląsk wrocław,OBR,Cracovia,True,,,,,,,insufficient_data,Za mało danych (0/2 kolejek),,,3
307,Piotr Celeban,śląsk wrocław,OBR,Cracovia,True,,,,,,,insufficient_data,Za mało danych (0/2 kolejek),,,3
308,Kamil Dankowski,wieczysta kraków,OBR,GKS Katowice,False,,,,,,,insufficient_data,Za mało danych (1/2 kolejek),,,3
309,Lasza Dwali,pogoń szczecin,OBR,Motor Lublin,True,,,,,,,insufficient_data,Za mało danych (0/2 kolejek),,,3
311,Mariusz Pawelec,śląsk wrocław,OBR,Cracovia,True,,,,,,,insufficient_data,Za mało danych (0/2 kolejek),,,3
313,Alvarinho,śląsk wrocław,POM,Cracovia,True,,,,,,,insufficient_data,Za mało danych (0/2 kolejek),,,3
314,Filipe Gonçalves,śląsk wrocław,POM,Cracovia,True,,,,,,,insufficient_data,Za mało danych (0/2 kolejek),,,3
315,András Gosztonyi,śląsk wrocław,POM,Cracovia,True,,,,,,,insufficient_data,Za mało danych (0/2 kolejek),,,3
316,Peter Grajciar,śląsk wrocław,POM,Cracovia,True,,,,,,,insufficient_data,Za mało danych (0/2 kolejek),,,3
317,Jacek Kiełb,korona kielce,POM,Legia Warszawa,True,,,,,,,insufficient_data,Za mało danych (0/2 kolejek),,,3
318,Łukasz Madej,śląsk wrocław,POM,Cracovia,True,,,,,,,insufficient_data,Za mało danych (0/2 kolejek),,,3
319,Maciej Matusik,śląsk wrocław,POM,Cracovia,True,,,,,,,insufficient_data,Za mało danych (0/2 kolejek),,,3
320,Ryota Morioka,śląsk wrocław,POM,Cracovia,True,,,,,,,insufficient_data,Za mało danych (0/2 kolejek),,,3
321,Maciej Pałaszewski,śląsk wrocław,POM,Cracovia,True,,,,,,,insufficient_data,Za mało danych (0/2 kolejek),,,3
322,Róbert Pich,legia warszawa,POM,Korona Kielce,False,,,,,,,insufficient_data,Za mało danych (0/2 kolejek),,,3
323,Ostoja Stjepanović,śląsk wrocław,POM,Cracovia,True,,,,,,,insufficient_data,Za mało danych (0/2 kolejek),,,3
324,Wiktor Żytek,śląsk wrocław,POM,Cracovia,True,,,,,,,insufficient_data,Za mało danych (0/2 kolejek),,,3
326,Mariusz Idzik,śląsk wrocław,NAP,Cracovia,True,,,,,,,insufficient_data,Za mało danych (0/2 kolejek),,,3
327,Bence Mervó,śląsk wrocław,NAP,Cracovia,True,,,,,,,insufficient_data,Za mało danych (0/2 kolejek),,,3
352,Michał Miśkiewicz,korona kielce,BR,Legia Warszawa,True,,,,,,,insufficient_data,Za mało danych (0/2 kolejek),,,3
353,Mateusz Zając,wisła kraków,BR,Wisła Płock,True,,,,,,,insufficient_data,Za mało danych (0/2 kolejek),,,3
355,Michał Czekaj,wisła kraków,OBR,Wisła Płock,True,,,,,,,insufficient_data,Za mało danych (0/2 kolejek),,,3
356,Arkadiusz Głowacki,wisła kraków,OBR,Wisła Płock,True,,,,,,,insufficient_data,Za mało danych (0/2 kolejek),,,3
357,Richárd Guzmics,wisła kraków,OBR,Wisła Płock,True,,,,,,,insufficient_data,Za mało danych (0/2 kolejek),,,3
358,Boban Jović,śląsk wrocław,OBR,Cracovia,True,,,,,,,insufficient_data,Za mało danych (0/2 kolejek),,,3
359,Krystian Kujawa,wisła kraków,OBR,Wisła Płock,True,,,,,,,insufficient_data,Za mało danych (0/2 kolejek),,,3
360,Adam Mójta,piast gliwice,OBR,Lech Poznań,False,,,,,,,insufficient_data,Za mało danych (0/2 kolejek),,,3
363,Szymon Witek,wisła kraków,OBR,Wisła Płock,True,,,,,,,insufficient_data,Za mało danych (0/2 kolejek),,,3
364,Piotr Żemło,wisła kraków,OBR,Wisła Płock,True,,,,,,,insufficient_data,Za mało danych (0/2 kolejek),,,3
365,Rafał Boguski,wisła kraków,POM,Wisła Płock,True,,,,,,,insufficient_data,Za mało danych (0/2 kolejek),,,3
366,Petar Brlek,wisła kraków,POM,Wisła Płock,True,,,,,,,insufficient_data,Za mało danych (0/2 kolejek),,,3
367,Tomasz Cywka,lech poznań,POM,Piast Gliwice,True,,,,,,,insufficient_data,Za mało danych (0/2 kolejek),,,3
368,Wilde-Donald Guerrier,wisła kraków,POM,Wisła Płock,True,,,,,,,insufficient_data,Za mało danych (0/2 kolejek),,,3
369,Grzegorz Gulczyński,wisła kraków,POM,Wisła Płock,True,,,,,,,insufficient_data,Za mało danych (0/2 kolejek),,,3
370,Patryk Małecki,wisła kraków,POM,Wisła Płock,True,,,,,,,insufficient_data,Za mało danych (0/2 kolejek),,,3
371,Krzysztof Mączyński,śląsk wrocław,POM,Cracovia,True,,,,,,,insufficient_data,Za mało danych (0/2 kolejek),,,3
372,Jakub Mordec,wisła kraków,POM,Wisła Płock,True,,,,,,,insufficient_data,Za mało danych (0/2 kolejek),,,3
373,Denis Popovič,wisła kraków,POM,Wisła Płock,True,,,,,,,insufficient_data,Za mało danych (0/2 kolejek),,,3
375,Oskar Wąsikowski,wisła kraków,POM,Wisła Płock,True,,,,,,,insufficient_data,Za mało danych (0/2 kolejek),,,3
376,Paweł Brożek,wisła kraków,NAP,Wisła Płock,True,,,,,,,insufficient_data,Za mało danych (0/2 kolejek),,,3
378,Zdeněk Ondrášek,wisła kraków,NAP,Wisła Płock,True,,,,,,,insufficient_data,Za mało danych (0/2 kolejek),,,3
379,Adrian Wójcik,wisła kraków,NAP,Wisła Płock,True,,,,,,,insufficient_data,Za mało danych (0/2 kolejek),,,3
380,Mateusz Zachara,wisła kraków,NAP,Wisła Płock,True,,,,,,,insufficient_data,Za mało danych (0/2 kolejek),,,3
381,Konrad Forenc,korona kielce,BR,Legia Warszawa,True,,,,,,,insufficient_data,Za mało danych (0/2 kolejek),,,3
384,Đorđe Čotra,śląsk wrocław,OBR,Cracovia,True,,,,,,,insufficient_data,Za mało danych (0/2 kolejek),,,3
387,Ľubomír Guldan,zagłębie lubin,OBR,Raków Częstochowa,False,,,,,,,insufficient_data,Za mało danych (0/2 kolejek),,,3
388,Jarosław Jach,zagłębie lubin,OBR,Raków Częstochowa,False,,,,,,,insufficient_data,Za mało danych (0/2 kolejek),,,3
389,Sebastian Madera,zagłębie lubin,OBR,Raków Częstochowa,False,,,,,,,insufficient_data,Za mało danych (0/2 kolejek),,,3
390,Aleksandar Todorovski,zagłębie lubin,OBR,Raków Częstochowa,False,,,,,,,insufficient_data,Za mało danych (0/2 kolejek),,,3
391,Damian Zbozień,wisła płock,OBR,Wisła Kraków,False,,,,,,,insufficient_data,Za mało danych (0/2 kolejek),,,3
393,Łukasz Janoszka,zagłębie lubin,POM,Raków Częstochowa,False,,,,,,,insufficient_data,Za mało danych (0/2 kolejek),,,3
400,Jakub Tosik,zagłębie lubin,POM,Raków Częstochowa,False,,,,,,,insufficient_data,Za mało danych (0/2 kolejek),,,3
401,Ján Vlasko,zagłębie lubin,POM,Raków Częstochowa,False,,,,,,,insufficient_data,Za mało danych (0/2 kolejek),,,3
402,Arkadiusz Woźniak,zagłębie lubin,POM,Raków Częstochowa,False,,,,,,,insufficient_data,Za mało danych (0/2 kolejek),,,3
403,Karol Żmijewski,zagłębie lubin,POM,Raków Częstochowa,False,,,,,,,insufficient_data,Za mało danych (0/2 kolejek),,,3
405,Konrad Andrzejczak,zagłębie lubin,POM,Raków Częstochowa,False,,,,,,,insufficient_data,Za mało danych (0/2 kolejek),,,3
406,Michal Papadopulos,korona kielce,NAP,Legia Warszawa,True,,,,,,,insufficient_data,Za mało danych (0/2 kolejek),,,3
407,Krzysztof Piątek,cracovia,NAP,Śląsk Wrocław,False,,,,,,,insufficient_data,Za mało danych (0/2 kolejek),,,3
412,Pavels Šteinbors,jagiellonia białystok,BR,Widzew Łódź,True,,,,,,,insufficient_data,Za mało danych (0/2 kolejek),,,3
420,Marcin Warcholak,wisła płock,OBR,Wisła Kraków,False,,,,,,,insufficient_data,Za mało danych (0/2 kolejek),,,3
423,Adrian Błąd,gks katowice,POM,Wieczysta Kraków,True,,,,,,,insufficient_data,Za mało danych (0/2 kolejek),,,3
429,Michał Nalepa,jagiellonia białystok,POM,Widzew Łódź,True,,,,,,,insufficient_data,Za mało danych (0/2 kolejek),,,3
431,Mateusz Szwoch,wisła płock,POM,Wisła Kraków,False,,,,,,,insufficient_data,Za mało danych (0/2 kolejek),,,3
439,Bartosz Kaniecki,wisła płock,BR,Wisła Kraków,False,,,,,,,insufficient_data,Za mało danych (0/2 kolejek),,,3
440,Seweryn Kiełpin,wisła płock,BR,Wisła Kraków,False,,,,,,,insufficient_data,Za mało danych (0/2 kolejek),,,3
441,Mateusz Kryczka,radomiak radom,BR,Górnik Zabrze,True,,,,,,,insufficient_data,Za mało danych (0/2 kolejek),,,3
442,Klaudiusz Kurek,wisła płock,BR,Wisła Kraków,False,,,,,,,insufficient_data,Za mało danych (0/2 kolejek),,,3
444,Damian Byrtek,piast gliwice,OBR,Lech Poznań,False,,,,,,,insufficient_data,Za mało danych (0/2 kolejek),,,3
445,Bartłomiej Sielewski,wisła płock,OBR,Wisła Kraków,False,,,,,,,insufficient_data,Za mało danych (0/2 kolejek),,,3
446,Cezary Stefańczyk,wisła płock,OBR,Wisła Kraków,False,,,,,,,insufficient_data,Za mało danych (0/2 kolejek),,,3
448,Kamil Sylwestrzak,wisła płock,OBR,Wisła Kraków,False,,,,,,,insufficient_data,Za mało danych (0/2 kolejek),,,3
449,Przemysław Szymiński,wisła płock,OBR,Wisła Kraków,False,,,,,,,insufficient_data,Za mało danych (0/2 kolejek),,,3
450,Dominik Furman,wisła płock,POM,Wisła Kraków,False,,,,,,,insufficient_data,Za mało danych (0/2 kolejek),,,3
451,Dimityr Ilijew,wisła płock,POM,Wisła Kraków,False,,,,,,,insufficient_data,Za mało danych (0/2 kolejek),,,3
452,Dawid Jabłoński,wisła płock,POM,Wisła Kraków,False,,,,,,,insufficient_data,Za mało danych (0/2 kolejek),,,3
453,Dominik Kun,wisła płock,POM,Wisła Kraków,False,,,,,,,insufficient_data,Za mało danych (0/2 kolejek),,,3
455,Jakub Łukowski,gks katowice,POM,Wieczysta Kraków,True,,,,,,,insufficient_data,Za mało danych (0/2 kolejek),,,3
457,Damian Piotrowski,wisła płock,POM,Wisła Kraków,False,,,,,,,insufficient_data,Za mało danych (0/2 kolejek),,,3
459,Maksymilian Rogalski,wisła płock,POM,Wisła Kraków,False,,,,,,,insufficient_data,Za mało danych (0/2 kolejek),,,3
460,Patryk Szczepański,wisła płock,POM,Wisła Kraków,False,,,,,,,insufficient_data,Za mało danych (0/2 kolejek),,,3
462,Emil Drozdowicz,wisła płock,NAP,Wisła Kraków,False,,,,,,,insufficient_data,Za mało danych (0/2 kolejek),,,3
464,Kamil Nowicki,wisła płock,NAP,Wisła Kraków,False,,,,,,,insufficient_data,Za mało danych (0/2 kolejek),,,3
465,Krystian Popiela,wisła płock,NAP,Wisła Kraków,False,,,,,,,insufficient_data,Za mało danych (0/2 kolejek),,,3
466,Witalij Hemeha,wisła płock,POM,Wisła Kraków,False,,,,,,,insufficient_data,Za mało danych (0/2 kolejek),,,3
469,José Kanté,legia warszawa,NAP,Korona Kielce,False,,,,,,,insufficient_data,Za mało danych (0/2 kolejek),,,3
471,Seiya Kitano,pogoń szczecin,NAP,Motor Lublin,True,,,,,,,insufficient_data,Za mało danych (0/2 kolejek),,,3
472,Łukasz Załuska,pogoń szczecin,BR,Motor Lublin,True,,,,,,,insufficient_data,Za mało danych (0/2 kolejek),,,3
473,Miguel Palanca Fernández,korona kielce,POM,Legia Warszawa,True,,,,,,,insufficient_data,Za mało danych (0/2 kolejek),,,3
474,Jakub Čunta,cracovia,OBR,Śląsk Wrocław,False,,,,,,,insufficient_data,Za mało danych (0/2 kolejek),,,3
477,Steeven Langil,legia warszawa,POM,Korona Kielce,False,,,,,,,insufficient_data,Za mało danych (0/2 kolejek),,,3
479,Diego Ferraresso,cracovia,OBR,Śląsk Wrocław,False,,,,,,,insufficient_data,Za mało danych (0/2 kolejek),,,3
485,Vadis Odjidja-Ofoe,legia warszawa,POM,Korona Kielce,False,,,,,,,insufficient_data,Za mało danych (0/2 kolejek),,,3
487,Giorgi Merebaszwili,wisła płock,POM,Wisła Kraków,False,,,,,,,insufficient_data,Za mało danych (0/2 kolejek),,,3
490,Mario Engels,śląsk wrocław,POM,Cracovia,True,,,,,,,insufficient_data,Za mało danych (0/2 kolejek),,,3
491,Mateusz Wieteska,wieczysta kraków,OBR,GKS Katowice,False,,,,,,,insufficient_data,Za mało danych (0/2 kolejek),,,3
492,Sebastian Szymański,legia warszawa,POM,Korona Kielce,False,,,,,,,insufficient_data,Za mało danych (0/2 kolejek),,,3
494,Sito Riera,śląsk wrocław,POM,Cracovia,True,,,,,,,insufficient_data,Za mało danych (0/2 kolejek),,,3
495,Martin Nespor,zagłębie lubin,NAP,Raków Częstochowa,False,,,,,,,insufficient_data,Za mało danych (0/2 kolejek),,,3
498,Haubert Sityá Guilherme,jagiellonia białystok,OBR,Widzew Łódź,True,,,,,,,insufficient_data,Za mało danych (0/2 kolejek),,,3
499,Miroslav Radović,legia warszawa,POM,Korona Kielce,False,,,,,,,insufficient_data,Za mało danych (0/2 kolejek),,,3
500,Waleri Kazaiszwili,legia warszawa,POM,Korona Kielce,False,,,,,,,insufficient_data,Za mało danych (0/2 kolejek),,,3
501,Piotr Malarczyk,korona kielce,OBR,Legia Warszawa,True,,,,,,,insufficient_data,Za mało danych (0/2 kolejek),,,3
504,Deimantas Petravičius,zagłębie lubin,POM,Raków Częstochowa,False,,,,,,,insufficient_data,Za mało danych (0/2 kolejek),,,3
505,Javi Hernández,cracovia,POM,Śląsk Wrocław,False,,,,,,,insufficient_data,Za mało danych (0/2 kolejek),,,3
507,Daniel Abalo,korona kielce,POM,Legia Warszawa,True,,,,,,,insufficient_data,Za mało danych (0/2 kolejek),,,3
508,Cornel Râpă,cracovia,OBR,Śląsk Wrocław,False,,,,,,,insufficient_data,Za mało danych (0/2 kolejek),,,3
511,Ivica Vrdoljak,wisła płock,POM,Wisła Kraków,False,,,,,,,insufficient_data,Za mało danych (0/2 kolejek),,,3
514,Łukasz Bejger,śląsk wrocław,OBR,Cracovia,True,,,,,,,insufficient_data,Za mało danych (0/2 kolejek),,,3
515,Sandro Gotal,piast gliwice,NAP,Lech Poznań,False,,,,,,,insufficient_data,Za mało danych (0/2 kolejek),,,3
519,Przemysław Porębski,wisła kraków,POM,Wisła Płock,True,,,,,,,insufficient_data,Za mało danych (0/2 kolejek),,,3
522,Semir Štilić,wisła płock,POM,Wisła Kraków,False,,,,,,,insufficient_data,Za mało danych (0/2 kolejek),,,3
523,Daniel Chima Chukwu,legia warszawa,NAP,Korona Kielce,False,,,,,,,insufficient_data,Za mało danych (0/2 kolejek),,,3
526,Luka Zarandia,korona kielce,POM,Legia Warszawa,True,,,,,,,insufficient_data,Za mało danych (0/2 kolejek),,,3
528,Arvydas Novikovas,legia warszawa,POM,Korona Kielce,False,,,,,,,insufficient_data,Za mało danych (0/2 kolejek),,,3
529,Iván González,wisła kraków,OBR,Wisła Płock,True,,,,,,,insufficient_data,Za mało danych (0/2 kolejek),,,3
531,Jakub Żubrowski,zagłębie lubin,POM,Raków Częstochowa,False,,,,,,,insufficient_data,Za mało danych (0/2 kolejek),,,3
533,Mihai Radut,lech poznań,POM,Piast Gliwice,True,,,,,,,insufficient_data,Za mało danych (0/2 kolejek),,,3
534,Mate Cincadze,pogoń szczecin,POM,Motor Lublin,True,,,,,,,insufficient_data,Za mało danych (0/2 kolejek),,,3
535,Artur Jędrzejczyk,legia warszawa,OBR,Korona Kielce,False,,,,,,,insufficient_data,Za mało danych (0/2 kolejek),,,3
536,Dominik Nagy,legia warszawa,POM,Korona Kielce,False,,,,,,,insufficient_data,Za mało danych (0/2 kolejek),,,3
537,Sadam Sulley,legia warszawa,NAP,Korona Kielce,False,,,,,,,insufficient_data,Za mało danych (0/2 kolejek),,,3
538,Eryk Sobków,zagłębie lubin,NAP,Raków Częstochowa,False,,,,,,,insufficient_data,Za mało danych (0/2 kolejek),,,3
542,Krystian Miś,wisła płock,OBR,Wisła Kraków,False,,,,,,,insufficient_data,Za mało danych (0/2 kolejek),,,3
543,Charlie Trafford,korona kielce,POM,Legia Warszawa,True,,,,,,,insufficient_data,Za mało danych (0/2 kolejek),,,3
544,Sandro Kulenović,legia warszawa,NAP,Korona Kielce,False,,,,,,,insufficient_data,Za mało danych (0/2 kolejek),,,3
545,Jakub Freitag,piast gliwice,BR,Lech Poznań,False,,,,,,,insufficient_data,Za mało danych (0/2 kolejek),,,3
547,Łukasz Wiech,śląsk wrocław,OBR,Cracovia,True,,,,,,,insufficient_data,Za mało danych (0/2 kolejek),,,3
548,Ariel Borysiuk,jagiellonia białystok,POM,Widzew Łódź,True,,,,,,,insufficient_data,Za mało danych (0/2 kolejek),,,3
549,Ziggy Gordon,jagiellonia białystok,OBR,Widzew Łódź,True,,,,,,,insufficient_data,Za mało danych (0/2 kolejek),,,3
550,Tomáš Necid,legia warszawa,NAP,Korona Kielce,False,,,,,,,insufficient_data,Za mało danych (0/2 kolejek),,,3
552,Ilijan Micanski,korona kielce,NAP,Legia Warszawa,True,,,,,,,insufficient_data,Za mało danych (0/2 kolejek),,,3
554,Bartłomiej Urbański,legia warszawa,POM,Korona Kielce,False,,,,,,,insufficient_data,Za mało danych (0/2 kolejek),,,3
555,Pol Llonch,wisła kraków,POM,Wisła Płock,True,,,,,,,insufficient_data,Za mało danych (0/2 kolejek),,,3
556,Tymoteusz Puchacz,gks katowice,OBR,Wieczysta Kraków,True,,,,,,,insufficient_data,Za mało danych (0/2 kolejek),,,3
558,Dušan Kuciak,raków częstochowa,BR,Zagłębie Lubin,True,,,,,,,insufficient_data,Za mało danych (0/2 kolejek),,,3
560,Hugo Vidémont,wisła kraków,POM,Wisła Płock,True,,,,,,,insufficient_data,Za mało danych (0/2 kolejek),,,3
561,Matija Špičić,wisła kraków,OBR,Wisła Płock,True,,,,,,,insufficient_data,Za mało danych (0/2 kolejek),,,3
562,Lukáš Čmelík,piast gliwice,POM,Lech Poznań,False,,,,,,,insufficient_data,Za mało danych (0/2 kolejek),,,3
563,Marcin Wasielewski,gks katowice,OBR,Wieczysta Kraków,True,,,,,,,insufficient_data,Za mało danych (1/2 kolejek),,,3
564,Víctor Gutiérrez,lech poznań,POM,Piast Gliwice,True,,,,,,,insufficient_data,Za mało danych (0/2 kolejek),,,3
565,Milan Borjan,korona kielce,BR,Legia Warszawa,True,,,,,,,insufficient_data,Za mało danych (0/2 kolejek),,,3
566,Nadir Çiftçi,pogoń szczecin,NAP,Motor Lublin,True,,,,,,,insufficient_data,Za mało danych (0/2 kolejek),,,3
567,Éver Valencia,wisła kraków,POM,Wisła Płock,True,,,,,,,insufficient_data,Za mało danych (0/2 kolejek),,,3
568,Cristián Echavarría,wisła kraków,POM,Wisła Płock,True,,,,,,,insufficient_data,Za mało danych (0/2 kolejek),,,3
570,Michał Smolarczyk,korona kielce,NAP,Legia Warszawa,True,,,,,,,insufficient_data,Za mało danych (0/2 kolejek),,,3
571,Elvis Kokalović,lech poznań,OBR,Piast Gliwice,True,,,,,,,insufficient_data,Za mało danych (0/2 kolejek),,,3
572,Mateusz Prolejko,jagiellonia białystok,POM,Widzew Łódź,True,,,,,,,insufficient_data,Za mało danych (0/2 kolejek),,,3
574,Bartosz Slisz,legia warszawa,POM,Korona Kielce,False,,,,,,,insufficient_data,Za mało danych (0/2 kolejek),,,3
575,Radosław Dzierbicki,zagłębie lubin,POM,Raków Częstochowa,False,,,,,,,insufficient_data,Za mało danych (0/2 kolejek),,,3
576,Cillian Sheridan,wisła płock,NAP,Wisła Kraków,False,,,,,,,insufficient_data,Za mało danych (0/2 kolejek),,,3
579,Harmeet Singh,wisła płock,POM,Wisła Kraków,False,,,,,,,insufficient_data,Za mało danych (0/2 kolejek),,,3
580,Sebastian Kowalczyk,zagłębie lubin,POM,Raków Częstochowa,False,,,,,,,insufficient_data,Za mało danych (0/2 kolejek),,,3
581,Dominik Jończy,zagłębie lubin,OBR,Raków Częstochowa,False,,,,,,,insufficient_data,Za mało danych (0/2 kolejek),,,3
582,Denis Gojko,piast gliwice,POM,Lech Poznań,False,,,,,,,insufficient_data,Za mało danych (0/2 kolejek),,,3
583,Adrian Łyszczarz,śląsk wrocław,POM,Cracovia,True,,,,,,,insufficient_data,Za mało danych (0/2 kolejek),,,3
584,Wojciech Słomka,wisła kraków,POM,Wisła Płock,True,,,,,,,insufficient_data,Za mało danych (0/2 kolejek),,,3
585,Kacper Laskoś,wisła kraków,POM,Wisła Płock,True,,,,,,,insufficient_data,Za mało danych (0/2 kolejek),,,3
587,Patryk Dziczek,pogoń szczecin,POM,Motor Lublin,True,,,,,,,insufficient_data,Za mało danych (1/2 kolejek),,,3
588,Dawid Kieplin,wisła płock,POM,Wisła Kraków,False,,,,,,,insufficient_data,Za mało danych (0/2 kolejek),,,3
589,Seweryn Truskolaski,wisła płock,POM,Wisła Kraków,False,,,,,,,insufficient_data,Za mało danych (0/2 kolejek),,,3
591,Marcin Mielczarski,wisła płock,OBR,Wisła Kraków,False,,,,,,,insufficient_data,Za mało danych (0/2 kolejek),,,3
592,Daniel Łuczak,śląsk wrocław,POM,Cracovia,True,,,,,,,insufficient_data,Za mało danych (0/2 kolejek),,,3
593,Łukasz Krakowczyk,piast gliwice,NAP,Lech Poznań,False,,,,,,,insufficient_data,Za mało danych (0/2 kolejek),,,3
595,Piotr Poński,korona kielce,NAP,Legia Warszawa,True,,,,,,,insufficient_data,Za mało danych (0/2 kolejek),,,3
602,Lennard Sowah,cracovia,OBR,Śląsk Wrocław,False,,,,,,,insufficient_data,Za mało danych (0/2 kolejek),,,3
605,Sergei Zenjov,cracovia,NAP,Śląsk Wrocław,False,,,,,,,insufficient_data,Za mało danych (0/2 kolejek),,,3
608,Łukasz Radliński,lech poznań,BR,Piast Gliwice,True,,,,,,,insufficient_data,Za mało danych (0/2 kolejek),,,3
610,Adrian Danek,gks katowice,OBR,Wieczysta Kraków,True,,,,,,,insufficient_data,Za mało danych (0/2 kolejek),,,3
625,Filip Piszczek,jagiellonia białystok,NAP,Widzew Łódź,True,,,,,,,insufficient_data,Za mało danych (0/2 kolejek),,,3
632,Wiktor Nowak,wisła płock,POM,Wisła Kraków,False,,,,,,,insufficient_data,Za mało danych (0/2 kolejek),,,3
636,Nika Kaczarawa,lech poznań,NAP,Piast Gliwice,True,,,,,,,insufficient_data,Za mało danych (0/2 kolejek),,,3
637,Mateusz Kuchta,zagłębie lubin,BR,Raków Częstochowa,False,,,,,,,insufficient_data,Za mało danych (0/2 kolejek),,,3
638,Grzegorz Kasprzik,górnik zabrze,BR,Radomiak Radom,False,,,,,,,insufficient_data,Za mało danych (0/2 kolejek),,,3
641,Marcis Ošs,górnik zabrze,OBR,Radomiak Radom,False,,,,,,,insufficient_data,Za mało danych (0/2 kolejek),,,3
642,Ołeksandr Szeweluchin,górnik zabrze,OBR,Radomiak Radom,False,,,,,,,insufficient_data,Za mało danych (0/2 kolejek),,,3
644,Erik Grendel,górnik zabrze,POM,Radomiak Radom,False,,,,,,,insufficient_data,Za mało danych (0/2 kolejek),,,3
646,Aleksander Kwiek,górnik zabrze,POM,Radomiak Radom,False,,,,,,,insufficient_data,Za mało danych (0/2 kolejek),,,3
648,Bartosz Pikul,górnik zabrze,POM,Radomiak Radom,False,,,,,,,insufficient_data,Za mało danych (0/2 kolejek),,,3
649,Mariusz Przybylski,górnik zabrze,POM,Radomiak Radom,False,,,,,,,insufficient_data,Za mało danych (0/2 kolejek),,,3
650,Michał Teichman,górnik zabrze,OBR,Radomiak Radom,False,,,,,,,insufficient_data,Za mało danych (0/2 kolejek),,,3
651,Daniel Wajsak,górnik zabrze,POM,Radomiak Radom,False,,,,,,,insufficient_data,Za mało danych (0/2 kolejek),,,3
652,Krzysztof Kiklaisz,górnik zabrze,NAP,Radomiak Radom,False,,,,,,,insufficient_data,Za mało danych (0/2 kolejek),,,3
653,Dariusz Pawłowski,radomiak radom,OBR,Górnik Zabrze,True,,,,,,,insufficient_data,Za mało danych (0/2 kolejek),,,3
654,Szymon Skrzypczak,górnik zabrze,NAP,Radomiak Radom,False,,,,,,,insufficient_data,Za mało danych (0/2 kolejek),,,3
655,Marcin Urynowicz,górnik zabrze,NAP,Radomiak Radom,False,,,,,,,insufficient_data,Za mało danych (0/2 kolejek),,,3
656,Bartłomiej Olszewski,górnik zabrze,OBR,Radomiak Radom,False,,,,,,,insufficient_data,Za mało danych (0/2 kolejek),,,3
657,Dawid Plizga,górnik zabrze,POM,Radomiak Radom,False,,,,,,,insufficient_data,Za mało danych (0/2 kolejek),,,3
659,Konrad Nowak,górnik zabrze,POM,Radomiak Radom,False,,,,,,,insufficient_data,Za mało danych (0/2 kolejek),,,3
660,Bartłomiej Gajda,górnik zabrze,OBR,Radomiak Radom,False,,,,,,,insufficient_data,Za mało danych (0/2 kolejek),,,3
661,Adam Wolniewicz,górnik zabrze,OBR,Radomiak Radom,False,,,,,,,insufficient_data,Za mało danych (0/2 kolejek),,,3
662,Igor Angulo,górnik zabrze,NAP,Radomiak Radom,False,,,,,,,insufficient_data,Za mało danych (0/2 kolejek),,,3
663,Rafał Kosznik,górnik zabrze,OBR,Radomiak Radom,False,,,,,,,insufficient_data,Za mało danych (0/2 kolejek),,,3
665,David Ledecký,górnik zabrze,NAP,Radomiak Radom,False,,,,,,,insufficient_data,Za mało danych (0/2 kolejek),,,3
666,Wojciech Pawłowski,górnik zabrze,BR,Radomiak Radom,False,,,,,,,insufficient_data,Za mało danych (0/2 kolejek),,,3
667,Szymon Żurkowski,górnik zabrze,POM,Radomiak Radom,False,,,,,,,insufficient_data,Za mało danych (0/2 kolejek),,,3
668,Denis Jančo,górnik zabrze,POM,Radomiak Radom,False,,,,,,,insufficient_data,Za mało danych (0/2 kolejek),,,3
669,Sandi Arčon,górnik zabrze,POM,Radomiak Radom,False,,,,,,,insufficient_data,Za mało danych (0/2 kolejek),,,3
670,Meik Karwot,radomiak radom,OBR,Górnik Zabrze,True,,,,,,,insufficient_data,Za mało danych (0/2 kolejek),,,3
671,Dani Suárez,górnik zabrze,OBR,Radomiak Radom,False,,,,,,,insufficient_data,Za mało danych (0/2 kolejek),,,3
672,Tomasz Loska,górnik zabrze,BR,Radomiak Radom,False,,,,,,,insufficient_data,Za mało danych (0/2 kolejek),,,3
673,Rafał Wolsztyński R.,górnik zabrze,POM,Radomiak Radom,False,,,,,,,insufficient_data,Za mało danych (0/2 kolejek),,,3
674,Nicklas Bärkroth,lech poznań,POM,Piast Gliwice,True,,,,,,,insufficient_data,Za mało danych (0/2 kolejek),,,3
675,Vernon De Marco,lech poznań,OBR,Piast Gliwice,True,,,,,,,insufficient_data,Za mało danych (0/2 kolejek),,,3
676,Emir Dilaver,lech poznań,OBR,Piast Gliwice,True,,,,,,,insufficient_data,Za mało danych (0/2 kolejek),,,3
677,Deniss Rakels,cracovia,NAP,Śląsk Wrocław,False,,,,,,,insufficient_data,Za mało danych (0/2 kolejek),,,3
678,Mario Šitum,lech poznań,POM,Piast Gliwice,True,,,,,,,insufficient_data,Za mało danych (0/2 kolejek),,,3
680,Fran Vélez,wisła kraków,OBR,Wisła Płock,True,,,,,,,insufficient_data,Za mało danych (0/2 kolejek),,,3
684,Bartosz Waleńcik,piast gliwice,OBR,Lech Poznań,False,,,,,,,insufficient_data,Za mało danych (0/2 kolejek),,,3
685,Tomasz Hołota,pogoń szczecin,POM,Motor Lublin,True,,,,,,,insufficient_data,Za mało danych (0/2 kolejek),,,3
686,Sebastian Walukiewicz,pogoń szczecin,OBR,Motor Lublin,True,,,,,,,insufficient_data,Za mało danych (0/2 kolejek),,,3
688,Jakub Kosecki,cracovia,POM,Śląsk Wrocław,False,,,,,,,insufficient_data,Za mało danych (0/2 kolejek),,,3
689,Arkadiusz Piech,śląsk wrocław,NAP,Cracovia,True,,,,,,,insufficient_data,Za mało danych (0/2 kolejek),,,3
690,Oktawian Skrzecz,korona kielce,POM,Legia Warszawa,True,,,,,,,insufficient_data,Za mało danych (0/2 kolejek),,,3
691,Jakub Wrąbel,widzew łódź,BR,Jagiellonia Białystok,False,,,,,,,insufficient_data,Za mało danych (0/2 kolejek),,,3
692,Zoran Arsenić,legia warszawa,OBR,Korona Kielce,False,,,,,,,insufficient_data,Za mało danych (1/2 kolejek),,,3
693,Carlos López,legia warszawa,NAP,Korona Kielce,False,,,,,,,insufficient_data,Za mało danych (0/2 kolejek),,,3
694,Julián Cuesta,wisła kraków,BR,Wisła Płock,True,,,,,,,insufficient_data,Za mało danych (0/2 kolejek),,,3
695,Tibor Halilović,wisła kraków,POM,Wisła Płock,True,,,,,,,insufficient_data,Za mało danych (0/2 kolejek),,,3
696,Paul Pârvulescu,wisła płock,POM,Wisła Kraków,False,,,,,,,insufficient_data,Za mało danych (0/2 kolejek),,,3
697,César Varela,wisła płock,POM,Wisła Kraków,False,,,,,,,insufficient_data,Za mało danych (0/2 kolejek),,,3
699,Adam Matuszczyk,zagłębie lubin,POM,Raków Częstochowa,False,,,,,,,insufficient_data,Za mało danych (0/2 kolejek),,,3
700,Jakub Świerczok,śląsk wrocław,NAP,Cracovia,True,,,,,,,insufficient_data,Za mało danych (0/2 kolejek),,,3
704,Christian Gytkjær,lech poznań,NAP,Piast Gliwice,True,,,,,,,insufficient_data,Za mało danych (0/2 kolejek),,,3
706,Kamil Wojtkowski,jagiellonia białystok,POM,Widzew Łódź,True,,,,,,,insufficient_data,Za mało danych (0/2 kolejek),,,3
707,Damian Pietras,korona kielce,OBR,Legia Warszawa,True,,,,,,,insufficient_data,Za mało danych (0/2 kolejek),,,3
708,Eryk Borczyński,korona kielce,POM,Legia Warszawa,True,,,,,,,insufficient_data,Za mało danych (0/2 kolejek),,,3
710,Mateusz Jarzynka,cracovia,OBR,Śląsk Wrocław,False,,,,,,,insufficient_data,Za mało danych (0/2 kolejek),,,3
711,Robert Pieczur,górnik zabrze,OBR,Radomiak Radom,False,,,,,,,insufficient_data,Za mało danych (0/2 kolejek),,,3
712,Jakub Bursztyn,pogoń szczecin,BR,Motor Lublin,True,,,,,,,insufficient_data,Za mało danych (0/2 kolejek),,,3
713,Martin Pospíšil,jagiellonia białystok,POM,Widzew Łódź,True,,,,,,,insufficient_data,Za mało danych (0/2 kolejek),,,3
715,Łukasz Kosakiewicz,korona kielce,POM,Legia Warszawa,True,,,,,,,insufficient_data,Za mało danych (0/2 kolejek),,,3
716,Alen Ploj,wisła płock,NAP,Wisła Kraków,False,,,,,,,insufficient_data,Za mało danych (0/2 kolejek),,,3
718,Adnan Kovačević,raków częstochowa,OBR,Zagłębie Lubin,True,,,,,,,insufficient_data,Za mało danych (0/2 kolejek),,,3
721,Nikola Vujadinović,lech poznań,OBR,Piast Gliwice,True,,,,,,,insufficient_data,Za mało danych (0/2 kolejek),,,3
722,Karol Angielski,pogoń szczecin,NAP,Motor Lublin,True,,,,,,,insufficient_data,Za mało danych (0/2 kolejek),,,3
723,Igor Łasicki,pogoń szczecin,OBR,Motor Lublin,True,,,,,,,insufficient_data,Za mało danych (0/2 kolejek),,,3
724,Zlatan Alomerović,zagłębie lubin,BR,Raków Częstochowa,False,,,,,,,insufficient_data,Za mało danych (1/2 kolejek),,,3
725,Matthias Hamrol,korona kielce,BR,Legia Warszawa,True,,,,,,,insufficient_data,Za mało danych (0/2 kolejek),,,3
726,Shawn Barry,korona kielce,OBR,Legia Warszawa,True,,,,,,,insufficient_data,Za mało danych (0/2 kolejek),,,3
727,Ivan Jukić,korona kielce,POM,Legia Warszawa,True,,,,,,,insufficient_data,Za mało danych (0/2 kolejek),,,3
728,Fabian Burdenski,korona kielce,POM,Legia Warszawa,True,,,,,,,insufficient_data,Za mało danych (0/2 kolejek),,,3
729,Michael Gardawski,cracovia,POM,Śląsk Wrocław,False,,,,,,,insufficient_data,Za mało danych (0/2 kolejek),,,3
730,Martin Košťál,jagiellonia białystok,POM,Widzew Łódź,True,,,,,,,insufficient_data,Za mało danych (0/2 kolejek),,,3
731,Hildeberto Pereira,legia warszawa,POM,Korona Kielce,False,,,,,,,insufficient_data,Za mało danych (0/2 kolejek),,,3
732,Angelos Argýris,korona kielce,OBR,Legia Warszawa,True,,,,,,,insufficient_data,Za mało danych (0/2 kolejek),,,3
733,Daniel Łukasik,śląsk wrocław,POM,Cracovia,True,,,,,,,insufficient_data,Za mało danych (0/2 kolejek),,,3
734,Adam Deja,korona kielce,POM,Legia Warszawa,True,,,,,,,insufficient_data,Za mało danych (0/2 kolejek),,,3
735,Armando Sadiku,legia warszawa,NAP,Korona Kielce,False,,,,,,,insufficient_data,Za mało danych (0/2 kolejek),,,3
738,Ákos Kecskés,korona kielce,OBR,Legia Warszawa,True,,,,,,,insufficient_data,Za mało danych (0/2 kolejek),,,3
740,Ołeksij Dytiatjew,cracovia,OBR,Śląsk Wrocław,False,,,,,,,insufficient_data,Za mało danych (0/2 kolejek),,,3
741,Cristian Pasquato,legia warszawa,POM,Korona Kielce,False,,,,,,,insufficient_data,Za mało danych (0/2 kolejek),,,3
742,Joel Valencia,legia warszawa,POM,Korona Kielce,False,,,,,,,insufficient_data,Za mało danych (0/2 kolejek),,,3
745,Saša Balić,korona kielce,OBR,Legia Warszawa,True,,,,,,,insufficient_data,Za mało danych (0/2 kolejek),,,3
747,Elia Soriano,korona kielce,NAP,Legia Warszawa,True,,,,,,,insufficient_data,Za mało danych (0/2 kolejek),,,3
749,Błażej Augustyn,jagiellonia białystok,OBR,Widzew Łódź,True,,,,,,,insufficient_data,Za mało danych (0/2 kolejek),,,3
750,José Zé Manuel,wisła kraków,POM,Wisła Płock,True,,,,,,,insufficient_data,Za mało danych (0/2 kolejek),,,3
751,Dario Rugašević,piast gliwice,OBR,Lech Poznań,False,,,,,,,insufficient_data,Za mało danych (0/2 kolejek),,,3
752,Vullnet Basha,wisła kraków,POM,Wisła Płock,True,,,,,,,insufficient_data,Za mało danych (0/2 kolejek),,,3
753,Iñaki Astiz,legia warszawa,OBR,Korona Kielce,False,,,,,,,insufficient_data,Za mało danych (0/2 kolejek),,,3
755,Patryk Tuszyński,wisła płock,NAP,Wisła Kraków,False,,,,,,,insufficient_data,Za mało danych (0/2 kolejek),,,3
756,Dawid Pietrzkiewicz,raków częstochowa,BR,Zagłębie Lubin,True,,,,,,,insufficient_data,Za mało danych (0/2 kolejek),,,3
757,Sylwester Lusiusz,cracovia,POM,Śląsk Wrocław,False,,,,,,,insufficient_data,Za mało danych (0/2 kolejek),,,3
758,Nemanja Mitrović,jagiellonia białystok,OBR,Widzew Łódź,True,,,,,,,insufficient_data,Za mało danych (0/2 kolejek),,,3
759,Kamil Vacek,śląsk wrocław,POM,Cracovia,True,,,,,,,insufficient_data,Za mało danych (0/2 kolejek),,,3
760,Matic Fink,cracovia,OBR,Śląsk Wrocław,False,,,,,,,insufficient_data,Za mało danych (0/2 kolejek),,,3
761,Emil Bergström,górnik zabrze,OBR,Radomiak Radom,False,,,,,,,insufficient_data,Za mało danych (0/2 kolejek),,,3
763,Marko Kolar,wisła płock,NAP,Wisła Kraków,False,,,,,,,insufficient_data,Za mało danych (0/2 kolejek),,,3
767,Víctor Pérez,wisła kraków,POM,Wisła Płock,True,,,,,,,insufficient_data,Za mało danych (0/2 kolejek),,,3
768,Patryk Paczuk,pogoń szczecin,POM,Motor Lublin,True,,,,,,,insufficient_data,Za mało danych (0/2 kolejek),,,3
769,Konrad Poprawa,śląsk wrocław,OBR,Cracovia,True,,,,,,,insufficient_data,Za mało danych (0/2 kolejek),,,3
771,Marcin Wasilewski,wisła kraków,OBR,Wisła Płock,True,,,,,,,insufficient_data,Za mało danych (0/2 kolejek),,,3
772,Dominik Lasik,górnik zabrze,NAP,Radomiak Radom,False,,,,,,,insufficient_data,Za mało danych (0/2 kolejek),,,3
773,Mathieu Scalet,motor lublin,POM,Pogoń Szczecin,False,,,,,,,insufficient_data,Za mało danych (0/2 kolejek),,,3
776,Sebastian Strózik,cracovia,NAP,Śląsk Wrocław,False,,,,,,,insufficient_data,Za mało danych (0/2 kolejek),,,3
777,Mateusz Żukowski,śląsk wrocław,POM,Cracovia,True,,,,,,,insufficient_data,Za mało danych (0/2 kolejek),,,3
778,Alves da Silva Eduardo,legia warszawa,NAP,Korona Kielce,False,,,,,,,insufficient_data,Za mało danych (0/2 kolejek),,,3
781,Antonini Čulina,cracovia,POM,Śląsk Wrocław,False,,,,,,,insufficient_data,Za mało danych (0/2 kolejek),,,3
782,Ołeksij Chobłenko,lech poznań,NAP,Piast Gliwice,True,,,,,,,insufficient_data,Za mało danych (0/2 kolejek),,,3
783,Thomas Rogne,lech poznań,OBR,Piast Gliwice,True,,,,,,,insufficient_data,Za mało danych (0/2 kolejek),,,3
785,Domagoj Antolić,legia warszawa,POM,Korona Kielce,False,,,,,,,insufficient_data,Za mało danych (0/2 kolejek),,,3
786,Filip Mladenović,legia warszawa,OBR,Korona Kielce,False,,,,,,,insufficient_data,Za mało danych (0/2 kolejek),,,3
787,William Rémy,legia warszawa,OBR,Korona Kielce,False,,,,,,,insufficient_data,Za mało danych (0/2 kolejek),,,3
788,Marko Vešović,legia warszawa,OBR,Korona Kielce,False,,,,,,,insufficient_data,Za mało danych (0/2 kolejek),,,3
791,Dawid Błanik,korona kielce,POM,Legia Warszawa,True,,,,,,,insufficient_data,Za mało danych (1/2 kolejek),,,3
792,Tim Rieder,śląsk wrocław,OBR,Cracovia,True,,,,,,,insufficient_data,Za mało danych (0/2 kolejek),,,3
793,Nikola Mitrović,wisła kraków,POM,Wisła Płock,True,,,,,,,insufficient_data,Za mało danych (0/2 kolejek),,,3
794,Thomas Dähne,wisła płock,BR,Wisła Kraków,False,,,,,,,insufficient_data,Za mało danych (0/2 kolejek),,,3
796,Piotr Leciejewski,zagłębie lubin,BR,Raków Częstochowa,False,,,,,,,insufficient_data,Za mało danych (0/2 kolejek),,,3
798,Nicolai Brock-Madsen,cracovia,NAP,Śląsk Wrocław,False,,,,,,,insufficient_data,Za mało danych (0/2 kolejek),,,3
799,Paweł Bochniewicz,górnik zabrze,OBR,Radomiak Radom,False,,,,,,,insufficient_data,Za mało danych (0/2 kolejek),,,3
800,Daniel Smuga,górnik zabrze,POM,Radomiak Radom,False,,,,,,,insufficient_data,Za mało danych (0/2 kolejek),,,3
801,Dejan Lazarević,jagiellonia białystok,POM,Widzew Łódź,True,,,,,,,insufficient_data,Za mało danych (0/2 kolejek),,,3
802,Thomas Hateley,piast gliwice,POM,Lech Poznań,False,,,,,,,insufficient_data,Za mało danych (0/2 kolejek),,,3
806,Daniel Pik,radomiak radom,POM,Górnik Zabrze,True,,,,,,,insufficient_data,Za mało danych (0/2 kolejek),,,3
808,Dariusz Kamiński,motor lublin,POM,Pogoń Szczecin,False,,,,,,,insufficient_data,Za mało danych (0/2 kolejek),,,3
810,Bartosz Bida,jagiellonia białystok,POM,Widzew Łódź,True,,,,,,,insufficient_data,Za mało danych (0/2 kolejek),,,3
811,Bartosz Przybysz,lech poznań,BR,Piast Gliwice,True,,,,,,,insufficient_data,Za mało danych (0/2 kolejek),,,3
812,Łukasz Turzyniecki,legia warszawa,OBR,Korona Kielce,False,,,,,,,insufficient_data,Za mało danych (0/2 kolejek),,,3
813,Mateusz Żyro,widzew łódź,OBR,Jagiellonia Białystok,False,,,,,,,insufficient_data,Za mało danych (1/2 kolejek),,,3
814,Robert Bartczak,legia warszawa,POM,Korona Kielce,False,,,,,,,insufficient_data,Za mało danych (0/2 kolejek),,,3
816,Miłosz Szczepański,piast gliwice,POM,Lech Poznań,False,,,,,,,insufficient_data,Za mało danych (0/2 kolejek),,,3
817,Marcel Stefaniak,pogoń szczecin,OBR,Motor Lublin,True,,,,,,,insufficient_data,Za mało danych (0/2 kolejek),,,3
818,Rafał Maćkowski,pogoń szczecin,POM,Motor Lublin,True,,,,,,,insufficient_data,Za mało danych (0/2 kolejek),,,3
820,Aron Stasiak,pogoń szczecin,NAP,Motor Lublin,True,,,,,,,insufficient_data,Za mało danych (0/2 kolejek),,,3
822,Paweł Kucharczyk,śląsk wrocław,OBR,Cracovia,True,,,,,,,insufficient_data,Za mało danych (0/2 kolejek),,,3
823,Maciej Buławski,śląsk wrocław,POM,Cracovia,True,,,,,,,insufficient_data,Za mało danych (0/2 kolejek),,,3
824,Matej Palčič,wisła kraków,OBR,Wisła Płock,True,,,,,,,insufficient_data,Za mało danych (0/2 kolejek),,,3
825,Kacper Chorążka,wisła kraków,BR,Wisła Płock,True,,,,,,,insufficient_data,Za mało danych (0/2 kolejek),,,3
826,Piotr Świątko,wisła kraków,OBR,Wisła Płock,True,,,,,,,insufficient_data,Za mało danych (0/2 kolejek),,,3
827,Mateusz Grzybek,zagłębie lubin,OBR,Raków Częstochowa,False,,,,,,,insufficient_data,Za mało danych (1/2 kolejek),,,3
829,Damian Oko,zagłębie lubin,OBR,Raków Częstochowa,False,,,,,,,insufficient_data,Za mało danych (0/2 kolejek),,,3
831,Dawid Pakulski,zagłębie lubin,POM,Raków Częstochowa,False,,,,,,,insufficient_data,Za mało danych (0/2 kolejek),,,3
832,Morten Rasmussen,pogoń szczecin,NAP,Motor Lublin,True,,,,,,,insufficient_data,Za mało danych (0/2 kolejek),,,3
833,Bödvar Bödvarsson,jagiellonia białystok,OBR,Widzew Łódź,True,,,,,,,insufficient_data,Za mało danych (0/2 kolejek),,,3
834,Niko Datković,cracovia,OBR,Śląsk Wrocław,False,,,,,,,insufficient_data,Za mało danych (0/2 kolejek),,,3
835,Jakub Mareš,zagłębie lubin,NAP,Raków Częstochowa,False,,,,,,,insufficient_data,Za mało danych (0/2 kolejek),,,3
836,Roman Bezjak,jagiellonia białystok,NAP,Widzew Łódź,True,,,,,,,insufficient_data,Za mało danych (0/2 kolejek),,,3
838,Chris Philipps,legia warszawa,POM,Korona Kielce,False,,,,,,,insufficient_data,Za mało danych (0/2 kolejek),,,3
839,Sanel Kapidžić,korona kielce,NAP,Legia Warszawa,True,,,,,,,insufficient_data,Za mało danych (0/2 kolejek),,,3
840,Oliver Petrak,korona kielce,POM,Legia Warszawa,True,,,,,,,insufficient_data,Za mało danych (0/2 kolejek),,,3
841,Elvir Koljić,lech poznań,NAP,Piast Gliwice,True,,,,,,,insufficient_data,Za mało danych (0/2 kolejek),,,3
843,Zlatko Janjić,korona kielce,POM,Legia Warszawa,True,,,,,,,insufficient_data,Za mało danych (0/2 kolejek),,,3
844,Adrian Gryszkiewicz,raków częstochowa,OBR,Zagłębie Lubin,True,,,,,,,insufficient_data,Za mało danych (0/2 kolejek),,,3
846,Tymoteusz Klupś,lech poznań,POM,Piast Gliwice,True,,,,,,,insufficient_data,Za mało danych (0/2 kolejek),,,3
847,Mikkel Kirkeskov,zagłębie lubin,OBR,Raków Częstochowa,False,,,,,,,insufficient_data,Za mało danych (0/2 kolejek),,,3
849,Carlos Cafu,legia warszawa,POM,Korona Kielce,False,,,,,,,insufficient_data,Za mało danych (0/2 kolejek),,,3
850,Arkadiusz Najemski,motor lublin,OBR,Pogoń Szczecin,False,,,,,,,insufficient_data,Za mało danych (0/2 kolejek),,,3
852,dos Santos Maurício,legia warszawa,OBR,Korona Kielce,False,,,,,,,insufficient_data,Za mało danych (0/2 kolejek),,,3
854,Brian Iloski,legia warszawa,POM,Korona Kielce,False,,,,,,,insufficient_data,Za mało danych (0/2 kolejek),,,3
856,Martin Adamec,jagiellonia białystok,POM,Widzew Łódź,True,,,,,,,insufficient_data,Za mało danych (0/2 kolejek),,,3
857,Daniel Liszka,górnik zabrze,POM,Radomiak Radom,False,,,,,,,insufficient_data,Za mało danych (0/2 kolejek),,,3
858,Adrian Benedyczak,pogoń szczecin,NAP,Motor Lublin,True,,,,,,,insufficient_data,Za mało danych (0/2 kolejek),,,3
859,Piotr Pierzchała,korona kielce,OBR,Legia Warszawa,True,,,,,,,insufficient_data,Za mało danych (0/2 kolejek),,,3
860,Wiktor Długosz,korona kielce,POM,Legia Warszawa,True,,,,,,,insufficient_data,Za mało danych (1/2 kolejek),,,3
861,Michał Dziubek,korona kielce,OBR,Legia Warszawa,True,,,,,,,insufficient_data,Za mało danych (0/2 kolejek),,,3
929,Paweł Zieliński,widzew łódź,OBR,Jagiellonia Białystok,False,,,,,,,insufficient_data,Za mało danych (0/2 kolejek),,,3
930,Michał Bartkowiak,śląsk wrocław,POM,Cracovia,True,,,,,,,insufficient_data,Za mało danych (0/2 kolejek),,,3
934,Petteri Forsell,korona kielce,POM,Legia Warszawa,True,,,,,,,insufficient_data,Za mało danych (0/2 kolejek),,,3
942,Fabian Piasecki,piast gliwice,NAP,Lech Poznań,False,,,,,,,insufficient_data,Za mało danych (0/2 kolejek),,,3
948,Märten Kuusk,gks katowice,OBR,Wieczysta Kraków,True,,,,,,,insufficient_data,Za mało danych (0/2 kolejek),,,3
950,Mateusz Cichocki,radomiak radom,OBR,Górnik Zabrze,True,,,,,,,insufficient_data,Za mało danych (0/2 kolejek),,,3
954,Tomasz Nawotka,legia warszawa,OBR,Korona Kielce,False,,,,,,,insufficient_data,Za mało danych (0/2 kolejek),,,3
958,Žarko Udovičić,raków częstochowa,POM,Zagłębie Lubin,True,,,,,,,insufficient_data,Za mało danych (0/2 kolejek),,,3
960,Adam Banasiak,radomiak radom,POM,Górnik Zabrze,True,,,,,,,insufficient_data,Za mało danych (0/2 kolejek),,,3
963,Rafał Makowski,śląsk wrocław,POM,Cracovia,True,,,,,,,insufficient_data,Za mało danych (0/2 kolejek),,,3
964,Sebastian Milewski,gks katowice,POM,Wieczysta Kraków,True,,,,,,,insufficient_data,Za mało danych (0/2 kolejek),,,3
971,Szymon Lewicki,raków częstochowa,NAP,Zagłębie Lubin,True,,,,,,,insufficient_data,Za mało danych (0/2 kolejek),,,3
972,Vamara Sanogo,górnik zabrze,NAP,Radomiak Radom,False,,,,,,,insufficient_data,Za mało danych (0/2 kolejek),,,3
976,Karol Danielak,widzew łódź,POM,Jagiellonia Białystok,False,,,,,,,insufficient_data,Za mało danych (0/2 kolejek),,,3
983,Gerard Oliva,cracovia,NAP,Śląsk Wrocław,False,,,,,,,insufficient_data,Za mało danych (0/2 kolejek),,,3
984,Radosław Kruppa,cracovia,OBR,Śląsk Wrocław,False,,,,,,,insufficient_data,Za mało danych (0/2 kolejek),,,3
985,Robert Ożóg,cracovia,POM,Śląsk Wrocław,False,,,,,,,insufficient_data,Za mało danych (0/2 kolejek),,,3
986,Michał Wiśniewski,cracovia,POM,Śląsk Wrocław,False,,,,,,,insufficient_data,Za mało danych (0/2 kolejek),,,3
989,Adam Ryczkowski,górnik zabrze,NAP,Radomiak Radom,False,,,,,,,insufficient_data,Za mało danych (0/2 kolejek),,,3
990,Kamil Surowiec,górnik zabrze,OBR,Radomiak Radom,False,,,,,,,insufficient_data,Za mało danych (0/2 kolejek),,,3
993,Wato Arweladze,korona kielce,NAP,Legia Warszawa,True,,,,,,,insufficient_data,Za mało danych (0/2 kolejek),,,3
994,Lukas Klemenz,gks katowice,OBR,Wieczysta Kraków,True,,,,,,,insufficient_data,Za mało danych (1/2 kolejek),,,3
995,Mateusz Machaj,jagiellonia białystok,POM,Widzew Łódź,True,,,,,,,insufficient_data,Za mało danych (0/2 kolejek),,,3
996,Mikołaj Nawrocki,jagiellonia białystok,POM,Widzew Łódź,True,,,,,,,insufficient_data,Za mało danych (0/2 kolejek),,,3
997,Uroš Djuranović,korona kielce,NAP,Legia Warszawa,True,,,,,,,insufficient_data,Za mało danych (0/2 kolejek),,,3
998,Paweł Sokół,górnik zabrze,BR,Radomiak Radom,False,,,,,,,insufficient_data,Za mało danych (0/2 kolejek),,,3
1000,Pedro Tiba,lech poznań,POM,Piast Gliwice,True,,,,,,,insufficient_data,Za mało danych (0/2 kolejek),,,3
1001,Karol Szymański,piast gliwice,BR,Lech Poznań,False,,,,,,,insufficient_data,Za mało danych (0/2 kolejek),,,3
1004,Jakub Arak,gks katowice,NAP,Wieczysta Kraków,True,,,,,,,insufficient_data,Za mało danych (0/2 kolejek),,,3
1006,Daniel Mikołajewski,zagłębie lubin,NAP,Raków Częstochowa,False,,,,,,,insufficient_data,Za mało danych (0/2 kolejek),,,3
1008,Mateusz Hołownia,legia warszawa,OBR,Korona Kielce,False,,,,,,,insufficient_data,Za mało danych (0/2 kolejek),,,3
1011,Piotr Parzyszek,pogoń szczecin,NAP,Motor Lublin,True,,,,,,,insufficient_data,Za mało danych (0/2 kolejek),,,3
1012,Patryk Sokołowski,śląsk wrocław,POM,Cracovia,True,,,,,,,insufficient_data,Za mało danych (0/2 kolejek),,,3
1013,Soufian Benyamina,pogoń szczecin,NAP,Motor Lublin,True,,,,,,,insufficient_data,Za mało danych (0/2 kolejek),,,3
1015,Mariusz Malec,śląsk wrocław,OBR,Cracovia,True,,,,,,,insufficient_data,Za mało danych (1/2 kolejek),,,3
1017,Farshad Ahmadzadeh,śląsk wrocław,POM,Cracovia,True,,,,,,,insufficient_data,Za mało danych (0/2 kolejek),,,3
1019,Wojciech Golla,śląsk wrocław,OBR,Cracovia,True,,,,,,,insufficient_data,Za mało danych (0/2 kolejek),,,3
1023,Dariusz Szczerbal,śląsk wrocław,BR,Cracovia,True,,,,,,,insufficient_data,Za mało danych (0/2 kolejek),,,3
1025,Riccardo Grym,wisła płock,POM,Wisła Kraków,False,,,,,,,insufficient_data,Za mało danych (0/2 kolejek),,,3
1027,Carlos Tavares Carlitos,legia warszawa,POM,Korona Kielce,False,,,,,,,insufficient_data,Za mało danych (0/2 kolejek),,,3
1028,Patryk Wieliczko,wisła płock,POM,Wisła Kraków,False,,,,,,,insufficient_data,Za mało danych (0/2 kolejek),,,3
1029,Bartłomiej Żynel,jagiellonia białystok,BR,Widzew Łódź,True,,,,,,,insufficient_data,Za mało danych (0/2 kolejek),,,3
1030,Krystian Ogrodowski,wisła płock,POM,Wisła Kraków,False,,,,,,,insufficient_data,Za mało danych (0/2 kolejek),,,3
1031,Olaf Nowak,zagłębie lubin,NAP,Raków Częstochowa,False,,,,,,,insufficient_data,Za mało danych (0/2 kolejek),,,3
1036,Szymon Łapiński,jagiellonia białystok,POM,Widzew Łódź,True,,,,,,,insufficient_data,Za mało danych (0/2 kolejek),,,3
1038,Bartosz Bartczuk,górnik zabrze,POM,Radomiak Radom,False,,,,,,,insufficient_data,Za mało danych (0/2 kolejek),,,3
1039,Wiktor Biedrzycki,wisła kraków,OBR,Wisła Płock,True,,,,,,,insufficient_data,Za mało danych (0/2 kolejek),,,3
1040,Michał Ozga,jagiellonia białystok,OBR,Widzew Łódź,True,,,,,,,insufficient_data,Za mało danych (0/2 kolejek),,,3
1041,Patryk Klimala,śląsk wrocław,NAP,Cracovia,True,,,,,,,insufficient_data,Za mało danych (0/2 kolejek),,,3
1042,Vjačeslavs Kudrjavcevs,legia warszawa,BR,Korona Kielce,False,,,,,,,insufficient_data,Za mało danych (0/2 kolejek),,,3
1043,Patryk Plewka,wisła kraków,POM,Wisła Płock,True,,,,,,,insufficient_data,Za mało danych (0/2 kolejek),,,3
1044,Damjan Bohar,zagłębie lubin,POM,Raków Częstochowa,False,,,,,,,insufficient_data,Za mało danych (0/2 kolejek),,,3
1045,Władisław Sirotow,zagłębie lubin,POM,Raków Częstochowa,False,,,,,,,insufficient_data,Za mało danych (0/2 kolejek),,,3
1051,Eladio Jiménez Elady,cracovia,POM,Śląsk Wrocław,False,,,,,,,insufficient_data,Za mało danych (0/2 kolejek),,,3
1052,Adrian Kajpust,cracovia,OBR,Śląsk Wrocław,False,,,,,,,insufficient_data,Za mało danych (0/2 kolejek),,,3
1053,Cavalcante Ricardinho,wisła płock,NAP,Wisła Kraków,False,,,,,,,insufficient_data,Za mało danych (0/2 kolejek),,,3
1055,Tomasz Makowski,zagłębie lubin,POM,Raków Częstochowa,False,,,,,,,insufficient_data,Za mało danych (0/2 kolejek),,,3
1058,Stanisław Wawrzynowicz,pogoń szczecin,POM,Motor Lublin,True,,,,,,,insufficient_data,Za mało danych (0/2 kolejek),,,3
1059,Kornel Kordas,korona kielce,OBR,Legia Warszawa,True,,,,,,,insufficient_data,Za mało danych (0/2 kolejek),,,3
1060,João Amaral,lech poznań,POM,Piast Gliwice,True,,,,,,,insufficient_data,Za mało danych (0/2 kolejek),,,3
1061,Felicio Brown Forbes,wisła kraków,NAP,Wisła Płock,True,,,,,,,insufficient_data,Za mało danych (0/2 kolejek),,,3
1063,Dionisio Villalba Dioni,lech poznań,NAP,Piast Gliwice,True,,,,,,,insufficient_data,Za mało danych (0/2 kolejek),,,3
1065,Iker Guarrotxena,pogoń szczecin,POM,Motor Lublin,True,,,,,,,insufficient_data,Za mało danych (0/2 kolejek),,,3
1066,Mile Savković,jagiellonia białystok,POM,Widzew Łódź,True,,,,,,,insufficient_data,Za mało danych (0/2 kolejek),,,3
1067,Jakub Miszczuk,jagiellonia białystok,BR,Widzew Łódź,True,,,,,,,insufficient_data,Za mało danych (0/2 kolejek),,,3
1068,Artur Sobiech,lech poznań,NAP,Piast Gliwice,True,,,,,,,insufficient_data,Za mało danych (0/2 kolejek),,,3
1070,Juan Cámara,jagiellonia białystok,POM,Widzew Łódź,True,,,,,,,insufficient_data,Za mało danych (0/2 kolejek),,,3
1071,Mateusz Młyński,wisła kraków,POM,Wisła Płock,True,,,,,,,insufficient_data,Za mało danych (0/2 kolejek),,,3
1072,Iván Márquez,cracovia,OBR,Śląsk Wrocław,False,,,,,,,insufficient_data,Za mało danych (0/2 kolejek),,,3
1073,Matej Pučko,korona kielce,POM,Legia Warszawa,True,,,,,,,insufficient_data,Za mało danych (0/2 kolejek),,,3
1074,Sierdier Sierdierow,cracovia,NAP,Śląsk Wrocław,False,,,,,,,insufficient_data,Za mało danych (0/2 kolejek),,,3
1075,Justas Lasickas,jagiellonia białystok,POM,Widzew Łódź,True,,,,,,,insufficient_data,Za mało danych (0/2 kolejek),,,3
1077,Karsten Ayong,piast gliwice,NAP,Lech Poznań,False,,,,,,,insufficient_data,Za mało danych (0/2 kolejek),,,3
1079,Dimítris Goútas,lech poznań,OBR,Piast Gliwice,True,,,,,,,insufficient_data,Za mało danych (0/2 kolejek),,,3
1081,Karol Stanek,piast gliwice,NAP,Lech Poznań,False,,,,,,,insufficient_data,Za mało danych (0/2 kolejek),,,3
1082,Airam Cabrera,wisła płock,NAP,Wisła Kraków,False,,,,,,,insufficient_data,Za mało danych (0/2 kolejek),,,3
1083,Vinícius Ferreira,cracovia,NAP,Śląsk Wrocław,False,,,,,,,insufficient_data,Za mało danych (0/2 kolejek),,,3
1084,Matheus Santos,cracovia,POM,Śląsk Wrocław,False,,,,,,,insufficient_data,Za mało danych (0/2 kolejek),,,3
1085,Michał Żyro,jagiellonia białystok,NAP,Widzew Łódź,True,,,,,,,insufficient_data,Za mało danych (0/2 kolejek),,,3
1087,André Martins,legia warszawa,POM,Korona Kielce,False,,,,,,,insufficient_data,Za mało danych (0/2 kolejek),,,3
1088,Łukasz Poręba,zagłębie lubin,POM,Raków Częstochowa,False,,,,,,,insufficient_data,Za mało danych (0/2 kolejek),,,3
1089,Marcel Zapytowski,korona kielce,BR,Legia Warszawa,True,,,,,,,insufficient_data,Za mało danych (0/2 kolejek),,,3
1091,Marko Poletanovič,zagłębie lubin,POM,Raków Częstochowa,False,,,,,,,insufficient_data,Za mało danych (0/2 kolejek),,,3
1095,Santeri Hostikka,pogoń szczecin,POM,Motor Lublin,True,,,,,,,insufficient_data,Za mało danych (0/2 kolejek),,,3
1096,Hubert Sobol,widzew łódź,NAP,Jagiellonia Białystok,False,,,,,,,insufficient_data,Za mało danych (0/2 kolejek),,,3
1103,Sergiu Hanca,cracovia,POM,Śląsk Wrocław,False,,,,,,,insufficient_data,Za mało danych (0/2 kolejek),,,3
1104,Bojan Čečarić,cracovia,NAP,Śląsk Wrocław,False,,,,,,,insufficient_data,Za mało danych (0/2 kolejek),,,3
1105,Martin Chudý,górnik zabrze,BR,Radomiak Radom,False,,,,,,,insufficient_data,Za mało danych (0/2 kolejek),,,3
1106,Walerian Gwilia,piast gliwice,POM,Lech Poznań,False,,,,,,,insufficient_data,Za mało danych (0/2 kolejek),,,3
1107,Andrej Kadlec,jagiellonia białystok,OBR,Widzew Łódź,True,,,,,,,insufficient_data,Za mało danych (0/2 kolejek),,,3
1108,Maciej Twarowski,jagiellonia białystok,NAP,Widzew Łódź,True,,,,,,,insufficient_data,Za mało danych (0/2 kolejek),,,3
1109,Stefan Šćepović,jagiellonia białystok,NAP,Widzew Łódź,True,,,,,,,insufficient_data,Za mało danych (0/2 kolejek),,,3
1111,Ognjen Gnjatić,korona kielce,POM,Legia Warszawa,True,,,,,,,insufficient_data,Za mało danych (0/2 kolejek),,,3
1113,Luís Rocha,cracovia,OBR,Śląsk Wrocław,False,,,,,,,insufficient_data,Za mało danych (0/2 kolejek),,,3
1114,Salvador Agra,legia warszawa,POM,Korona Kielce,False,,,,,,,insufficient_data,Za mało danych (0/2 kolejek),,,3
1115,Jan Szpaderski,radomiak radom,BR,Górnik Zabrze,True,,,,,,,insufficient_data,Za mało danych (0/2 kolejek),,,3
1118,Patryk Królczyk,piast gliwice,BR,Lech Poznań,False,,,,,,,insufficient_data,Za mało danych (0/2 kolejek),,,3
1119,Adam Tymiński,piast gliwice,OBR,Lech Poznań,False,,,,,,,insufficient_data,Za mało danych (0/2 kolejek),,,3
1120,Jin Izumisawa,pogoń szczecin,POM,Motor Lublin,True,,,,,,,insufficient_data,Za mało danych (0/2 kolejek),,,3
1122,Damian Korczyk,wisła kraków,OBR,Wisła Płock,True,,,,,,,insufficient_data,Za mało danych (0/2 kolejek),,,3
1123,Krzysztof Drzazga,wisła kraków,NAP,Wisła Płock,True,,,,,,,insufficient_data,Za mało danych (0/2 kolejek),,,3
1124,Ángel García,wisła płock,OBR,Wisła Kraków,False,,,,,,,insufficient_data,Za mało danych (0/2 kolejek),,,3
1125,Justinas Marazas,wisła płock,POM,Wisła Kraków,False,,,,,,,insufficient_data,Za mało danych (0/2 kolejek),,,3
1127,Patryk Mucha,zagłębie lubin,POM,Raków Częstochowa,False,,,,,,,insufficient_data,Za mało danych (0/2 kolejek),,,3
1136,Mateusz Praszelik,cracovia,POM,Śląsk Wrocław,False,,,,,,,insufficient_data,Za mało danych (1/2 kolejek),,,3
1137,Lubambo Musonda,śląsk wrocław,POM,Cracovia,True,,,,,,,insufficient_data,Za mało danych (0/2 kolejek),,,3
1138,Lukáš Hroššo,cracovia,BR,Śląsk Wrocław,False,,,,,,,insufficient_data,Za mało danych (0/2 kolejek),,,3
1140,Timur Żamaletdinow,lech poznań,NAP,Piast Gliwice,True,,,,,,,insufficient_data,Za mało danych (0/2 kolejek),,,3
1141,Maciej Spychała,wisła płock,POM,Wisła Kraków,False,,,,,,,insufficient_data,Za mało danych (0/2 kolejek),,,3
1142,Jakub Błaszczykowski,wisła kraków,POM,Wisła Płock,True,,,,,,,insufficient_data,Za mało danych (0/2 kolejek),,,3
1143,Michał Karbownik,legia warszawa,OBR,Korona Kielce,False,,,,,,,insufficient_data,Za mało danych (0/2 kolejek),,,3
1145,Vukan Savićević,wisła kraków,POM,Wisła Płock,True,,,,,,,insufficient_data,Za mało danych (0/2 kolejek),,,3
1146,Aleksander Buksa,górnik zabrze,NAP,Radomiak Radom,False,,,,,,,insufficient_data,Za mało danych (0/2 kolejek),,,3
1147,Iuri Medeiros,legia warszawa,POM,Korona Kielce,False,,,,,,,insufficient_data,Za mało danych (0/2 kolejek),,,3
1148,Giannis Mystakidis,górnik zabrze,POM,Radomiak Radom,False,,,,,,,insufficient_data,Za mało danych (0/2 kolejek),,,3
1149,Ishmael Baidoo,górnik zabrze,POM,Radomiak Radom,False,,,,,,,insufficient_data,Za mało danych (0/2 kolejek),,,3
1150,Oskar Sewerzyński,korona kielce,POM,Legia Warszawa,True,,,,,,,insufficient_data,Za mało danych (0/2 kolejek),,,3
1151,Daniel Morys,wisła kraków,POM,Wisła Płock,True,,,,,,,insufficient_data,Za mało danych (0/2 kolejek),,,3
1152,Dawid Szot,wisła kraków,OBR,Wisła Płock,True,,,,,,,insufficient_data,Za mało danych (0/2 kolejek),,,3
1153,Michał Zięba,cracovia,OBR,Śląsk Wrocław,False,,,,,,,insufficient_data,Za mało danych (0/2 kolejek),,,3
1155,Joonas Tamm,korona kielce,OBR,Legia Warszawa,True,,,,,,,insufficient_data,Za mało danych (0/2 kolejek),,,3
1157,Adam Örn Arnarson,górnik zabrze,OBR,Radomiak Radom,False,,,,,,,insufficient_data,Za mało danych (0/2 kolejek),,,3
1158,Alen Stevanović,wisła płock,POM,Wisła Kraków,False,,,,,,,insufficient_data,Za mało danych (0/2 kolejek),,,3
1159,Boris Sekulić,górnik zabrze,OBR,Radomiak Radom,False,,,,,,,insufficient_data,Za mało danych (0/2 kolejek),,,3
1161,Emmanuel Kumah,wisła kraków,POM,Wisła Płock,True,,,,,,,insufficient_data,Za mało danych (0/2 kolejek),,,3
1163,Artur Balicki,wisła kraków,NAP,Wisła Płock,True,,,,,,,insufficient_data,Za mało danych (0/2 kolejek),,,3
1164,Aleksandar Bjelica,korona kielce,OBR,Legia Warszawa,True,,,,,,,insufficient_data,Za mało danych (0/2 kolejek),,,3
1166,Jake McGing,wisła płock,OBR,Wisła Kraków,False,,,,,,,insufficient_data,Za mało danych (0/2 kolejek),,,3
1167,Tobiasz Weinzettel,wisła kraków,BR,Wisła Płock,True,,,,,,,insufficient_data,Za mało danych (0/2 kolejek),,,3
1169,Mateusz Skrzypczak,lech poznań,OBR,Piast Gliwice,True,,,,,,,insufficient_data,Za mało danych (1/2 kolejek),,,3
1170,Daniel Hoyo-Kowalski,wisła kraków,OBR,Wisła Płock,True,,,,,,,insufficient_data,Za mało danych (0/2 kolejek),,,3
1171,Krzysztof Kołodziej,lech poznań,NAP,Piast Gliwice,True,,,,,,,insufficient_data,Za mało danych (0/2 kolejek),,,3
1172,Kacper Radkowski,śląsk wrocław,POM,Cracovia,True,,,,,,,insufficient_data,Za mało danych (0/2 kolejek),,,3
1181,Dominik Stępień,radomiak radom,POM,Górnik Zabrze,True,,,,,,,insufficient_data,Za mało danych (0/2 kolejek),,,3
1183,David Jablonský,cracovia,OBR,Śląsk Wrocław,False,,,,,,,insufficient_data,Za mało danych (0/2 kolejek),,,3
1184,Mateusz Pieńczak,cracovia,OBR,Śląsk Wrocław,False,,,,,,,insufficient_data,Za mało danych (0/2 kolejek),,,3
1185,Bartłomiej Kafel,cracovia,POM,Śląsk Wrocław,False,,,,,,,insufficient_data,Za mało danych (0/2 kolejek),,,3
1186,Michał Rakoczy,górnik zabrze,POM,Radomiak Radom,False,,,,,,,insufficient_data,Za mało danych (0/2 kolejek),,,3
1187,Pelle van Amersfoort,cracovia,POM,Śląsk Wrocław,False,,,,,,,insufficient_data,Za mało danych (0/2 kolejek),,,3
1188,Patryk Zaucha,cracovia,POM,Śląsk Wrocław,False,,,,,,,insufficient_data,Za mało danych (0/2 kolejek),,,3
1189,Rafael Lopes,legia warszawa,NAP,Korona Kielce,False,,,,,,,insufficient_data,Za mało danych (0/2 kolejek),,,3
1190,Rubén López Huesca,cracovia,NAP,Śląsk Wrocław,False,,,,,,,insufficient_data,Za mało danych (0/2 kolejek),,,3
1191,Filip Bainović,górnik zabrze,POM,Radomiak Radom,False,,,,,,,insufficient_data,Za mało danych (0/2 kolejek),,,3
1192,Erik Janža,górnik zabrze,OBR,Radomiak Radom,False,,,,,,,insufficient_data,Za mało danych (1/2 kolejek),,,3
1193,Piotr Krawczyk,wisła płock,NAP,Wisła Kraków,False,,,,,,,insufficient_data,Za mało danych (0/2 kolejek),,,3
1194,Aleksander Paluszek,gks katowice,OBR,Wieczysta Kraków,True,,,,,,,insufficient_data,Za mało danych (0/2 kolejek),,,3
1196,Michał Rostkowski,górnik zabrze,POM,Radomiak Radom,False,,,,,,,insufficient_data,Za mało danych (0/2 kolejek),,,3
1197,Ognjen Mudrinski,jagiellonia białystok,NAP,Widzew Łódź,True,,,,,,,insufficient_data,Za mało danych (0/2 kolejek),,,3
1198,Luka Kukić,korona kielce,BR,Legia Warszawa,True,,,,,,,insufficient_data,Za mało danych (0/2 kolejek),,,3
1200,Grzegorz Szymusik,korona kielce,OBR,Legia Warszawa,True,,,,,,,insufficient_data,Za mało danych (0/2 kolejek),,,3
1201,Themistoklís Tzimópoulos,korona kielce,OBR,Legia Warszawa,True,,,,,,,insufficient_data,Za mało danych (0/2 kolejek),,,3
1202,Artur Piróg,korona kielce,POM,Legia Warszawa,True,,,,,,,insufficient_data,Za mało danych (0/2 kolejek),,,3
1203,Daniel Szelągowski,raków częstochowa,POM,Zagłębie Lubin,True,,,,,,,insufficient_data,Za mało danych (0/2 kolejek),,,3
1204,Erik Pačinda,korona kielce,NAP,Legia Warszawa,True,,,,,,,insufficient_data,Za mało danych (0/2 kolejek),,,3
1205,Mateusz Sowiński,korona kielce,NAP,Legia Warszawa,True,,,,,,,insufficient_data,Za mało danych (0/2 kolejek),,,3
1207,Mickey van der Hart,lech poznań,BR,Piast Gliwice,True,,,,,,,insufficient_data,Za mało danych (0/2 kolejek),,,3
1208,Đorđe Crnomarković,lech poznań,OBR,Piast Gliwice,True,,,,,,,insufficient_data,Za mało danych (0/2 kolejek),,,3
1209,Ľubomír Šatka,lech poznań,OBR,Piast Gliwice,True,,,,,,,insufficient_data,Za mało danych (0/2 kolejek),,,3
1210,Jakub Kamiński,lech poznań,POM,Piast Gliwice,True,,,,,,,insufficient_data,Za mało danych (0/2 kolejek),,,3
1211,Jakub Moder,lech poznań,POM,Piast Gliwice,True,,,,,,,insufficient_data,Za mało danych (0/2 kolejek),,,3
1212,Karlo Muhar,lech poznań,POM,Piast Gliwice,True,,,,,,,insufficient_data,Za mało danych (0/2 kolejek),,,3
1213,Michał Skóraś,lech poznań,POM,Piast Gliwice,True,,,,,,,insufficient_data,Za mało danych (0/2 kolejek),,,3
1216,Paweł Żuk,wisła płock,POM,Wisła Kraków,False,,,,,,,insufficient_data,Za mało danych (0/2 kolejek),,,3
1217,Cezary Miszta,legia warszawa,BR,Korona Kielce,False,,,,,,,insufficient_data,Za mało danych (0/2 kolejek),,,3
1218,Kacper Kostorz,pogoń szczecin,NAP,Motor Lublin,True,,,,,,,insufficient_data,Za mało danych (0/2 kolejek),,,3
1219,Kacper Skibicki,legia warszawa,POM,Korona Kielce,False,,,,,,,insufficient_data,Za mało danych (0/2 kolejek),,,3
1223,Artur Bogusz,radomiak radom,OBR,Górnik Zabrze,True,,,,,,,insufficient_data,Za mało danych (0/2 kolejek),,,3
1232,Piotr Pyrdoł,wisła płock,POM,Wisła Kraków,False,,,,,,,insufficient_data,Za mało danych (0/2 kolejek),,,3
1241,Tomáš Huk,piast gliwice,OBR,Lech Poznań,False,,,,,,,insufficient_data,Za mało danych (0/2 kolejek),,,3
1242,Remigiusz Borkała,piast gliwice,POM,Lech Poznań,False,,,,,,,insufficient_data,Za mało danych (0/2 kolejek),,,3
1243,Jakub Holúbek,piast gliwice,OBR,Lech Poznań,False,,,,,,,insufficient_data,Za mało danych (0/2 kolejek),,,3
1244,Wojciech Kamiński,korona kielce,POM,Legia Warszawa,True,,,,,,,insufficient_data,Za mało danych (0/2 kolejek),,,3
1245,Michał Rakowiecki,piast gliwice,POM,Lech Poznań,False,,,,,,,insufficient_data,Za mało danych (0/2 kolejek),,,3
1246,Dani Aquino,piast gliwice,NAP,Lech Poznań,False,,,,,,,insufficient_data,Za mało danych (0/2 kolejek),,,3
1248,Dariusz Krzysztofek,pogoń szczecin,BR,Motor Lublin,True,,,,,,,insufficient_data,Za mało danych (0/2 kolejek),,,3
1249,Kóstas Triantafyllópoulos,górnik zabrze,OBR,Radomiak Radom,False,,,,,,,insufficient_data,Za mało danych (0/2 kolejek),,,3
1250,Benedikt Zech,pogoń szczecin,OBR,Motor Lublin,True,,,,,,,insufficient_data,Za mało danych (0/2 kolejek),,,3
1251,Kacper Smoliński,pogoń szczecin,POM,Motor Lublin,True,,,,,,,insufficient_data,Za mało danych (0/2 kolejek),,,3
1252,Marcel Wędrychowski,gks katowice,POM,Wieczysta Kraków,True,,,,,,,insufficient_data,Za mało danych (0/2 kolejek),,,3
1253,Michális Maniás,pogoń szczecin,NAP,Motor Lublin,True,,,,,,,insufficient_data,Za mało danych (0/2 kolejek),,,3
1254,Jakub Szumski,raków częstochowa,BR,Zagłębie Lubin,True,,,,,,,insufficient_data,Za mało danych (0/2 kolejek),,,3
1255,Emir Azemović,raków częstochowa,OBR,Zagłębie Lubin,True,,,,,,,insufficient_data,Za mało danych (0/2 kolejek),,,3
1257,Oskar Krzyżak,raków częstochowa,OBR,Zagłębie Lubin,True,,,,,,,insufficient_data,Za mało danych (0/2 kolejek),,,3
1259,Tomáš Petrášek,raków częstochowa,OBR,Zagłębie Lubin,True,,,,,,,insufficient_data,Za mało danych (0/2 kolejek),,,3
1260,Jakub Apolinarski,raków częstochowa,POM,Zagłębie Lubin,True,,,,,,,insufficient_data,Za mało danych (0/2 kolejek),,,3
1261,Rusłan Babenko,raków częstochowa,POM,Zagłębie Lubin,True,,,,,,,insufficient_data,Za mało danych (0/2 kolejek),,,3
1262,Daniel Bartl,raków częstochowa,POM,Zagłębie Lubin,True,,,,,,,insufficient_data,Za mało danych (0/2 kolejek),,,3
1264,Andrija Luković,raków częstochowa,POM,Zagłębie Lubin,True,,,,,,,insufficient_data,Za mało danych (0/2 kolejek),,,3
1265,Piotr Malinowski,raków częstochowa,POM,Zagłębie Lubin,True,,,,,,,insufficient_data,Za mało danych (0/2 kolejek),,,3
1266,Bryan Nouvier,raków częstochowa,POM,Zagłębie Lubin,True,,,,,,,insufficient_data,Za mało danych (0/2 kolejek),,,3
1267,Danian Pawłas,raków częstochowa,POM,Zagłębie Lubin,True,,,,,,,insufficient_data,Za mało danych (0/2 kolejek),,,3
1268,Petr Schwarz,śląsk wrocław,POM,Cracovia,True,,,,,,,insufficient_data,Za mało danych (0/2 kolejek),,,3
1269,Sebastian Musiolik,śląsk wrocław,NAP,Cracovia,True,,,,,,,insufficient_data,Za mało danych (0/2 kolejek),,,3
1270,Franciszek Wróblewski,radomiak radom,NAP,Górnik Zabrze,True,,,,,,,insufficient_data,Za mało danych (0/2 kolejek),,,3
1271,Daniel Kajzer,śląsk wrocław,BR,Cracovia,True,,,,,,,insufficient_data,Za mało danych (0/2 kolejek),,,3
1272,Israel Puerto,jagiellonia białystok,OBR,Widzew Łódź,True,,,,,,,insufficient_data,Za mało danych (0/2 kolejek),,,3
1273,Dino Štiglec,śląsk wrocław,OBR,Cracovia,True,,,,,,,insufficient_data,Za mało danych (0/2 kolejek),,,3
1274,Bartosz Boruń,śląsk wrocław,POM,Cracovia,True,,,,,,,insufficient_data,Za mało danych (0/2 kolejek),,,3
1275,Przemysław Płacheta,śląsk wrocław,POM,Cracovia,True,,,,,,,insufficient_data,Za mało danych (0/2 kolejek),,,3
1276,Erik Expósito,śląsk wrocław,NAP,Cracovia,True,,,,,,,insufficient_data,Za mało danych (0/2 kolejek),,,3
1277,Kamil Broda,wisła kraków,BR,Wisła Płock,True,,,,,,,insufficient_data,Za mało danych (0/2 kolejek),,,3
1278,Patryk Moskiewicz,wisła kraków,POM,Wisła Płock,True,,,,,,,insufficient_data,Za mało danych (0/2 kolejek),,,3
1279,Denys Bałaniuk,wisła kraków,NAP,Wisła Płock,True,,,,,,,insufficient_data,Za mało danych (0/2 kolejek),,,3
1281,Titas Milašius,wisła płock,POM,Wisła Kraków,False,,,,,,,insufficient_data,Za mało danych (0/2 kolejek),,,3
1282,Maciej Warpas,zagłębie lubin,OBR,Raków Częstochowa,False,,,,,,,insufficient_data,Za mało danych (0/2 kolejek),,,3
1283,Daniel Dudziński,zagłębie lubin,POM,Raków Częstochowa,False,,,,,,,insufficient_data,Za mało danych (0/2 kolejek),,,3
1284,Rok Sirk,zagłębie lubin,NAP,Raków Częstochowa,False,,,,,,,insufficient_data,Za mało danych (0/2 kolejek),,,3
1288,Srđan Spiridonović,pogoń szczecin,POM,Motor Lublin,True,,,,,,,insufficient_data,Za mało danych (0/2 kolejek),,,3
1289,Wojciech Muzyk,legia warszawa,BR,Korona Kielce,False,,,,,,,insufficient_data,Za mało danych (0/2 kolejek),,,3
1290,Karol Struski,raków częstochowa,POM,Zagłębie Lubin,True,,,,,,,insufficient_data,Za mało danych (0/2 kolejek),,,3
1291,Rodrigo Zalazar,korona kielce,POM,Legia Warszawa,True,,,,,,,insufficient_data,Za mało danych (0/2 kolejek),,,3
1293,Łukasz Soszyński,zagłębie lubin,POM,Raków Częstochowa,False,,,,,,,insufficient_data,Za mało danych (0/2 kolejek),,,3
1296,Milan Radin,korona kielce,POM,Legia Warszawa,True,,,,,,,insufficient_data,Za mało danych (0/2 kolejek),,,3
1297,Ivan Obradović,legia warszawa,OBR,Korona Kielce,False,,,,,,,insufficient_data,Za mało danych (0/2 kolejek),,,3
1298,Ołeh Horin,jagiellonia białystok,POM,Widzew Łódź,True,,,,,,,insufficient_data,Za mało danych (0/2 kolejek),,,3
1300,Alasana Manneh,górnik zabrze,POM,Radomiak Radom,False,,,,,,,insufficient_data,Za mało danych (0/2 kolejek),,,3
1301,David Kopacz,górnik zabrze,POM,Radomiak Radom,False,,,,,,,insufficient_data,Za mało danych (0/2 kolejek),,,3
1304,Suad Sahiti,wisła płock,POM,Wisła Kraków,False,,,,,,,insufficient_data,Za mało danych (0/2 kolejek),,,3
1305,Daniel Ściślak,górnik zabrze,POM,Radomiak Radom,False,,,,,,,insufficient_data,Za mało danych (0/2 kolejek),,,3
1306,Juan Bauzá,górnik zabrze,POM,Radomiak Radom,False,,,,,,,insufficient_data,Za mało danych (0/2 kolejek),,,3
1308,Andrés Lioi,korona kielce,POM,Legia Warszawa,True,,,,,,,insufficient_data,Za mało danych (0/2 kolejek),,,3
1309,Tiago Alves,piast gliwice,POM,Lech Poznań,False,,,,,,,insufficient_data,Za mało danych (0/2 kolejek),,,3
1310,Filip Marković,śląsk wrocław,NAP,Cracovia,True,,,,,,,insufficient_data,Za mało danych (0/2 kolejek),,,3
1311,Przemysław Zdybowicz,wisła kraków,NAP,Wisła Płock,True,,,,,,,insufficient_data,Za mało danych (0/2 kolejek),,,3
1312,Mátyás Tajti,zagłębie lubin,POM,Raków Częstochowa,False,,,,,,,insufficient_data,Za mało danych (0/2 kolejek),,,3
1313,Asmir Suljić,zagłębie lubin,POM,Raków Częstochowa,False,,,,,,,insufficient_data,Za mało danych (0/2 kolejek),,,3
1316,Mikołaj Wasilewski,jagiellonia białystok,POM,Widzew Łódź,True,,,,,,,insufficient_data,Za mało danych (0/2 kolejek),,,3
1317,Diego Zivulic,śląsk wrocław,POM,Cracovia,True,,,,,,,insufficient_data,Za mało danych (0/2 kolejek),,,3
1318,Nemanja Miletić,korona kielce,OBR,Legia Warszawa,True,,,,,,,insufficient_data,Za mało danych (0/2 kolejek),,,3
1322,Maciej Rosołek,gks katowice,NAP,Wieczysta Kraków,True,,,,,,,insufficient_data,Za mało danych (0/2 kolejek),,,3
1323,Mateusz Supryn,cracovia,POM,Śląsk Wrocław,False,,,,,,,insufficient_data,Za mało danych (0/2 kolejek),,,3
1324,Bartosz Białek,zagłębie lubin,NAP,Raków Częstochowa,False,,,,,,,insufficient_data,Za mało danych (0/2 kolejek),,,3
1326,Krzysztof Toporkiewicz,jagiellonia białystok,NAP,Widzew Łódź,True,,,,,,,insufficient_data,Za mało danych (0/2 kolejek),,,3
1327,Kacper Urbański,górnik zabrze,POM,Radomiak Radom,False,,,,,,,insufficient_data,Za mało danych (1/2 kolejek),,,3
1330,Florian Loshaj,cracovia,POM,Śląsk Wrocław,False,,,,,,,insufficient_data,Za mało danych (0/2 kolejek),,,3
1333,Dejan Iliev,jagiellonia białystok,BR,Widzew Łódź,True,,,,,,,insufficient_data,Za mało danych (0/2 kolejek),,,3
1339,Paweł Cibicki,pogoń szczecin,NAP,Motor Lublin,True,,,,,,,insufficient_data,Za mało danych (0/2 kolejek),,,3
1340,David Tijanić,raków częstochowa,POM,Zagłębie Lubin,True,,,,,,,insufficient_data,Za mało danych (0/2 kolejek),,,3
1341,Fran Tudor,raków częstochowa,OBR,Zagłębie Lubin,True,,,,,,,insufficient_data,Za mało danych (1/2 kolejek),,,3
1342,Nikola Kuveljić,wisła kraków,POM,Wisła Płock,True,,,,,,,insufficient_data,Za mało danych (0/2 kolejek),,,3
1343,Lubomir Tupta,widzew łódź,NAP,Jagiellonia Białystok,False,,,,,,,insufficient_data,Za mało danych (0/2 kolejek),,,3
1344,Torgil Gjertsen,wisła płock,POM,Wisła Kraków,False,,,,,,,insufficient_data,Za mało danych (0/2 kolejek),,,3
1346,Dominik Kalinowski,zagłębie lubin,BR,Raków Częstochowa,False,,,,,,,insufficient_data,Za mało danych (0/2 kolejek),,,3
1347,Filip Raicević,śląsk wrocław,NAP,Cracovia,True,,,,,,,insufficient_data,Za mało danych (0/2 kolejek),,,3
1348,Roman Prochazka,górnik zabrze,POM,Radomiak Radom,False,,,,,,,insufficient_data,Za mało danych (0/2 kolejek),,,3
1349,Guillermo Cotugno,śląsk wrocław,OBR,Cracovia,True,,,,,,,insufficient_data,Za mało danych (0/2 kolejek),,,3
1351,Jakov Puljić,jagiellonia białystok,NAP,Widzew Łódź,True,,,,,,,insufficient_data,Za mało danych (0/2 kolejek),,,3
1352,Dawid Lisowski,korona kielce,OBR,Legia Warszawa,True,,,,,,,insufficient_data,Za mało danych (0/2 kolejek),,,3
1353,Alon Turgeman,wisła kraków,NAP,Wisła Płock,True,,,,,,,insufficient_data,Za mało danych (0/2 kolejek),,,3
1356,Ivan Fiolić,cracovia,POM,Śląsk Wrocław,False,,,,,,,insufficient_data,Za mało danych (0/2 kolejek),,,3
1357,D'Sean Theobalds,korona kielce,POM,Legia Warszawa,True,,,,,,,insufficient_data,Za mało danych (0/2 kolejek),,,3
1358,Krzysztof Kamiński,pogoń szczecin,BR,Motor Lublin,True,,,,,,,insufficient_data,Za mało danych (0/2 kolejek),,,3
1359,Aleksander Stawiarz,jagiellonia białystok,NAP,Widzew Łódź,True,,,,,,,insufficient_data,Za mało danych (0/2 kolejek),,,3
1360,Kacper Chodyna,legia warszawa,POM,Korona Kielce,False,,,,,,,insufficient_data,Za mało danych (0/2 kolejek),,,3
1362,Tomas Pekhart,legia warszawa,NAP,Korona Kielce,False,,,,,,,insufficient_data,Za mało danych (0/2 kolejek),,,3
1363,Bartłomiej Wdowik,jagiellonia białystok,OBR,Widzew Łódź,True,,,,,,,insufficient_data,Za mało danych (0/2 kolejek),,,3
1368,Mark Tamas,śląsk wrocław,OBR,Cracovia,True,,,,,,,insufficient_data,Za mało danych (0/2 kolejek),,,3
1369,Aleksander Pawlak,wisła płock,POM,Wisła Kraków,False,,,,,,,insufficient_data,Za mało danych (0/2 kolejek),,,3
1370,Bohdan Butko,lech poznań,OBR,Piast Gliwice,True,,,,,,,insufficient_data,Za mało danych (0/2 kolejek),,,3
1371,Orest Tkaczuk,jagiellonia białystok,NAP,Widzew Łódź,True,,,,,,,insufficient_data,Za mało danych (0/2 kolejek),,,3
1372,Mateusz Maćkowiak,śląsk wrocław,OBR,Cracovia,True,,,,,,,insufficient_data,Za mało danych (0/2 kolejek),,,3
1374,Kristopher Vida,piast gliwice,POM,Lech Poznań,False,,,,,,,insufficient_data,Za mało danych (0/2 kolejek),,,3
1375,Jewgienij Baszkirow,zagłębie lubin,POM,Raków Częstochowa,False,,,,,,,insufficient_data,Za mało danych (0/2 kolejek),,,3
1376,Dejan Dražić,zagłębie lubin,NAP,Raków Częstochowa,False,,,,,,,insufficient_data,Za mało danych (0/2 kolejek),,,3
1377,Hubert Gostomski,jagiellonia białystok,BR,Widzew Łódź,True,,,,,,,insufficient_data,Za mało danych (0/2 kolejek),,,3
1378,Iwo Kaczmarski,raków częstochowa,POM,Zagłębie Lubin,True,,,,,,,insufficient_data,Za mało danych (0/2 kolejek),,,3
1379,Giórgos Giakoumákis,górnik zabrze,NAP,Radomiak Radom,False,,,,,,,insufficient_data,Za mało danych (0/2 kolejek),,,3
1380,Stávros Vassilantonópoulos,górnik zabrze,OBR,Radomiak Radom,False,,,,,,,insufficient_data,Za mało danych (0/2 kolejek),,,3
1381,Michał Bogacz,zagłębie lubin,OBR,Raków Częstochowa,False,,,,,,,insufficient_data,Za mało danych (0/2 kolejek),,,3
1383,Marcin Szpakowski,korona kielce,POM,Legia Warszawa,True,,,,,,,insufficient_data,Za mało danych (0/2 kolejek),,,3
1385,Grzegorz Kotowicz,śląsk wrocław,POM,Cracovia,True,,,,,,,insufficient_data,Za mało danych (0/2 kolejek),,,3
1386,Ariel Mosór,korona kielce,OBR,Legia Warszawa,True,,,,,,,insufficient_data,Za mało danych (1/2 kolejek),,,3
1387,Przemysław Oziębała,raków częstochowa,POM,Zagłębie Lubin,True,,,,,,,insufficient_data,Za mało danych (0/2 kolejek),,,3
1388,Hubert Turski,pogoń szczecin,NAP,Motor Lublin,True,,,,,,,insufficient_data,Za mało danych (0/2 kolejek),,,3
1389,Filip Bednarek,lech poznań,BR,Piast Gliwice,True,,,,,,,insufficient_data,Za mało danych (0/2 kolejek),,,3
1391,Jakub Górski,korona kielce,POM,Legia Warszawa,True,,,,,,,insufficient_data,Za mało danych (0/2 kolejek),,,3
1393,Kamil Kruk,motor lublin,OBR,Pogoń Szczecin,False,,,,,,,insufficient_data,Za mało danych (0/2 kolejek),,,3
1394,Przemysław Kapek,cracovia,POM,Śląsk Wrocław,False,,,,,,,insufficient_data,Za mało danych (0/2 kolejek),,,3
1395,Jakub Bator,raków częstochowa,POM,Zagłębie Lubin,True,,,,,,,insufficient_data,Za mało danych (0/2 kolejek),,,3
1397,Kacper Bieszczad,raków częstochowa,BR,Zagłębie Lubin,True,,,,,,,insufficient_data,Za mało danych (0/2 kolejek),,,3
1398,Jakub Sypek,zagłębie lubin,POM,Raków Częstochowa,False,,,,,,,insufficient_data,Za mało danych (1/2 kolejek),,,3
1400,Xavier Dziekoński,korona kielce,BR,Legia Warszawa,True,,,,,,,insufficient_data,Za mało danych (1/2 kolejek),,,3
1402,Radosław Cielemęcki,radomiak radom,POM,Górnik Zabrze,True,,,,,,,insufficient_data,Za mało danych (0/2 kolejek),,,3
1403,Damian Warchoł,śląsk wrocław,POM,Cracovia,True,,,,,,,insufficient_data,Za mało danych (0/2 kolejek),,,3
1404,Nikodem Niski,korona kielce,POM,Legia Warszawa,True,,,,,,,insufficient_data,Za mało danych (0/2 kolejek),,,3
1405,Tomasz Bała,cracovia,NAP,Śląsk Wrocław,False,,,,,,,insufficient_data,Za mało danych (0/2 kolejek),,,3
1406,Szymon Włodarczyk,górnik zabrze,NAP,Radomiak Radom,False,,,,,,,insufficient_data,Za mało danych (0/2 kolejek),,,3
1407,Radosław Seweryś,korona kielce,OBR,Legia Warszawa,True,,,,,,,insufficient_data,Za mało danych (0/2 kolejek),,,3
1409,Mateusz Grudziński,legia warszawa,POM,Korona Kielce,False,,,,,,,insufficient_data,Za mało danych (0/2 kolejek),,,3
1415,Bartosz Jaroch,wisła kraków,OBR,Wisła Płock,True,,,,,,,insufficient_data,Za mało danych (0/2 kolejek),,,3
1416,Aleksander Komor,gks katowice,OBR,Wieczysta Kraków,True,,,,,,,insufficient_data,Za mało danych (0/2 kolejek),,,3
1424,Mateusz Marzec,gks katowice,POM,Wieczysta Kraków,True,,,,,,,insufficient_data,Za mało danych (0/2 kolejek),,,3
1427,Łukasz Sierpina,korona kielce,OBR,Legia Warszawa,True,,,,,,,insufficient_data,Za mało danych (0/2 kolejek),,,3
1437,Mateusz Bodzioch,radomiak radom,OBR,Górnik Zabrze,True,,,,,,,insufficient_data,Za mało danych (0/2 kolejek),,,3
1440,Wojciech Lisowski,pogoń szczecin,OBR,Motor Lublin,True,,,,,,,insufficient_data,Za mało danych (0/2 kolejek),,,3
1454,Adrian Laskowski,lech poznań,OBR,Piast Gliwice,True,,,,,,,insufficient_data,Za mało danych (0/2 kolejek),,,3
1457,Mateusz Czyżycki,korona kielce,POM,Legia Warszawa,True,,,,,,,insufficient_data,Za mało danych (0/2 kolejek),,,3
1468,Dorian Pituła,cracovia,OBR,Śląsk Wrocław,False,,,,,,,insufficient_data,Za mało danych (0/2 kolejek),,,3
1469,Jakub Myszor,raków częstochowa,POM,Zagłębie Lubin,True,,,,,,,insufficient_data,Za mało danych (0/2 kolejek),,,3
1470,Marcos Álvarez,cracovia,NAP,Śląsk Wrocław,False,,,,,,,insufficient_data,Za mało danych (0/2 kolejek),,,3
1471,Kamil Lukoszek,górnik zabrze,POM,Radomiak Radom,False,,,,,,,insufficient_data,Za mało danych (0/2 kolejek),,,3
1472,Alex Sobczyk,piast gliwice,NAP,Lech Poznań,False,,,,,,,insufficient_data,Za mało danych (0/2 kolejek),,,3
1473,Maciej Mas,jagiellonia białystok,NAP,Widzew Łódź,True,,,,,,,insufficient_data,Za mało danych (0/2 kolejek),,,3
1475,Mikael Ishak,lech poznań,NAP,Piast Gliwice,True,,,,,,,insufficient_data,Za mało danych (1/2 kolejek),,,3
1476,Krzysztof Bąkowski,lech poznań,BR,Piast Gliwice,True,,,,,,,insufficient_data,Za mało danych (0/2 kolejek),,,3
1478,Artur Boruc,legia warszawa,BR,Korona Kielce,False,,,,,,,insufficient_data,Za mało danych (0/2 kolejek),,,3
1479,Josip Juranović,legia warszawa,OBR,Korona Kielce,False,,,,,,,insufficient_data,Za mało danych (0/2 kolejek),,,3
1480,Arkadiusz Pyrka,piast gliwice,OBR,Lech Poznań,False,,,,,,,insufficient_data,Za mało danych (0/2 kolejek),,,3
1481,Javier Ajenjo Hyjek,śląsk wrocław,POM,Cracovia,True,,,,,,,insufficient_data,Za mało danych (0/2 kolejek),,,3
1483,Luís Mata,zagłębie lubin,OBR,Raków Częstochowa,False,,,,,,,insufficient_data,Za mało danych (0/2 kolejek),,,3
1484,Bartłomiej Mruk,pogoń szczecin,OBR,Motor Lublin,True,,,,,,,insufficient_data,Za mało danych (0/2 kolejek),,,3
1486,Alexander Gorgon,pogoń szczecin,POM,Motor Lublin,True,,,,,,,insufficient_data,Za mało danych (0/2 kolejek),,,3
1487,Oskar Kalenik,pogoń szczecin,POM,Motor Lublin,True,,,,,,,insufficient_data,Za mało danych (0/2 kolejek),,,3
1488,Błażej Starzycki,pogoń szczecin,POM,Motor Lublin,True,,,,,,,insufficient_data,Za mało danych (0/2 kolejek),,,3
1489,Branislav Pindroch,raków częstochowa,BR,Zagłębie Lubin,True,,,,,,,insufficient_data,Za mało danych (0/2 kolejek),,,3
1490,Kacper Trelowski,raków częstochowa,BR,Zagłębie Lubin,True,,,,,,,insufficient_data,Za mało danych (1/2 kolejek),,,3
1491,Patryk Janasik,cracovia,OBR,Śląsk Wrocław,False,,,,,,,insufficient_data,Za mało danych (0/2 kolejek),,,3
1492,Waldemar Sobota,śląsk wrocław,POM,Cracovia,True,,,,,,,insufficient_data,Za mało danych (0/2 kolejek),,,3
1493,Michał Szromnik,śląsk wrocław,BR,Cracovia,True,,,,,,,insufficient_data,Za mało danych (1/2 kolejek),,,3
1496,Fatos Bećiraj,wisła kraków,NAP,Wisła Płock,True,,,,,,,insufficient_data,Za mało danych (0/2 kolejek),,,3
1497,Mateusz Duda,wisła kraków,NAP,Wisła Płock,True,,,,,,,insufficient_data,Za mało danych (0/2 kolejek),,,3
1499,Kacper Kondracki,wisła płock,POM,Wisła Kraków,False,,,,,,,insufficient_data,Za mało danych (0/2 kolejek),,,3
1500,Filip Lesniak,wisła płock,POM,Wisła Kraków,False,,,,,,,insufficient_data,Za mało danych (0/2 kolejek),,,3
1501,Mateusz Lewandowski,wisła płock,NAP,Wisła Kraków,False,,,,,,,insufficient_data,Za mało danych (0/2 kolejek),,,3
1502,Wojciech Szumilas,wisła płock,OBR,Wisła Kraków,False,,,,,,,insufficient_data,Za mało danych (0/2 kolejek),,,3
1503,Adrian Tokarski,wisła płock,BR,Wisła Kraków,False,,,,,,,insufficient_data,Za mało danych (0/2 kolejek),,,3
1504,Patryk Leszczyński,wisła płock,POM,Wisła Kraków,False,,,,,,,insufficient_data,Za mało danych (0/2 kolejek),,,3
1505,Mateusz Bartolewski,śląsk wrocław,OBR,Cracovia,True,,,,,,,insufficient_data,Za mało danych (0/2 kolejek),,,3
1506,Milan Rundić,raków częstochowa,OBR,Zagłębie Lubin,True,,,,,,,insufficient_data,Za mało danych (0/2 kolejek),,,3
1508,Adrian Szczutowski,wisła płock,NAP,Wisła Kraków,False,,,,,,,insufficient_data,Za mało danych (0/2 kolejek),,,3
1509,Bartłomiej Gradecki,radomiak radom,BR,Górnik Zabrze,True,,,,,,,insufficient_data,Za mało danych (0/2 kolejek),,,3
1511,Marko Malenica,lech poznań,BR,Piast Gliwice,True,,,,,,,insufficient_data,Za mało danych (0/2 kolejek),,,3
1512,Dušan Lagator,wisła płock,POM,Wisła Kraków,False,,,,,,,insufficient_data,Za mało danych (0/2 kolejek),,,3
1513,Yaw Yeboah,wisła kraków,POM,Wisła Płock,True,,,,,,,insufficient_data,Za mało danych (0/2 kolejek),,,3
1514,Ioánnis Papanikoláou,widzew łódź,POM,Jagiellonia Białystok,False,,,,,,,insufficient_data,Za mało danych (1/2 kolejek),,,3
1515,Maciej Bortniczuk,jagiellonia białystok,POM,Widzew Łódź,True,,,,,,,insufficient_data,Za mało danych (0/2 kolejek),,,3
1516,Adi Mehremić,wisła kraków,OBR,Wisła Płock,True,,,,,,,insufficient_data,Za mało danych (0/2 kolejek),,,3
1517,Daniel Bielica,górnik zabrze,BR,Radomiak Radom,False,,,,,,,insufficient_data,Za mało danych (0/2 kolejek),,,3
1518,Rivaldo Ferreira Júnior,cracovia,NAP,Śląsk Wrocław,False,,,,,,,insufficient_data,Za mało danych (0/2 kolejek),,,3
1519,Jakub Niewiadomski,lech poznań,OBR,Piast Gliwice,True,,,,,,,insufficient_data,Za mało danych (0/2 kolejek),,,3
1522,Samuel Mráz,motor lublin,NAP,Pogoń Szczecin,False,,,,,,,insufficient_data,Za mało danych (0/2 kolejek),,,3
1523,Lorenco Šimić,zagłębie lubin,OBR,Raków Częstochowa,False,,,,,,,insufficient_data,Za mało danych (0/2 kolejek),,,3
1526,Wiktor Preuss,piast gliwice,POM,Lech Poznań,False,,,,,,,insufficient_data,Za mało danych (0/2 kolejek),,,3
1528,Konrad Gruszkowski,gks katowice,OBR,Wieczysta Kraków,True,,,,,,,insufficient_data,Za mało danych (0/2 kolejek),,,3
1531,Søren Reese,zagłębie lubin,OBR,Raków Częstochowa,False,,,,,,,insufficient_data,Za mało danych (0/2 kolejek),,,3
1532,Jan Sýkora,lech poznań,POM,Piast Gliwice,True,,,,,,,insufficient_data,Za mało danych (0/2 kolejek),,,3
1533,Marcel Żurek,raków częstochowa,POM,Zagłębie Lubin,True,,,,,,,insufficient_data,Za mało danych (0/2 kolejek),,,3
1536,Jakub Gut,cracovia,POM,Śląsk Wrocław,False,,,,,,,insufficient_data,Za mało danych (0/2 kolejek),,,3
1537,Jakub Bednarczyk,zagłębie lubin,POM,Raków Częstochowa,False,,,,,,,insufficient_data,Za mało danych (0/2 kolejek),,,3
1538,Kamil Bielikow,zagłębie lubin,BR,Raków Częstochowa,False,,,,,,,insufficient_data,Za mało danych (0/2 kolejek),,,3
1539,Iván López,raków częstochowa,POM,Zagłębie Lubin,True,,,,,,,insufficient_data,Za mało danych (0/2 kolejek),,,3
1541,Piotr Owczarek,raków częstochowa,POM,Zagłębie Lubin,True,,,,,,,insufficient_data,Za mało danych (0/2 kolejek),,,3
1543,Mohammad Awwad,lech poznań,NAP,Piast Gliwice,True,,,,,,,insufficient_data,Za mało danych (0/2 kolejek),,,3
1544,Marcel Zylla,śląsk wrocław,POM,Cracovia,True,,,,,,,insufficient_data,Za mało danych (0/2 kolejek),,,3
1547,Wasyl Kraweć,lech poznań,OBR,Piast Gliwice,True,,,,,,,insufficient_data,Za mało danych (0/2 kolejek),,,3
1549,Michal Frydrych,wisła kraków,OBR,Wisła Płock,True,,,,,,,insufficient_data,Za mało danych (0/2 kolejek),,,3
1550,Szymon Lewkot,śląsk wrocław,POM,Cracovia,True,,,,,,,insufficient_data,Za mało danych (0/2 kolejek),,,3
1551,Fernán Ferreiroa,jagiellonia białystok,POM,Widzew Łódź,True,,,,,,,insufficient_data,Za mało danych (0/2 kolejek),,,3
1553,Luka Zahovič,górnik zabrze,NAP,Radomiak Radom,False,,,,,,,insufficient_data,Za mało danych (0/2 kolejek),,,3
1554,Milan Obradović,wisła płock,OBR,Wisła Kraków,False,,,,,,,insufficient_data,Za mało danych (0/2 kolejek),,,3
1555,Damir Sadiković,cracovia,POM,Śląsk Wrocław,False,,,,,,,insufficient_data,Za mało danych (0/2 kolejek),,,3
1557,Kris Twardek,jagiellonia białystok,POM,Widzew Łódź,True,,,,,,,insufficient_data,Za mało danych (0/2 kolejek),,,3
1558,Stéfanos Evangélou,górnik zabrze,OBR,Radomiak Radom,False,,,,,,,insufficient_data,Za mało danych (0/2 kolejek),,,3
1559,Julio Rodríguez,wisła płock,OBR,Wisła Kraków,False,,,,,,,insufficient_data,Za mało danych (0/2 kolejek),,,3
1560,Bożidar Czorbadżijski,widzew łódź,OBR,Jagiellonia Białystok,False,,,,,,,insufficient_data,Za mało danych (0/2 kolejek),,,3
1561,Szymon Pankiewicz,jagiellonia białystok,OBR,Widzew Łódź,True,,,,,,,insufficient_data,Za mało danych (0/2 kolejek),,,3
1562,Kristoffer Velde,lech poznań,POM,Piast Gliwice,True,,,,,,,insufficient_data,Za mało danych (0/2 kolejek),,,3
1565,Olivier Wypart,śląsk wrocław,OBR,Cracovia,True,,,,,,,insufficient_data,Za mało danych (0/2 kolejek),,,3
1566,Sławomir Chmiel,wisła kraków,POM,Wisła Płock,True,,,,,,,insufficient_data,Za mało danych (0/2 kolejek),,,3
1567,Wiktor Szywacz,wisła kraków,POM,Wisła Płock,True,,,,,,,insufficient_data,Za mało danych (0/2 kolejek),,,3
1568,Jakub Góralczyk,cracovia,OBR,Śląsk Wrocław,False,,,,,,,insufficient_data,Za mało danych (0/2 kolejek),,,3
1569,Oskar Wójcik,cracovia,OBR,Śląsk Wrocław,False,,,,,,,insufficient_data,Za mało danych (0/2 kolejek),,,3
1571,Jan Majsterek,jagiellonia białystok,OBR,Widzew Łódź,True,,,,,,,insufficient_data,Za mało danych (0/2 kolejek),,,3
1572,Kacper Andrzejewski,lech poznań,OBR,Piast Gliwice,True,,,,,,,insufficient_data,Za mało danych (0/2 kolejek),,,3
1574,Bartosz Salamon,lech poznań,OBR,Piast Gliwice,True,,,,,,,insufficient_data,Za mało danych (0/2 kolejek),,,3
1575,Jakub Karbownik,lech poznań,POM,Piast Gliwice,True,,,,,,,insufficient_data,Za mało danych (0/2 kolejek),,,3
1576,Jesper Karlström,lech poznań,POM,Piast Gliwice,True,,,,,,,insufficient_data,Za mało danych (0/2 kolejek),,,3
1578,Jan Biegański,pogoń szczecin,POM,Motor Lublin,True,,,,,,,insufficient_data,Za mało danych (1/2 kolejek),,,3
1580,Patryk Konik,legia warszawa,OBR,Korona Kielce,False,,,,,,,insufficient_data,Za mało danych (0/2 kolejek),,,3
1581,Bartłomiej Ciepiela,legia warszawa,POM,Korona Kielce,False,,,,,,,insufficient_data,Za mało danych (0/2 kolejek),,,3
1583,Mateusz Winciersz,piast gliwice,POM,Lech Poznań,False,,,,,,,insufficient_data,Za mało danych (0/2 kolejek),,,3
1586,Makana Baku,legia warszawa,POM,Korona Kielce,False,,,,,,,insufficient_data,Za mało danych (0/2 kolejek),,,3
1588,Tim Hall,wisła kraków,OBR,Wisła Płock,True,,,,,,,insufficient_data,Za mało danych (0/2 kolejek),,,3
1589,Łukasz Łakomy,zagłębie lubin,POM,Raków Częstochowa,False,,,,,,,insufficient_data,Za mało danych (0/2 kolejek),,,3
1590,Dominik Holec,piast gliwice,BR,Lech Poznań,False,,,,,,,insufficient_data,Za mało danych (0/2 kolejek),,,3
1591,Karol Smajdor,lech poznań,OBR,Piast Gliwice,True,,,,,,,insufficient_data,Za mało danych (0/2 kolejek),,,3
1593,Kacper Rogoziński,wisła płock,NAP,Wisła Kraków,False,,,,,,,insufficient_data,Za mało danych (0/2 kolejek),,,3
1594,Żan Medved,wisła kraków,NAP,Wisła Płock,True,,,,,,,insufficient_data,Za mało danych (0/2 kolejek),,,3
1595,Luka Šušnjara,wisła płock,POM,Wisła Kraków,False,,,,,,,insufficient_data,Za mało danych (0/2 kolejek),,,3
1596,Souleymane Koné,wisła kraków,OBR,Wisła Płock,True,,,,,,,insufficient_data,Za mało danych (0/2 kolejek),,,3
1597,Bojan Nastić,wisła płock,OBR,Wisła Kraków,False,,,,,,,insufficient_data,Za mało danych (0/2 kolejek),,,3
1599,Jan Ziewiec,cracovia,OBR,Śląsk Wrocław,False,,,,,,,insufficient_data,Za mało danych (0/2 kolejek),,,3
1600,Michał Litwa,raków częstochowa,NAP,Zagłębie Lubin,True,,,,,,,insufficient_data,Za mało danych (0/2 kolejek),,,3
1601,Nika Kwekweskiri,lech poznań,POM,Piast Gliwice,True,,,,,,,insufficient_data,Za mało danych (0/2 kolejek),,,3
1602,Mateusz Kizyma,zagłębie lubin,POM,Raków Częstochowa,False,,,,,,,insufficient_data,Za mało danych (0/2 kolejek),,,3
1603,Piotr Starzyński,wisła kraków,POM,Wisła Płock,True,,,,,,,insufficient_data,Za mało danych (0/2 kolejek),,,3
1604,Miroslav Stoch,zagłębie lubin,POM,Raków Częstochowa,False,,,,,,,insufficient_data,Za mało danych (0/2 kolejek),,,3
1605,Maksym Gendera,piast gliwice,OBR,Lech Poznań,False,,,,,,,insufficient_data,Za mało danych (0/2 kolejek),,,3
1606,Michał Zachciał,piast gliwice,POM,Lech Poznań,False,,,,,,,insufficient_data,Za mało danych (0/2 kolejek),,,3
1607,Bartosz Zynek,wisła płock,POM,Wisła Kraków,False,,,,,,,insufficient_data,Za mało danych (0/2 kolejek),,,3
1608,Myrosław Mazur,jagiellonia białystok,OBR,Widzew Łódź,True,,,,,,,insufficient_data,Za mało danych (0/2 kolejek),,,3
1609,Jakub Kisiel,legia warszawa,POM,Korona Kielce,False,,,,,,,insufficient_data,Za mało danych (0/2 kolejek),,,3
1610,Krystian Wachowiak,wisła kraków,OBR,Wisła Płock,True,,,,,,,insufficient_data,Za mało danych (0/2 kolejek),,,3
1611,Bartłomiej Eizenchart,górnik zabrze,POM,Radomiak Radom,False,,,,,,,insufficient_data,Za mało danych (0/2 kolejek),,,3
1612,Godfrey Stephen,jagiellonia białystok,OBR,Widzew Łódź,True,,,,,,,insufficient_data,Za mało danych (0/2 kolejek),,,3
1615,Richmond Boakye,górnik zabrze,NAP,Radomiak Radom,False,,,,,,,insufficient_data,Za mało danych (0/2 kolejek),,,3
1616,Adam Zreľák,gks katowice,NAP,Wieczysta Kraków,True,,,,,,,insufficient_data,Za mało danych (1/2 kolejek),,,3
1617,Aron Jóhannsson,lech poznań,NAP,Piast Gliwice,True,,,,,,,insufficient_data,Za mało danych (0/2 kolejek),,,3
1618,Krystian Palacz,motor lublin,OBR,Pogoń Szczecin,False,,,,,,,insufficient_data,Za mało danych (0/2 kolejek),,,3
1619,Jasur Yaxshiboyev,legia warszawa,POM,Korona Kielce,False,,,,,,,insufficient_data,Za mało danych (0/2 kolejek),,,3
1620,Artem Szabanow,legia warszawa,OBR,Korona Kielce,False,,,,,,,insufficient_data,Za mało danych (0/2 kolejek),,,3
1621,Karol Szymkowiak,wisła płock,BR,Wisła Kraków,False,,,,,,,insufficient_data,Za mało danych (0/2 kolejek),,,3
1622,Jakub Orpik,jagiellonia białystok,POM,Widzew Łódź,True,,,,,,,insufficient_data,Za mało danych (0/2 kolejek),,,3
1624,Kristián Vallo,wisła płock,POM,Wisła Kraków,False,,,,,,,insufficient_data,Za mało danych (0/2 kolejek),,,3
1626,Ernest Muçi,legia warszawa,POM,Korona Kielce,False,,,,,,,insufficient_data,Za mało danych (0/2 kolejek),,,3
1627,Karol Podliński,zagłębie lubin,NAP,Raków Częstochowa,False,,,,,,,insufficient_data,Za mało danych (0/2 kolejek),,,3
1628,Uroš Radaković,wisła kraków,OBR,Wisła Płock,True,,,,,,,insufficient_data,Za mało danych (0/2 kolejek),,,3
1630,Maik Nawrocki,legia warszawa,OBR,Korona Kielce,False,,,,,,,insufficient_data,Za mało danych (0/2 kolejek),,,3
1631,David Mawutor,wisła kraków,POM,Wisła Płock,True,,,,,,,insufficient_data,Za mało danych (0/2 kolejek),,,3
1633,Hubert Karpiński,jagiellonia białystok,NAP,Widzew Łódź,True,,,,,,,insufficient_data,Za mało danych (0/2 kolejek),,,3
1635,Filip Koperski,radomiak radom,OBR,Górnik Zabrze,True,,,,,,,insufficient_data,Za mało danych (0/2 kolejek),,,3
1636,Bartłomiej Frasik,śląsk wrocław,BR,Cracovia,True,,,,,,,insufficient_data,Za mało danych (0/2 kolejek),,,3
1638,Norbert Pacławski,lech poznań,NAP,Piast Gliwice,True,,,,,,,insufficient_data,Za mało danych (0/2 kolejek),,,3
1639,Milan Posmyk,zagłębie lubin,OBR,Raków Częstochowa,False,,,,,,,insufficient_data,Za mało danych (0/2 kolejek),,,3
1654,Ernest Terpiłowski,widzew łódź,POM,Jagiellonia Białystok,False,,,,,,,insufficient_data,Za mało danych (0/2 kolejek),,,3
1660,Kacper Śpiewak,motor lublin,NAP,Pogoń Szczecin,False,,,,,,,insufficient_data,Za mało danych (0/2 kolejek),,,3
1676,Maciej Świdzikowski,radomiak radom,OBR,Górnik Zabrze,True,,,,,,,insufficient_data,Za mało danych (0/2 kolejek),,,3
1677,Kacper Wiatrak,radomiak radom,OBR,Górnik Zabrze,True,,,,,,,insufficient_data,Za mało danych (0/2 kolejek),,,3
1678,Amâncio Fortes,radomiak radom,POM,Górnik Zabrze,True,,,,,,,insufficient_data,Za mało danych (0/2 kolejek),,,3
1679,Dominik Banach,radomiak radom,POM,Górnik Zabrze,True,,,,,,,insufficient_data,Za mało danych (0/2 kolejek),,,3
1680,Filipe Nascimento,górnik zabrze,POM,Radomiak Radom,False,,,,,,,insufficient_data,Za mało danych (0/2 kolejek),,,3
1681,Michał Kaput,radomiak radom,POM,Górnik Zabrze,True,,,,,,,insufficient_data,Za mało danych (0/2 kolejek),,,3
1682,Miłosz Kozak,śląsk wrocław,POM,Cracovia,True,,,,,,,insufficient_data,Za mało danych (0/2 kolejek),,,3
1683,Luís Machado,radomiak radom,POM,Górnik Zabrze,True,,,,,,,insufficient_data,Za mało danych (0/2 kolejek),,,3
1684,Jakub Nowakowski,radomiak radom,POM,Górnik Zabrze,True,,,,,,,insufficient_data,Za mało danych (0/2 kolejek),,,3
1685,Athanasios Scheidt,radomiak radom,POM,Górnik Zabrze,True,,,,,,,insufficient_data,Za mało danych (0/2 kolejek),,,3
1686,Dominik Sokół,radomiak radom,POM,Górnik Zabrze,True,,,,,,,insufficient_data,Za mało danych (0/2 kolejek),,,3
1687,Morimakan Diané,radomiak radom,NAP,Górnik Zabrze,True,,,,,,,insufficient_data,Za mało danych (0/2 kolejek),,,3
1688,Rossi Pereira Leândro,radomiak radom,POM,Górnik Zabrze,True,,,,,,,insufficient_data,Za mało danych (0/2 kolejek),,,3
1689,Patryk Mikita,radomiak radom,NAP,Górnik Zabrze,True,,,,,,,insufficient_data,Za mało danych (0/2 kolejek),,,3
1690,Jakub Podsiadło,radomiak radom,NAP,Górnik Zabrze,True,,,,,,,insufficient_data,Za mało danych (0/2 kolejek),,,3
1691,Mario Rondón,radomiak radom,NAP,Górnik Zabrze,True,,,,,,,insufficient_data,Za mało danych (0/2 kolejek),,,3
1693,Filip Kramarz,cracovia,BR,Śląsk Wrocław,False,,,,,,,insufficient_data,Za mało danych (0/2 kolejek),,,3
1694,Filip Balaj,cracovia,NAP,Śląsk Wrocław,False,,,,,,,insufficient_data,Za mało danych (0/2 kolejek),,,3
1695,Mathias Hebo Rasmussen,cracovia,POM,Śląsk Wrocław,False,,,,,,,insufficient_data,Za mało danych (0/2 kolejek),,,3
1696,Jakub Jugas,cracovia,OBR,Śląsk Wrocław,False,,,,,,,insufficient_data,Za mało danych (0/2 kolejek),,,3
1697,Otar Kakabadze,cracovia,OBR,Śląsk Wrocław,False,,,,,,,insufficient_data,Za mało danych (1/2 kolejek),,,3
1698,Karol Knap,cracovia,POM,Śląsk Wrocław,False,,,,,,,insufficient_data,Za mało danych (1/2 kolejek),,,3
1699,Kamil Ogorzały,cracovia,POM,Śląsk Wrocław,False,,,,,,,insufficient_data,Za mało danych (0/2 kolejek),,,3
1700,Maciej Mrozik,cracovia,POM,Śląsk Wrocław,False,,,,,,,insufficient_data,Za mało danych (0/2 kolejek),,,3
1701,Łukasz Ziemnik,cracovia,NAP,Śląsk Wrocław,False,,,,,,,insufficient_data,Za mało danych (0/2 kolejek),,,3
1702,Lukas Podolski,górnik zabrze,POM,Radomiak Radom,False,,,,,,,insufficient_data,Za mało danych (0/2 kolejek),,,3
1703,Jakub Szymański,wisła płock,OBR,Wisła Kraków,False,,,,,,,insufficient_data,Za mało danych (0/2 kolejek),,,3
1704,Błażej Niezgoda,jagiellonia białystok,BR,Widzew Łódź,True,,,,,,,insufficient_data,Za mało danych (0/2 kolejek),,,3
1705,Dani Quintana,jagiellonia białystok,POM,Widzew Łódź,True,,,,,,,insufficient_data,Za mało danych (0/2 kolejek),,,3
1706,Michał Samborski,jagiellonia białystok,NAP,Widzew Łódź,True,,,,,,,insufficient_data,Za mało danych (0/2 kolejek),,,3
1707,Michał Surzyn,jagiellonia białystok,POM,Widzew Łódź,True,,,,,,,insufficient_data,Za mało danych (0/2 kolejek),,,3
1708,Kacper Tabiś,jagiellonia białystok,POM,Widzew Łódź,True,,,,,,,insufficient_data,Za mało danych (0/2 kolejek),,,3
1709,Oliwier Wojciechowski,jagiellonia białystok,POM,Widzew Łódź,True,,,,,,,insufficient_data,Za mało danych (0/2 kolejek),,,3
1711,Barry Douglas,lech poznań,OBR,Piast Gliwice,True,,,,,,,insufficient_data,Za mało danych (0/2 kolejek),,,3
1713,Kacper Wachowiak,lech poznań,OBR,Piast Gliwice,True,,,,,,,insufficient_data,Za mało danych (0/2 kolejek),,,3
1714,Patryk Waliś,lech poznań,OBR,Piast Gliwice,True,,,,,,,insufficient_data,Za mało danych (0/2 kolejek),,,3
1715,Kacper Tobiasz,legia warszawa,BR,Korona Kielce,False,,,,,,,insufficient_data,Za mało danych (0/2 kolejek),,,3
1717,Mattias Johansson,legia warszawa,OBR,Korona Kielce,False,,,,,,,insufficient_data,Za mało danych (0/2 kolejek),,,3
1720,Miguel Muñoz,piast gliwice,OBR,Lech Poznań,False,,,,,,,insufficient_data,Za mało danych (0/2 kolejek),,,3
1721,Alberto Toril,piast gliwice,NAP,Lech Poznań,False,,,,,,,insufficient_data,Za mało danych (0/2 kolejek),,,3
1722,Bartosz Klebaniuk,pogoń szczecin,BR,Motor Lublin,True,,,,,,,insufficient_data,Za mało danych (0/2 kolejek),,,3
1723,Lindsay Rose,legia warszawa,OBR,Korona Kielce,False,,,,,,,insufficient_data,Za mało danych (0/2 kolejek),,,3
1724,Vladan Kovačević,legia warszawa,BR,Korona Kielce,False,,,,,,,insufficient_data,Za mało danych (0/2 kolejek),,,3
1729,Maksymilian Boruc,śląsk wrocław,BR,Cracovia,True,,,,,,,insufficient_data,Za mało danych (0/2 kolejek),,,3
1731,Józef Burta,śląsk wrocław,BR,Cracovia,True,,,,,,,insufficient_data,Za mało danych (0/2 kolejek),,,3
1732,Diogo Verdasca,śląsk wrocław,OBR,Cracovia,True,,,,,,,insufficient_data,Za mało danych (0/2 kolejek),,,3
1733,Víctor García,śląsk wrocław,OBR,Cracovia,True,,,,,,,insufficient_data,Za mało danych (0/2 kolejek),,,3
1734,Caye Quintana,śląsk wrocław,NAP,Cracovia,True,,,,,,,insufficient_data,Za mało danych (0/2 kolejek),,,3
1735,Josue Pesqueira,legia warszawa,POM,Korona Kielce,False,,,,,,,insufficient_data,Za mało danych (0/2 kolejek),,,3
1739,Mikołaj Biegański,widzew łódź,BR,Jagiellonia Białystok,False,,,,,,,insufficient_data,Za mało danych (0/2 kolejek),,,3
1740,Aschraf El Mahdioui,wisła kraków,POM,Wisła Płock,True,,,,,,,insufficient_data,Za mało danych (0/2 kolejek),,,3
1741,Matěj Hanousek,wisła kraków,OBR,Wisła Płock,True,,,,,,,insufficient_data,Za mało danych (0/2 kolejek),,,3
1742,Dor Hugi,wisła kraków,POM,Wisła Płock,True,,,,,,,insufficient_data,Za mało danych (0/2 kolejek),,,3
1743,Jan Kliment,wisła kraków,NAP,Wisła Płock,True,,,,,,,insufficient_data,Za mało danych (0/2 kolejek),,,3
1744,Kacper Rosa,motor lublin,BR,Pogoń Szczecin,False,,,,,,,insufficient_data,Za mało danych (0/2 kolejek),,,3
1745,Michal Škvarka,wisła kraków,POM,Wisła Płock,True,,,,,,,insufficient_data,Za mało danych (0/2 kolejek),,,3
1746,Kamil Głogowski,wisła kraków,OBR,Wisła Płock,True,,,,,,,insufficient_data,Za mało danych (0/2 kolejek),,,3
1748,Anton Krywociuk,wisła płock,OBR,Wisła Kraków,False,,,,,,,insufficient_data,Za mało danych (0/2 kolejek),,,3
1749,Michał Oczkowski,wisła płock,BR,Wisła Kraków,False,,,,,,,insufficient_data,Za mało danych (0/2 kolejek),,,3
1750,Dawid Krzyżański,wisła płock,POM,Wisła Kraków,False,,,,,,,insufficient_data,Za mało danych (0/2 kolejek),,,3
1752,Ian Soler,zagłębie lubin,OBR,Raków Częstochowa,False,,,,,,,insufficient_data,Za mało danych (0/2 kolejek),,,3
1754,Michał Król,wisła płock,POM,Wisła Kraków,False,,,,,,,insufficient_data,Za mało danych (0/2 kolejek),,,3
1756,Konrad Matuszewski,korona kielce,OBR,Legia Warszawa,True,,,,,,,insufficient_data,Za mało danych (0/2 kolejek),,,3
1757,Bartosz Mrozek,lech poznań,BR,Piast Gliwice,True,,,,,,,insufficient_data,Za mało danych (0/2 kolejek),,,3
1758,Pedro Vieira,raków częstochowa,NAP,Zagłębie Lubin,True,,,,,,,insufficient_data,Za mało danych (0/2 kolejek),,,3
1761,Krystian Bracik,cracovia,OBR,Śląsk Wrocław,False,,,,,,,insufficient_data,Za mało danych (0/2 kolejek),,,3
1762,Damian Kołtański,lech poznań,POM,Piast Gliwice,True,,,,,,,insufficient_data,Za mało danych (0/2 kolejek),,,3
1764,Szymon Krocz,śląsk wrocław,POM,Cracovia,True,,,,,,,insufficient_data,Za mało danych (0/2 kolejek),,,3
1766,Jakub Mądrzyk,raków częstochowa,BR,Zagłębie Lubin,True,,,,,,,insufficient_data,Za mało danych (0/2 kolejek),,,3
1767,Gabriel Kirejczyk,piast gliwice,NAP,Lech Poznań,False,,,,,,,insufficient_data,Za mało danych (0/2 kolejek),,,3
1769,Gabor Żukowski,jagiellonia białystok,OBR,Widzew Łódź,True,,,,,,,insufficient_data,Za mało danych (0/2 kolejek),,,3
1772,Kacper Lepczyński,zagłębie lubin,OBR,Raków Częstochowa,False,,,,,,,insufficient_data,Za mało danych (0/2 kolejek),,,3
1774,Adrian Dziedzic,górnik zabrze,POM,Radomiak Radom,False,,,,,,,insufficient_data,Za mało danych (0/2 kolejek),,,3
1775,Arsen Hrosu,górnik zabrze,POM,Radomiak Radom,False,,,,,,,insufficient_data,Za mało danych (0/2 kolejek),,,3
1777,Bartosz Bayer,jagiellonia białystok,POM,Widzew Łódź,True,,,,,,,insufficient_data,Za mało danych (0/2 kolejek),,,3
1778,Eryk Matus,jagiellonia białystok,POM,Widzew Łódź,True,,,,,,,insufficient_data,Za mało danych (0/2 kolejek),,,3
1779,Alexandre Guedes,raków częstochowa,NAP,Zagłębie Lubin,True,,,,,,,insufficient_data,Za mało danych (0/2 kolejek),,,3
1780,Erik Daniel,zagłębie lubin,POM,Raków Częstochowa,False,,,,,,,insufficient_data,Za mało danych (0/2 kolejek),,,3
1781,Raphael Rossi,radomiak radom,OBR,Górnik Zabrze,True,,,,,,,insufficient_data,Za mało danych (0/2 kolejek),,,3
1782,Roque Júnior Maurides,radomiak radom,NAP,Górnik Zabrze,True,,,,,,,insufficient_data,Za mało danych (0/2 kolejek),,,3
1783,da Silveira Castro Rhuan,radomiak radom,POM,Górnik Zabrze,True,,,,,,,insufficient_data,Za mało danych (0/2 kolejek),,,3
1784,Jonathan Simba Bwanga,radomiak radom,OBR,Górnik Zabrze,True,,,,,,,insufficient_data,Za mało danych (0/2 kolejek),,,3
1786,Dominik Wydra,raków częstochowa,OBR,Zagłębie Lubin,True,,,,,,,insufficient_data,Za mało danych (0/2 kolejek),,,3
1787,Paweł Kieszek,wisła kraków,BR,Wisła Płock,True,,,,,,,insufficient_data,Za mało danych (0/2 kolejek),,,3
1788,Marcel Błachewicz,wisła płock,OBR,Wisła Kraków,False,,,,,,,insufficient_data,Za mało danych (0/2 kolejek),,,3
1790,Fábio Sturgeon,raków częstochowa,POM,Zagłębie Lubin,True,,,,,,,insufficient_data,Za mało danych (0/2 kolejek),,,3
1791,Adriel Ba Loua,lech poznań,POM,Piast Gliwice,True,,,,,,,insufficient_data,Za mało danych (0/2 kolejek),,,3
1792,Ilja Żygulow,zagłębie lubin,POM,Raków Częstochowa,False,,,,,,,insufficient_data,Za mało danych (0/2 kolejek),,,3
1793,Nikola Stojiljković,piast gliwice,NAP,Lech Poznań,False,,,,,,,insufficient_data,Za mało danych (0/2 kolejek),,,3
1794,Kamil Grosicki,pogoń szczecin,POM,Motor Lublin,True,,,,,,,insufficient_data,Za mało danych (1/2 kolejek),,,3
1796,Pedro Rebocho,lech poznań,OBR,Piast Gliwice,True,,,,,,,insufficient_data,Za mało danych (0/2 kolejek),,,3
1797,Yuri Ribeiro,legia warszawa,OBR,Korona Kielce,False,,,,,,,insufficient_data,Za mało danych (0/2 kolejek),,,3
1798,Roko Baturina,lech poznań,NAP,Piast Gliwice,True,,,,,,,insufficient_data,Za mało danych (0/2 kolejek),,,3
1800,Jurgen Çelhaka,legia warszawa,POM,Korona Kielce,False,,,,,,,insufficient_data,Za mało danych (0/2 kolejek),,,3
1801,Jorge Jorginho,wisła płock,POM,Wisła Kraków,False,,,,,,,insufficient_data,Za mało danych (0/2 kolejek),,,3
1802,Jakub Iskra,śląsk wrocław,OBR,Cracovia,True,,,,,,,insufficient_data,Za mało danych (0/2 kolejek),,,3
1804,Tomáš Zajíc,zagłębie lubin,NAP,Raków Częstochowa,False,,,,,,,insufficient_data,Za mało danych (0/2 kolejek),,,3
1805,David Toševski,górnik zabrze,NAP,Radomiak Radom,False,,,,,,,insufficient_data,Za mało danych (0/2 kolejek),,,3
1806,Tiago Matos,radomiak radom,POM,Górnik Zabrze,True,,,,,,,insufficient_data,Za mało danych (0/2 kolejek),,,3
1808,Ihor Charatin,legia warszawa,POM,Korona Kielce,False,,,,,,,insufficient_data,Za mało danych (0/2 kolejek),,,3
1809,Jean Jules Mvondo,górnik zabrze,POM,Radomiak Radom,False,,,,,,,insufficient_data,Za mało danych (0/2 kolejek),,,3
1810,Lirim Kastrati,legia warszawa,POM,Korona Kielce,False,,,,,,,insufficient_data,Za mało danych (0/2 kolejek),,,3
1811,Aléxandros Katránis,piast gliwice,OBR,Lech Poznań,False,,,,,,,insufficient_data,Za mało danych (0/2 kolejek),,,3
1812,Jason Lokilo,piast gliwice,POM,Lech Poznań,False,,,,,,,insufficient_data,Za mało danych (1/2 kolejek),,,3
1814,Patryk Kusztal,zagłębie lubin,NAP,Raków Częstochowa,False,,,,,,,insufficient_data,Za mało danych (0/2 kolejek),,,3
1815,Dawid Rezaeian,pogoń szczecin,OBR,Motor Lublin,True,,,,,,,insufficient_data,Za mało danych (0/2 kolejek),,,3
1817,Aleksandar Pantić,zagłębie lubin,OBR,Raków Częstochowa,False,,,,,,,insufficient_data,Za mało danych (0/2 kolejek),,,3
1818,Tomasz Walczak,raków częstochowa,NAP,Zagłębie Lubin,True,,,,,,,insufficient_data,Za mało danych (0/2 kolejek),,,3
1819,Thabo Cele,radomiak radom,POM,Górnik Zabrze,True,,,,,,,insufficient_data,Za mało danych (0/2 kolejek),,,3
1821,Dariusz Stalmach,górnik zabrze,POM,Radomiak Radom,False,,,,,,,insufficient_data,Za mało danych (0/2 kolejek),,,3
1822,Alexander Steffen,zagłębie lubin,BR,Raków Częstochowa,False,,,,,,,insufficient_data,Za mało danych (0/2 kolejek),,,3
1823,Jakub Jasionek,jagiellonia białystok,BR,Widzew Łódź,True,,,,,,,insufficient_data,Za mało danych (0/2 kolejek),,,3
1825,Rui Gomes,legia warszawa,NAP,Korona Kielce,False,,,,,,,insufficient_data,Za mało danych (0/2 kolejek),,,3
1826,Filip Gryglak,śląsk wrocław,POM,Cracovia,True,,,,,,,insufficient_data,Za mało danych (0/2 kolejek),,,3
1827,Oliwier Hyla,cracovia,OBR,Śląsk Wrocław,False,,,,,,,insufficient_data,Za mało danych (0/2 kolejek),,,3
1828,Jan Ciućka,górnik zabrze,NAP,Radomiak Radom,False,,,,,,,insufficient_data,Za mało danych (0/2 kolejek),,,3
1829,Krzysztof Wingralek,górnik zabrze,OBR,Radomiak Radom,False,,,,,,,insufficient_data,Za mało danych (0/2 kolejek),,,3
1830,Miłosz Piekutowski,jagiellonia białystok,BR,Widzew Łódź,True,,,,,,,insufficient_data,Za mało danych (0/2 kolejek),,,3
1832,Karol Noiszewski,legia warszawa,POM,Korona Kielce,False,,,,,,,insufficient_data,Za mało danych (0/2 kolejek),,,3
1833,Tihomir Kostadinov,piast gliwice,POM,Lech Poznań,False,,,,,,,insufficient_data,Za mało danych (0/2 kolejek),,,3
1837,Momo Cissé,wisła kraków,POM,Wisła Płock,True,,,,,,,insufficient_data,Za mało danych (0/2 kolejek),,,3
1839,Sebastian Ring,wisła kraków,OBR,Wisła Płock,True,,,,,,,insufficient_data,Za mało danych (0/2 kolejek),,,3
1840,Martin Doležal,zagłębie lubin,NAP,Raków Częstochowa,False,,,,,,,insufficient_data,Za mało danych (0/2 kolejek),,,3
1842,Dawid Olejarka,radomiak radom,POM,Górnik Zabrze,True,,,,,,,insufficient_data,Za mało danych (0/2 kolejek),,,3
1843,Constantin Reiner,piast gliwice,OBR,Lech Poznań,False,,,,,,,insufficient_data,Za mało danych (0/2 kolejek),,,3
1844,Joseph Colley,wisła kraków,OBR,Wisła Płock,True,,,,,,,insufficient_data,Za mało danych (0/2 kolejek),,,3
1845,Deiana Sorescu,raków częstochowa,POM,Zagłębie Lubin,True,,,,,,,insufficient_data,Za mało danych (0/2 kolejek),,,3
1846,Aleksandar Šćekić,zagłębie lubin,POM,Raków Częstochowa,False,,,,,,,insufficient_data,Za mało danych (0/2 kolejek),,,3
1847,Pawieł Pawluczenko,górnik zabrze,BR,Radomiak Radom,False,,,,,,,insufficient_data,Za mało danych (0/2 kolejek),,,3
1848,Enis Fazlagić,wisła kraków,POM,Wisła Płock,True,,,,,,,insufficient_data,Za mało danych (0/2 kolejek),,,3
1849,Adrián Balboa,raków częstochowa,NAP,Zagłębie Lubin,True,,,,,,,insufficient_data,Za mało danych (0/2 kolejek),,,3
1850,Dennis Jastrzembski,śląsk wrocław,POM,Cracovia,True,,,,,,,insufficient_data,Za mało danych (0/2 kolejek),,,3
1851,Filip Wilak,lech poznań,POM,Piast Gliwice,True,,,,,,,insufficient_data,Za mało danych (0/2 kolejek),,,3
1852,Daníel Grétarsson,śląsk wrocław,OBR,Cracovia,True,,,,,,,insufficient_data,Za mało danych (0/2 kolejek),,,3
1854,Nikodem Zielonka,górnik zabrze,POM,Radomiak Radom,False,,,,,,,insufficient_data,Za mało danych (0/2 kolejek),,,3
1855,Miłosz Skowronek,jagiellonia białystok,OBR,Widzew Łódź,True,,,,,,,insufficient_data,Za mało danych (0/2 kolejek),,,3
1856,Kamil Wilczek,piast gliwice,NAP,Lech Poznań,False,,,,,,,insufficient_data,Za mało danych (0/2 kolejek),,,3
1857,Ramil Mustafajew,legia warszawa,OBR,Korona Kielce,False,,,,,,,insufficient_data,Za mało danych (0/2 kolejek),,,3
1858,Jakub Antczak,lech poznań,POM,Piast Gliwice,True,,,,,,,insufficient_data,Za mało danych (0/2 kolejek),,,3
1859,Maksymilian Pingot,górnik zabrze,OBR,Radomiak Radom,False,,,,,,,insufficient_data,Za mało danych (0/2 kolejek),,,3
1862,Szymon Michalski,śląsk wrocław,OBR,Cracovia,True,,,,,,,insufficient_data,Za mało danych (0/2 kolejek),,,3
1864,Patryk Pierzak,legia warszawa,POM,Korona Kielce,False,,,,,,,insufficient_data,Za mało danych (0/2 kolejek),,,3
1867,Jakub Lutostański,śląsk wrocław,NAP,Cracovia,True,,,,,,,insufficient_data,Za mało danych (0/2 kolejek),,,3
1868,Kacper Masiak,raków częstochowa,POM,Zagłębie Lubin,True,,,,,,,insufficient_data,Za mało danych (0/2 kolejek),,,3
1870,Jakub Snopczyński,radomiak radom,POM,Górnik Zabrze,True,,,,,,,insufficient_data,Za mało danych (0/2 kolejek),,,3
1871,Abraham Marcus,radomiak radom,NAP,Górnik Zabrze,True,,,,,,,insufficient_data,Za mało danych (0/2 kolejek),,,3
1872,Jô Santos,radomiak radom,POM,Górnik Zabrze,True,,,,,,,insufficient_data,Za mało danych (0/2 kolejek),,,3
1873,Jewhen Konoplanka,cracovia,POM,Śląsk Wrocław,False,,,,,,,insufficient_data,Za mało danych (0/2 kolejek),,,3
1874,Frank Castañeda,radomiak radom,POM,Górnik Zabrze,True,,,,,,,insufficient_data,Za mało danych (0/2 kolejek),,,3
1875,Patrick Olsen,śląsk wrocław,POM,Cracovia,True,,,,,,,insufficient_data,Za mało danych (0/2 kolejek),,,3
1878,Richard Strebinger,legia warszawa,BR,Korona Kielce,False,,,,,,,insufficient_data,Za mało danych (0/2 kolejek),,,3
1879,Luiz Gustavo,radomiak radom,POM,Górnik Zabrze,True,,,,,,,insufficient_data,Za mało danych (0/2 kolejek),,,3
1882,Jhon Chancellor,zagłębie lubin,OBR,Raków Częstochowa,False,,,,,,,insufficient_data,Za mało danych (0/2 kolejek),,,3
1883,Higinio Marín,górnik zabrze,NAP,Radomiak Radom,False,,,,,,,insufficient_data,Za mało danych (0/2 kolejek),,,3
1885,Cheikhou Dieng,zagłębie lubin,POM,Raków Częstochowa,False,,,,,,,insufficient_data,Za mało danych (0/2 kolejek),,,3
1886,Virgil Ghiță,cracovia,OBR,Śląsk Wrocław,False,,,,,,,insufficient_data,Za mało danych (0/2 kolejek),,,3
1887,Elvis Manu,wisła kraków,NAP,Wisła Płock,True,,,,,,,insufficient_data,Za mało danych (0/2 kolejek),,,3
1888,Narek Grigorjan,jagiellonia białystok,POM,Widzew Łódź,True,,,,,,,insufficient_data,Za mało danych (0/2 kolejek),,,3
1890,Kamil Sobczak,zagłębie lubin,POM,Raków Częstochowa,False,,,,,,,insufficient_data,Za mało danych (0/2 kolejek),,,3
1891,Radosław Zyśk,jagiellonia białystok,NAP,Widzew Łódź,True,,,,,,,insufficient_data,Za mało danych (0/2 kolejek),,,3
1894,Benjamin Verbič,legia warszawa,POM,Korona Kielce,False,,,,,,,insufficient_data,Za mało danych (0/2 kolejek),,,3
1896,Bartłomiej Korbecki,górnik zabrze,POM,Radomiak Radom,False,,,,,,,insufficient_data,Za mało danych (0/2 kolejek),,,3
1897,Diego Silva Carioca,jagiellonia białystok,POM,Widzew Łódź,True,,,,,,,insufficient_data,Za mało danych (0/2 kolejek),,,3
1898,Marc Gual,legia warszawa,NAP,Korona Kielce,False,,,,,,,insufficient_data,Za mało danych (0/2 kolejek),,,3
1899,Luka Gagnidze,raków częstochowa,POM,Zagłębie Lubin,True,,,,,,,insufficient_data,Za mało danych (0/2 kolejek),,,3
1902,Heorhij Citaiszwili,lech poznań,POM,Piast Gliwice,True,,,,,,,insufficient_data,Za mało danych (0/2 kolejek),,,3
1904,Patryk Czerech,jagiellonia białystok,OBR,Widzew Łódź,True,,,,,,,insufficient_data,Za mało danych (0/2 kolejek),,,3
1905,Mateusz Ziółkowski,górnik zabrze,POM,Radomiak Radom,False,,,,,,,insufficient_data,Za mało danych (0/2 kolejek),,,3
1906,Maciej Kikolski,gks katowice,BR,Wieczysta Kraków,True,,,,,,,insufficient_data,Za mało danych (0/2 kolejek),,,3
1907,Bartosz Łuczak,piast gliwice,OBR,Lech Poznań,False,,,,,,,insufficient_data,Za mało danych (0/2 kolejek),,,3
1909,Rafał Adamski,legia warszawa,NAP,Korona Kielce,False,,,,,,,insufficient_data,Za mało danych (1/2 kolejek),,,3
1910,Piotr Zieliński,wisła płock,BR,Wisła Kraków,False,,,,,,,insufficient_data,Za mało danych (0/2 kolejek),,,3
1911,Maksym Czekała,lech poznań,POM,Piast Gliwice,True,,,,,,,insufficient_data,Za mało danych (0/2 kolejek),,,3
1912,Mateusz Kowalski,jagiellonia białystok,NAP,Widzew Łódź,True,,,,,,,insufficient_data,Za mało danych (0/2 kolejek),,,3
1913,Miłosz Żurawski,radomiak radom,NAP,Górnik Zabrze,True,,,,,,,insufficient_data,Za mało danych (0/2 kolejek),,,3
1914,Karol Borys,śląsk wrocław,POM,Cracovia,True,,,,,,,insufficient_data,Za mało danych (0/2 kolejek),,,3
1918,Paweł Olkowski,górnik zabrze,OBR,Radomiak Radom,False,,,,,,,insufficient_data,Za mało danych (0/2 kolejek),,,3
1919,Wojciech Łaski,jagiellonia białystok,POM,Widzew Łódź,True,,,,,,,insufficient_data,Za mało danych (0/2 kolejek),,,3
1920,Rui Filipe Nene,jagiellonia białystok,POM,Widzew Łódź,True,,,,,,,insufficient_data,Za mało danych (0/2 kolejek),,,3
1921,Artur Rudko,lech poznań,BR,Piast Gliwice,True,,,,,,,insufficient_data,Za mało danych (0/2 kolejek),,,3
1922,Dominik Piła,cracovia,OBR,Śląsk Wrocław,False,,,,,,,insufficient_data,Za mało danych (1/2 kolejek),,,3
1923,Blaż Kramer,legia warszawa,NAP,Korona Kielce,False,,,,,,,insufficient_data,Za mało danych (0/2 kolejek),,,3
1924,Michał Jerke,radomiak radom,BR,Górnik Zabrze,True,,,,,,,insufficient_data,Za mało danych (0/2 kolejek),,,3
1926,Roberto Alves,radomiak radom,POM,Górnik Zabrze,True,,,,,,,insufficient_data,Za mało danych (1/2 kolejek),,,3
1928,Stratos Svarnas,raków częstochowa,OBR,Zagłębie Lubin,True,,,,,,,insufficient_data,Za mało danych (1/2 kolejek),,,3
1930,John Yeboah,raków częstochowa,POM,Zagłębie Lubin,True,,,,,,,insufficient_data,Za mało danych (0/2 kolejek),,,3
1931,Steve Kapuadi,widzew łódź,OBR,Jagiellonia Białystok,False,,,,,,,insufficient_data,Za mało danych (1/2 kolejek),,,3
1932,Martin Sulek,wisła płock,OBR,Wisła Kraków,False,,,,,,,insufficient_data,Za mało danych (0/2 kolejek),,,3
1933,Antonio Álvarez,wisła płock,POM,Wisła Kraków,False,,,,,,,insufficient_data,Za mało danych (0/2 kolejek),,,3
1936,Hubert Szulc,korona kielce,NAP,Legia Warszawa,True,,,,,,,insufficient_data,Za mało danych (0/2 kolejek),,,3
1940,Mattia Montini,widzew łódź,NAP,Jagiellonia Białystok,False,,,,,,,insufficient_data,Za mało danych (0/2 kolejek),,,3
1941,Bartosz Guzdek,widzew łódź,NAP,Jagiellonia Białystok,False,,,,,,,insufficient_data,Za mało danych (0/2 kolejek),,,3
1942,Filip Zawadzki,widzew łódź,POM,Jagiellonia Białystok,False,,,,,,,insufficient_data,Za mało danych (0/2 kolejek),,,3
1943,Kristoffer Hansen,jagiellonia białystok,POM,Widzew Łódź,True,,,,,,,insufficient_data,Za mało danych (0/2 kolejek),,,3
1944,Marek Hanousek,widzew łódź,POM,Jagiellonia Białystok,False,,,,,,,insufficient_data,Za mało danych (0/2 kolejek),,,3
1945,Radosław Gołębiowski,widzew łódź,POM,Jagiellonia Białystok,False,,,,,,,insufficient_data,Za mało danych (0/2 kolejek),,,3
1946,Fabio Nunes,widzew łódź,POM,Jagiellonia Białystok,False,,,,,,,insufficient_data,Za mało danych (0/2 kolejek),,,3
1947,Martin Kreuzriegler,widzew łódź,OBR,Jagiellonia Białystok,False,,,,,,,insufficient_data,Za mało danych (0/2 kolejek),,,3
1948,Henrich Ravas,cracovia,BR,Śląsk Wrocław,False,,,,,,,insufficient_data,Za mało danych (0/2 kolejek),,,3
1949,Wasyl Łytwynenko,widzew łódź,BR,Jagiellonia Białystok,False,,,,,,,insufficient_data,Za mało danych (0/2 kolejek),,,3
1950,Roberto Corral,korona kielce,OBR,Legia Warszawa,True,,,,,,,insufficient_data,Za mało danych (0/2 kolejek),,,3
1951,Jacek Podgórski,korona kielce,POM,Legia Warszawa,True,,,,,,,insufficient_data,Za mało danych (0/2 kolejek),,,3
1952,Filipe Oliveira,korona kielce,POM,Legia Warszawa,True,,,,,,,insufficient_data,Za mało danych (0/2 kolejek),,,3
1953,Kyryło Petrow,korona kielce,OBR,Legia Warszawa,True,,,,,,,insufficient_data,Za mało danych (0/2 kolejek),,,3
1954,Jewgienij Szykawka,korona kielce,NAP,Legia Warszawa,True,,,,,,,insufficient_data,Za mało danych (0/2 kolejek),,,3
1955,Mario Zebić,korona kielce,OBR,Legia Warszawa,True,,,,,,,insufficient_data,Za mało danych (0/2 kolejek),,,3
1964,Afonso Sousa,lech poznań,POM,Piast Gliwice,True,,,,,,,insufficient_data,Za mało danych (0/2 kolejek),,,3
1968,Nemanja Mijuśković,wisła płock,OBR,Wisła Kraków,False,,,,,,,insufficient_data,Za mało danych (0/2 kolejek),,,3
1970,Maxime Dominguez,cracovia,POM,Śląsk Wrocław,False,,,,,,,insufficient_data,Za mało danych (0/2 kolejek),,,3
1971,Benjamin Källman,cracovia,NAP,Śląsk Wrocław,False,,,,,,,insufficient_data,Za mało danych (0/2 kolejek),,,3
1972,Adrian Sandach,korona kielce,BR,Legia Warszawa,True,,,,,,,insufficient_data,Za mało danych (0/2 kolejek),,,3
1974,Artur Amroziński,korona kielce,NAP,Legia Warszawa,True,,,,,,,insufficient_data,Za mało danych (0/2 kolejek),,,3
1981,Jakub Niedbała,piast gliwice,POM,Lech Poznań,False,,,,,,,insufficient_data,Za mało danych (0/2 kolejek),,,3
1982,Jakub Lis,pogoń szczecin,OBR,Motor Lublin,True,,,,,,,insufficient_data,Za mało danych (0/2 kolejek),,,3
1983,Jakub Ojrzyński,radomiak radom,BR,Górnik Zabrze,True,,,,,,,insufficient_data,Za mało danych (0/2 kolejek),,,3
1984,Aleksander Gajgier,radomiak radom,OBR,Górnik Zabrze,True,,,,,,,insufficient_data,Za mało danych (0/2 kolejek),,,3
1985,Mateusz Ludwikowski,widzew łódź,BR,Jagiellonia Białystok,False,,,,,,,insufficient_data,Za mało danych (0/2 kolejek),,,3
1986,Michał Grudniewski,widzew łódź,OBR,Jagiellonia Białystok,False,,,,,,,insufficient_data,Za mało danych (0/2 kolejek),,,3
1989,Kevin Broll,górnik zabrze,BR,Radomiak Radom,False,,,,,,,insufficient_data,Za mało danych (0/2 kolejek),,,3
1990,Fabian Hiszpański,wisła płock,POM,Wisła Kraków,False,,,,,,,insufficient_data,Za mało danych (1/2 kolejek),,,3
1991,Pontus Almqvist,pogoń szczecin,NAP,Motor Lublin,True,,,,,,,insufficient_data,Za mało danych (0/2 kolejek),,,3
1993,Dalibor Takáč,korona kielce,POM,Legia Warszawa,True,,,,,,,insufficient_data,Za mało danych (0/2 kolejek),,,3
1994,Miłosz Strzeboński,korona kielce,POM,Legia Warszawa,True,,,,,,,insufficient_data,Za mało danych (0/2 kolejek),,,3
1995,Janusz Nojszewski,korona kielce,POM,Legia Warszawa,True,,,,,,,insufficient_data,Za mało danych (0/2 kolejek),,,3
1996,Kacper Bojańczyk,korona kielce,POM,Legia Warszawa,True,,,,,,,insufficient_data,Za mało danych (0/2 kolejek),,,3
1997,Szymon Majewski,korona kielce,POM,Legia Warszawa,True,,,,,,,insufficient_data,Za mało danych (0/2 kolejek),,,3
1999,Jonatan Kotzke,górnik zabrze,OBR,Radomiak Radom,False,,,,,,,insufficient_data,Za mało danych (0/2 kolejek),,,3
2001,Nahuel Leiva,jagiellonia białystok,POM,Widzew Łódź,True,,,,,,,insufficient_data,Za mało danych (0/2 kolejek),,,3
2002,Léo Borges,pogoń szczecin,OBR,Motor Lublin,True,,,,,,,insufficient_data,Za mało danych (1/2 kolejek),,,3
2003,Pedro Justiniano,radomiak radom,OBR,Górnik Zabrze,True,,,,,,,insufficient_data,Za mało danych (0/2 kolejek),,,3
2004,Dawid Owczarek,widzew łódź,OBR,Jagiellonia Białystok,False,,,,,,,insufficient_data,Za mało danych (0/2 kolejek),,,3
2005,Mateusz Letkiewicz,wisła kraków,OBR,Wisła Płock,True,,,,,,,insufficient_data,Za mało danych (0/2 kolejek),,,3
2007,Michał Matys,zagłębie lubin,BR,Raków Częstochowa,False,,,,,,,insufficient_data,Za mało danych (0/2 kolejek),,,3
2008,Kacper Terlecki,zagłębie lubin,POM,Raków Częstochowa,False,,,,,,,insufficient_data,Za mało danych (0/2 kolejek),,,3
2009,Takuto Oshima,cracovia,POM,Śląsk Wrocław,False,,,,,,,insufficient_data,Za mało danych (0/2 kolejek),,,3
2014,Kacper Jodłowski,cracovia,POM,Śląsk Wrocław,False,,,,,,,insufficient_data,Za mało danych (0/2 kolejek),,,3
2015,Milan Kvocera,wisła płock,NAP,Wisła Kraków,False,,,,,,,insufficient_data,Za mało danych (0/2 kolejek),,,3
2017,Bartosz Bernatowicz,jagiellonia białystok,POM,Widzew Łódź,True,,,,,,,insufficient_data,Za mało danych (0/2 kolejek),,,3
2018,Albert Posiadała,radomiak radom,BR,Górnik Zabrze,True,,,,,,,insufficient_data,Za mało danych (0/2 kolejek),,,3
2019,Oskar Lodziński,wisła płock,BR,Wisła Kraków,False,,,,,,,insufficient_data,Za mało danych (0/2 kolejek),,,3
2020,Guram Giorbelidze,zagłębie lubin,OBR,Raków Częstochowa,False,,,,,,,insufficient_data,Za mało danych (0/2 kolejek),,,3
2025,Richard Jensen,górnik zabrze,OBR,Radomiak Radom,False,,,,,,,insufficient_data,Za mało danych (0/2 kolejek),,,3
2026,Filip Dagerstal,lech poznań,OBR,Piast Gliwice,True,,,,,,,insufficient_data,Za mało danych (0/2 kolejek),,,3
2027,Ronaldo Deaconu,korona kielce,POM,Legia Warszawa,True,,,,,,,insufficient_data,Za mało danych (0/2 kolejek),,,3
2028,Krzysztof Kolanko,zagłębie lubin,POM,Raków Częstochowa,False,,,,,,,insufficient_data,Za mało danych (0/2 kolejek),,,3
2030,Gustav Berggren,raków częstochowa,POM,Zagłębie Lubin,True,,,,,,,insufficient_data,Za mało danych (0/2 kolejek),,,3
2031,Karol Drażdżewski,lech poznań,BR,Piast Gliwice,True,,,,,,,insufficient_data,Za mało danych (0/2 kolejek),,,3
2036,Jakub Rajczykowski,raków częstochowa,BR,Zagłębie Lubin,True,,,,,,,insufficient_data,Za mało danych (0/2 kolejek),,,3
2037,Robin Kamber,górnik zabrze,POM,Radomiak Radom,False,,,,,,,insufficient_data,Za mało danych (0/2 kolejek),,,3
2038,Patryk Olejnik,lech poznań,OBR,Piast Gliwice,True,,,,,,,insufficient_data,Za mało danych (0/2 kolejek),,,3
2039,Oskar Mielcarz,śląsk wrocław,BR,Cracovia,True,,,,,,,insufficient_data,Za mało danych (0/2 kolejek),,,3
2040,Michał Stachera,cracovia,OBR,Śląsk Wrocław,False,,,,,,,insufficient_data,Za mało danych (0/2 kolejek),,,3
2042,Matos Miloš,widzew łódź,OBR,Jagiellonia Białystok,False,,,,,,,insufficient_data,Za mało danych (0/2 kolejek),,,3
2043,Amadej Maroša,górnik zabrze,NAP,Radomiak Radom,False,,,,,,,insufficient_data,Za mało danych (0/2 kolejek),,,3
2045,Kanji Okunuki,górnik zabrze,POM,Radomiak Radom,False,,,,,,,insufficient_data,Za mało danych (0/2 kolejek),,,3
2046,Dawid Drachal,jagiellonia białystok,POM,Widzew Łódź,True,,,,,,,insufficient_data,Za mało danych (1/2 kolejek),,,3
2048,Miroslav Gono,wisła płock,POM,Wisła Kraków,False,,,,,,,insufficient_data,Za mało danych (0/2 kolejek),,,3
2049,Ignacy Dawid,widzew łódź,POM,Jagiellonia Białystok,False,,,,,,,insufficient_data,Za mało danych (0/2 kolejek),,,3
2050,Blaž Vrhovec,górnik zabrze,POM,Radomiak Radom,False,,,,,,,insufficient_data,Za mało danych (0/2 kolejek),,,3
2051,Adam Dębiński,widzew łódź,POM,Jagiellonia Białystok,False,,,,,,,insufficient_data,Za mało danych (0/2 kolejek),,,3
2052,Rafał Mamla,korona kielce,BR,Legia Warszawa,True,,,,,,,insufficient_data,Za mało danych (0/2 kolejek),,,3
2053,Sebastian Madejski,cracovia,BR,Śląsk Wrocław,False,,,,,,,insufficient_data,Za mało danych (1/2 kolejek),,,3
2054,Tomasz Kupisz,jagiellonia białystok,POM,Widzew Łódź,True,,,,,,,insufficient_data,Za mało danych (0/2 kolejek),,,3
2055,Damian Wojdakowski,jagiellonia białystok,POM,Widzew Łódź,True,,,,,,,insufficient_data,Za mało danych (0/2 kolejek),,,3
2056,Mateusz Kempski,widzew łódź,NAP,Jagiellonia Białystok,False,,,,,,,insufficient_data,Za mało danych (0/2 kolejek),,,3
2057,Józef Kolasa,radomiak radom,POM,Górnik Zabrze,True,,,,,,,insufficient_data,Za mało danych (0/2 kolejek),,,3
2061,Mateusz Stawny,śląsk wrocław,OBR,Cracovia,True,,,,,,,insufficient_data,Za mało danych (0/2 kolejek),,,3
2062,Dawid Więckowski,korona kielce,OBR,Legia Warszawa,True,,,,,,,insufficient_data,Za mało danych (0/2 kolejek),,,3
2063,Piotr Liszewski,piast gliwice,OBR,Lech Poznań,False,,,,,,,insufficient_data,Za mało danych (0/2 kolejek),,,3
2066,David González Plata,korona kielce,POM,Legia Warszawa,True,,,,,,,insufficient_data,Za mało danych (0/2 kolejek),,,3
2070,Bartłomiej Jelonek,piast gliwice,BR,Lech Poznań,False,,,,,,,insufficient_data,Za mało danych (0/2 kolejek),,,3
2071,Leonárdo Koútris,pogoń szczecin,OBR,Motor Lublin,True,,,,,,,insufficient_data,Za mało danych (0/2 kolejek),,,3
2072,Hubert Sadowski,pogoń szczecin,OBR,Motor Lublin,True,,,,,,,insufficient_data,Za mało danych (0/2 kolejek),,,3
2073,Linus Wahlqvist,pogoń szczecin,OBR,Motor Lublin,True,,,,,,,insufficient_data,Za mało danych (1/2 kolejek),,,3
2074,Maciej Kowal,pogoń szczecin,BR,Motor Lublin,True,,,,,,,insufficient_data,Za mało danych (0/2 kolejek),,,3
2075,Berto Cayarga,radomiak radom,POM,Górnik Zabrze,True,,,,,,,insufficient_data,Za mało danych (0/2 kolejek),,,3
2076,Jean Franco Sarmiento,radomiak radom,NAP,Górnik Zabrze,True,,,,,,,insufficient_data,Za mało danych (0/2 kolejek),,,3
2077,Andrejs Cigaņiks,widzew łódź,OBR,Jagiellonia Białystok,False,,,,,,,insufficient_data,Za mało danych (0/2 kolejek),,,3
2078,Paweł Chrupałła,wisła płock,POM,Wisła Kraków,False,,,,,,,insufficient_data,Za mało danych (0/2 kolejek),,,3
2080,Francisco Ramos,radomiak radom,POM,Górnik Zabrze,True,,,,,,,insufficient_data,Za mało danych (0/2 kolejek),,,3
2081,Mike Cestor,radomiak radom,OBR,Górnik Zabrze,True,,,,,,,insufficient_data,Za mało danych (0/2 kolejek),,,3
2082,Leonardo Rocha,raków częstochowa,NAP,Zagłębie Lubin,True,,,,,,,insufficient_data,Za mało danych (0/2 kolejek),,,3
2084,Bartosz Neugebauer,górnik zabrze,BR,Radomiak Radom,False,,,,,,,insufficient_data,Za mało danych (0/2 kolejek),,,3
2085,Marcus Godinho,korona kielce,OBR,Legia Warszawa,True,,,,,,,insufficient_data,Za mało danych (0/2 kolejek),,,3
2087,Arttu Hoskonen,cracovia,OBR,Śląsk Wrocław,False,,,,,,,insufficient_data,Za mało danych (0/2 kolejek),,,3
2088,Jani Atanasov,cracovia,POM,Śląsk Wrocław,False,,,,,,,insufficient_data,Za mało danych (0/2 kolejek),,,3
2089,Mateusz Bochnak,cracovia,POM,Śląsk Wrocław,False,,,,,,,insufficient_data,Za mało danych (0/2 kolejek),,,3
2091,Jakub Pochcioł,górnik zabrze,POM,Radomiak Radom,False,,,,,,,insufficient_data,Za mało danych (0/2 kolejek),,,3
2092,Adrian Przyborek,pogoń szczecin,POM,Motor Lublin,True,,,,,,,insufficient_data,Za mało danych (0/2 kolejek),,,3
2093,Jakub Jędrasik,legia warszawa,POM,Korona Kielce,False,,,,,,,insufficient_data,Za mało danych (0/2 kolejek),,,3
2094,Filip Rejczyk,gks katowice,POM,Wieczysta Kraków,True,,,,,,,insufficient_data,Za mało danych (0/2 kolejek),,,3
2095,Jan Ziółkowski,legia warszawa,OBR,Korona Kielce,False,,,,,,,insufficient_data,Za mało danych (0/2 kolejek),,,3
2096,Kacper Śmiglewski,cracovia,NAP,Śląsk Wrocław,False,,,,,,,insufficient_data,Za mało danych (0/2 kolejek),,,3
2097,Marius Briceag,korona kielce,OBR,Legia Warszawa,True,,,,,,,insufficient_data,Za mało danych (0/2 kolejek),,,3
2098,Olivier Sukiennicki,wisła kraków,POM,Wisła Płock,True,,,,,,,insufficient_data,Za mało danych (0/2 kolejek),,,3
2100,Dušan Stojinović,jagiellonia białystok,OBR,Widzew Łódź,True,,,,,,,insufficient_data,Za mało danych (0/2 kolejek),,,3
2101,Sokrátis Dioúdis,zagłębie lubin,BR,Raków Częstochowa,False,,,,,,,insufficient_data,Za mało danych (0/2 kolejek),,,3
2102,Kacper Capiga,górnik zabrze,OBR,Radomiak Radom,False,,,,,,,insufficient_data,Za mało danych (0/2 kolejek),,,3
2103,Kamil Soberka,górnik zabrze,BR,Radomiak Radom,False,,,,,,,insufficient_data,Za mało danych (0/2 kolejek),,,3
2104,Michal Sáček,górnik zabrze,OBR,Radomiak Radom,False,,,,,,,insufficient_data,Za mało danych (0/2 kolejek),,,3
2106,Daisuke Yokota,górnik zabrze,POM,Radomiak Radom,False,,,,,,,insufficient_data,Za mało danych (0/2 kolejek),,,3
2107,Danijel Lončar,pogoń szczecin,OBR,Motor Lublin,True,,,,,,,insufficient_data,Za mało danych (0/2 kolejek),,,3
2108,Patryk Szwedzik,śląsk wrocław,NAP,Cracovia,True,,,,,,,insufficient_data,Za mało danych (0/2 kolejek),,,3
2111,Wojciech Mazurowski,wisła płock,OBR,Wisła Kraków,False,,,,,,,insufficient_data,Za mało danych (0/2 kolejek),,,3
2112,Jakub Konstantyn,korona kielce,POM,Legia Warszawa,True,,,,,,,insufficient_data,Za mało danych (0/2 kolejek),,,3
2114,Jakub Burek,wisła płock,BR,Wisła Kraków,False,,,,,,,insufficient_data,Za mało danych (0/2 kolejek),,,3
2115,Anthony van den Hurk,górnik zabrze,NAP,Radomiak Radom,False,,,,,,,insufficient_data,Za mało danych (0/2 kolejek),,,3
2117,Mateusz Malec,jagiellonia białystok,POM,Widzew Łódź,True,,,,,,,insufficient_data,Za mało danych (0/2 kolejek),,,3
2119,Łukasz Gerstenstein,śląsk wrocław,OBR,Cracovia,True,,,,,,,insufficient_data,Za mało danych (0/2 kolejek),,,3
2120,Martin Hašek,wisła płock,POM,Wisła Kraków,False,,,,,,,insufficient_data,Za mało danych (0/2 kolejek),,,3
2121,Jakub Trojanowski,legia warszawa,BR,Korona Kielce,False,,,,,,,insufficient_data,Za mało danych (0/2 kolejek),,,3
2124,Hubert Muszyński,śląsk wrocław,OBR,Cracovia,True,,,,,,,insufficient_data,Za mało danych (0/2 kolejek),,,3
2125,Gleb Kuczko,wisła płock,POM,Wisła Kraków,False,,,,,,,insufficient_data,Za mało danych (0/2 kolejek),,,3
2127,Dawid Bałydga,śląsk wrocław,NAP,Cracovia,True,,,,,,,insufficient_data,Za mało danych (0/2 kolejek),,,3
2128,Robert Pisarczuk,śląsk wrocław,OBR,Cracovia,True,,,,,,,insufficient_data,Za mało danych (0/2 kolejek),,,3
2133,Tobiasz Kubik,raków częstochowa,POM,Zagłębie Lubin,True,,,,,,,insufficient_data,Za mało danych (0/2 kolejek),,,3
2134,Bartosz Tomaszewski,lech poznań,OBR,Piast Gliwice,True,,,,,,,insufficient_data,Za mało danych (0/2 kolejek),,,3
2160,Roman Jakuba,zagłębie lubin,OBR,Raków Częstochowa,False,,,,,,,insufficient_data,Za mało danych (0/2 kolejek),,,3
2163,Marcel Pięczek,korona kielce,OBR,Legia Warszawa,True,,,,,,,insufficient_data,Za mało danych (1/2 kolejek),,,3
2176,Mateusz Kowalczyk,gks katowice,POM,Wieczysta Kraków,True,,,,,,,insufficient_data,Za mało danych (0/2 kolejek),,,3
2190,Dominik Marczuk,jagiellonia białystok,POM,Widzew Łódź,True,,,,,,,insufficient_data,Za mało danych (0/2 kolejek),,,3
2191,Radovan Pankov,legia warszawa,OBR,Korona Kielce,False,,,,,,,insufficient_data,Za mało danych (0/2 kolejek),,,3
2192,João Gamboa,pogoń szczecin,POM,Motor Lublin,True,,,,,,,insufficient_data,Za mało danych (0/2 kolejek),,,3
2193,Edi Semedo,jagiellonia białystok,NAP,Widzew Łódź,True,,,,,,,insufficient_data,Za mało danych (0/2 kolejek),,,3
2194,Pedro Henrique,radomiak radom,NAP,Górnik Zabrze,True,,,,,,,insufficient_data,Za mało danych (0/2 kolejek),,,3
2198,Jan Krzywański,widzew łódź,BR,Jagiellonia Białystok,False,,,,,,,insufficient_data,Za mało danych (0/2 kolejek),,,3
2199,Luís Silva,widzew łódź,OBR,Jagiellonia Białystok,False,,,,,,,insufficient_data,Za mało danych (0/2 kolejek),,,3
2200,Marek Mróz,zagłębie lubin,POM,Raków Częstochowa,False,,,,,,,insufficient_data,Za mało danych (0/2 kolejek),,,3
2202,Damian Urban,cracovia,OBR,Śląsk Wrocław,False,,,,,,,insufficient_data,Za mało danych (0/2 kolejek),,,3
2203,Lawrence Ennali,górnik zabrze,POM,Radomiak Radom,False,,,,,,,insufficient_data,Za mało danych (0/2 kolejek),,,3
2204,José Naranjo,jagiellonia białystok,POM,Widzew Łódź,True,,,,,,,insufficient_data,Za mało danych (0/2 kolejek),,,3
2205,Afimico Pululu,jagiellonia białystok,NAP,Widzew Łódź,True,,,,,,,insufficient_data,Za mało danych (0/2 kolejek),,,3
2206,Adrián Dalmau,piast gliwice,NAP,Lech Poznań,False,,,,,,,insufficient_data,Za mało danych (0/2 kolejek),,,3
2207,Szymon Gałązka,korona kielce,POM,Legia Warszawa,True,,,,,,,insufficient_data,Za mało danych (0/2 kolejek),,,3
2208,Martin Remacle,korona kielce,POM,Legia Warszawa,True,,,,,,,insufficient_data,Za mało danych (1/2 kolejek),,,3
2209,Elias Andersson,lech poznań,OBR,Piast Gliwice,True,,,,,,,insufficient_data,Za mało danych (0/2 kolejek),,,3
2210,Miha Blažič,lech poznań,OBR,Piast Gliwice,True,,,,,,,insufficient_data,Za mało danych (0/2 kolejek),,,3
2211,Juergen Elitim,legia warszawa,POM,Korona Kielce,False,,,,,,,insufficient_data,Za mało danych (0/2 kolejek),,,3
2214,Efthýmios Kouloúris,pogoń szczecin,NAP,Motor Lublin,True,,,,,,,insufficient_data,Za mało danych (0/2 kolejek),,,3
2215,Hélder Sá,radomiak radom,OBR,Górnik Zabrze,True,,,,,,,insufficient_data,Za mało danych (0/2 kolejek),,,3
2216,Antónis Tsiftsís,raków częstochowa,BR,Zagłębie Lubin,True,,,,,,,insufficient_data,Za mało danych (0/2 kolejek),,,3
2217,Dawid Barnowski,wisła płock,POM,Wisła Kraków,False,,,,,,,insufficient_data,Za mało danych (0/2 kolejek),,,3
2222,Aleks Petkow,śląsk wrocław,OBR,Cracovia,True,,,,,,,insufficient_data,Za mało danych (0/2 kolejek),,,3
2226,Kamil Cybulski,widzew łódź,POM,Jagiellonia Białystok,False,,,,,,,insufficient_data,Za mało danych (0/2 kolejek),,,3
2227,Hubert Lenart,widzew łódź,OBR,Jagiellonia Białystok,False,,,,,,,insufficient_data,Za mało danych (0/2 kolejek),,,3
2228,Filip Przybułek,widzew łódź,POM,Jagiellonia Białystok,False,,,,,,,insufficient_data,Za mało danych (0/2 kolejek),,,3
2230,Juan Muñoz,zagłębie lubin,NAP,Raków Częstochowa,False,,,,,,,insufficient_data,Za mało danych (0/2 kolejek),,,3
2231,Marcel Bykowski,piast gliwice,POM,Lech Poznań,False,,,,,,,insufficient_data,Za mało danych (0/2 kolejek),,,3
2232,Jakub Szymański,widzew łódź,BR,Jagiellonia Białystok,False,,,,,,,insufficient_data,Za mało danych (0/2 kolejek),,,3
2233,Kenneth Zohorè,śląsk wrocław,NAP,Cracovia,True,,,,,,,insufficient_data,Za mało danych (0/2 kolejek),,,3
2235,Filip Karbowy,piast gliwice,POM,Lech Poznań,False,,,,,,,insufficient_data,Za mało danych (0/2 kolejek),,,3
2236,Axel Holewiński,pogoń szczecin,BR,Motor Lublin,True,,,,,,,insufficient_data,Za mało danych (0/2 kolejek),,,3
2237,Olaf Korczakowski,pogoń szczecin,POM,Motor Lublin,True,,,,,,,insufficient_data,Za mało danych (0/2 kolejek),,,3
2238,Dino Hotic,lech poznań,POM,Piast Gliwice,True,,,,,,,insufficient_data,Za mało danych (0/2 kolejek),,,3
2239,Igor Orlikowski,zagłębie lubin,OBR,Raków Częstochowa,False,,,,,,,insufficient_data,Za mało danych (0/2 kolejek),,,3
2240,Michał Niedbała,korona kielce,BR,Legia Warszawa,True,,,,,,,insufficient_data,Za mało danych (0/2 kolejek),,,3
2242,Imad Rondić,raków częstochowa,NAP,Zagłębie Lubin,True,,,,,,,insufficient_data,Za mało danych (0/2 kolejek),,,3
2244,Burak İnce,śląsk wrocław,POM,Cracovia,True,,,,,,,insufficient_data,Za mało danych (0/2 kolejek),,,3
2250,Dawid Rychta,piast gliwice,BR,Lech Poznań,False,,,,,,,insufficient_data,Za mało danych (0/2 kolejek),,,3
2251,Alan Rybak,jagiellonia białystok,NAP,Widzew Łódź,True,,,,,,,insufficient_data,Za mało danych (0/2 kolejek),,,3
2252,Jordan Majchrzak,legia warszawa,NAP,Korona Kielce,False,,,,,,,insufficient_data,Za mało danych (0/2 kolejek),,,3
2253,Sonny Kittel,raków częstochowa,POM,Zagłębie Lubin,True,,,,,,,insufficient_data,Za mało danych (0/2 kolejek),,,3
2254,Piotr Urbański,piast gliwice,NAP,Lech Poznań,False,,,,,,,insufficient_data,Za mało danych (0/2 kolejek),,,3
2255,Aleksander Nadolski,lech poznań,POM,Piast Gliwice,True,,,,,,,insufficient_data,Za mało danych (0/2 kolejek),,,3
2256,Mikołaj Molendowski,radomiak radom,POM,Górnik Zabrze,True,,,,,,,insufficient_data,Za mało danych (0/2 kolejek),,,3
2259,Mateusz Chmarek,górnik zabrze,NAP,Radomiak Radom,False,,,,,,,insufficient_data,Za mało danych (0/2 kolejek),,,3
2260,Maksymilian Gandziarowski,górnik zabrze,OBR,Radomiak Radom,False,,,,,,,insufficient_data,Za mało danych (0/2 kolejek),,,3
2261,Dominik Szala,śląsk wrocław,OBR,Cracovia,True,,,,,,,insufficient_data,Za mało danych (0/2 kolejek),,,3
2262,Filip Rózga,cracovia,POM,Śląsk Wrocław,False,,,,,,,insufficient_data,Za mało danych (0/2 kolejek),,,3
2263,Kacper Kucharczyk,korona kielce,POM,Legia Warszawa,True,,,,,,,insufficient_data,Za mało danych (0/2 kolejek),,,3
2264,Krzysztof Kurowski,śląsk wrocław,OBR,Cracovia,True,,,,,,,insufficient_data,Za mało danych (0/2 kolejek),,,3
2265,Stanisław Szczyrek,śląsk wrocław,OBR,Cracovia,True,,,,,,,insufficient_data,Za mało danych (0/2 kolejek),,,3
2266,Aleksander Wołczek,śląsk wrocław,POM,Cracovia,True,,,,,,,insufficient_data,Za mało danych (0/2 kolejek),,,3
2267,Miłosz Kurowski,śląsk wrocław,POM,Cracovia,True,,,,,,,insufficient_data,Za mało danych (0/2 kolejek),,,3
2268,Yoav Hofmeister,korona kielce,POM,Legia Warszawa,True,,,,,,,insufficient_data,Za mało danych (0/2 kolejek),,,3
2269,Srđan Plavšić,raków częstochowa,OBR,Zagłębie Lubin,True,,,,,,,insufficient_data,Za mało danych (0/2 kolejek),,,3
2271,Cameron Borthwick-Jackson,śląsk wrocław,OBR,Cracovia,True,,,,,,,insufficient_data,Za mało danych (0/2 kolejek),,,3
2272,Mateusz Górski,śląsk wrocław,BR,Cracovia,True,,,,,,,insufficient_data,Za mało danych (0/2 kolejek),,,3
2273,Peter Pokorný,śląsk wrocław,POM,Cracovia,True,,,,,,,insufficient_data,Za mało danych (0/2 kolejek),,,3
2274,Bartłomiej Kolec,cracovia,POM,Śląsk Wrocław,False,,,,,,,insufficient_data,Za mało danych (0/2 kolejek),,,3
2275,Adrián Kaprálik,górnik zabrze,POM,Radomiak Radom,False,,,,,,,insufficient_data,Za mało danych (0/2 kolejek),,,3
2276,Franciszek Dziewicki,cracovia,OBR,Śląsk Wrocław,False,,,,,,,insufficient_data,Za mało danych (0/2 kolejek),,,3
2280,Fredrik Ulvestad,pogoń szczecin,POM,Motor Lublin,True,,,,,,,insufficient_data,Za mało danych (1/2 kolejek),,,3
2282,Andreas Skovgaard,cracovia,OBR,Śląsk Wrocław,False,,,,,,,insufficient_data,Za mało danych (0/2 kolejek),,,3
2283,Kamil Glik,cracovia,OBR,Śląsk Wrocław,False,,,,,,,insufficient_data,Za mało danych (0/2 kolejek),,,3
2285,Ante Crnac,raków częstochowa,NAP,Zagłębie Lubin,True,,,,,,,insufficient_data,Za mało danych (0/2 kolejek),,,3
2286,Valentin Cojocaru,pogoń szczecin,BR,Motor Lublin,True,,,,,,,insufficient_data,Za mało danych (1/2 kolejek),,,3
2287,Oliwier Zych,raków częstochowa,BR,Zagłębie Lubin,True,,,,,,,insufficient_data,Za mało danych (0/2 kolejek),,,3
2288,Gil Dias,legia warszawa,POM,Korona Kielce,False,,,,,,,insufficient_data,Za mało danych (0/2 kolejek),,,3
2289,Juan Fernández Blanco,widzew łódź,OBR,Jagiellonia Białystok,False,,,,,,,insufficient_data,Za mało danych (0/2 kolejek),,,3
2290,Marco Burch,legia warszawa,OBR,Korona Kielce,False,,,,,,,insufficient_data,Za mało danych (0/2 kolejek),,,3
2291,Szymon Doba,cracovia,NAP,Śląsk Wrocław,False,,,,,,,insufficient_data,Za mało danych (0/2 kolejek),,,3
2292,Bartłomiej Barański,lech poznań,POM,Piast Gliwice,True,,,,,,,insufficient_data,Za mało danych (0/2 kolejek),,,3
2293,Radosław Turek,korona kielce,OBR,Legia Warszawa,True,,,,,,,insufficient_data,Za mało danych (0/2 kolejek),,,3
2295,Daniel Bąk,korona kielce,NAP,Legia Warszawa,True,,,,,,,insufficient_data,Za mało danych (1/2 kolejek),,,3
2297,Vinícius Matheus,jagiellonia białystok,NAP,Widzew Łódź,True,,,,,,,insufficient_data,Za mało danych (0/2 kolejek),,,3
2299,Norbert Barczak,korona kielce,OBR,Legia Warszawa,True,,,,,,,insufficient_data,Za mało danych (0/2 kolejek),,,3
2300,Wiktor Koptas,radomiak radom,BR,Górnik Zabrze,True,,,,,,,insufficient_data,Za mało danych (0/2 kolejek),,,3
2302,Adam Chojecki,korona kielce,POM,Legia Warszawa,True,,,,,,,insufficient_data,Za mało danych (0/2 kolejek),,,3
2303,Michał Wróblewski,śląsk wrocław,OBR,Cracovia,True,,,,,,,insufficient_data,Za mało danych (0/2 kolejek),,,3
2304,Bartosz Głogowski,śląsk wrocław,BR,Cracovia,True,,,,,,,insufficient_data,Za mało danych (0/2 kolejek),,,3
2305,Patryk Malamis,raków częstochowa,POM,Zagłębie Lubin,True,,,,,,,insufficient_data,Za mało danych (0/2 kolejek),,,3
2306,Tobiasz Mras,wieczysta kraków,POM,GKS Katowice,False,,,,,,,insufficient_data,Za mało danych (1/2 kolejek),,,3
2307,Jetmir Haliti,jagiellonia białystok,OBR,Widzew Łódź,True,,,,,,,insufficient_data,Za mało danych (0/2 kolejek),,,3
2310,Muhamed Šahinović,raków częstochowa,BR,Zagłębie Lubin,True,,,,,,,insufficient_data,Za mało danych (0/2 kolejek),,,3
2311,Paweł Kwiatkowski,widzew łódź,OBR,Jagiellonia Białystok,False,,,,,,,insufficient_data,Za mało danych (0/2 kolejek),,,3
2312,Patryk Paryzek,pogoń szczecin,NAP,Motor Lublin,True,,,,,,,insufficient_data,Za mało danych (0/2 kolejek),,,3
2313,Maksymilian Dziuba,lech poznań,POM,Piast Gliwice,True,,,,,,,insufficient_data,Za mało danych (0/2 kolejek),,,3
2314,Kaan Caliskaner,motor lublin,POM,Pogoń Szczecin,False,,,,,,,insufficient_data,Za mało danych (0/2 kolejek),,,3
2315,Danny Trejo,korona kielce,POM,Legia Warszawa,True,,,,,,,insufficient_data,Za mało danych (0/2 kolejek),,,3
2316,Mateusz Pruchniewski,lech poznań,BR,Piast Gliwice,True,,,,,,,insufficient_data,Za mało danych (0/2 kolejek),,,3
2317,Ryōya Morishita,legia warszawa,POM,Korona Kielce,False,,,,,,,insufficient_data,Za mało danych (0/2 kolejek),,,3
2321,Rahil Mammadov,radomiak radom,OBR,Górnik Zabrze,True,,,,,,,insufficient_data,Za mało danych (0/2 kolejek),,,3
2323,Vágner Dias,radomiak radom,POM,Górnik Zabrze,True,,,,,,,insufficient_data,Za mało danych (0/2 kolejek),,,3
2324,Baráth Baráth,raków częstochowa,POM,Zagłębie Lubin,True,,,,,,,insufficient_data,Za mało danych (0/2 kolejek),,,3
2329,Alen Mustafić,śląsk wrocław,POM,Cracovia,True,,,,,,,insufficient_data,Za mało danych (0/2 kolejek),,,3
2330,Lewuis Peña,śląsk wrocław,POM,Cracovia,True,,,,,,,insufficient_data,Za mało danych (0/2 kolejek),,,3
2331,Simeon Petrow,śląsk wrocław,OBR,Cracovia,True,,,,,,,insufficient_data,Za mało danych (0/2 kolejek),,,3
2332,Mikołaj Tudruj,śląsk wrocław,OBR,Cracovia,True,,,,,,,insufficient_data,Za mało danych (0/2 kolejek),,,3
2333,Ivan Krajčírik,widzew łódź,BR,Jagiellonia Białystok,False,,,,,,,insufficient_data,Za mało danych (0/2 kolejek),,,3
2334,Noah Diliberto,widzew łódź,POM,Jagiellonia Białystok,False,,,,,,,insufficient_data,Za mało danych (0/2 kolejek),,,3
2335,Lirim Kastrati,widzew łódź,OBR,Jagiellonia Białystok,False,,,,,,,insufficient_data,Za mało danych (0/2 kolejek),,,3
2336,Sōichirō Kōzuki,górnik zabrze,POM,Radomiak Radom,False,,,,,,,insufficient_data,Za mało danych (0/2 kolejek),,,3
2337,Eneo Bitri,cracovia,OBR,Śląsk Wrocław,False,,,,,,,insufficient_data,Za mało danych (0/2 kolejek),,,3
2338,Luka Vušković,radomiak radom,OBR,Górnik Zabrze,True,,,,,,,insufficient_data,Za mało danych (0/2 kolejek),,,3
2339,Guilherme Zimovski,radomiak radom,NAP,Górnik Zabrze,True,,,,,,,insufficient_data,Za mało danych (0/2 kolejek),,,3
2340,Qëndrim Zyba,legia warszawa,POM,Korona Kielce,False,,,,,,,insufficient_data,Za mało danych (0/2 kolejek),,,3
2342,Tommaso Guercio,śląsk wrocław,OBR,Cracovia,True,,,,,,,insufficient_data,Za mało danych (0/2 kolejek),,,3
2343,Kornel Lisman,lech poznań,POM,Piast Gliwice,True,,,,,,,insufficient_data,Za mało danych (0/2 kolejek),,,3
2344,Jakub Adkonis,legia warszawa,POM,Korona Kielce,False,,,,,,,insufficient_data,Za mało danych (0/2 kolejek),,,3
2347,Kacper Gołębiewski,pogoń szczecin,POM,Motor Lublin,True,,,,,,,insufficient_data,Za mało danych (0/2 kolejek),,,3
2348,Antoni Klukowski,widzew łódź,POM,Jagiellonia Białystok,False,,,,,,,insufficient_data,Za mało danych (0/2 kolejek),,,3
2349,Bruno Jordão,radomiak radom,POM,Górnik Zabrze,True,,,,,,,insufficient_data,Za mało danych (0/2 kolejek),,,3
2351,Szymon Karasiński,zagłębie lubin,POM,Raków Częstochowa,False,,,,,,,insufficient_data,Za mało danych (0/2 kolejek),,,3
2352,Fabian Bzdyl,cracovia,POM,Śląsk Wrocław,False,,,,,,,insufficient_data,Za mało danych (0/2 kolejek),,,3
2354,Rafał Gikiewicz,zagłębie lubin,BR,Raków Częstochowa,False,,,,,,,insufficient_data,Za mało danych (0/2 kolejek),,,3
2355,Esmiraldo Sá Silva,radomiak radom,NAP,Górnik Zabrze,True,,,,,,,insufficient_data,Za mało danych (0/2 kolejek),,,3
2359,Davíð Ólafsson,cracovia,OBR,Śląsk Wrocław,False,,,,,,,insufficient_data,Za mało danych (0/2 kolejek),,,3
2363,Jakub Jezierski,śląsk wrocław,POM,Cracovia,True,,,,,,,insufficient_data,Za mało danych (0/2 kolejek),,,3
2364,Fredrik Krogstad,korona kielce,POM,Legia Warszawa,True,,,,,,,insufficient_data,Za mało danych (0/2 kolejek),,,3
2365,João Peglow,radomiak radom,POM,Górnik Zabrze,True,,,,,,,insufficient_data,Za mało danych (0/2 kolejek),,,3
2366,Konrad Golonka,cracovia,BR,Śląsk Wrocław,False,,,,,,,insufficient_data,Za mało danych (0/2 kolejek),,,3
2368,Aleksander Tobolik,górnik zabrze,POM,Radomiak Radom,False,,,,,,,insufficient_data,Za mało danych (0/2 kolejek),,,3
2371,Bartosz Biedrzycki,cracovia,OBR,Śląsk Wrocław,False,,,,,,,insufficient_data,Za mało danych (0/2 kolejek),,,3
2372,Dawid Kudła,gks katowice,BR,Wieczysta Kraków,True,,,,,,,insufficient_data,Za mało danych (0/2 kolejek),,,3
2373,Przemysław Pęksa,gks katowice,BR,Wieczysta Kraków,True,,,,,,,insufficient_data,Za mało danych (0/2 kolejek),,,3
2374,Patryk Szczuka,gks katowice,BR,Wieczysta Kraków,True,,,,,,,insufficient_data,Za mało danych (0/2 kolejek),,,3
2375,Bartosz Jaroszek,gks katowice,OBR,Wieczysta Kraków,True,,,,,,,insufficient_data,Za mało danych (0/2 kolejek),,,3
2376,Łukasz Trepka,gks katowice,OBR,Wieczysta Kraków,True,,,,,,,insufficient_data,Za mało danych (0/2 kolejek),,,3
2377,Norbert Warmuz,gks katowice,OBR,Wieczysta Kraków,True,,,,,,,insufficient_data,Za mało danych (0/2 kolejek),,,3
2378,Bartosz Baranowicz,gks katowice,POM,Wieczysta Kraków,True,,,,,,,insufficient_data,Za mało danych (0/2 kolejek),,,3
2379,Alan Bród,gks katowice,POM,Wieczysta Kraków,True,,,,,,,insufficient_data,Za mało danych (0/2 kolejek),,,3
2380,Kacper Ćwielong,gks katowice,POM,Wieczysta Kraków,True,,,,,,,insufficient_data,Za mało danych (0/2 kolejek),,,3
2381,Szymon Krawczyk,gks katowice,POM,Wieczysta Kraków,True,,,,,,,insufficient_data,Za mało danych (0/2 kolejek),,,3
2382,Kacper Pietrzyk,gks katowice,NAP,Wieczysta Kraków,True,,,,,,,insufficient_data,Za mało danych (0/2 kolejek),,,3
2383,Shun Shibata,gks katowice,POM,Wieczysta Kraków,True,,,,,,,insufficient_data,Za mało danych (0/2 kolejek),,,3
2384,Borja Galán,gks katowice,OBR,Wieczysta Kraków,True,,,,,,,insufficient_data,Za mało danych (1/2 kolejek),,,3
2385,Lukáš Ambros,górnik zabrze,POM,Radomiak Radom,False,,,,,,,insufficient_data,Za mało danych (0/2 kolejek),,,3
2386,Patrik Hellebrand,korona kielce,POM,Legia Warszawa,True,,,,,,,insufficient_data,Za mało danych (1/2 kolejek),,,3
2387,José Manuel Josema,górnik zabrze,OBR,Radomiak Radom,False,,,,,,,insufficient_data,Za mało danych (1/2 kolejek),,,3
2388,Manuel Sánchez,górnik zabrze,OBR,Radomiak Radom,False,,,,,,,insufficient_data,Za mało danych (0/2 kolejek),,,3
2390,Maksymilian Stryjek,jagiellonia białystok,BR,Widzew Łódź,True,,,,,,,insufficient_data,Za mało danych (0/2 kolejek),,,3
2392,Filip Wolski,jagiellonia białystok,POM,Widzew Łódź,True,,,,,,,insufficient_data,Za mało danych (0/2 kolejek),,,3
2393,Shuma Nagamatsu,korona kielce,POM,Legia Warszawa,True,,,,,,,insufficient_data,Za mało danych (0/2 kolejek),,,3
2394,Pedro Nuno,korona kielce,POM,Legia Warszawa,True,,,,,,,insufficient_data,Za mało danych (0/2 kolejek),,,3
2395,Mateusz Mędrala,lech poznań,BR,Piast Gliwice,True,,,,,,,insufficient_data,Za mało danych (0/2 kolejek),,,3
2396,Igor Kornobis,lech poznań,NAP,Piast Gliwice,True,,,,,,,insufficient_data,Za mało danych (0/2 kolejek),,,3
2406,Maksym Chłań,górnik zabrze,POM,Radomiak Radom,False,,,,,,,insufficient_data,Za mało danych (1/2 kolejek),,,3
2414,Oskar Jeż,motor lublin,BR,Pogoń Szczecin,False,,,,,,,insufficient_data,Za mało danych (0/2 kolejek),,,3
2416,Bohdan Krywołapow,motor lublin,OBR,Pogoń Szczecin,False,,,,,,,insufficient_data,Za mało danych (0/2 kolejek),,,3
2418,Konrad Magnuszewski,motor lublin,OBR,Pogoń Szczecin,False,,,,,,,insufficient_data,Za mało danych (0/2 kolejek),,,3
2419,Piotr Ceglarz,motor lublin,POM,Pogoń Szczecin,False,,,,,,,insufficient_data,Za mało danych (0/2 kolejek),,,3
2420,Marcel Gąsior,motor lublin,POM,Pogoń Szczecin,False,,,,,,,insufficient_data,Za mało danych (0/2 kolejek),,,3
2421,Sebastian Koziej,motor lublin,POM,Pogoń Szczecin,False,,,,,,,insufficient_data,Za mało danych (0/2 kolejek),,,3
2422,Rafał Król,motor lublin,POM,Pogoń Szczecin,False,,,,,,,insufficient_data,Za mało danych (0/2 kolejek),,,3
2425,Filip Wójcik,motor lublin,OBR,Pogoń Szczecin,False,,,,,,,insufficient_data,Za mało danych (0/2 kolejek),,,3
2426,Sebastian Sikora,motor lublin,NAP,Pogoń Szczecin,False,,,,,,,insufficient_data,Za mało danych (0/2 kolejek),,,3
2427,Kacper Wełniak,motor lublin,NAP,Pogoń Szczecin,False,,,,,,,insufficient_data,Za mało danych (0/2 kolejek),,,3
2428,Claude Gonçalves,legia warszawa,POM,Korona Kielce,False,,,,,,,insufficient_data,Za mało danych (0/2 kolejek),,,3
2429,Marcel Mendes-Dudziński,piast gliwice,BR,Lech Poznań,False,,,,,,,insufficient_data,Za mało danych (0/2 kolejek),,,3
2430,Jean-Pierre Nsame,pogoń szczecin,NAP,Motor Lublin,True,,,,,,,insufficient_data,Za mało danych (1/2 kolejek),,,3
2434,Michał Perchel,jagiellonia białystok,BR,Widzew Łódź,True,,,,,,,insufficient_data,Za mało danych (0/2 kolejek),,,3
2436,Adriano Amorim,raków częstochowa,POM,Zagłębie Lubin,True,,,,,,,insufficient_data,Za mało danych (0/2 kolejek),,,3
2437,Vassílis Sourlís,raków częstochowa,POM,Zagłębie Lubin,True,,,,,,,insufficient_data,Za mało danych (0/2 kolejek),,,3
2440,Junior Eyamba,śląsk wrocław,NAP,Cracovia,True,,,,,,,insufficient_data,Za mało danych (0/2 kolejek),,,3
2441,Simon Schierack,śląsk wrocław,POM,Cracovia,True,,,,,,,insufficient_data,Za mało danych (0/2 kolejek),,,3
2442,Kreshnik Hajrizi,widzew łódź,OBR,Jagiellonia Białystok,False,,,,,,,insufficient_data,Za mało danych (0/2 kolejek),,,3
2443,Samuel Kozlovský,widzew łódź,OBR,Jagiellonia Białystok,False,,,,,,,insufficient_data,Za mało danych (0/2 kolejek),,,3
2445,Václav Sejk,zagłębie lubin,NAP,Raków Częstochowa,False,,,,,,,insufficient_data,Za mało danych (0/2 kolejek),,,3
2446,Kristoffer Klaesson,raków częstochowa,BR,Zagłębie Lubin,True,,,,,,,insufficient_data,Za mało danych (0/2 kolejek),,,3
2447,João Moutinho,lech poznań,OBR,Piast Gliwice,True,,,,,,,insufficient_data,Za mało danych (1/2 kolejek),,,3
2448,Alex Douglas,lech poznań,OBR,Piast Gliwice,True,,,,,,,insufficient_data,Za mało danych (0/2 kolejek),,,3
2449,Lázaros Lamprou,raków częstochowa,POM,Zagłębie Lubin,True,,,,,,,insufficient_data,Za mało danych (0/2 kolejek),,,3
2450,Ivan Brkić,legia warszawa,BR,Korona Kielce,False,,,,,,,insufficient_data,Za mało danych (0/2 kolejek),,,3
2451,Bryan Fiabema,lech poznań,NAP,Piast Gliwice,True,,,,,,,insufficient_data,Za mało danych (0/2 kolejek),,,3
2452,Hilary Gong,widzew łódź,POM,Jagiellonia Białystok,False,,,,,,,insufficient_data,Za mało danych (0/2 kolejek),,,3
2453,Sergio Barcia,legia warszawa,OBR,Korona Kielce,False,,,,,,,insufficient_data,Za mało danych (0/2 kolejek),,,3
2455,Jakub Pestka,cracovia,OBR,Śląsk Wrocław,False,,,,,,,insufficient_data,Za mało danych (0/2 kolejek),,,3
2457,Mick van Buren,cracovia,NAP,Śląsk Wrocław,False,,,,,,,insufficient_data,Za mało danych (0/2 kolejek),,,3
2458,Hubert Zwoźny,korona kielce,OBR,Legia Warszawa,True,,,,,,,insufficient_data,Za mało danych (1/2 kolejek),,,3
2459,Oskar Lachowicz,cracovia,POM,Śląsk Wrocław,False,,,,,,,insufficient_data,Za mało danych (0/2 kolejek),,,3
2460,Szymon Stypułkowski,jagiellonia białystok,POM,Widzew Łódź,True,,,,,,,insufficient_data,Za mało danych (0/2 kolejek),,,3
2461,Taofeek Ismaheel,górnik zabrze,POM,Radomiak Radom,False,,,,,,,insufficient_data,Za mało danych (1/2 kolejek),,,3
2462,Amir Al-Ammari,cracovia,POM,Śląsk Wrocław,False,,,,,,,insufficient_data,Za mało danych (1/2 kolejek),,,3
2464,Igor Bartnik,motor lublin,BR,Pogoń Szczecin,False,,,,,,,insufficient_data,Za mało danych (0/2 kolejek),,,3
2465,Patryk Romanowski,motor lublin,OBR,Pogoń Szczecin,False,,,,,,,insufficient_data,Za mało danych (0/2 kolejek),,,3
2466,Arnau Ortiz,śląsk wrocław,POM,Cracovia,True,,,,,,,insufficient_data,Za mało danych (0/2 kolejek),,,3
2467,Mateusz Szczepaniak,legia warszawa,POM,Korona Kielce,False,,,,,,,insufficient_data,Za mało danych (0/2 kolejek),,,3
2468,Krystian Harciński,radomiak radom,BR,Górnik Zabrze,True,,,,,,,insufficient_data,Za mało danych (0/2 kolejek),,,3
2469,Tymoteusz Gmur,lech poznań,POM,Piast Gliwice,True,,,,,,,insufficient_data,Za mało danych (0/2 kolejek),,,3
2470,Igor Brzyski,pogoń szczecin,POM,Motor Lublin,True,,,,,,,insufficient_data,Za mało danych (0/2 kolejek),,,3
2471,Migouel Alfarela,legia warszawa,NAP,Korona Kielce,False,,,,,,,insufficient_data,Za mało danych (0/2 kolejek),,,3
2472,Bartłomiej Smolarczyk,korona kielce,OBR,Legia Warszawa,True,,,,,,,insufficient_data,Za mało danych (0/2 kolejek),,,3
2473,Michalis Kosidis,zagłębie lubin,NAP,Raków Częstochowa,False,,,,,,,insufficient_data,Za mało danych (1/2 kolejek),,,3
2474,Arkadiusz Murzacz,motor lublin,OBR,Pogoń Szczecin,False,,,,,,,insufficient_data,Za mało danych (0/2 kolejek),,,3
2475,Jakub Grzejszczak,widzew łódź,OBR,Jagiellonia Białystok,False,,,,,,,insufficient_data,Za mało danych (0/2 kolejek),,,3
2476,Jonatan Braut Brunes,raków częstochowa,NAP,Zagłębie Lubin,True,,,,,,,insufficient_data,Za mało danych (0/2 kolejek),,,3
2478,Tudor Băluță,śląsk wrocław,POM,Cracovia,True,,,,,,,insufficient_data,Za mało danych (0/2 kolejek),,,3
2479,David Ezeh,raków częstochowa,NAP,Zagłębie Lubin,True,,,,,,,insufficient_data,Za mało danych (0/2 kolejek),,,3
2480,Daniel Håkans,lech poznań,POM,Piast Gliwice,True,,,,,,,insufficient_data,Za mało danych (1/2 kolejek),,,3
2481,Ajdin Hasić,cracovia,POM,Śląsk Wrocław,False,,,,,,,insufficient_data,Za mało danych (1/2 kolejek),,,3
2482,Sergi Samper,motor lublin,POM,Pogoń Szczecin,False,,,,,,,insufficient_data,Za mało danych (0/2 kolejek),,,3
2483,Osvaldo Capemba Capita,radomiak radom,POM,Górnik Zabrze,True,,,,,,,insufficient_data,Za mało danych (0/2 kolejek),,,3
2484,Tomás Costa Silva,jagiellonia białystok,OBR,Widzew Łódź,True,,,,,,,insufficient_data,Za mało danych (0/2 kolejek),,,3
2487,Igor Kośmicki,korona kielce,OBR,Legia Warszawa,True,,,,,,,insufficient_data,Za mało danych (0/2 kolejek),,,3
2488,Ian Hoffman,lech poznań,OBR,Piast Gliwice,True,,,,,,,insufficient_data,Za mało danych (0/2 kolejek),,,3
2489,Levis Pitan,piast gliwice,OBR,Lech Poznań,False,,,,,,,insufficient_data,Za mało danych (0/2 kolejek),,,3
2490,Darko Čurlinov,pogoń szczecin,POM,Motor Lublin,True,,,,,,,insufficient_data,Za mało danych (0/2 kolejek),,,3
2491,Maciej Wojciechowski,pogoń szczecin,POM,Motor Lublin,True,,,,,,,insufficient_data,Za mało danych (0/2 kolejek),,,3
2492,Hubert Śliczniak,śląsk wrocław,BR,Cracovia,True,,,,,,,insufficient_data,Za mało danych (0/2 kolejek),,,3
2495,Maximillian Oyedele,legia warszawa,POM,Korona Kielce,False,,,,,,,insufficient_data,Za mało danych (0/2 kolejek),,,3
2496,Paulo Henrique,radomiak radom,OBR,Górnik Zabrze,True,,,,,,,insufficient_data,Za mało danych (0/2 kolejek),,,3
2499,Sinan Bakış,górnik zabrze,NAP,Radomiak Radom,False,,,,,,,insufficient_data,Za mało danych (0/2 kolejek),,,3
2500,Cezary Polak,jagiellonia białystok,OBR,Widzew Łódź,True,,,,,,,insufficient_data,Za mało danych (0/2 kolejek),,,3
2501,Peter Kováčik,jagiellonia białystok,OBR,Widzew Łódź,True,,,,,,,insufficient_data,Za mało danych (0/2 kolejek),,,3
2503,Yōsuke Furukawa,górnik zabrze,POM,Radomiak Radom,False,,,,,,,insufficient_data,Za mało danych (0/2 kolejek),,,3
2504,Miguel Nóbrega,piast gliwice,OBR,Lech Poznań,False,,,,,,,insufficient_data,Za mało danych (0/2 kolejek),,,3
2505,Dimítrios Keramítsis,pogoń szczecin,OBR,Motor Lublin,True,,,,,,,insufficient_data,Za mało danych (1/2 kolejek),,,3
2506,Stjepan Lončar,lech poznań,POM,Piast Gliwice,True,,,,,,,insufficient_data,Za mało danych (0/2 kolejek),,,3
2507,Jesus Diaz,raków częstochowa,POM,Zagłębie Lubin,True,,,,,,,insufficient_data,Za mało danych (0/2 kolejek),,,3
2509,Miłosz Lewandowski,motor lublin,OBR,Pogoń Szczecin,False,,,,,,,insufficient_data,Za mało danych (0/2 kolejek),,,3
2510,Eryk Kozłowski,jagiellonia białystok,POM,Widzew Łódź,True,,,,,,,insufficient_data,Za mało danych (0/2 kolejek),,,3
2511,Dominik Sarapata,wisła płock,POM,Wisła Kraków,False,,,,,,,insufficient_data,Za mało danych (0/2 kolejek),,,3
2512,Bradly van Hoeven,motor lublin,POM,Pogoń Szczecin,False,,,,,,,insufficient_data,Za mało danych (0/2 kolejek),,,3
2513,Kacper Nowakowski,raków częstochowa,POM,Zagłębie Lubin,True,,,,,,,insufficient_data,Za mało danych (0/2 kolejek),,,3
2515,Sylvester Jasper,śląsk wrocław,POM,Cracovia,True,,,,,,,insufficient_data,Za mało danych (0/2 kolejek),,,3
2516,Shaocong Wu,radomiak radom,OBR,Górnik Zabrze,True,,,,,,,insufficient_data,Za mało danych (0/2 kolejek),,,3
2518,Yegor Sharabura,śląsk wrocław,POM,Cracovia,True,,,,,,,insufficient_data,Za mało danych (0/2 kolejek),,,3
2519,Oskar Pietuszewski,jagiellonia białystok,POM,Widzew Łódź,True,,,,,,,insufficient_data,Za mało danych (0/2 kolejek),,,3
2520,Mateusz Pomietło,cracovia,POM,Śląsk Wrocław,False,,,,,,,insufficient_data,Za mało danych (0/2 kolejek),,,3
2521,Łukasz Łęgowski,pogoń szczecin,BR,Motor Lublin,True,,,,,,,insufficient_data,Za mało danych (0/2 kolejek),,,3
2522,Mateusz Jeleń,górnik zabrze,BR,Radomiak Radom,False,,,,,,,insufficient_data,Za mało danych (0/2 kolejek),,,3
2523,Maciej Wichtowski,lech poznań,OBR,Piast Gliwice,True,,,,,,,insufficient_data,Za mało danych (0/2 kolejek),,,3
2524,Daniel Gryzio,widzew łódź,NAP,Jagiellonia Białystok,False,,,,,,,insufficient_data,Za mało danych (0/2 kolejek),,,3
2525,Jakub Suchocki,jagiellonia białystok,BR,Widzew Łódź,True,,,,,,,insufficient_data,Za mało danych (0/2 kolejek),,,3
2526,Sondre Liseth,górnik zabrze,NAP,Radomiak Radom,False,,,,,,,insufficient_data,Za mało danych (1/2 kolejek),,,3
2527,Gisli Thordarson,lech poznań,POM,Piast Gliwice,True,,,,,,,insufficient_data,Za mało danych (0/2 kolejek),,,3
2529,Bright Ede,motor lublin,OBR,Pogoń Szczecin,False,,,,,,,insufficient_data,Za mało danych (0/2 kolejek),,,3
2530,Franciszek Lewandowski,motor lublin,POM,Pogoń Szczecin,False,,,,,,,insufficient_data,Za mało danych (0/2 kolejek),,,3
2531,Gašper Tratnik,motor lublin,BR,Pogoń Szczecin,False,,,,,,,insufficient_data,Za mało danych (0/2 kolejek),,,3
2532,Akim Zedadka,piast gliwice,OBR,Lech Poznań,False,,,,,,,insufficient_data,Za mało danych (0/2 kolejek),,,3
2533,Mateusz Bąk,pogoń szczecin,POM,Motor Lublin,True,,,,,,,insufficient_data,Za mało danych (0/2 kolejek),,,3
2534,Paulius Golubickas,radomiak radom,POM,Górnik Zabrze,True,,,,,,,insufficient_data,Za mało danych (0/2 kolejek),,,3
2535,Steve Kingué,radomiak radom,OBR,Górnik Zabrze,True,,,,,,,insufficient_data,Za mało danych (0/2 kolejek),,,3
2536,Pedro Perotti,radomiak radom,NAP,Górnik Zabrze,True,,,,,,,insufficient_data,Za mało danych (0/2 kolejek),,,3
2539,Ludvig Fritzson,zagłębie lubin,POM,Raków Częstochowa,False,,,,,,,insufficient_data,Za mało danych (0/2 kolejek),,,3
2540,Rafael Barbosa,radomiak radom,POM,Górnik Zabrze,True,,,,,,,insufficient_data,Za mało danych (0/2 kolejek),,,3
2541,Leon Flach,jagiellonia białystok,POM,Widzew Łódź,True,,,,,,,insufficient_data,Za mało danych (0/2 kolejek),,,3
2542,Polydéfkis Volanákis,widzew łódź,OBR,Jagiellonia Białystok,False,,,,,,,insufficient_data,Za mało danych (0/2 kolejek),,,3
2543,Rasmus Carstensen,lech poznań,OBR,Piast Gliwice,True,,,,,,,insufficient_data,Za mało danych (0/2 kolejek),,,3
2544,Jonathan Júnior,radomiak radom,NAP,Górnik Zabrze,True,,,,,,,insufficient_data,Za mało danych (0/2 kolejek),,,3
2545,Hervé Matthys,motor lublin,OBR,Pogoń Szczecin,False,,,,,,,insufficient_data,Za mało danych (0/2 kolejek),,,3
2546,Alexander Abrahamsson,zagłębie lubin,OBR,Raków Częstochowa,False,,,,,,,insufficient_data,Za mało danych (0/2 kolejek),,,3
2547,Assad Al-Hamlawi,śląsk wrocław,NAP,Cracovia,True,,,,,,,insufficient_data,Za mało danych (0/2 kolejek),,,3
2548,Abbati Abdullahi,górnik zabrze,POM,Radomiak Radom,False,,,,,,,insufficient_data,Za mało danych (0/2 kolejek),,,3
2549,Antonio Sefer,motor lublin,POM,Pogoń Szczecin,False,,,,,,,insufficient_data,Za mało danych (0/2 kolejek),,,3
2550,Kamil Koczy,zagłębie lubin,POM,Raków Częstochowa,False,,,,,,,insufficient_data,Za mało danych (0/2 kolejek),,,3
2551,Gierman Barkowskij,piast gliwice,NAP,Lech Poznań,False,,,,,,,insufficient_data,Za mało danych (0/2 kolejek),,,3
2552,Konstantínos Sotiríou,korona kielce,OBR,Legia Warszawa,True,,,,,,,insufficient_data,Za mało danych (1/2 kolejek),,,3
2553,Aleksander Wyganowski,legia warszawa,POM,Korona Kielce,False,,,,,,,insufficient_data,Za mało danych (0/2 kolejek),,,3
2554,Leon Madej,widzew łódź,POM,Jagiellonia Białystok,False,,,,,,,insufficient_data,Za mało danych (0/2 kolejek),,,3
2555,Nikodem Stachowicz,widzew łódź,POM,Jagiellonia Białystok,False,,,,,,,insufficient_data,Za mało danych (0/2 kolejek),,,3
2556,Enzo Ebosse,jagiellonia białystok,OBR,Widzew Łódź,True,,,,,,,insufficient_data,Za mało danych (0/2 kolejek),,,3
2558,Ibrahima Seck,raków częstochowa,POM,Zagłębie Lubin,True,,,,,,,insufficient_data,Za mało danych (0/2 kolejek),,,3
2559,Dawid Mazurek,górnik zabrze,OBR,Radomiak Radom,False,,,,,,,insufficient_data,Za mało danych (0/2 kolejek),,,3
2560,Konrad Ciszek,korona kielce,OBR,Legia Warszawa,True,,,,,,,insufficient_data,Za mało danych (1/2 kolejek),,,3
2561,Michał Mikielewicz,korona kielce,BR,Legia Warszawa,True,,,,,,,insufficient_data,Za mało danych (0/2 kolejek),,,3
2562,Bartosz Mazurek,jagiellonia białystok,POM,Widzew Łódź,True,,,,,,,insufficient_data,Za mało danych (0/2 kolejek),,,3
2563,Dimítrios Rétsos,jagiellonia białystok,OBR,Widzew Łódź,True,,,,,,,insufficient_data,Za mało danych (0/2 kolejek),,,3
2564,Kamil Sochań,zagłębie lubin,OBR,Raków Częstochowa,False,,,,,,,insufficient_data,Za mało danych (0/2 kolejek),,,3
2565,Sammy Dudek,lech poznań,POM,Piast Gliwice,True,,,,,,,insufficient_data,Za mało danych (0/2 kolejek),,,3
2566,José Pozo,pogoń szczecin,POM,Motor Lublin,True,,,,,,,insufficient_data,Za mało danych (0/2 kolejek),,,3
2567,Thierry Gale,piast gliwice,NAP,Lech Poznań,False,,,,,,,insufficient_data,Za mało danych (0/2 kolejek),,,3
2568,Ousmane Sow,górnik zabrze,NAP,Radomiak Radom,False,,,,,,,insufficient_data,Za mało danych (0/2 kolejek),,,3
2569,Matúš Kmeť,górnik zabrze,OBR,Radomiak Radom,False,,,,,,,insufficient_data,Za mało danych (0/2 kolejek),,,3
2570,Matija Marsenić,górnik zabrze,POM,Radomiak Radom,False,,,,,,,insufficient_data,Za mało danych (0/2 kolejek),,,3
2571,Gustaw Henriksson,cracovia,OBR,Śląsk Wrocław,False,,,,,,,insufficient_data,Za mało danych (1/2 kolejek),,,3
2573,Oliwier Olewiński,legia warszawa,POM,Korona Kielce,False,,,,,,,insufficient_data,Za mało danych (0/2 kolejek),,,3
2574,Pascal Mozie,legia warszawa,POM,Korona Kielce,False,,,,,,,insufficient_data,Za mało danych (0/2 kolejek),,,3
2575,Filip Prebsl,górnik zabrze,POM,Radomiak Radom,False,,,,,,,insufficient_data,Za mało danych (0/2 kolejek),,,3
2576,Mario González,lech poznań,NAP,Piast Gliwice,True,,,,,,,insufficient_data,Za mało danych (0/2 kolejek),,,3
2578,Szymon Rygiel,śląsk wrocław,OBR,Cracovia,True,,,,,,,insufficient_data,Za mało danych (0/2 kolejek),,,3
2579,Jakub Zawadzki,pogoń szczecin,OBR,Motor Lublin,True,,,,,,,insufficient_data,Za mało danych (0/2 kolejek),,,3
2580,Saad Agouzoul,radomiak radom,OBR,Górnik Zabrze,True,,,,,,,insufficient_data,Za mało danych (0/2 kolejek),,,3
2581,Peter Therkildsen,widzew łódź,OBR,Jagiellonia Białystok,False,,,,,,,insufficient_data,Za mało danych (0/2 kolejek),,,3
2582,Martin Minczew,cracovia,POM,Śląsk Wrocław,False,,,,,,,insufficient_data,Za mało danych (1/2 kolejek),,,3
2583,Renyer,pogoń szczecin,NAP,Motor Lublin,True,,,,,,,insufficient_data,Za mało danych (0/2 kolejek),,,3
2584,Henrik Udahl,śląsk wrocław,NAP,Cracovia,True,,,,,,,insufficient_data,Za mało danych (0/2 kolejek),,,3
2585,Luiz Gustavo Oliveira da Silva,pogoń szczecin,OBR,Motor Lublin,True,,,,,,,insufficient_data,Za mało danych (0/2 kolejek),,,3
2586,Benjamin Rojas,pogoń szczecin,OBR,Motor Lublin,True,,,,,,,insufficient_data,Za mało danych (0/2 kolejek),,,3
2587,Mateusz Kopczyński,piast gliwice,POM,Lech Poznań,False,,,,,,,insufficient_data,Za mało danych (0/2 kolejek),,,3
2588,Mauro Perković,cracovia,OBR,Śląsk Wrocław,False,,,,,,,insufficient_data,Za mało danych (1/2 kolejek),,,3
2589,Renat Dadaşov,motor lublin,NAP,Pogoń Szczecin,False,,,,,,,insufficient_data,Za mało danych (0/2 kolejek),,,3
2592,Szymon Kilianek,radomiak radom,OBR,Górnik Zabrze,True,,,,,,,insufficient_data,Za mało danych (0/2 kolejek),,,3
2593,Jean-Kévin Augustin,motor lublin,NAP,Pogoń Szczecin,False,,,,,,,insufficient_data,Za mało danych (0/2 kolejek),,,3
2594,Justin Daniel,piast gliwice,POM,Lech Poznań,False,,,,,,,insufficient_data,Za mało danych (0/2 kolejek),,,3
2595,Dawid Polak,cracovia,POM,Śląsk Wrocław,False,,,,,,,insufficient_data,Za mało danych (0/2 kolejek),,,3
2596,Jakub Kowalski,korona kielce,NAP,Legia Warszawa,True,,,,,,,insufficient_data,Za mało danych (0/2 kolejek),,,3
2597,Kamil Nowogoński,zagłębie lubin,POM,Raków Częstochowa,False,,,,,,,insufficient_data,Za mało danych (1/2 kolejek),,,3
2598,Adam Matysek,zagłębie lubin,BR,Raków Częstochowa,False,,,,,,,insufficient_data,Za mało danych (0/2 kolejek),,,3
2599,Jakub Zieliński,legia warszawa,BR,Korona Kielce,False,,,,,,,insufficient_data,Za mało danych (0/2 kolejek),,,3
2600,Radosław Szafrański,górnik zabrze,OBR,Radomiak Radom,False,,,,,,,insufficient_data,Za mało danych (0/2 kolejek),,,3
2601,Filip Stojilković,cracovia,NAP,Śląsk Wrocław,False,,,,,,,insufficient_data,Za mało danych (0/2 kolejek),,,3
2616,Kamil Jakubczyk,korona kielce,POM,Legia Warszawa,True,,,,,,,insufficient_data,Za mało danych (1/2 kolejek),,,3
2629,Morgan Faßbender,korona kielce,POM,Legia Warszawa,True,,,,,,,insufficient_data,Za mało danych (1/2 kolejek),,,3
2636,Oskar Klon,wisła płock,BR,Wisła Kraków,False,,,,,,,insufficient_data,Za mało danych (0/2 kolejek),,,3
2638,Aleksandre Kalandadze,wisła płock,OBR,Wisła Kraków,False,,,,,,,insufficient_data,Za mało danych (0/2 kolejek),,,3
2639,Andrias Edmundsson,wisła płock,OBR,Wisła Kraków,False,,,,,,,insufficient_data,Za mało danych (0/2 kolejek),,,3
2641,Przemyslaw Misiak,wisła płock,OBR,Wisła Kraków,False,,,,,,,insufficient_data,Za mało danych (0/2 kolejek),,,3
2642,Marcin Więckowski,wisła płock,OBR,Wisła Kraków,False,,,,,,,insufficient_data,Za mało danych (0/2 kolejek),,,3
2643,Filip Zając,wisła płock,OBR,Wisła Kraków,False,,,,,,,insufficient_data,Za mało danych (0/2 kolejek),,,3
2644,Filip Łodziński,wisła płock,POM,Wisła Kraków,False,,,,,,,insufficient_data,Za mało danych (0/2 kolejek),,,3
2645,Kevin Custovic,wisła płock,POM,Wisła Kraków,False,,,,,,,insufficient_data,Za mało danych (0/2 kolejek),,,3
2646,Oskar Tomczyk,wisła płock,POM,Wisła Kraków,False,,,,,,,insufficient_data,Za mało danych (0/2 kolejek),,,3
2647,Jakub Serwach,wisła płock,POM,Wisła Kraków,False,,,,,,,insufficient_data,Za mało danych (0/2 kolejek),,,3
2648,Jakub Lejman,wisła płock,POM,Wisła Kraków,False,,,,,,,insufficient_data,Za mało danych (0/2 kolejek),,,3
2650,Iban Salvador,wisła płock,POM,Wisła Kraków,False,,,,,,,insufficient_data,Za mało danych (0/2 kolejek),,,3
2651,Maciej Famulak,wisła płock,POM,Wisła Kraków,False,,,,,,,insufficient_data,Za mało danych (0/2 kolejek),,,3
2653,Adrian Bielka,wisła płock,POM,Wisła Kraków,False,,,,,,,insufficient_data,Za mało danych (0/2 kolejek),,,3
2654,Amin Al-Hamawi,wisła płock,NAP,Wisła Kraków,False,,,,,,,insufficient_data,Za mało danych (0/2 kolejek),,,3
2655,Bastien Donio,górnik zabrze,POM,Radomiak Radom,False,,,,,,,insufficient_data,Za mało danych (1/2 kolejek),,,3
2656,Natan Dzięgielewski,górnik zabrze,POM,Radomiak Radom,False,,,,,,,insufficient_data,Za mało danych (0/2 kolejek),,,3
2657,Gabriel Barbosa,górnik zabrze,NAP,Radomiak Radom,False,,,,,,,insufficient_data,Za mało danych (0/2 kolejek),,,3
2658,Young-jun Goh,górnik zabrze,POM,Radomiak Radom,False,,,,,,,insufficient_data,Za mało danych (0/2 kolejek),,,3
2660,Thodorís Tsirigótis,górnik zabrze,NAP,Radomiak Radom,False,,,,,,,insufficient_data,Za mało danych (0/2 kolejek),,,3
2663,Louka Prip,jagiellonia białystok,POM,Widzew Łódź,True,,,,,,,insufficient_data,Za mało danych (0/2 kolejek),,,3
2665,Jakub Budnicki,korona kielce,OBR,Legia Warszawa,True,,,,,,,insufficient_data,Za mało danych (0/2 kolejek),,,3
2666,Władimir Nikołow,korona kielce,NAP,Legia Warszawa,True,,,,,,,insufficient_data,Za mało danych (0/2 kolejek),,,3
2667,Wiktor Popow,korona kielce,OBR,Legia Warszawa,True,,,,,,,insufficient_data,Za mało danych (0/2 kolejek),,,3
2668,Tamar Svetlin,korona kielce,POM,Legia Warszawa,True,,,,,,,insufficient_data,Za mało danych (1/2 kolejek),,,3
2670,Petar Stojanović,legia warszawa,OBR,Korona Kielce,False,,,,,,,insufficient_data,Za mało danych (0/2 kolejek),,,3
2673,Kacper Karasek,radomiak radom,POM,Górnik Zabrze,True,,,,,,,insufficient_data,Za mało danych (1/2 kolejek),,,3
2674,Mikolaj Kosior,motor lublin,NAP,Pogoń Szczecin,False,,,,,,,insufficient_data,Za mało danych (0/2 kolejek),,,3
2677,Musa Juwara,pogoń szczecin,POM,Motor Lublin,True,,,,,,,insufficient_data,Za mało danych (1/2 kolejek),,,3
2678,Marian Huja,pogoń szczecin,OBR,Motor Lublin,True,,,,,,,insufficient_data,Za mało danych (0/2 kolejek),,,3
2679,Paul Mukairu,pogoń szczecin,POM,Motor Lublin,True,,,,,,,insufficient_data,Za mało danych (1/2 kolejek),,,3
2680,Mor N'Diaye,pogoń szczecin,POM,Motor Lublin,True,,,,,,,insufficient_data,Za mało danych (0/2 kolejek),,,3
2681,Jérémy Blasco,radomiak radom,OBR,Górnik Zabrze,True,,,,,,,insufficient_data,Za mało danych (1/2 kolejek),,,3
2682,Laurindo Maria Aurélio,radomiak radom,NAP,Górnik Zabrze,True,,,,,,,insufficient_data,Za mało danych (0/2 kolejek),,,3
2683,Alex Niziołek,radomiak radom,NAP,Górnik Zabrze,True,,,,,,,insufficient_data,Za mało danych (0/2 kolejek),,,3
2684,Vasco Lopes,radomiak radom,POM,Górnik Zabrze,True,,,,,,,insufficient_data,Za mało danych (0/2 kolejek),,,3
2685,Apóstolos Konstantópoulos,jagiellonia białystok,OBR,Widzew Łódź,True,,,,,,,insufficient_data,Za mało danych (1/2 kolejek),,,3
2686,Samuel Akere,widzew łódź,POM,Jagiellonia Białystok,False,,,,,,,insufficient_data,Za mało danych (0/2 kolejek),,,3
2688,Dion Gallapeni,wisła płock,OBR,Wisła Kraków,False,,,,,,,insufficient_data,Za mało danych (1/2 kolejek),,,3
2689,Lindon Selahi,widzew łódź,POM,Jagiellonia Białystok,False,,,,,,,insufficient_data,Za mało danych (1/2 kolejek),,,3
2690,Ricardo Visus,widzew łódź,OBR,Jagiellonia Białystok,False,,,,,,,insufficient_data,Za mało danych (1/2 kolejek),,,3
2691,Luka Lučić,zagłębie lubin,OBR,Raków Częstochowa,False,,,,,,,insufficient_data,Za mało danych (0/2 kolejek),,,3
2692,Wojciech Szafranek,zagłębie lubin,NAP,Raków Częstochowa,False,,,,,,,insufficient_data,Za mało danych (0/2 kolejek),,,3
2694,Alejandro Cantero,jagiellonia białystok,POM,Widzew Łódź,True,,,,,,,insufficient_data,Za mało danych (0/2 kolejek),,,3
2695,Joao Pedro,radomiak radom,OBR,Górnik Zabrze,True,,,,,,,insufficient_data,Za mało danych (0/2 kolejek),,,3
2696,Mateusz Głowiński,korona kielce,NAP,Legia Warszawa,True,,,,,,,insufficient_data,Za mało danych (0/2 kolejek),,,3
2697,Kacper Szymanek,motor lublin,POM,Pogoń Szczecin,False,,,,,,,insufficient_data,Za mało danych (0/2 kolejek),,,3
2699,Ivo Rodrigues,motor lublin,POM,Pogoń Szczecin,False,,,,,,,insufficient_data,Za mało danych (1/2 kolejek),,,3
2701,Kacper Plichta,motor lublin,NAP,Pogoń Szczecin,False,,,,,,,insufficient_data,Za mało danych (0/2 kolejek),,,3
2702,Stjepan Davidović,korona kielce,POM,Legia Warszawa,True,,,,,,,insufficient_data,Za mało danych (0/2 kolejek),,,3
2704,Kamil Andrzejkiewicz,widzew łódź,NAP,Jagiellonia Białystok,False,,,,,,,insufficient_data,Za mało danych (0/2 kolejek),,,3
2705,Stanisław Pruszkowski,wisła płock,BR,Wisła Kraków,False,,,,,,,insufficient_data,Za mało danych (0/2 kolejek),,,3
2706,Patryk Kukulski,motor lublin,BR,Pogoń Szczecin,False,,,,,,,insufficient_data,Za mało danych (0/2 kolejek),,,3
2707,Alejandro Pozo,jagiellonia białystok,POM,Widzew Łódź,True,,,,,,,insufficient_data,Za mało danych (0/2 kolejek),,,3
2712,Giánnis Niárchos,wisła płock,NAP,Wisła Kraków,False,,,,,,,insufficient_data,Za mało danych (0/2 kolejek),,,3
2715,Toki Hirosawa,jagiellonia białystok,POM,Widzew Łódź,True,,,,,,,insufficient_data,Za mało danych (0/2 kolejek),,,3
2716,Timothy Ouma,lech poznań,POM,Piast Gliwice,True,,,,,,,insufficient_data,Za mało danych (0/2 kolejek),,,3
2718,Antonio Heredia Antonin,korona kielce,NAP,Legia Warszawa,True,,,,,,,insufficient_data,Za mało danych (0/2 kolejek),,,3
2720,Kuba Nawrocki,widzew łódź,POM,Jagiellonia Białystok,False,,,,,,,insufficient_data,Za mało danych (0/2 kolejek),,,3
2721,Bartosz Borowski,wisła płock,NAP,Wisła Kraków,False,,,,,,,insufficient_data,Za mało danych (0/2 kolejek),,,3
2722,Kacper Minuczyc,korona kielce,POM,Legia Warszawa,True,,,,,,,insufficient_data,Za mało danych (0/2 kolejek),,,3
2723,Antoni Burkiewicz,raków częstochowa,POM,Zagłębie Lubin,True,,,,,,,insufficient_data,Za mało danych (0/2 kolejek),,,3
2724,Roberto Massimo,górnik zabrze,POM,Radomiak Radom,False,,,,,,,insufficient_data,Za mało danych (1/2 kolejek),,,3
2725,Kamil Lubowiecki,piast gliwice,POM,Lech Poznań,False,,,,,,,insufficient_data,Za mało danych (0/2 kolejek),,,3
2727,Natan Ława,pogoń szczecin,POM,Motor Lublin,True,,,,,,,insufficient_data,Za mało danych (1/2 kolejek),,,3
2729,Dijon Kameri,cracovia,POM,Śląsk Wrocław,False,,,,,,,insufficient_data,Za mało danych (0/2 kolejek),,,3
2731,Aziel Jackson,jagiellonia białystok,POM,Widzew Łódź,True,,,,,,,insufficient_data,Za mało danych (0/2 kolejek),,,3
2732,Tonio Teklić,widzew łódź,POM,Jagiellonia Białystok,False,,,,,,,insufficient_data,Za mało danych (0/2 kolejek),,,3
2734,Piotr Pietryga,górnik zabrze,BR,Radomiak Radom,False,,,,,,,insufficient_data,Za mało danych (0/2 kolejek),,,3
2735,Miłosz Swatowski,gks katowice,POM,Wieczysta Kraków,True,,,,,,,insufficient_data,Za mało danych (0/2 kolejek),,,3
2736,Cyprian Popielec,zagłębie lubin,POM,Raków Częstochowa,False,,,,,,,insufficient_data,Za mało danych (0/2 kolejek),,,3
2738,Kuba Bochniarz,pogoń szczecin,BR,Motor Lublin,True,,,,,,,insufficient_data,Za mało danych (0/2 kolejek),,,3
2739,Konrad Cymerys,cracovia,BR,Śląsk Wrocław,False,,,,,,,insufficient_data,Za mało danych (0/2 kolejek),,,3
2740,Quentin Lecoeuche,wisła płock,OBR,Wisła Kraków,False,,,,,,,insufficient_data,Za mało danych (0/2 kolejek),,,3
2741,Alex Peškovič,pogoń szczecin,BR,Motor Lublin,True,,,,,,,insufficient_data,Za mało danych (0/2 kolejek),,,3
2742,Kahveh Zahiroleslam,cracovia,NAP,Śląsk Wrocław,False,,,,,,,insufficient_data,Za mało danych (1/2 kolejek),,,3
2743,Elves Balde,radomiak radom,NAP,Górnik Zabrze,True,,,,,,,insufficient_data,Za mało danych (0/2 kolejek),,,3
2744,Stélios Andréou,widzew łódź,OBR,Jagiellonia Białystok,False,,,,,,,insufficient_data,Za mało danych (0/2 kolejek),,,3
2745,Mateusz Klich,cracovia,POM,Śląsk Wrocław,False,,,,,,,insufficient_data,Za mało danych (1/2 kolejek),,,3
2746,Matchoi Djaló,wisła płock,POM,Wisła Kraków,False,,,,,,,insufficient_data,Za mało danych (0/2 kolejek),,,3
2748,Jesse Bosch,gks katowice,POM,Wieczysta Kraków,True,,,,,,,insufficient_data,Za mało danych (0/2 kolejek),,,3
2750,Rafał Jakubowski,pogoń szczecin,OBR,Motor Lublin,True,,,,,,,insufficient_data,Za mało danych (0/2 kolejek),,,3
2751,Kacper Stanowski,pogoń szczecin,NAP,Motor Lublin,True,,,,,,,insufficient_data,Za mało danych (0/2 kolejek),,,3
2752,Slobodan Rubežić,korona kielce,OBR,Legia Warszawa,True,,,,,,,insufficient_data,Za mało danych (0/2 kolejek),,,3
2753,Boško Šutalo,cracovia,OBR,Śląsk Wrocław,False,,,,,,,insufficient_data,Za mało danych (0/2 kolejek),,,3
2754,Oskar Klat,wisła płock,BR,Wisła Kraków,False,,,,,,,insufficient_data,Za mało danych (0/2 kolejek),,,3
2755,Romário Baró,radomiak radom,POM,Górnik Zabrze,True,,,,,,,insufficient_data,Za mało danych (0/2 kolejek),,,3
2757,Ermal Krasniqi,legia warszawa,POM,Korona Kielce,False,,,,,,,insufficient_data,Za mało danych (0/2 kolejek),,,3
2758,Sam Greenwood,pogoń szczecin,POM,Motor Lublin,True,,,,,,,insufficient_data,Za mało danych (0/2 kolejek),,,3
2760,Tomás Tavares,wisła płock,OBR,Wisła Kraków,False,,,,,,,insufficient_data,Za mało danych (0/2 kolejek),,,3
2762,Youssuf Sylla,jagiellonia białystok,NAP,Widzew Łódź,True,,,,,,,insufficient_data,Za mało danych (1/2 kolejek),,,3
2763,Brahim Traoré,cracovia,OBR,Śląsk Wrocław,False,,,,,,,insufficient_data,Za mało danych (1/2 kolejek),,,3
2765,Kamil Jakóbczyk,lech poznań,NAP,Piast Gliwice,True,,,,,,,insufficient_data,Za mało danych (0/2 kolejek),,,3
2766,Noah Weißhaupt,legia warszawa,POM,Korona Kielce,False,,,,,,,insufficient_data,Za mało danych (0/2 kolejek),,,3
2769,Bogdan Mirčetić,raków częstochowa,POM,Zagłębie Lubin,True,,,,,,,insufficient_data,Za mało danych (0/2 kolejek),,,3
2770,Veljko Ilić,widzew łódź,BR,Jagiellonia Białystok,False,,,,,,,insufficient_data,Za mało danych (0/2 kolejek),,,3
2773,Pape Meïssa Ba,widzew łódź,NAP,Jagiellonia Białystok,False,,,,,,,insufficient_data,Za mało danych (0/2 kolejek),,,3
2774,Milan Aleksić,cracovia,POM,Śląsk Wrocław,False,,,,,,,insufficient_data,Za mało danych (0/2 kolejek),,,3
2776,Joshua Wilson-Esbrand,radomiak radom,OBR,Górnik Zabrze,True,,,,,,,insufficient_data,Za mało danych (0/2 kolejek),,,3
2777,Andy Pelmard,jagiellonia białystok,OBR,Widzew Łódź,True,,,,,,,insufficient_data,Za mało danych (0/2 kolejek),,,3
2778,Mateusz Skoczylas,cracovia,POM,Śląsk Wrocław,False,,,,,,,insufficient_data,Za mało danych (0/2 kolejek),,,3
2779,Deni Jurić,wisła płock,NAP,Wisła Kraków,False,,,,,,,insufficient_data,Za mało danych (0/2 kolejek),,,3
2782,Gabriel Charpentier,cracovia,NAP,Śląsk Wrocław,False,,,,,,,insufficient_data,Za mało danych (0/2 kolejek),,,3
2783,Andi Zeqiri,widzew łódź,NAP,Jagiellonia Białystok,False,,,,,,,insufficient_data,Za mało danych (0/2 kolejek),,,3
2784,Benjamin Mendy,pogoń szczecin,OBR,Motor Lublin,True,,,,,,,insufficient_data,Za mało danych (0/2 kolejek),,,3
2785,Hussein Ali,pogoń szczecin,OBR,Motor Lublin,True,,,,,,,insufficient_data,Za mało danych (0/2 kolejek),,,3
2786,Antoni Bałabuch,górnik zabrze,BR,Radomiak Radom,False,,,,,,,insufficient_data,Za mało danych (0/2 kolejek),,,3
2787,Adrian Damasiewicz,jagiellonia białystok,BR,Widzew Łódź,True,,,,,,,insufficient_data,Za mało danych (0/2 kolejek),,,3
2788,Mateusz Leśniewski,wisła płock,POM,Wisła Kraków,False,,,,,,,insufficient_data,Za mało danych (0/2 kolejek),,,3
2789,Jakub Kokosiński,gks katowice,NAP,Wieczysta Kraków,True,,,,,,,insufficient_data,Za mało danych (0/2 kolejek),,,3
2791,Hubert Janyszka,lech poznań,OBR,Piast Gliwice,True,,,,,,,insufficient_data,Za mało danych (0/2 kolejek),,,3
2792,Maciej Kuczyński,jagiellonia białystok,NAP,Widzew Łódź,True,,,,,,,insufficient_data,Za mało danych (0/2 kolejek),,,3
2793,Brandon Dominguès,górnik zabrze,POM,Radomiak Radom,False,,,,,,,insufficient_data,Za mało danych (0/2 kolejek),,,3
2794,Lukáš Sadílek,górnik zabrze,POM,Radomiak Radom,False,,,,,,,insufficient_data,Za mało danych (1/2 kolejek),,,3
2795,Bartłomiej Krasiewicz,jagiellonia białystok,OBR,Widzew Łódź,True,,,,,,,insufficient_data,Za mało danych (0/2 kolejek),,,3
2796,Płamen Andrejew,lech poznań,BR,Piast Gliwice,True,,,,,,,insufficient_data,Za mało danych (0/2 kolejek),,,3
2798,Samuel Kováčik,legia warszawa,POM,Korona Kielce,False,,,,,,,insufficient_data,Za mało danych (0/2 kolejek),,,3
2799,Osman Bukari,widzew łódź,POM,Jagiellonia Białystok,False,,,,,,,insufficient_data,Za mało danych (0/2 kolejek),,,3
2803,Matwiej Bochno,wisła płock,OBR,Wisła Kraków,False,,,,,,,insufficient_data,Za mało danych (0/2 kolejek),,,3
2804,Borisław Rupanow,górnik zabrze,NAP,Radomiak Radom,False,,,,,,,insufficient_data,Za mało danych (0/2 kolejek),,,3
2807,Kellyn Acosta,pogoń szczecin,POM,Motor Lublin,True,,,,,,,insufficient_data,Za mało danych (1/2 kolejek),,,3
2808,Mitja Ilenič,raków częstochowa,OBR,Zagłębie Lubin,True,,,,,,,insufficient_data,Za mało danych (0/2 kolejek),,,3
2809,Simon Gustafson,korona kielce,POM,Legia Warszawa,True,,,,,,,insufficient_data,Za mało danych (1/2 kolejek),,,3
2811,Abraham Ojo,raków częstochowa,POM,Zagłębie Lubin,True,,,,,,,insufficient_data,Za mało danych (0/2 kolejek),,,3
2812,Mathias Dahl Sauer,górnik zabrze,POM,Radomiak Radom,False,,,,,,,insufficient_data,Za mało danych (0/2 kolejek),,,3
2814,Isak Brusberg,raków częstochowa,NAP,Zagłębie Lubin,True,,,,,,,insufficient_data,Za mało danych (1/2 kolejek),,,3
2816,Paweł Dawidowicz,raków częstochowa,OBR,Zagłębie Lubin,True,,,,,,,insufficient_data,Za mało danych (0/2 kolejek),,,3
2818,Mateusz Tabisz,cracovia,POM,Śląsk Wrocław,False,,,,,,,insufficient_data,Za mało danych (0/2 kolejek),,,3
2819,Samed Baždar,jagiellonia białystok,NAP,Widzew Łódź,True,,,,,,,insufficient_data,Za mało danych (0/2 kolejek),,,3
2820,Beno Selan,cracovia,POM,Śląsk Wrocław,False,,,,,,,insufficient_data,Za mało danych (1/2 kolejek),,,3
2821,Attila Szalai,pogoń szczecin,OBR,Motor Lublin,True,,,,,,,insufficient_data,Za mało danych (1/2 kolejek),,,3
2822,Elton Fikaj,piast gliwice,OBR,Lech Poznań,False,,,,,,,insufficient_data,Za mało danych (0/2 kolejek),,,3
2823,Jan Leszczyński,legia warszawa,OBR,Korona Kielce,False,,,,,,,insufficient_data,Za mało danych (0/2 kolejek),,,3
2824,Adam Żabicki,radomiak radom,POM,Górnik Zabrze,True,,,,,,,insufficient_data,Za mało danych (0/2 kolejek),,,3
2825,Pau Sans,cracovia,POM,Śląsk Wrocław,False,,,,,,,insufficient_data,Za mało danych (0/2 kolejek),,,3
2827,Jakub Ligocki,zagłębie lubin,POM,Raków Częstochowa,False,,,,,,,insufficient_data,Za mało danych (0/2 kolejek),,,3
2828,Seweryn Marek,zagłębie lubin,POM,Raków Częstochowa,False,,,,,,,insufficient_data,Za mało danych (0/2 kolejek),,,3
2829,Maciej Urbański,zagłębie lubin,OBR,Raków Częstochowa,False,,,,,,,insufficient_data,Za mało danych (0/2 kolejek),,,3
2830,Zachary Zalewski,jagiellonia białystok,POM,Widzew Łódź,True,,,,,,,insufficient_data,Za mało danych (0/2 kolejek),,,3
2831,Oliwier Maziarz,piast gliwice,POM,Lech Poznań,False,,,,,,,insufficient_data,Za mało danych (0/2 kolejek),,,3
2832,Jakub Grelich,piast gliwice,BR,Lech Poznań,False,,,,,,,insufficient_data,Za mało danych (0/2 kolejek),,,3
2833,Mihael Mlinarić,zagłębie lubin,NAP,Raków Częstochowa,False,,,,,,,insufficient_data,Za mało danych (0/2 kolejek),,,3
2834,Jerzy Napieraj,raków częstochowa,OBR,Zagłębie Lubin,True,,,,,,,insufficient_data,Za mało danych (1/2 kolejek),,,3
2835,Jacek Czapliński,pogoń szczecin,POM,Motor Lublin,True,,,,,,,insufficient_data,Za mało danych (0/2 kolejek),,,3
2836,Marin Karamarko,wisła płock,OBR,Wisła Kraków,False,,,,,,,insufficient_data,Za mało danych (0/2 kolejek),,,3
2837,Sebastian Rojek,pogoń szczecin,POM,Motor Lublin,True,,,,,,,insufficient_data,Za mało danych (0/2 kolejek),,,3
2838,Dominik Czeremski,raków częstochowa,BR,Zagłębie Lubin,True,,,,,,,insufficient_data,Za mało danych (0/2 kolejek),,,3
2839,Ivan Lima,piast gliwice,POM,Lech Poznań,False,,,,,,,insufficient_data,Za mało danych (1/2 kolejek),,,3
2840,Salifou Soumah,radomiak radom,POM,Górnik Zabrze,True,,,,,,,insufficient_data,Za mało danych (0/2 kolejek),,,3
2841,Yvan Ikia Dimi,górnik zabrze,POM,Radomiak Radom,False,,,,,,,insufficient_data,Za mało danych (1/2 kolejek),,,3
2842,Jean Batoum,cracovia,NAP,Śląsk Wrocław,False,,,,,,,insufficient_data,Za mało danych (0/2 kolejek),,,3
2843,Wiktor Żołneczko,raków częstochowa,BR,Zagłębie Lubin,True,,,,,,,insufficient_data,Za mało danych (1/2 kolejek),,,3
2844,Wojciech Szymczak,lech poznań,NAP,Piast Gliwice,True,,,,,,,insufficient_data,Za mało danych (0/2 kolejek),,,3
2846,Filip Čuić,pogoń szczecin,NAP,Motor Lublin,True,,,,,,,insufficient_data,Za mało danych (1/2 kolejek),,,3
2847,Mads Agger,pogoń szczecin,POM,Motor Lublin,True,,,,,,,insufficient_data,Za mało danych (1/2 kolejek),,,3
2848,Ondřej Zmrzlý,górnik zabrze,OBR,Radomiak Radom,False,,,,,,,insufficient_data,Za mało danych (1/2 kolejek),,,3
2849,Kyriákos Savvídis,wisła płock,POM,Wisła Kraków,False,,,,,,,insufficient_data,Za mało danych (0/2 kolejek),,,3
2850,Oskar Markiewicz,radomiak radom,OBR,Górnik Zabrze,True,,,,,,,insufficient_data,Za mało danych (0/2 kolejek),,,3
2851,Marius Olsen,gks katowice,OBR,Wieczysta Kraków,True,,,,,,,insufficient_data,Za mało danych (0/2 kolejek),,,3
2852,Krystian Brzozowski,motor lublin,OBR,Pogoń Szczecin,False,,,,,,,insufficient_data,Za mało danych (0/2 kolejek),,,3
2854,Adam Hańćko,korona kielce,POM,Legia Warszawa,True,,,,,,,insufficient_data,Za mało danych (0/2 kolejek),,,3
2855,Wojciech Pańkowski,gks katowice,BR,Wieczysta Kraków,True,,,,,,,insufficient_data,Za mało danych (0/2 kolejek),,,3
2859,Nikodem Rogowski,wisła płock,OBR,Wisła Kraków,False,,,,,,,insufficient_data,Za mało danych (0/2 kolejek),,,3
2863,Jakub Stępak,wisła kraków,BR,Wisła Płock,True,,,,,,,insufficient_data,Za mało danych (0/2 kolejek),,,3
2864,Patryk Letkiewicz,wisła kraków,BR,Wisła Płock,True,,,,,,,insufficient_data,Za mało danych (0/2 kolejek),,,3
2866,Darijo Grujcic,wisła kraków,OBR,Wisła Płock,True,,,,,,,insufficient_data,Za mało danych (0/2 kolejek),,,3
2867,Mariusz Kutwa,wisła kraków,OBR,Wisła Płock,True,,,,,,,insufficient_data,Za mało danych (0/2 kolejek),,,3
2868,Kacper Skrobański,wisła kraków,OBR,Wisła Płock,True,,,,,,,insufficient_data,Za mało danych (0/2 kolejek),,,3
2870,Rafał Mikulec,wisła kraków,OBR,Wisła Płock,True,,,,,,,insufficient_data,Za mało danych (0/2 kolejek),,,3
2873,Ervin Omic,wisła kraków,POM,Wisła Płock,True,,,,,,,insufficient_data,Za mało danych (0/2 kolejek),,,3
2876,Wiktor Staszak,wisła kraków,POM,Wisła Płock,True,,,,,,,insufficient_data,Za mało danych (0/2 kolejek),,,3
2882,Szymon Kawała,wisła kraków,NAP,Wisła Płock,True,,,,,,,insufficient_data,Za mało danych (0/2 kolejek),,,3
2885,Marko Dijakovic,śląsk wrocław,OBR,Cracovia,True,,,,,,,insufficient_data,Za mało danych (0/2 kolejek),,,3
2886,Eniss Shabani,śląsk wrocław,POM,Cracovia,True,,,,,,,insufficient_data,Za mało danych (1/2 kolejek),,,3
2888,Dorian Markowski,śląsk wrocław,POM,Cracovia,True,,,,,,,insufficient_data,Za mało danych (0/2 kolejek),,,3
2889,Przemyslaw Mazan,śląsk wrocław,POM,Cracovia,True,,,,,,,insufficient_data,Za mało danych (0/2 kolejek),,,3
2893,Adam Ciućka,śląsk wrocław,POM,Cracovia,True,,,,,,,insufficient_data,Za mało danych (0/2 kolejek),,,3
2895,Philipp Schulze,górnik zabrze,BR,Radomiak Radom,False,,,,,,,insufficient_data,Za mało danych (1/2 kolejek),,,3
2896,Antoni Kustra,wieczysta kraków,BR,GKS Katowice,False,,,,,,,insufficient_data,Za mało danych (0/2 kolejek),,,3
2899,Kacper Zagrodzki,wieczysta kraków,OBR,GKS Katowice,False,,,,,,,insufficient_data,Za mało danych (0/2 kolejek),,,3
2900,Nikola Knezevic,wieczysta kraków,POM,GKS Katowice,False,,,,,,,insufficient_data,Za mało danych (1/2 kolejek),,,3
2903,Petar Pusic,wieczysta kraków,POM,GKS Katowice,False,,,,,,,insufficient_data,Za mało danych (1/2 kolejek),,,3
2904,Christopher Lungoyi,wieczysta kraków,POM,GKS Katowice,False,,,,,,,insufficient_data,Za mało danych (1/2 kolejek),,,3
2905,Jacky Donkor,wieczysta kraków,POM,GKS Katowice,False,,,,,,,insufficient_data,Za mało danych (0/2 kolejek),,,3
2908,Szymon Bartlewicz,gks katowice,POM,Wieczysta Kraków,True,,,,,,,insufficient_data,Za mało danych (1/2 kolejek),,,3
2909,Dominik Baumgartner,cracovia,OBR,Śląsk Wrocław,False,,,,,,,insufficient_data,Za mało danych (0/2 kolejek),,,3
2910,Bruno Durdov,górnik zabrze,POM,Radomiak Radom,False,,,,,,,insufficient_data,Za mało danych (0/2 kolejek),,,3
2911,Gédéon Nongo,górnik zabrze,POM,Radomiak Radom,False,,,,,,,insufficient_data,Za mało danych (0/2 kolejek),,,3
2912,Erik Prekop,górnik zabrze,NAP,Radomiak Radom,False,,,,,,,insufficient_data,Za mało danych (1/2 kolejek),,,3
2913,Ksawery Semik,górnik zabrze,POM,Radomiak Radom,False,,,,,,,insufficient_data,Za mało danych (0/2 kolejek),,,3
2914,Michał Synoś,górnik zabrze,OBR,Radomiak Radom,False,,,,,,,insufficient_data,Za mało danych (0/2 kolejek),,,3
2915,Patryk Warczak,górnik zabrze,OBR,Radomiak Radom,False,,,,,,,insufficient_data,Za mało danych (1/2 kolejek),,,3
2916,Marcel Kalemba,górnik zabrze,POM,Radomiak Radom,False,,,,,,,insufficient_data,Za mało danych (0/2 kolejek),,,3
2918,Terry Yegbe,lech poznań,OBR,Piast Gliwice,True,,,,,,,insufficient_data,Za mało danych (1/2 kolejek),,,3
2922,Artem Akatov,motor lublin,OBR,Pogoń Szczecin,False,,,,,,,insufficient_data,Za mało danych (0/2 kolejek),,,3
2923,Marcel Złomańczuk,motor lublin,POM,Pogoń Szczecin,False,,,,,,,insufficient_data,Za mało danych (0/2 kolejek),,,3
2925,Maciek Kucharski,piast gliwice,NAP,Lech Poznań,False,,,,,,,insufficient_data,Za mało danych (0/2 kolejek),,,3
2927,Níkos Bótis,pogoń szczecin,BR,Motor Lublin,True,,,,,,,insufficient_data,Za mało danych (0/2 kolejek),,,3
2928,Fernand Gouré,radomiak radom,NAP,Górnik Zabrze,True,,,,,,,insufficient_data,Za mało danych (1/2 kolejek),,,3
2929,Manu,radomiak radom,NAP,Górnik Zabrze,True,,,,,,,insufficient_data,Za mało danych (0/2 kolejek),,,3
2930,Dieudonné Debohi,raków częstochowa,OBR,Zagłębie Lubin,True,,,,,,,insufficient_data,Za mało danych (1/2 kolejek),,,3
2931,Jakub Jendryka,raków częstochowa,OBR,Zagłębie Lubin,True,,,,,,,insufficient_data,Za mało danych (0/2 kolejek),,,3
2932,Tarik Karić,raków częstochowa,BR,Zagłębie Lubin,True,,,,,,,insufficient_data,Za mało danych (0/2 kolejek),,,3
2933,Oliwier Kwiatkowski,raków częstochowa,POM,Zagłębie Lubin,True,,,,,,,insufficient_data,Za mało danych (0/2 kolejek),,,3
2937,Paweł Kosmalski,zagłębie lubin,POM,Raków Częstochowa,False,,,,,,,insufficient_data,Za mało danych (0/2 kolejek),,,3
2938,Szymon Łyczko,zagłębie lubin,POM,Raków Częstochowa,False,,,,,,,insufficient_data,Za mało danych (1/2 kolejek),,,3
2940,Mario García,widzew łódź,OBR,Jagiellonia Białystok,False,,,,,,,insufficient_data,Za mało danych (1/2 kolejek),,,3
2942,Michal Ševčík,legia warszawa,POM,Korona Kielce,False,,,,,,,insufficient_data,Za mało danych (0/2 kolejek),,,3
2943,Peter González,górnik zabrze,POM,Radomiak Radom,False,,,,,,,insufficient_data,Za mało danych (0/2 kolejek),,,3
2944,Dominik Gregorski,motor lublin,NAP,Pogoń Szczecin,False,,,,,,,insufficient_data,Za mało danych (0/2 kolejek),,,3
2946,Oliwier Pławiński,wisła kraków,POM,Wisła Płock,True,,,,,,,insufficient_data,Za mało danych (0/2 kolejek),,,3
2947,Karol Tokarczyk,wisła kraków,POM,Wisła Płock,True,,,,,,,insufficient_data,Za mało danych (0/2 kolejek),,,3
2948,Kacper Błaszkiewicz,wisła płock,NAP,Wisła Kraków,False,,,,,,,insufficient_data,Za mało danych (0/2 kolejek),,,3
2949,Oskar Dari,wisła płock,POM,Wisła Kraków,False,,,,,,,insufficient_data,Za mało danych (0/2 kolejek),,,3
2950,Szymon Wadas,wisła płock,BR,Wisła Kraków,False,,,,,,,insufficient_data,Za mało danych (0/2 kolejek),,,3
2951,Nikola Čavlina,wieczysta kraków,BR,GKS Katowice,False,,,,,,,insufficient_data,Za mało danych (0/2 kolejek),,,3
2952,Ché Nunnely,radomiak radom,POM,Górnik Zabrze,True,,,,,,,insufficient_data,Za mało danych (1/2 kolejek),,,3
2954,Vincent Burlet,cracovia,OBR,Śląsk Wrocław,False,,,,,,,insufficient_data,Za mało danych (1/2 kolejek),,,3
2955,Igor Chmielewski,korona kielce,OBR,Legia Warszawa,True,,,,,,,insufficient_data,Za mało danych (0/2 kolejek),,,3
2956,Kornel Toboła,korona kielce,NAP,Legia Warszawa,True,,,,,,,insufficient_data,Za mało danych (0/2 kolejek),,,3
2957,Patryk Dziekoński,zagłębie lubin,POM,Raków Częstochowa,False,,,,,,,insufficient_data,Za mało danych (0/2 kolejek),,,3
2958,Franciszek Nowak,zagłębie lubin,BR,Raków Częstochowa,False,,,,,,,insufficient_data,Za mało danych (0/2 kolejek),,,3
2959,Filip Przybyłko,legia warszawa,POM,Korona Kielce,False,,,,,,,insufficient_data,Za mało danych (0/2 kolejek),,,3
2960,Maksym Cymbulak,wisła kraków,POM,Wisła Płock,True,,,,,,,insufficient_data,Za mało danych (0/2 kolejek),,,3
2961,Nikodem Całko,raków częstochowa,OBR,Zagłębie Lubin,True,,,,,,,insufficient_data,Za mało danych (0/2 kolejek),,,3
2962,Erik Mikanowicz,legia warszawa,POM,Korona Kielce,False,,,,,,,insufficient_data,Za mało danych (0/2 kolejek),,,3
2963,Maximilian Dietz,górnik zabrze,OBR,Radomiak Radom,False,,,,,,,insufficient_data,Za mało danych (1/2 kolejek),,,3
2964,Patryk Stechnij,wieczysta kraków,BR,GKS Katowice,False,,,,,,,insufficient_data,Za mało danych (0/2 kolejek),,,3
2965,Alex Marciniak,cracovia,POM,Śląsk Wrocław,False,,,,,,,insufficient_data,Za mało danych (0/2 kolejek),,,3
2967,Jérémy Guillemenot,wisła kraków,NAP,Wisła Płock,True,,,,,,,insufficient_data,Za mało danych (0/2 kolejek),,,3
2968,Adrian Żulewski,śląsk wrocław,OBR,Cracovia,True,,,,,,,insufficient_data,Za mało danych (0/2 kolejek),,,3
2969,Nicolas Dohojda,radomiak radom,POM,Górnik Zabrze,True,,,,,,,insufficient_data,Za mało danych (0/2 kolejek),,,3
2970,Konrad Kraska,motor lublin,POM,Pogoń Szczecin,False,,,,,,,insufficient_data,Za mało danych (0/2 kolejek),,,3
2971,Paweł Pakieła,jagiellonia białystok,POM,Widzew Łódź,True,,,,,,,insufficient_data,Za mało danych (0/2 kolejek),,,3
2972,Jakub Wilczek,cracovia,OBR,Śląsk Wrocław,False,,,,,,,insufficient_data,Za mało danych (0/2 kolejek),,,3
2973,Maksim Kononow,jagiellonia białystok,NAP,Widzew Łódź,True,,,,,,,insufficient_data,Za mało danych (0/2 kolejek),,,3
2975,Andrzej Ossowski,pogoń szczecin,OBR,Motor Lublin,True,,,,,,,insufficient_data,Za mało danych (0/2 kolejek),,,3
2976,Jakub Chrapusta,cracovia,BR,Śląsk Wrocław,False,,,,,,,insufficient_data,Za mało danych (0/2 kolejek),,,3
2977,Wiktor Dej,cracovia,POM,Śląsk Wrocław,False,,,,,,,insufficient_data,Za mało danych (0/2 kolejek),,,3
2978,Jusuf Gazibegović,widzew łódź,OBR,Jagiellonia Białystok,False,,,,,,,insufficient_data,Za mało danych (0/2 kolejek),,,3
2979,Ronaldo Lumungo,radomiak radom,POM,Górnik Zabrze,True,,,,,,,insufficient_data,Za mało danych (0/2 kolejek),,,3
2980,Anders Klynge,jagiellonia białystok,POM,Widzew Łódź,True,,,,,,,insufficient_data,Za mało danych (1/2 kolejek),,,3
2981,Lukas Willen,pogoń szczecin,OBR,Motor Lublin,True,,,,,,,insufficient_data,Za mało danych (0/2 kolejek),,,3
2982,Wiktor Obremski,lech poznań,BR,Piast Gliwice,True,,,,,,,insufficient_data,Za mało danych (0/2 kolejek),,,3
2983,Jan Bienduga,legia warszawa,BR,Korona Kielce,False,,,,,,,insufficient_data,Za mało danych (0/2 kolejek),,,3
1747,Igor Drapiński,piast gliwice,OBR,Lech Poznań,False,-0.4,-0.6,0.8,1.0,0.97,90.0,medium,Śr. -0.6 × FDR 0.8 × min 1.0 × wyjazd 0.97 = -0.4,,,3
2234,Ali Gholizadeh,lech poznań,POM,Piast Gliwice,True,0,,,,,,unavailable,⛔ Kontuzjowany — zawodnik niedostępny,True,Kontuzjowany,3
2768,Antonio Čolak,legia warszawa,NAP,Korona Kielce,False,0,,,,,,unavailable,⛔ Kontuzjowany — zawodnik niedostępny,True,Kontuzjowany,3
2810,Carlos Isaac,widzew łódź,OBR,Jagiellonia Białystok,False,0,,,,,,unavailable,⛔ Kontuzjowany — zawodnik niedostępny,True,Kontuzjowany,3
705,Damian Rasak,gks katowice,POM,Wieczysta Kraków,True,0,,,,,,unavailable,⛔ Kontuzjowany — zawodnik niedostępny,True,Kontuzjowany,3
382,Dominik Hładun,zagłębie lubin,BR,Raków Częstochowa,False,0,,,,,,unavailable,⛔ Kontuzjowany — zawodnik niedostępny,True,Kontuzjowany,3
1094,Filip Marchwiński,cracovia,POM,Śląsk Wrocław,False,0,,,,,,unavailable,⛔ Kontuzjowany — zawodnik niedostępny,True,Kontuzjowany,3
790,František Plach,piast gliwice,BR,Lech Poznań,False,0,,,,,,unavailable,⛔ Kontuzjowany — zawodnik niedostępny,True,Kontuzjowany,3
395,Jarosław Kubicki,górnik zabrze,POM,Radomiak Radom,False,0,,,,,,unavailable,⛔ Kontuzjowany — zawodnik niedostępny,True,Kontuzjowany,3
2389,Lamine Diaby-Fadiga,raków częstochowa,POM,Zagłębie Lubin,True,0,,,,,,unavailable,⛔ Kontuzjowany — zawodnik niedostępny,True,Kontuzjowany,3
2698,Leo Bengtsson,lech poznań,POM,Piast Gliwice,True,0,,,,,,unavailable,⛔ Kontuzjowany — zawodnik niedostępny,True,Kontuzjowany,3
2802,Lukas Lerager,widzew łódź,POM,Jagiellonia Białystok,False,0,,,,,,unavailable,⛔ Kontuzjowany — zawodnik niedostępny,True,Kontuzjowany,3
1435,Rafał Strączek,gks katowice,BR,Wieczysta Kraków,True,0,,,,,,unavailable,⛔ Kontuzjowany — zawodnik niedostępny,True,Kontuzjowany,3
2761,Rajmund Molnár,pogoń szczecin,NAP,Motor Lublin,True,0,,,,,,unavailable,⛔ Kontuzjowany — zawodnik niedostępny,True,Kontuzjowany,3
2906,Stefan Feiertag,wieczysta kraków,NAP,GKS Katowice,False,0,,,,,,unavailable,⛔ Kontuzjowany — zawodnik niedostępny,True,Kontuzjowany,3
1737,Szymon Czyż,widzew łódź,POM,Jagiellonia Białystok,False,0,,,,,,unavailable,⛔ Kontuzjowany — zawodnik niedostępny,True,Kontuzjowany,3
2126,Wiktor Bogacz,cracovia,NAP,Śląsk Wrocław,False,0,,,,,,unavailable,⛔ Kontuzjowany — zawodnik niedostępny,True,Kontuzjowany,3
