player_id,name,team,position,next_opponent,is_home,predicted_points,base_avg,fdr_modifier,minutes_factor,home_away_factor,avg_minutes,confidence,detail,unavailable,availability_reason,round_number
1,Rafał Dobroliński,cracovia,BR,Pogoń Szczecin,True,,,,,,,insufficient_data,Za mało danych (0/2 kolejek),,,1
2,Damian Drzewiecki,cracovia,BR,Pogoń Szczecin,True,,,,,,,insufficient_data,Za mało danych (0/2 kolejek),,,1
3,Grzegorz Sandomierski,górnik zabrze,BR,Korona Kielce,False,,,,,,,insufficient_data,Za mało danych (0/2 kolejek),,,1
4,Jakub Grzywaczewski,cracovia,BR,Pogoń Szczecin,True,,,,,,,insufficient_data,Za mało danych (0/2 kolejek),,,1
5,Adam Wilk,cracovia,BR,Pogoń Szczecin,True,,,,,,,insufficient_data,Za mało danych (0/2 kolejek),,,1
6,Florin Bejan,cracovia,OBR,Pogoń Szczecin,True,,,,,,,insufficient_data,Za mało danych (0/2 kolejek),,,1
7,Deleu,cracovia,OBR,Pogoń Szczecin,True,,,,,,,insufficient_data,Za mało danych (0/2 kolejek),,,1
8,Paweł Jaroszyński,cracovia,OBR,Pogoń Szczecin,True,,,,,,,insufficient_data,Za mało danych (0/2 kolejek),,,1
9,Róbert Litauszki,cracovia,OBR,Pogoń Szczecin,True,,,,,,,insufficient_data,Za mało danych (0/2 kolejek),,,1
10,Kamil Pestka,wieczysta kraków,OBR,Lech Poznań,True,,,,,,,insufficient_data,Za mało danych (0/2 kolejek),,,1
12,Łukasz Sosnowski,cracovia,OBR,Pogoń Szczecin,True,,,,,,,insufficient_data,Za mało danych (0/2 kolejek),,,1
13,Hubert Wołąkiewicz,cracovia,OBR,Pogoń Szczecin,True,,,,,,,insufficient_data,Za mało danych (0/2 kolejek),,,1
14,Jakub Wójcicki,zagłębie lubin,OBR,Legia Warszawa,False,,,,,,,insufficient_data,Za mało danych (0/2 kolejek),,,1
15,Hubert Adamczyk,zagłębie lubin,POM,Legia Warszawa,False,,,,,,,insufficient_data,Za mało danych (0/2 kolejek),,,1
16,Mateusz Argasiński,cracovia,POM,Pogoń Szczecin,True,,,,,,,insufficient_data,Za mało danych (0/2 kolejek),,,1
17,Marcin Budziński,cracovia,POM,Pogoń Szczecin,True,,,,,,,insufficient_data,Za mało danych (0/2 kolejek),,,1
18,Mateusz Cetnarski,cracovia,POM,Pogoń Szczecin,True,,,,,,,insufficient_data,Za mało danych (0/2 kolejek),,,1
19,Miroslav Čovilo,cracovia,POM,Pogoń Szczecin,True,,,,,,,insufficient_data,Za mało danych (0/2 kolejek),,,1
20,Damian Dąbrowski,zagłębie lubin,POM,Legia Warszawa,False,,,,,,,insufficient_data,Za mało danych (0/2 kolejek),,,1
21,Milan Dimun,cracovia,POM,Pogoń Szczecin,True,,,,,,,insufficient_data,Za mało danych (0/2 kolejek),,,1
22,Radosław Kanach,cracovia,POM,Pogoń Szczecin,True,,,,,,,insufficient_data,Za mało danych (0/2 kolejek),,,1
23,Karol Niemczycki,śląsk wrocław,BR,Raków Częstochowa,True,,,,,,,insufficient_data,Za mało danych (0/2 kolejek),,,1
24,Anton Karaczanakow,cracovia,POM,Pogoń Szczecin,True,,,,,,,insufficient_data,Za mało danych (0/2 kolejek),,,1
25,Szymon Kiebzak,cracovia,POM,Pogoń Szczecin,True,,,,,,,insufficient_data,Za mało danych (0/2 kolejek),,,1
26,Przemysław Pyrdek,cracovia,POM,Pogoń Szczecin,True,,,,,,,insufficient_data,Za mało danych (0/2 kolejek),,,1
27,Sebastian Steblecki,cracovia,POM,Pogoń Szczecin,True,,,,,,,insufficient_data,Za mało danych (0/2 kolejek),,,1
29,Erik Jendrišek,cracovia,NAP,Pogoń Szczecin,True,,,,,,,insufficient_data,Za mało danych (0/2 kolejek),,,1
30,Krzysztof Szewczyk,cracovia,NAP,Pogoń Szczecin,True,,,,,,,insufficient_data,Za mało danych (0/2 kolejek),,,1
31,Tomáš Vestenický,cracovia,POM,Pogoń Szczecin,True,,,,,,,insufficient_data,Za mało danych (0/2 kolejek),,,1
32,Karol Jaksik,górnik zabrze,OBR,Korona Kielce,False,,,,,,,insufficient_data,Za mało danych (0/2 kolejek),,,1
37,Damian Jakubik,radomiak radom,OBR,GKS Katowice,False,,,,,,,insufficient_data,Za mało danych (0/2 kolejek),,,1
53,Bartosz Śpiączka,wisła płock,NAP,Widzew Łódź,True,,,,,,,insufficient_data,Za mało danych (0/2 kolejek),,,1
55,Krševan Santini,jagiellonia białystok,BR,Motor Lublin,False,,,,,,,insufficient_data,Za mało danych (0/2 kolejek),,,1
56,Marián Kelemen,jagiellonia białystok,BR,Motor Lublin,False,,,,,,,insufficient_data,Za mało danych (0/2 kolejek),,,1
58,Łukasz Burliga,wisła kraków,OBR,Piast Gliwice,False,,,,,,,insufficient_data,Za mało danych (0/2 kolejek),,,1
59,Guti,jagiellonia białystok,OBR,Motor Lublin,False,,,,,,,insufficient_data,Za mało danych (0/2 kolejek),,,1
60,Michał Koźlik,jagiellonia białystok,OBR,Motor Lublin,False,,,,,,,insufficient_data,Za mało danych (0/2 kolejek),,,1
61,Emil Łupiński,jagiellonia białystok,OBR,Motor Lublin,False,,,,,,,insufficient_data,Za mało danych (0/2 kolejek),,,1
62,Mateusz Maliszewski,jagiellonia białystok,OBR,Motor Lublin,False,,,,,,,insufficient_data,Za mało danych (0/2 kolejek),,,1
63,Paweł Olszewski,jagiellonia białystok,OBR,Motor Lublin,False,,,,,,,insufficient_data,Za mało danych (0/2 kolejek),,,1
65,Ivan Runje,jagiellonia białystok,OBR,Motor Lublin,False,,,,,,,insufficient_data,Za mało danych (0/2 kolejek),,,1
68,Igors Tarasovs,śląsk wrocław,OBR,Raków Częstochowa,True,,,,,,,insufficient_data,Za mało danych (0/2 kolejek),,,1
69,Piotr Tomasik,wisła płock,OBR,Widzew Łódź,True,,,,,,,insufficient_data,Za mało danych (0/2 kolejek),,,1
70,Marek Wasiluk,jagiellonia białystok,OBR,Motor Lublin,False,,,,,,,insufficient_data,Za mało danych (0/2 kolejek),,,1
71,Fedor Černych,jagiellonia białystok,POM,Motor Lublin,False,,,,,,,insufficient_data,Za mało danych (0/2 kolejek),,,1
72,Dmytro Chomczenowśkyj,jagiellonia białystok,POM,Motor Lublin,False,,,,,,,insufficient_data,Za mało danych (0/2 kolejek),,,1
73,Michał Domański,jagiellonia białystok,POM,Motor Lublin,False,,,,,,,insufficient_data,Za mało danych (0/2 kolejek),,,1
74,Kacper Falon,jagiellonia białystok,POM,Motor Lublin,False,,,,,,,insufficient_data,Za mało danych (0/2 kolejek),,,1
75,Przemysław Frankowski,jagiellonia białystok,POM,Motor Lublin,False,,,,,,,insufficient_data,Za mało danych (0/2 kolejek),,,1
76,Jacek Góralski,jagiellonia białystok,POM,Motor Lublin,False,,,,,,,insufficient_data,Za mało danych (0/2 kolejek),,,1
77,Rafał Grzyb,jagiellonia białystok,POM,Motor Lublin,False,,,,,,,insufficient_data,Za mało danych (0/2 kolejek),,,1
78,Paweł Kaczmarczyk,jagiellonia białystok,POM,Motor Lublin,False,,,,,,,insufficient_data,Za mało danych (0/2 kolejek),,,1
79,Paweł Koncewicz-Żyłka,wisła kraków,OBR,Piast Gliwice,False,,,,,,,insufficient_data,Za mało danych (0/2 kolejek),,,1
80,Karol Mackiewicz,jagiellonia białystok,POM,Motor Lublin,False,,,,,,,insufficient_data,Za mało danych (0/2 kolejek),,,1
81,Przemysław Mystkowski,jagiellonia białystok,POM,Motor Lublin,False,,,,,,,insufficient_data,Za mało danych (0/2 kolejek),,,1
82,Patryk Niemczynowicz,jagiellonia białystok,POM,Motor Lublin,False,,,,,,,insufficient_data,Za mało danych (0/2 kolejek),,,1
83,Mateusz Ostaszewski,jagiellonia białystok,POM,Motor Lublin,False,,,,,,,insufficient_data,Za mało danych (0/2 kolejek),,,1
84,Dawid Polkowski,jagiellonia białystok,POM,Motor Lublin,False,,,,,,,insufficient_data,Za mało danych (0/2 kolejek),,,1
85,Dominik Prusaczyk,jagiellonia białystok,POM,Motor Lublin,False,,,,,,,insufficient_data,Za mało danych (0/2 kolejek),,,1
86,Taras Romanczuk,jagiellonia białystok,POM,Motor Lublin,False,,,,,,,insufficient_data,Za mało danych (0/2 kolejek),,,1
87,Damian Szymański,legia warszawa,POM,Zagłębie Lubin,True,,,,,,,insufficient_data,Za mało danych (1/2 kolejek),,,1
88,Dawid Szymonowicz,wieczysta kraków,OBR,Lech Poznań,True,,,,,,,insufficient_data,Za mało danych (0/2 kolejek),,,1
89,Jakub Tabor,jagiellonia białystok,POM,Motor Lublin,False,,,,,,,insufficient_data,Za mało danych (0/2 kolejek),,,1
90,Konstantin Vassiljev,piast gliwice,POM,Wisła Kraków,True,,,,,,,insufficient_data,Za mało danych (0/2 kolejek),,,1
91,Emil Gajko,jagiellonia białystok,NAP,Motor Lublin,False,,,,,,,insufficient_data,Za mało danych (0/2 kolejek),,,1
92,Bartosz Giełażyn,jagiellonia białystok,NAP,Motor Lublin,False,,,,,,,insufficient_data,Za mało danych (0/2 kolejek),,,1
93,Maciej Górski,korona kielce,NAP,Górnik Zabrze,True,,,,,,,insufficient_data,Za mało danych (0/2 kolejek),,,1
94,Kacper Piechniak,jagiellonia białystok,NAP,Motor Lublin,False,,,,,,,insufficient_data,Za mało danych (0/2 kolejek),,,1
95,Karol Świderski,widzew łódź,NAP,Wisła Płock,False,,,,,,,insufficient_data,Za mało danych (0/2 kolejek),,,1
97,Zbigniew Małkowski,zagłębie lubin,BR,Legia Warszawa,False,,,,,,,insufficient_data,Za mało danych (0/2 kolejek),,,1
98,Artur Marzec,korona kielce,BR,Górnik Zabrze,True,,,,,,,insufficient_data,Za mało danych (0/2 kolejek),,,1
99,Leonid Otczenaszenko,korona kielce,BR,Górnik Zabrze,True,,,,,,,insufficient_data,Za mało danych (0/2 kolejek),,,1
101,Adrian Bednarski,korona kielce,OBR,Górnik Zabrze,True,,,,,,,insufficient_data,Za mało danych (0/2 kolejek),,,1
102,Radek Dejmek,korona kielce,OBR,Górnik Zabrze,True,,,,,,,insufficient_data,Za mało danych (0/2 kolejek),,,1
103,Elhadji Pape Diaw,korona kielce,OBR,Górnik Zabrze,True,,,,,,,insufficient_data,Za mało danych (0/2 kolejek),,,1
104,Vladislavs Gabovs,korona kielce,OBR,Górnik Zabrze,True,,,,,,,insufficient_data,Za mało danych (0/2 kolejek),,,1
105,Ken Kallaste,korona kielce,OBR,Górnik Zabrze,True,,,,,,,insufficient_data,Za mało danych (0/2 kolejek),,,1
106,Grzegorz Rogala,gks katowice,OBR,Radomiak Radom,True,,,,,,,insufficient_data,Za mało danych (0/2 kolejek),,,1
108,Dmitrij Wierchowcow,korona kielce,OBR,Górnik Zabrze,True,,,,,,,insufficient_data,Za mało danych (0/2 kolejek),,,1
109,Michał Wrześniewski,korona kielce,OBR,Górnik Zabrze,True,,,,,,,insufficient_data,Za mało danych (0/2 kolejek),,,1
111,Marcin Cebula,korona kielce,POM,Górnik Zabrze,True,,,,,,,insufficient_data,Za mało danych (0/2 kolejek),,,1
114,Jakub Kotarzewski,korona kielce,POM,Górnik Zabrze,True,,,,,,,insufficient_data,Za mało danych (0/2 kolejek),,,1
115,Bartosz Kwiecień,korona kielce,OBR,Górnik Zabrze,True,,,,,,,insufficient_data,Za mało danych (0/2 kolejek),,,1
116,Vanja Marković,korona kielce,POM,Górnik Zabrze,True,,,,,,,insufficient_data,Za mało danych (0/2 kolejek),,,1
117,Kamil Matulka,korona kielce,POM,Górnik Zabrze,True,,,,,,,insufficient_data,Za mało danych (0/2 kolejek),,,1
118,Michał Mokrzycki,śląsk wrocław,POM,Raków Częstochowa,True,,,,,,,insufficient_data,Za mało danych (0/2 kolejek),,,1
120,Serhij Pyłypczuk,korona kielce,POM,Górnik Zabrze,True,,,,,,,insufficient_data,Za mało danych (0/2 kolejek),,,1
121,Mariusz Rybicki,motor lublin,POM,Jagiellonia Białystok,True,,,,,,,insufficient_data,Za mało danych (0/2 kolejek),,,1
122,Paweł Sobolewski,korona kielce,POM,Górnik Zabrze,True,,,,,,,insufficient_data,Za mało danych (0/2 kolejek),,,1
125,Maciej Załęcki,korona kielce,POM,Górnik Zabrze,True,,,,,,,insufficient_data,Za mało danych (0/2 kolejek),,,1
126,Hubert Laskowski,korona kielce,NAP,Górnik Zabrze,True,,,,,,,insufficient_data,Za mało danych (0/2 kolejek),,,1
127,Michał Przybyła,korona kielce,NAP,Górnik Zabrze,True,,,,,,,insufficient_data,Za mało danych (0/2 kolejek),,,1
128,Łukasz Sekulski,wisła płock,NAP,Widzew Łódź,True,,,,,,,insufficient_data,Za mało danych (0/2 kolejek),,,1
129,Adam Zawierucha,korona kielce,NAP,Górnik Zabrze,True,,,,,,,insufficient_data,Za mało danych (0/2 kolejek),,,1
130,Jasmin Burić,zagłębie lubin,BR,Legia Warszawa,False,,,,,,,insufficient_data,Za mało danych (0/2 kolejek),,,1
132,Adam Makuchowski,lech poznań,BR,Wieczysta Kraków,False,,,,,,,insufficient_data,Za mało danych (0/2 kolejek),,,1
133,Matúš Putnocký,śląsk wrocław,BR,Raków Częstochowa,True,,,,,,,insufficient_data,Za mało danych (0/2 kolejek),,,1
134,Paulus Arajuuri,lech poznań,OBR,Wieczysta Kraków,False,,,,,,,insufficient_data,Za mało danych (0/2 kolejek),,,1
135,Jan Bednarek,lech poznań,OBR,Wieczysta Kraków,False,,,,,,,insufficient_data,Za mało danych (0/2 kolejek),,,1
136,Kebba Ceesay,lech poznań,OBR,Wieczysta Kraków,False,,,,,,,insufficient_data,Za mało danych (0/2 kolejek),,,1
137,Tomasz Dejewski,lech poznań,OBR,Wieczysta Kraków,False,,,,,,,insufficient_data,Za mało danych (0/2 kolejek),,,1
138,Robert Gumny,lech poznań,OBR,Wieczysta Kraków,False,,,,,,,insufficient_data,Za mało danych (0/2 kolejek),,,1
139,Tamás Kádár,lech poznań,OBR,Wieczysta Kraków,False,,,,,,,insufficient_data,Za mało danych (0/2 kolejek),,,1
140,Tomasz Kędziora,lech poznań,OBR,Wieczysta Kraków,False,,,,,,,insufficient_data,Za mało danych (0/2 kolejek),,,1
141,Lasse Nielsen,lech poznań,OBR,Wieczysta Kraków,False,,,,,,,insufficient_data,Za mało danych (0/2 kolejek),,,1
142,Maciej Wilusz,raków częstochowa,OBR,Śląsk Wrocław,False,,,,,,,insufficient_data,Za mało danych (0/2 kolejek),,,1
143,Dariusz Dudka,lech poznań,POM,Wieczysta Kraków,False,,,,,,,insufficient_data,Za mało danych (0/2 kolejek),,,1
144,Dariusz Formella,pogoń szczecin,POM,Cracovia,False,,,,,,,insufficient_data,Za mało danych (0/2 kolejek),,,1
146,Darko Jevtić,lech poznań,POM,Wieczysta Kraków,False,,,,,,,insufficient_data,Za mało danych (0/2 kolejek),,,1
147,Kamil Jóźwiak,jagiellonia białystok,POM,Motor Lublin,False,,,,,,,insufficient_data,Za mało danych (0/2 kolejek),,,1
148,Karol Linetty,lech poznań,POM,Wieczysta Kraków,False,,,,,,,insufficient_data,Za mało danych (0/2 kolejek),,,1
149,Radosław Majewski,pogoń szczecin,POM,Cracovia,False,,,,,,,insufficient_data,Za mało danych (0/2 kolejek),,,1
150,Maciej Makuszewski,jagiellonia białystok,POM,Motor Lublin,False,,,,,,,insufficient_data,Za mało danych (0/2 kolejek),,,1
153,Abdul Aziz Tetteh,lech poznań,POM,Wieczysta Kraków,False,,,,,,,insufficient_data,Za mało danych (0/2 kolejek),,,1
155,Nicki Bille Nielsen,lech poznań,NAP,Wieczysta Kraków,False,,,,,,,insufficient_data,Za mało danych (0/2 kolejek),,,1
156,Dawid Kownacki,lech poznań,NAP,Wieczysta Kraków,False,,,,,,,insufficient_data,Za mało danych (0/2 kolejek),,,1
157,Marcin Robak,śląsk wrocław,NAP,Raków Częstochowa,True,,,,,,,insufficient_data,Za mało danych (0/2 kolejek),,,1
159,Łukasz Budziłek,motor lublin,BR,Jagiellonia Białystok,True,,,,,,,insufficient_data,Za mało danych (0/2 kolejek),,,1
163,Adam Chrzanowski,wisła płock,OBR,Widzew Łódź,True,,,,,,,insufficient_data,Za mało danych (0/2 kolejek),,,1
164,Adam Dźwigała,wisła płock,OBR,Widzew Łódź,True,,,,,,,insufficient_data,Za mało danych (0/2 kolejek),,,1
166,Rafał Janicki,górnik zabrze,OBR,Korona Kielce,False,,,,,,,insufficient_data,Za mało danych (0/2 kolejek),,,1
168,Paweł Stolarski,motor lublin,OBR,Jagiellonia Białystok,True,,,,,,,insufficient_data,Za mało danych (0/2 kolejek),,,1
171,Michał Chrapek,piast gliwice,POM,Wisła Kraków,True,,,,,,,insufficient_data,Za mało danych (0/2 kolejek),,,1
181,Bartłomiej Pawłowski,widzew łódź,POM,Wisła Płock,False,,,,,,,insufficient_data,Za mało danych (0/2 kolejek),,,1
184,Rafał Wolski,radomiak radom,POM,GKS Katowice,False,,,,,,,insufficient_data,Za mało danych (1/2 kolejek),,,1
185,Adam Buksa,pogoń szczecin,NAP,Cracovia,False,,,,,,,insufficient_data,Za mało danych (0/2 kolejek),,,1
187,Grzegorz Kuświk,wisła płock,NAP,Widzew Łódź,True,,,,,,,insufficient_data,Za mało danych (0/2 kolejek),,,1
191,Radosław Cierzniak,legia warszawa,BR,Zagłębie Lubin,True,,,,,,,insufficient_data,Za mało danych (0/2 kolejek),,,1
192,Radosław Majecki,legia warszawa,BR,Zagłębie Lubin,True,,,,,,,insufficient_data,Za mało danych (0/2 kolejek),,,1
195,Bartosz Bereszyński,motor lublin,OBR,Jagiellonia Białystok,True,,,,,,,insufficient_data,Za mało danych (0/2 kolejek),,,1
196,Łukasz Broź,śląsk wrocław,OBR,Raków Częstochowa,True,,,,,,,insufficient_data,Za mało danych (0/2 kolejek),,,1
200,Igor Lewczuk,legia warszawa,OBR,Zagłębie Lubin,True,,,,,,,insufficient_data,Za mało danych (0/2 kolejek),,,1
201,Michał Pazdan,jagiellonia białystok,OBR,Motor Lublin,False,,,,,,,insufficient_data,Za mało danych (0/2 kolejek),,,1
202,Jakub Rzeźniczak,wisła płock,OBR,Widzew Łódź,True,,,,,,,insufficient_data,Za mało danych (0/2 kolejek),,,1
203,Michaił Aleksandrow,legia warszawa,POM,Zagłębie Lubin,True,,,,,,,insufficient_data,Za mało danych (0/2 kolejek),,,1
204,Ondrej Duda,legia warszawa,POM,Zagłębie Lubin,True,,,,,,,insufficient_data,Za mało danych (0/2 kolejek),,,1
206,Guilherme,legia warszawa,POM,Zagłębie Lubin,True,,,,,,,insufficient_data,Za mało danych (0/2 kolejek),,,1
207,Kasper Hämäläinen,legia warszawa,POM,Zagłębie Lubin,True,,,,,,,insufficient_data,Za mało danych (0/2 kolejek),,,1
209,Tomasz Jodłowiec,piast gliwice,POM,Wisła Kraków,True,,,,,,,insufficient_data,Za mało danych (0/2 kolejek),,,1
211,Michał Kucharczyk,legia warszawa,POM,Zagłębie Lubin,True,,,,,,,insufficient_data,Za mało danych (0/2 kolejek),,,1
213,Michał Masłowski,legia warszawa,POM,Zagłębie Lubin,True,,,,,,,insufficient_data,Za mało danych (0/2 kolejek),,,1
214,Thibault Moulin,legia warszawa,POM,Zagłębie Lubin,True,,,,,,,insufficient_data,Za mało danych (0/2 kolejek),,,1
215,Stojan Vranješ,piast gliwice,POM,Wisła Kraków,True,,,,,,,insufficient_data,Za mało danych (0/2 kolejek),,,1
217,Jarosław Niezgoda,legia warszawa,NAP,Zagłębie Lubin,True,,,,,,,insufficient_data,Za mało danych (0/2 kolejek),,,1
218,Nemanja Nikolić,legia warszawa,NAP,Zagłębie Lubin,True,,,,,,,insufficient_data,Za mało danych (0/2 kolejek),,,1
219,Aleksandar Prijović,legia warszawa,NAP,Zagłębie Lubin,True,,,,,,,insufficient_data,Za mało danych (0/2 kolejek),,,1
223,Dobrivoj Rusov,piast gliwice,BR,Wisła Kraków,True,,,,,,,insufficient_data,Za mało danych (0/2 kolejek),,,1
224,Jakub Szmatuła,piast gliwice,BR,Wisła Kraków,True,,,,,,,insufficient_data,Za mało danych (0/2 kolejek),,,1
226,Edvinas Girdvainis,piast gliwice,OBR,Wisła Kraków,True,,,,,,,insufficient_data,Za mało danych (0/2 kolejek),,,1
227,Silva Santos Hebert,wisła kraków,OBR,Piast Gliwice,False,,,,,,,insufficient_data,Za mało danych (0/2 kolejek),,,1
229,Uroš Korun,piast gliwice,OBR,Wisła Kraków,True,,,,,,,insufficient_data,Za mało danych (0/2 kolejek),,,1
231,Tomasz Mokwa,piast gliwice,OBR,Wisła Kraków,True,,,,,,,insufficient_data,Za mało danych (0/2 kolejek),,,1
232,Paweł Moskwik,piast gliwice,OBR,Wisła Kraków,True,,,,,,,insufficient_data,Za mało danych (0/2 kolejek),,,1
234,Marcin Pietrowski,piast gliwice,OBR,Wisła Kraków,True,,,,,,,insufficient_data,Za mało danych (0/2 kolejek),,,1
235,Aleksandar Sedlar,piast gliwice,OBR,Wisła Kraków,True,,,,,,,insufficient_data,Za mało danych (0/2 kolejek),,,1
236,Gerard Badía,piast gliwice,POM,Wisła Kraków,True,,,,,,,insufficient_data,Za mało danych (0/2 kolejek),,,1
237,Dominik Budzik,piast gliwice,POM,Wisła Kraków,True,,,,,,,insufficient_data,Za mało danych (0/2 kolejek),,,1
238,Martin Bukata,piast gliwice,POM,Wisła Kraków,True,,,,,,,insufficient_data,Za mało danych (0/2 kolejek),,,1
239,Marcin Flis,wisła płock,OBR,Widzew Łódź,True,,,,,,,insufficient_data,Za mało danych (0/2 kolejek),,,1
243,Mateusz Mak,gks katowice,POM,Radomiak Radom,True,,,,,,,insufficient_data,Za mało danych (0/2 kolejek),,,1
244,Radosław Murawski,lech poznań,POM,Wieczysta Kraków,False,,,,,,,insufficient_data,Za mało danych (0/2 kolejek),,,1
245,Igor Sapała,raków częstochowa,POM,Śląsk Wrocław,False,,,,,,,insufficient_data,Za mało danych (0/2 kolejek),,,1
248,Saša Živec,zagłębie lubin,POM,Legia Warszawa,False,,,,,,,insufficient_data,Za mało danych (0/2 kolejek),,,1
249,Josip Barišić,piast gliwice,NAP,Wisła Kraków,True,,,,,,,insufficient_data,Za mało danych (0/2 kolejek),,,1
251,Adrian Henger,pogoń szczecin,BR,Cracovia,False,,,,,,,insufficient_data,Za mało danych (0/2 kolejek),,,1
252,Radosław Janukiewicz,pogoń szczecin,BR,Cracovia,False,,,,,,,insufficient_data,Za mało danych (0/2 kolejek),,,1
254,Bartosz Piotrowski,pogoń szczecin,BR,Cracovia,False,,,,,,,insufficient_data,Za mało danych (0/2 kolejek),,,1
255,Jakub Słowik,śląsk wrocław,BR,Raków Częstochowa,True,,,,,,,insufficient_data,Za mało danych (0/2 kolejek),,,1
256,Jakub Czerwiński,piast gliwice,OBR,Wisła Kraków,True,,,,,,,insufficient_data,Za mało danych (0/2 kolejek),,,1
257,Jarosław Fojut,wisła płock,OBR,Widzew Łódź,True,,,,,,,insufficient_data,Za mało danych (0/2 kolejek),,,1
258,Adam Frączczak,korona kielce,NAP,Górnik Zabrze,True,,,,,,,insufficient_data,Za mało danych (0/2 kolejek),,,1
259,Mateusz Lewandowski,wisła płock,OBR,Widzew Łódź,True,,,,,,,insufficient_data,Za mało danych (0/2 kolejek),,,1
261,Sebastian Murawski,pogoń szczecin,OBR,Cracovia,False,,,,,,,insufficient_data,Za mało danych (0/2 kolejek),,,1
263,Ricardo Nunes,pogoń szczecin,OBR,Cracovia,False,,,,,,,insufficient_data,Za mało danych (0/2 kolejek),,,1
264,Sebastian Rudol,motor lublin,OBR,Jagiellonia Białystok,True,,,,,,,insufficient_data,Za mało danych (0/2 kolejek),,,1
265,Michał Stańczyk,pogoń szczecin,OBR,Cracovia,False,,,,,,,insufficient_data,Za mało danych (0/2 kolejek),,,1
266,Takafumi Akahoshi,pogoń szczecin,POM,Cracovia,False,,,,,,,insufficient_data,Za mało danych (0/2 kolejek),,,1
268,Spas Delew,pogoń szczecin,POM,Cracovia,False,,,,,,,insufficient_data,Za mało danych (0/2 kolejek),,,1
270,Ádám Gyurcsó,pogoń szczecin,POM,Cracovia,False,,,,,,,insufficient_data,Za mało danych (0/2 kolejek),,,1
273,Rafał Murawski,pogoń szczecin,POM,Cracovia,False,,,,,,,insufficient_data,Za mało danych (0/2 kolejek),,,1
274,Robert Obst,pogoń szczecin,POM,Cracovia,False,,,,,,,insufficient_data,Za mało danych (0/2 kolejek),,,1
275,Jakub Piotrowski,pogoń szczecin,POM,Cracovia,False,,,,,,,insufficient_data,Za mało danych (0/2 kolejek),,,1
277,Kacper Kozłowski,pogoń szczecin,POM,Cracovia,False,,,,,,,insufficient_data,Za mało danych (0/2 kolejek),,,1
278,Marcin Listkowski,jagiellonia białystok,POM,Motor Lublin,False,,,,,,,insufficient_data,Za mało danych (0/2 kolejek),,,1
279,Łukasz Zwoliński,raków częstochowa,NAP,Śląsk Wrocław,False,,,,,,,insufficient_data,Za mało danych (0/2 kolejek),,,1
282,Gonçalo Silva,radomiak radom,OBR,GKS Katowice,False,,,,,,,insufficient_data,Za mało danych (0/2 kolejek),,,1
284,Michał Helik,cracovia,OBR,Pogoń Szczecin,True,,,,,,,insufficient_data,Za mało danych (0/2 kolejek),,,1
286,Martin Konczkowski,śląsk wrocław,OBR,Raków Częstochowa,True,,,,,,,insufficient_data,Za mało danych (0/2 kolejek),,,1
289,Przemysław Bargiel,śląsk wrocław,POM,Raków Częstochowa,True,,,,,,,insufficient_data,Za mało danych (0/2 kolejek),,,1
293,Patryk Lipski,widzew łódź,POM,Wisła Płock,False,,,,,,,insufficient_data,Za mało danych (0/2 kolejek),,,1
294,Kamil Mazek,zagłębie lubin,POM,Legia Warszawa,False,,,,,,,insufficient_data,Za mało danych (0/2 kolejek),,,1
298,Miłosz Trojak,korona kielce,OBR,Górnik Zabrze,True,,,,,,,insufficient_data,Za mało danych (0/2 kolejek),,,1
303,Mariusz Stępiński,korona kielce,NAP,Górnik Zabrze,True,,,,,,,insufficient_data,Za mało danych (0/2 kolejek),,,1
304,Ľuboš Kamenár,śląsk wrocław,BR,Raków Częstochowa,True,,,,,,,insufficient_data,Za mało danych (0/2 kolejek),,,1
305,Mariusz Pawełek,jagiellonia białystok,BR,Motor Lublin,False,,,,,,,insufficient_data,Za mało danych (0/2 kolejek),,,1
306,Augusto,śląsk wrocław,OBR,Raków Częstochowa,True,,,,,,,insufficient_data,Za mało danych (0/2 kolejek),,,1
307,Piotr Celeban,śląsk wrocław,OBR,Raków Częstochowa,True,,,,,,,insufficient_data,Za mało danych (0/2 kolejek),,,1
308,Kamil Dankowski,wieczysta kraków,OBR,Lech Poznań,True,,,,,,,insufficient_data,Za mało danych (0/2 kolejek),,,1
309,Lasza Dwali,pogoń szczecin,OBR,Cracovia,False,,,,,,,insufficient_data,Za mało danych (0/2 kolejek),,,1
311,Mariusz Pawelec,śląsk wrocław,OBR,Raków Częstochowa,True,,,,,,,insufficient_data,Za mało danych (0/2 kolejek),,,1
313,Alvarinho,śląsk wrocław,POM,Raków Częstochowa,True,,,,,,,insufficient_data,Za mało danych (0/2 kolejek),,,1
314,Filipe Gonçalves,śląsk wrocław,POM,Raków Częstochowa,True,,,,,,,insufficient_data,Za mało danych (0/2 kolejek),,,1
315,András Gosztonyi,śląsk wrocław,POM,Raków Częstochowa,True,,,,,,,insufficient_data,Za mało danych (0/2 kolejek),,,1
316,Peter Grajciar,śląsk wrocław,POM,Raków Częstochowa,True,,,,,,,insufficient_data,Za mało danych (0/2 kolejek),,,1
317,Jacek Kiełb,korona kielce,POM,Górnik Zabrze,True,,,,,,,insufficient_data,Za mało danych (0/2 kolejek),,,1
318,Łukasz Madej,śląsk wrocław,POM,Raków Częstochowa,True,,,,,,,insufficient_data,Za mało danych (0/2 kolejek),,,1
319,Maciej Matusik,śląsk wrocław,POM,Raków Częstochowa,True,,,,,,,insufficient_data,Za mało danych (0/2 kolejek),,,1
320,Ryota Morioka,śląsk wrocław,POM,Raków Częstochowa,True,,,,,,,insufficient_data,Za mało danych (0/2 kolejek),,,1
321,Maciej Pałaszewski,śląsk wrocław,POM,Raków Częstochowa,True,,,,,,,insufficient_data,Za mało danych (0/2 kolejek),,,1
322,Róbert Pich,legia warszawa,POM,Zagłębie Lubin,True,,,,,,,insufficient_data,Za mało danych (0/2 kolejek),,,1
323,Ostoja Stjepanović,śląsk wrocław,POM,Raków Częstochowa,True,,,,,,,insufficient_data,Za mało danych (0/2 kolejek),,,1
324,Wiktor Żytek,śląsk wrocław,POM,Raków Częstochowa,True,,,,,,,insufficient_data,Za mało danych (0/2 kolejek),,,1
326,Mariusz Idzik,śląsk wrocław,NAP,Raków Częstochowa,True,,,,,,,insufficient_data,Za mało danych (0/2 kolejek),,,1
327,Bence Mervó,śląsk wrocław,NAP,Raków Częstochowa,True,,,,,,,insufficient_data,Za mało danych (0/2 kolejek),,,1
352,Michał Miśkiewicz,korona kielce,BR,Górnik Zabrze,True,,,,,,,insufficient_data,Za mało danych (0/2 kolejek),,,1
353,Mateusz Zając,wisła kraków,BR,Piast Gliwice,False,,,,,,,insufficient_data,Za mało danych (0/2 kolejek),,,1
355,Michał Czekaj,wisła kraków,OBR,Piast Gliwice,False,,,,,,,insufficient_data,Za mało danych (0/2 kolejek),,,1
356,Arkadiusz Głowacki,wisła kraków,OBR,Piast Gliwice,False,,,,,,,insufficient_data,Za mało danych (0/2 kolejek),,,1
357,Richárd Guzmics,wisła kraków,OBR,Piast Gliwice,False,,,,,,,insufficient_data,Za mało danych (0/2 kolejek),,,1
358,Boban Jović,śląsk wrocław,OBR,Raków Częstochowa,True,,,,,,,insufficient_data,Za mało danych (0/2 kolejek),,,1
359,Krystian Kujawa,wisła kraków,OBR,Piast Gliwice,False,,,,,,,insufficient_data,Za mało danych (0/2 kolejek),,,1
360,Adam Mójta,piast gliwice,OBR,Wisła Kraków,True,,,,,,,insufficient_data,Za mało danych (0/2 kolejek),,,1
363,Szymon Witek,wisła kraków,OBR,Piast Gliwice,False,,,,,,,insufficient_data,Za mało danych (0/2 kolejek),,,1
364,Piotr Żemło,wisła kraków,OBR,Piast Gliwice,False,,,,,,,insufficient_data,Za mało danych (0/2 kolejek),,,1
365,Rafał Boguski,wisła kraków,POM,Piast Gliwice,False,,,,,,,insufficient_data,Za mało danych (0/2 kolejek),,,1
366,Petar Brlek,wisła kraków,POM,Piast Gliwice,False,,,,,,,insufficient_data,Za mało danych (0/2 kolejek),,,1
367,Tomasz Cywka,lech poznań,POM,Wieczysta Kraków,False,,,,,,,insufficient_data,Za mało danych (0/2 kolejek),,,1
368,Wilde-Donald Guerrier,wisła kraków,POM,Piast Gliwice,False,,,,,,,insufficient_data,Za mało danych (0/2 kolejek),,,1
369,Grzegorz Gulczyński,wisła kraków,POM,Piast Gliwice,False,,,,,,,insufficient_data,Za mało danych (0/2 kolejek),,,1
370,Patryk Małecki,wisła kraków,POM,Piast Gliwice,False,,,,,,,insufficient_data,Za mało danych (0/2 kolejek),,,1
371,Krzysztof Mączyński,śląsk wrocław,POM,Raków Częstochowa,True,,,,,,,insufficient_data,Za mało danych (0/2 kolejek),,,1
372,Jakub Mordec,wisła kraków,POM,Piast Gliwice,False,,,,,,,insufficient_data,Za mało danych (0/2 kolejek),,,1
373,Denis Popovič,wisła kraków,POM,Piast Gliwice,False,,,,,,,insufficient_data,Za mało danych (0/2 kolejek),,,1
374,Alan Uryga,wisła kraków,OBR,Piast Gliwice,False,,,,,,,insufficient_data,Za mało danych (0/2 kolejek),,,1
375,Oskar Wąsikowski,wisła kraków,POM,Piast Gliwice,False,,,,,,,insufficient_data,Za mało danych (0/2 kolejek),,,1
376,Paweł Brożek,wisła kraków,NAP,Piast Gliwice,False,,,,,,,insufficient_data,Za mało danych (0/2 kolejek),,,1
378,Zdeněk Ondrášek,wisła kraków,NAP,Piast Gliwice,False,,,,,,,insufficient_data,Za mało danych (0/2 kolejek),,,1
379,Adrian Wójcik,wisła kraków,NAP,Piast Gliwice,False,,,,,,,insufficient_data,Za mało danych (0/2 kolejek),,,1
380,Mateusz Zachara,wisła kraków,NAP,Piast Gliwice,False,,,,,,,insufficient_data,Za mało danych (0/2 kolejek),,,1
381,Konrad Forenc,korona kielce,BR,Górnik Zabrze,True,,,,,,,insufficient_data,Za mało danych (0/2 kolejek),,,1
384,Đorđe Čotra,śląsk wrocław,OBR,Raków Częstochowa,True,,,,,,,insufficient_data,Za mało danych (0/2 kolejek),,,1
387,Ľubomír Guldan,zagłębie lubin,OBR,Legia Warszawa,False,,,,,,,insufficient_data,Za mało danych (0/2 kolejek),,,1
388,Jarosław Jach,zagłębie lubin,OBR,Legia Warszawa,False,,,,,,,insufficient_data,Za mało danych (0/2 kolejek),,,1
389,Sebastian Madera,zagłębie lubin,OBR,Legia Warszawa,False,,,,,,,insufficient_data,Za mało danych (0/2 kolejek),,,1
390,Aleksandar Todorovski,zagłębie lubin,OBR,Legia Warszawa,False,,,,,,,insufficient_data,Za mało danych (0/2 kolejek),,,1
391,Damian Zbozień,wisła płock,OBR,Widzew Łódź,True,,,,,,,insufficient_data,Za mało danych (0/2 kolejek),,,1
392,Filip Jagiełło,lech poznań,POM,Wieczysta Kraków,False,,,,,,,insufficient_data,Za mało danych (0/2 kolejek),,,1
393,Łukasz Janoszka,zagłębie lubin,POM,Legia Warszawa,False,,,,,,,insufficient_data,Za mało danych (0/2 kolejek),,,1
400,Jakub Tosik,zagłębie lubin,POM,Legia Warszawa,False,,,,,,,insufficient_data,Za mało danych (0/2 kolejek),,,1
401,Ján Vlasko,zagłębie lubin,POM,Legia Warszawa,False,,,,,,,insufficient_data,Za mało danych (0/2 kolejek),,,1
402,Arkadiusz Woźniak,zagłębie lubin,POM,Legia Warszawa,False,,,,,,,insufficient_data,Za mało danych (0/2 kolejek),,,1
403,Karol Żmijewski,zagłębie lubin,POM,Legia Warszawa,False,,,,,,,insufficient_data,Za mało danych (0/2 kolejek),,,1
405,Konrad Andrzejczak,zagłębie lubin,POM,Legia Warszawa,False,,,,,,,insufficient_data,Za mało danych (0/2 kolejek),,,1
406,Michal Papadopulos,korona kielce,NAP,Górnik Zabrze,True,,,,,,,insufficient_data,Za mało danych (0/2 kolejek),,,1
407,Krzysztof Piątek,cracovia,NAP,Pogoń Szczecin,True,,,,,,,insufficient_data,Za mało danych (0/2 kolejek),,,1
412,Pavels Šteinbors,jagiellonia białystok,BR,Motor Lublin,False,,,,,,,insufficient_data,Za mało danych (0/2 kolejek),,,1
420,Marcin Warcholak,wisła płock,OBR,Widzew Łódź,True,,,,,,,insufficient_data,Za mało danych (0/2 kolejek),,,1
423,Adrian Błąd,gks katowice,POM,Radomiak Radom,True,,,,,,,insufficient_data,Za mało danych (0/2 kolejek),,,1
429,Michał Nalepa,jagiellonia białystok,POM,Motor Lublin,False,,,,,,,insufficient_data,Za mało danych (0/2 kolejek),,,1
431,Mateusz Szwoch,wisła płock,POM,Widzew Łódź,True,,,,,,,insufficient_data,Za mało danych (0/2 kolejek),,,1
432,Grzegorz Tomasiewicz,śląsk wrocław,POM,Raków Częstochowa,True,,,,,,,insufficient_data,Za mało danych (0/2 kolejek),,,1
439,Bartosz Kaniecki,wisła płock,BR,Widzew Łódź,True,,,,,,,insufficient_data,Za mało danych (0/2 kolejek),,,1
440,Seweryn Kiełpin,wisła płock,BR,Widzew Łódź,True,,,,,,,insufficient_data,Za mało danych (0/2 kolejek),,,1
441,Mateusz Kryczka,radomiak radom,BR,GKS Katowice,False,,,,,,,insufficient_data,Za mało danych (0/2 kolejek),,,1
442,Klaudiusz Kurek,wisła płock,BR,Widzew Łódź,True,,,,,,,insufficient_data,Za mało danych (0/2 kolejek),,,1
444,Damian Byrtek,piast gliwice,OBR,Wisła Kraków,True,,,,,,,insufficient_data,Za mało danych (0/2 kolejek),,,1
445,Bartłomiej Sielewski,wisła płock,OBR,Widzew Łódź,True,,,,,,,insufficient_data,Za mało danych (0/2 kolejek),,,1
446,Cezary Stefańczyk,wisła płock,OBR,Widzew Łódź,True,,,,,,,insufficient_data,Za mało danych (0/2 kolejek),,,1
448,Kamil Sylwestrzak,wisła płock,OBR,Widzew Łódź,True,,,,,,,insufficient_data,Za mało danych (0/2 kolejek),,,1
449,Przemysław Szymiński,wisła płock,OBR,Widzew Łódź,True,,,,,,,insufficient_data,Za mało danych (0/2 kolejek),,,1
450,Dominik Furman,wisła płock,POM,Widzew Łódź,True,,,,,,,insufficient_data,Za mało danych (0/2 kolejek),,,1
451,Dimityr Ilijew,wisła płock,POM,Widzew Łódź,True,,,,,,,insufficient_data,Za mało danych (0/2 kolejek),,,1
452,Dawid Jabłoński,wisła płock,POM,Widzew Łódź,True,,,,,,,insufficient_data,Za mało danych (0/2 kolejek),,,1
453,Dominik Kun,wisła płock,POM,Widzew Łódź,True,,,,,,,insufficient_data,Za mało danych (0/2 kolejek),,,1
455,Jakub Łukowski,gks katowice,POM,Radomiak Radom,True,,,,,,,insufficient_data,Za mało danych (0/2 kolejek),,,1
457,Damian Piotrowski,wisła płock,POM,Widzew Łódź,True,,,,,,,insufficient_data,Za mało danych (0/2 kolejek),,,1
458,Arkadiusz Reca,legia warszawa,OBR,Zagłębie Lubin,True,,,,,,,insufficient_data,Za mało danych (1/2 kolejek),,,1
459,Maksymilian Rogalski,wisła płock,POM,Widzew Łódź,True,,,,,,,insufficient_data,Za mało danych (0/2 kolejek),,,1
460,Patryk Szczepański,wisła płock,POM,Widzew Łódź,True,,,,,,,insufficient_data,Za mało danych (0/2 kolejek),,,1
462,Emil Drozdowicz,wisła płock,NAP,Widzew Łódź,True,,,,,,,insufficient_data,Za mało danych (0/2 kolejek),,,1
464,Kamil Nowicki,wisła płock,NAP,Widzew Łódź,True,,,,,,,insufficient_data,Za mało danych (0/2 kolejek),,,1
465,Krystian Popiela,wisła płock,NAP,Widzew Łódź,True,,,,,,,insufficient_data,Za mało danych (0/2 kolejek),,,1
466,Witalij Hemeha,wisła płock,POM,Widzew Łódź,True,,,,,,,insufficient_data,Za mało danych (0/2 kolejek),,,1
469,José Kanté,legia warszawa,NAP,Zagłębie Lubin,True,,,,,,,insufficient_data,Za mało danych (0/2 kolejek),,,1
471,Seiya Kitano,pogoń szczecin,NAP,Cracovia,False,,,,,,,insufficient_data,Za mało danych (0/2 kolejek),,,1
472,Łukasz Załuska,pogoń szczecin,BR,Cracovia,False,,,,,,,insufficient_data,Za mało danych (0/2 kolejek),,,1
473,Miguel Palanca Fernández,korona kielce,POM,Górnik Zabrze,True,,,,,,,insufficient_data,Za mało danych (0/2 kolejek),,,1
474,Jakub Čunta,cracovia,OBR,Pogoń Szczecin,True,,,,,,,insufficient_data,Za mało danych (0/2 kolejek),,,1
477,Steeven Langil,legia warszawa,POM,Zagłębie Lubin,True,,,,,,,insufficient_data,Za mało danych (0/2 kolejek),,,1
479,Diego Ferraresso,cracovia,OBR,Pogoń Szczecin,True,,,,,,,insufficient_data,Za mało danych (0/2 kolejek),,,1
480,Bartosz Nowak,gks katowice,POM,Radomiak Radom,True,,,,,,,insufficient_data,Za mało danych (0/2 kolejek),,,1
485,Vadis Odjidja-Ofoe,legia warszawa,POM,Zagłębie Lubin,True,,,,,,,insufficient_data,Za mało danych (0/2 kolejek),,,1
487,Giorgi Merebaszwili,wisła płock,POM,Widzew Łódź,True,,,,,,,insufficient_data,Za mało danych (0/2 kolejek),,,1
490,Mario Engels,śląsk wrocław,POM,Raków Częstochowa,True,,,,,,,insufficient_data,Za mało danych (0/2 kolejek),,,1
491,Mateusz Wieteska,legia warszawa,OBR,Zagłębie Lubin,True,,,,,,,insufficient_data,Za mało danych (0/2 kolejek),,,1
492,Sebastian Szymański,legia warszawa,POM,Zagłębie Lubin,True,,,,,,,insufficient_data,Za mało danych (0/2 kolejek),,,1
494,Sito Riera,śląsk wrocław,POM,Raków Częstochowa,True,,,,,,,insufficient_data,Za mało danych (0/2 kolejek),,,1
495,Martin Nespor,zagłębie lubin,NAP,Legia Warszawa,False,,,,,,,insufficient_data,Za mało danych (0/2 kolejek),,,1
498,Haubert Sityá Guilherme,jagiellonia białystok,OBR,Motor Lublin,False,,,,,,,insufficient_data,Za mało danych (0/2 kolejek),,,1
499,Miroslav Radović,legia warszawa,POM,Zagłębie Lubin,True,,,,,,,insufficient_data,Za mało danych (0/2 kolejek),,,1
500,Waleri Kazaiszwili,legia warszawa,POM,Zagłębie Lubin,True,,,,,,,insufficient_data,Za mało danych (0/2 kolejek),,,1
501,Piotr Malarczyk,korona kielce,OBR,Górnik Zabrze,True,,,,,,,insufficient_data,Za mało danych (0/2 kolejek),,,1
504,Deimantas Petravičius,zagłębie lubin,POM,Legia Warszawa,False,,,,,,,insufficient_data,Za mało danych (0/2 kolejek),,,1
505,Javi Hernández,cracovia,POM,Pogoń Szczecin,True,,,,,,,insufficient_data,Za mało danych (0/2 kolejek),,,1
507,Daniel Abalo,korona kielce,POM,Górnik Zabrze,True,,,,,,,insufficient_data,Za mało danych (0/2 kolejek),,,1
508,Cornel Râpă,cracovia,OBR,Pogoń Szczecin,True,,,,,,,insufficient_data,Za mało danych (0/2 kolejek),,,1
511,Ivica Vrdoljak,wisła płock,POM,Widzew Łódź,True,,,,,,,insufficient_data,Za mało danych (0/2 kolejek),,,1
514,Łukasz Bejger,śląsk wrocław,OBR,Raków Częstochowa,True,,,,,,,insufficient_data,Za mało danych (0/2 kolejek),,,1
515,Sandro Gotal,piast gliwice,NAP,Wisła Kraków,True,,,,,,,insufficient_data,Za mało danych (0/2 kolejek),,,1
519,Przemysław Porębski,wisła kraków,POM,Piast Gliwice,False,,,,,,,insufficient_data,Za mało danych (0/2 kolejek),,,1
522,Semir Štilić,wisła płock,POM,Widzew Łódź,True,,,,,,,insufficient_data,Za mało danych (0/2 kolejek),,,1
523,Daniel Chima Chukwu,legia warszawa,NAP,Zagłębie Lubin,True,,,,,,,insufficient_data,Za mało danych (0/2 kolejek),,,1
526,Luka Zarandia,korona kielce,POM,Górnik Zabrze,True,,,,,,,insufficient_data,Za mało danych (0/2 kolejek),,,1
528,Arvydas Novikovas,legia warszawa,POM,Zagłębie Lubin,True,,,,,,,insufficient_data,Za mało danych (0/2 kolejek),,,1
529,Iván González,wisła kraków,OBR,Piast Gliwice,False,,,,,,,insufficient_data,Za mało danych (0/2 kolejek),,,1
531,Jakub Żubrowski,zagłębie lubin,POM,Legia Warszawa,False,,,,,,,insufficient_data,Za mało danych (0/2 kolejek),,,1
533,Mihai Radut,lech poznań,POM,Wieczysta Kraków,False,,,,,,,insufficient_data,Za mało danych (0/2 kolejek),,,1
534,Mate Cincadze,pogoń szczecin,POM,Cracovia,False,,,,,,,insufficient_data,Za mało danych (0/2 kolejek),,,1
535,Artur Jędrzejczyk,legia warszawa,OBR,Zagłębie Lubin,True,,,,,,,insufficient_data,Za mało danych (0/2 kolejek),,,1
536,Dominik Nagy,legia warszawa,POM,Zagłębie Lubin,True,,,,,,,insufficient_data,Za mało danych (0/2 kolejek),,,1
537,Sadam Sulley,legia warszawa,NAP,Zagłębie Lubin,True,,,,,,,insufficient_data,Za mało danych (0/2 kolejek),,,1
538,Eryk Sobków,zagłębie lubin,NAP,Legia Warszawa,False,,,,,,,insufficient_data,Za mało danych (0/2 kolejek),,,1
542,Krystian Miś,wisła płock,OBR,Widzew Łódź,True,,,,,,,insufficient_data,Za mało danych (0/2 kolejek),,,1
543,Charlie Trafford,korona kielce,POM,Górnik Zabrze,True,,,,,,,insufficient_data,Za mało danych (0/2 kolejek),,,1
544,Sandro Kulenović,legia warszawa,NAP,Zagłębie Lubin,True,,,,,,,insufficient_data,Za mało danych (0/2 kolejek),,,1
545,Jakub Freitag,piast gliwice,BR,Wisła Kraków,True,,,,,,,insufficient_data,Za mało danych (0/2 kolejek),,,1
547,Łukasz Wiech,śląsk wrocław,OBR,Raków Częstochowa,True,,,,,,,insufficient_data,Za mało danych (0/2 kolejek),,,1
548,Ariel Borysiuk,jagiellonia białystok,POM,Motor Lublin,False,,,,,,,insufficient_data,Za mało danych (0/2 kolejek),,,1
549,Ziggy Gordon,jagiellonia białystok,OBR,Motor Lublin,False,,,,,,,insufficient_data,Za mało danych (0/2 kolejek),,,1
550,Tomáš Necid,legia warszawa,NAP,Zagłębie Lubin,True,,,,,,,insufficient_data,Za mało danych (0/2 kolejek),,,1
552,Ilijan Micanski,korona kielce,NAP,Górnik Zabrze,True,,,,,,,insufficient_data,Za mało danych (0/2 kolejek),,,1
554,Bartłomiej Urbański,legia warszawa,POM,Zagłębie Lubin,True,,,,,,,insufficient_data,Za mało danych (0/2 kolejek),,,1
555,Pol Llonch,wisła kraków,POM,Piast Gliwice,False,,,,,,,insufficient_data,Za mało danych (0/2 kolejek),,,1
556,Tymoteusz Puchacz,gks katowice,OBR,Radomiak Radom,True,,,,,,,insufficient_data,Za mało danych (0/2 kolejek),,,1
558,Dušan Kuciak,raków częstochowa,BR,Śląsk Wrocław,False,,,,,,,insufficient_data,Za mało danych (0/2 kolejek),,,1
560,Hugo Vidémont,wisła kraków,POM,Piast Gliwice,False,,,,,,,insufficient_data,Za mało danych (0/2 kolejek),,,1
561,Matija Špičić,wisła kraków,OBR,Piast Gliwice,False,,,,,,,insufficient_data,Za mało danych (0/2 kolejek),,,1
562,Lukáš Čmelík,piast gliwice,POM,Wisła Kraków,True,,,,,,,insufficient_data,Za mało danych (0/2 kolejek),,,1
563,Marcin Wasielewski,gks katowice,OBR,Radomiak Radom,True,,,,,,,insufficient_data,Za mało danych (0/2 kolejek),,,1
564,Víctor Gutiérrez,lech poznań,POM,Wieczysta Kraków,False,,,,,,,insufficient_data,Za mało danych (0/2 kolejek),,,1
565,Milan Borjan,korona kielce,BR,Górnik Zabrze,True,,,,,,,insufficient_data,Za mało danych (0/2 kolejek),,,1
566,Nadir Çiftçi,pogoń szczecin,NAP,Cracovia,False,,,,,,,insufficient_data,Za mało danych (0/2 kolejek),,,1
567,Éver Valencia,wisła kraków,POM,Piast Gliwice,False,,,,,,,insufficient_data,Za mało danych (0/2 kolejek),,,1
568,Cristián Echavarría,wisła kraków,POM,Piast Gliwice,False,,,,,,,insufficient_data,Za mało danych (0/2 kolejek),,,1
570,Michał Smolarczyk,korona kielce,NAP,Górnik Zabrze,True,,,,,,,insufficient_data,Za mało danych (0/2 kolejek),,,1
571,Elvis Kokalović,lech poznań,OBR,Wieczysta Kraków,False,,,,,,,insufficient_data,Za mało danych (0/2 kolejek),,,1
572,Mateusz Prolejko,jagiellonia białystok,POM,Motor Lublin,False,,,,,,,insufficient_data,Za mało danych (0/2 kolejek),,,1
574,Bartosz Slisz,legia warszawa,POM,Zagłębie Lubin,True,,,,,,,insufficient_data,Za mało danych (0/2 kolejek),,,1
575,Radosław Dzierbicki,zagłębie lubin,POM,Legia Warszawa,False,,,,,,,insufficient_data,Za mało danych (0/2 kolejek),,,1
576,Cillian Sheridan,wisła płock,NAP,Widzew Łódź,True,,,,,,,insufficient_data,Za mało danych (0/2 kolejek),,,1
579,Harmeet Singh,wisła płock,POM,Widzew Łódź,True,,,,,,,insufficient_data,Za mało danych (0/2 kolejek),,,1
580,Sebastian Kowalczyk,zagłębie lubin,POM,Legia Warszawa,False,,,,,,,insufficient_data,Za mało danych (0/2 kolejek),,,1
581,Dominik Jończy,zagłębie lubin,OBR,Legia Warszawa,False,,,,,,,insufficient_data,Za mało danych (0/2 kolejek),,,1
582,Denis Gojko,piast gliwice,POM,Wisła Kraków,True,,,,,,,insufficient_data,Za mało danych (0/2 kolejek),,,1
583,Adrian Łyszczarz,śląsk wrocław,POM,Raków Częstochowa,True,,,,,,,insufficient_data,Za mało danych (0/2 kolejek),,,1
584,Wojciech Słomka,wisła kraków,POM,Piast Gliwice,False,,,,,,,insufficient_data,Za mało danych (0/2 kolejek),,,1
585,Kacper Laskoś,wisła kraków,POM,Piast Gliwice,False,,,,,,,insufficient_data,Za mało danych (0/2 kolejek),,,1
587,Patryk Dziczek,pogoń szczecin,POM,Cracovia,False,,,,,,,insufficient_data,Za mało danych (1/2 kolejek),,,1
588,Dawid Kieplin,wisła płock,POM,Widzew Łódź,True,,,,,,,insufficient_data,Za mało danych (0/2 kolejek),,,1
589,Seweryn Truskolaski,wisła płock,POM,Widzew Łódź,True,,,,,,,insufficient_data,Za mało danych (0/2 kolejek),,,1
591,Marcin Mielczarski,wisła płock,OBR,Widzew Łódź,True,,,,,,,insufficient_data,Za mało danych (0/2 kolejek),,,1
592,Daniel Łuczak,śląsk wrocław,POM,Raków Częstochowa,True,,,,,,,insufficient_data,Za mało danych (0/2 kolejek),,,1
593,Łukasz Krakowczyk,piast gliwice,NAP,Wisła Kraków,True,,,,,,,insufficient_data,Za mało danych (0/2 kolejek),,,1
595,Piotr Poński,korona kielce,NAP,Górnik Zabrze,True,,,,,,,insufficient_data,Za mało danych (0/2 kolejek),,,1
602,Lennard Sowah,cracovia,OBR,Pogoń Szczecin,True,,,,,,,insufficient_data,Za mało danych (0/2 kolejek),,,1
605,Sergei Zenjov,cracovia,NAP,Pogoń Szczecin,True,,,,,,,insufficient_data,Za mało danych (0/2 kolejek),,,1
608,Łukasz Radliński,lech poznań,BR,Wieczysta Kraków,False,,,,,,,insufficient_data,Za mało danych (0/2 kolejek),,,1
610,Adrian Danek,gks katowice,OBR,Radomiak Radom,True,,,,,,,insufficient_data,Za mało danych (0/2 kolejek),,,1
625,Filip Piszczek,jagiellonia białystok,NAP,Motor Lublin,False,,,,,,,insufficient_data,Za mało danych (0/2 kolejek),,,1
632,Wiktor Nowak,wisła płock,POM,Widzew Łódź,True,,,,,,,insufficient_data,Za mało danych (0/2 kolejek),,,1
633,Mateusz Wdowiak,gks katowice,POM,Radomiak Radom,True,,,,,,,insufficient_data,Za mało danych (0/2 kolejek),,,1
636,Nika Kaczarawa,lech poznań,NAP,Wieczysta Kraków,False,,,,,,,insufficient_data,Za mało danych (0/2 kolejek),,,1
637,Mateusz Kuchta,zagłębie lubin,BR,Legia Warszawa,False,,,,,,,insufficient_data,Za mało danych (0/2 kolejek),,,1
638,Grzegorz Kasprzik,górnik zabrze,BR,Korona Kielce,False,,,,,,,insufficient_data,Za mało danych (0/2 kolejek),,,1
641,Marcis Ošs,górnik zabrze,OBR,Korona Kielce,False,,,,,,,insufficient_data,Za mało danych (0/2 kolejek),,,1
642,Ołeksandr Szeweluchin,górnik zabrze,OBR,Korona Kielce,False,,,,,,,insufficient_data,Za mało danych (0/2 kolejek),,,1
644,Erik Grendel,górnik zabrze,POM,Korona Kielce,False,,,,,,,insufficient_data,Za mało danych (0/2 kolejek),,,1
646,Aleksander Kwiek,górnik zabrze,POM,Korona Kielce,False,,,,,,,insufficient_data,Za mało danych (0/2 kolejek),,,1
648,Bartosz Pikul,górnik zabrze,POM,Korona Kielce,False,,,,,,,insufficient_data,Za mało danych (0/2 kolejek),,,1
649,Mariusz Przybylski,górnik zabrze,POM,Korona Kielce,False,,,,,,,insufficient_data,Za mało danych (0/2 kolejek),,,1
650,Michał Teichman,górnik zabrze,OBR,Korona Kielce,False,,,,,,,insufficient_data,Za mało danych (0/2 kolejek),,,1
651,Daniel Wajsak,górnik zabrze,POM,Korona Kielce,False,,,,,,,insufficient_data,Za mało danych (0/2 kolejek),,,1
652,Krzysztof Kiklaisz,górnik zabrze,NAP,Korona Kielce,False,,,,,,,insufficient_data,Za mało danych (0/2 kolejek),,,1
653,Dariusz Pawłowski,radomiak radom,OBR,GKS Katowice,False,,,,,,,insufficient_data,Za mało danych (0/2 kolejek),,,1
654,Szymon Skrzypczak,górnik zabrze,NAP,Korona Kielce,False,,,,,,,insufficient_data,Za mało danych (0/2 kolejek),,,1
655,Marcin Urynowicz,górnik zabrze,NAP,Korona Kielce,False,,,,,,,insufficient_data,Za mało danych (0/2 kolejek),,,1
656,Bartłomiej Olszewski,górnik zabrze,OBR,Korona Kielce,False,,,,,,,insufficient_data,Za mało danych (0/2 kolejek),,,1
657,Dawid Plizga,górnik zabrze,POM,Korona Kielce,False,,,,,,,insufficient_data,Za mało danych (0/2 kolejek),,,1
659,Konrad Nowak,górnik zabrze,POM,Korona Kielce,False,,,,,,,insufficient_data,Za mało danych (0/2 kolejek),,,1
660,Bartłomiej Gajda,górnik zabrze,OBR,Korona Kielce,False,,,,,,,insufficient_data,Za mało danych (0/2 kolejek),,,1
661,Adam Wolniewicz,górnik zabrze,OBR,Korona Kielce,False,,,,,,,insufficient_data,Za mało danych (0/2 kolejek),,,1
662,Igor Angulo,górnik zabrze,NAP,Korona Kielce,False,,,,,,,insufficient_data,Za mało danych (0/2 kolejek),,,1
663,Rafał Kosznik,górnik zabrze,OBR,Korona Kielce,False,,,,,,,insufficient_data,Za mało danych (0/2 kolejek),,,1
665,David Ledecký,górnik zabrze,NAP,Korona Kielce,False,,,,,,,insufficient_data,Za mało danych (0/2 kolejek),,,1
666,Wojciech Pawłowski,górnik zabrze,BR,Korona Kielce,False,,,,,,,insufficient_data,Za mało danych (0/2 kolejek),,,1
667,Szymon Żurkowski,górnik zabrze,POM,Korona Kielce,False,,,,,,,insufficient_data,Za mało danych (0/2 kolejek),,,1
668,Denis Jančo,górnik zabrze,POM,Korona Kielce,False,,,,,,,insufficient_data,Za mało danych (0/2 kolejek),,,1
669,Sandi Arčon,górnik zabrze,POM,Korona Kielce,False,,,,,,,insufficient_data,Za mało danych (0/2 kolejek),,,1
670,Meik Karwot,radomiak radom,OBR,GKS Katowice,False,,,,,,,insufficient_data,Za mało danych (0/2 kolejek),,,1
671,Dani Suárez,górnik zabrze,OBR,Korona Kielce,False,,,,,,,insufficient_data,Za mało danych (0/2 kolejek),,,1
672,Tomasz Loska,górnik zabrze,BR,Korona Kielce,False,,,,,,,insufficient_data,Za mało danych (0/2 kolejek),,,1
673,Rafał Wolsztyński R.,górnik zabrze,POM,Korona Kielce,False,,,,,,,insufficient_data,Za mało danych (0/2 kolejek),,,1
674,Nicklas Bärkroth,lech poznań,POM,Wieczysta Kraków,False,,,,,,,insufficient_data,Za mało danych (0/2 kolejek),,,1
675,Vernon De Marco,lech poznań,OBR,Wieczysta Kraków,False,,,,,,,insufficient_data,Za mało danych (0/2 kolejek),,,1
676,Emir Dilaver,lech poznań,OBR,Wieczysta Kraków,False,,,,,,,insufficient_data,Za mało danych (0/2 kolejek),,,1
677,Deniss Rakels,cracovia,NAP,Pogoń Szczecin,True,,,,,,,insufficient_data,Za mało danych (0/2 kolejek),,,1
678,Mario Šitum,lech poznań,POM,Wieczysta Kraków,False,,,,,,,insufficient_data,Za mało danych (0/2 kolejek),,,1
680,Fran Vélez,wisła kraków,OBR,Piast Gliwice,False,,,,,,,insufficient_data,Za mało danych (0/2 kolejek),,,1
681,Michał Nalepa,zagłębie lubin,OBR,Legia Warszawa,False,,,,,,,insufficient_data,Za mało danych (0/2 kolejek),,,1
684,Bartosz Waleńcik,piast gliwice,OBR,Wisła Kraków,True,,,,,,,insufficient_data,Za mało danych (0/2 kolejek),,,1
685,Tomasz Hołota,pogoń szczecin,POM,Cracovia,False,,,,,,,insufficient_data,Za mało danych (0/2 kolejek),,,1
686,Sebastian Walukiewicz,pogoń szczecin,OBR,Cracovia,False,,,,,,,insufficient_data,Za mało danych (0/2 kolejek),,,1
688,Jakub Kosecki,cracovia,POM,Pogoń Szczecin,True,,,,,,,insufficient_data,Za mało danych (0/2 kolejek),,,1
689,Arkadiusz Piech,śląsk wrocław,NAP,Raków Częstochowa,True,,,,,,,insufficient_data,Za mało danych (0/2 kolejek),,,1
690,Oktawian Skrzecz,korona kielce,POM,Górnik Zabrze,True,,,,,,,insufficient_data,Za mało danych (0/2 kolejek),,,1
691,Jakub Wrąbel,widzew łódź,BR,Wisła Płock,False,,,,,,,insufficient_data,Za mało danych (0/2 kolejek),,,1
692,Zoran Arsenić,legia warszawa,OBR,Zagłębie Lubin,True,,,,,,,insufficient_data,Za mało danych (1/2 kolejek),,,1
693,Carlos López,legia warszawa,NAP,Zagłębie Lubin,True,,,,,,,insufficient_data,Za mało danych (0/2 kolejek),,,1
694,Julián Cuesta,wisła kraków,BR,Piast Gliwice,False,,,,,,,insufficient_data,Za mało danych (0/2 kolejek),,,1
695,Tibor Halilović,wisła kraków,POM,Piast Gliwice,False,,,,,,,insufficient_data,Za mało danych (0/2 kolejek),,,1
696,Paul Pârvulescu,wisła płock,POM,Widzew Łódź,True,,,,,,,insufficient_data,Za mało danych (0/2 kolejek),,,1
697,César Varela,wisła płock,POM,Widzew Łódź,True,,,,,,,insufficient_data,Za mało danych (0/2 kolejek),,,1
698,Alan Czerwiński,gks katowice,OBR,Radomiak Radom,True,,,,,,,insufficient_data,Za mało danych (0/2 kolejek),,,1
699,Adam Matuszczyk,zagłębie lubin,POM,Legia Warszawa,False,,,,,,,insufficient_data,Za mało danych (0/2 kolejek),,,1
700,Jakub Świerczok,śląsk wrocław,NAP,Raków Częstochowa,True,,,,,,,insufficient_data,Za mało danych (0/2 kolejek),,,1
701,Patryk Kun,wisła płock,OBR,Widzew Łódź,True,,,,,,,insufficient_data,Za mało danych (0/2 kolejek),,,1
704,Christian Gytkjær,lech poznań,NAP,Wieczysta Kraków,False,,,,,,,insufficient_data,Za mało danych (0/2 kolejek),,,1
706,Kamil Wojtkowski,jagiellonia białystok,POM,Motor Lublin,False,,,,,,,insufficient_data,Za mało danych (0/2 kolejek),,,1
707,Damian Pietras,korona kielce,OBR,Górnik Zabrze,True,,,,,,,insufficient_data,Za mało danych (0/2 kolejek),,,1
708,Eryk Borczyński,korona kielce,POM,Górnik Zabrze,True,,,,,,,insufficient_data,Za mało danych (0/2 kolejek),,,1
710,Mateusz Jarzynka,cracovia,OBR,Pogoń Szczecin,True,,,,,,,insufficient_data,Za mało danych (0/2 kolejek),,,1
711,Robert Pieczur,górnik zabrze,OBR,Korona Kielce,False,,,,,,,insufficient_data,Za mało danych (0/2 kolejek),,,1
712,Jakub Bursztyn,pogoń szczecin,BR,Cracovia,False,,,,,,,insufficient_data,Za mało danych (0/2 kolejek),,,1
713,Martin Pospíšil,jagiellonia białystok,POM,Motor Lublin,False,,,,,,,insufficient_data,Za mało danych (0/2 kolejek),,,1
715,Łukasz Kosakiewicz,korona kielce,POM,Górnik Zabrze,True,,,,,,,insufficient_data,Za mało danych (0/2 kolejek),,,1
716,Alen Ploj,wisła płock,NAP,Widzew Łódź,True,,,,,,,insufficient_data,Za mało danych (0/2 kolejek),,,1
718,Adnan Kovačević,raków częstochowa,OBR,Śląsk Wrocław,False,,,,,,,insufficient_data,Za mało danych (0/2 kolejek),,,1
721,Nikola Vujadinović,lech poznań,OBR,Wieczysta Kraków,False,,,,,,,insufficient_data,Za mało danych (0/2 kolejek),,,1
722,Karol Angielski,pogoń szczecin,NAP,Cracovia,False,,,,,,,insufficient_data,Za mało danych (0/2 kolejek),,,1
723,Igor Łasicki,pogoń szczecin,OBR,Cracovia,False,,,,,,,insufficient_data,Za mało danych (0/2 kolejek),,,1
724,Zlatan Alomerović,zagłębie lubin,BR,Legia Warszawa,False,,,,,,,insufficient_data,Za mało danych (0/2 kolejek),,,1
725,Matthias Hamrol,korona kielce,BR,Górnik Zabrze,True,,,,,,,insufficient_data,Za mało danych (0/2 kolejek),,,1
726,Shawn Barry,korona kielce,OBR,Górnik Zabrze,True,,,,,,,insufficient_data,Za mało danych (0/2 kolejek),,,1
727,Ivan Jukić,korona kielce,POM,Górnik Zabrze,True,,,,,,,insufficient_data,Za mało danych (0/2 kolejek),,,1
728,Fabian Burdenski,korona kielce,POM,Górnik Zabrze,True,,,,,,,insufficient_data,Za mało danych (0/2 kolejek),,,1
729,Michael Gardawski,cracovia,POM,Pogoń Szczecin,True,,,,,,,insufficient_data,Za mało danych (0/2 kolejek),,,1
730,Martin Košťál,jagiellonia białystok,POM,Motor Lublin,False,,,,,,,insufficient_data,Za mało danych (0/2 kolejek),,,1
731,Hildeberto Pereira,legia warszawa,POM,Zagłębie Lubin,True,,,,,,,insufficient_data,Za mało danych (0/2 kolejek),,,1
732,Angelos Argýris,korona kielce,OBR,Górnik Zabrze,True,,,,,,,insufficient_data,Za mało danych (0/2 kolejek),,,1
733,Daniel Łukasik,śląsk wrocław,POM,Raków Częstochowa,True,,,,,,,insufficient_data,Za mało danych (0/2 kolejek),,,1
734,Adam Deja,korona kielce,POM,Górnik Zabrze,True,,,,,,,insufficient_data,Za mało danych (0/2 kolejek),,,1
735,Armando Sadiku,legia warszawa,NAP,Zagłębie Lubin,True,,,,,,,insufficient_data,Za mało danych (0/2 kolejek),,,1
738,Ákos Kecskés,korona kielce,OBR,Górnik Zabrze,True,,,,,,,insufficient_data,Za mało danych (0/2 kolejek),,,1
740,Ołeksij Dytiatjew,cracovia,OBR,Pogoń Szczecin,True,,,,,,,insufficient_data,Za mało danych (0/2 kolejek),,,1
741,Cristian Pasquato,legia warszawa,POM,Zagłębie Lubin,True,,,,,,,insufficient_data,Za mało danych (0/2 kolejek),,,1
742,Joel Valencia,legia warszawa,POM,Zagłębie Lubin,True,,,,,,,insufficient_data,Za mało danych (0/2 kolejek),,,1
745,Saša Balić,korona kielce,OBR,Górnik Zabrze,True,,,,,,,insufficient_data,Za mało danych (0/2 kolejek),,,1
747,Elia Soriano,korona kielce,NAP,Górnik Zabrze,True,,,,,,,insufficient_data,Za mało danych (0/2 kolejek),,,1
749,Błażej Augustyn,jagiellonia białystok,OBR,Motor Lublin,False,,,,,,,insufficient_data,Za mało danych (0/2 kolejek),,,1
750,José Zé Manuel,wisła kraków,POM,Piast Gliwice,False,,,,,,,insufficient_data,Za mało danych (0/2 kolejek),,,1
751,Dario Rugašević,piast gliwice,OBR,Wisła Kraków,True,,,,,,,insufficient_data,Za mało danych (0/2 kolejek),,,1
752,Vullnet Basha,wisła kraków,POM,Piast Gliwice,False,,,,,,,insufficient_data,Za mało danych (0/2 kolejek),,,1
753,Iñaki Astiz,legia warszawa,OBR,Zagłębie Lubin,True,,,,,,,insufficient_data,Za mało danych (0/2 kolejek),,,1
755,Patryk Tuszyński,wisła płock,NAP,Widzew Łódź,True,,,,,,,insufficient_data,Za mało danych (0/2 kolejek),,,1
756,Dawid Pietrzkiewicz,raków częstochowa,BR,Śląsk Wrocław,False,,,,,,,insufficient_data,Za mało danych (0/2 kolejek),,,1
757,Sylwester Lusiusz,cracovia,POM,Pogoń Szczecin,True,,,,,,,insufficient_data,Za mało danych (0/2 kolejek),,,1
758,Nemanja Mitrović,jagiellonia białystok,OBR,Motor Lublin,False,,,,,,,insufficient_data,Za mało danych (0/2 kolejek),,,1
759,Kamil Vacek,śląsk wrocław,POM,Raków Częstochowa,True,,,,,,,insufficient_data,Za mało danych (0/2 kolejek),,,1
760,Matic Fink,cracovia,OBR,Pogoń Szczecin,True,,,,,,,insufficient_data,Za mało danych (0/2 kolejek),,,1
761,Emil Bergström,górnik zabrze,OBR,Korona Kielce,False,,,,,,,insufficient_data,Za mało danych (0/2 kolejek),,,1
763,Marko Kolar,wisła płock,NAP,Widzew Łódź,True,,,,,,,insufficient_data,Za mało danych (0/2 kolejek),,,1
765,Jesús Imaz,jagiellonia białystok,POM,Motor Lublin,False,,,,,,,insufficient_data,Za mało danych (0/2 kolejek),,,1
767,Víctor Pérez,wisła kraków,POM,Piast Gliwice,False,,,,,,,insufficient_data,Za mało danych (0/2 kolejek),,,1
768,Patryk Paczuk,pogoń szczecin,POM,Cracovia,False,,,,,,,insufficient_data,Za mało danych (0/2 kolejek),,,1
769,Konrad Poprawa,śląsk wrocław,OBR,Raków Częstochowa,True,,,,,,,insufficient_data,Za mało danych (0/2 kolejek),,,1
771,Marcin Wasilewski,wisła kraków,OBR,Piast Gliwice,False,,,,,,,insufficient_data,Za mało danych (0/2 kolejek),,,1
772,Dominik Lasik,górnik zabrze,NAP,Korona Kielce,False,,,,,,,insufficient_data,Za mało danych (0/2 kolejek),,,1
773,Mathieu Scalet,motor lublin,POM,Jagiellonia Białystok,True,,,,,,,insufficient_data,Za mało danych (0/2 kolejek),,,1
774,Sebastian Bergier,widzew łódź,NAP,Wisła Płock,False,,,,,,,insufficient_data,Za mało danych (0/2 kolejek),,,1
776,Sebastian Strózik,cracovia,NAP,Pogoń Szczecin,True,,,,,,,insufficient_data,Za mało danych (0/2 kolejek),,,1
777,Mateusz Żukowski,śląsk wrocław,POM,Raków Częstochowa,True,,,,,,,insufficient_data,Za mało danych (0/2 kolejek),,,1
778,Alves da Silva Eduardo,legia warszawa,NAP,Zagłębie Lubin,True,,,,,,,insufficient_data,Za mało danych (0/2 kolejek),,,1
781,Antonini Čulina,cracovia,POM,Pogoń Szczecin,True,,,,,,,insufficient_data,Za mało danych (0/2 kolejek),,,1
782,Ołeksij Chobłenko,lech poznań,NAP,Wieczysta Kraków,False,,,,,,,insufficient_data,Za mało danych (0/2 kolejek),,,1
783,Thomas Rogne,lech poznań,OBR,Wieczysta Kraków,False,,,,,,,insufficient_data,Za mało danych (0/2 kolejek),,,1
785,Domagoj Antolić,legia warszawa,POM,Zagłębie Lubin,True,,,,,,,insufficient_data,Za mało danych (0/2 kolejek),,,1
786,Filip Mladenović,legia warszawa,OBR,Zagłębie Lubin,True,,,,,,,insufficient_data,Za mało danych (0/2 kolejek),,,1
787,William Rémy,legia warszawa,OBR,Zagłębie Lubin,True,,,,,,,insufficient_data,Za mało danych (0/2 kolejek),,,1
788,Marko Vešović,legia warszawa,OBR,Zagłębie Lubin,True,,,,,,,insufficient_data,Za mało danych (0/2 kolejek),,,1
791,Dawid Błanik,korona kielce,POM,Górnik Zabrze,True,,,,,,,insufficient_data,Za mało danych (0/2 kolejek),,,1
792,Tim Rieder,śląsk wrocław,OBR,Raków Częstochowa,True,,,,,,,insufficient_data,Za mało danych (0/2 kolejek),,,1
793,Nikola Mitrović,wisła kraków,POM,Piast Gliwice,False,,,,,,,insufficient_data,Za mało danych (0/2 kolejek),,,1
794,Thomas Dähne,wisła płock,BR,Widzew Łódź,True,,,,,,,insufficient_data,Za mało danych (0/2 kolejek),,,1
796,Piotr Leciejewski,zagłębie lubin,BR,Legia Warszawa,False,,,,,,,insufficient_data,Za mało danych (0/2 kolejek),,,1
798,Nicolai Brock-Madsen,cracovia,NAP,Pogoń Szczecin,True,,,,,,,insufficient_data,Za mało danych (0/2 kolejek),,,1
799,Paweł Bochniewicz,górnik zabrze,OBR,Korona Kielce,False,,,,,,,insufficient_data,Za mało danych (0/2 kolejek),,,1
800,Daniel Smuga,górnik zabrze,POM,Korona Kielce,False,,,,,,,insufficient_data,Za mało danych (0/2 kolejek),,,1
801,Dejan Lazarević,jagiellonia białystok,POM,Motor Lublin,False,,,,,,,insufficient_data,Za mało danych (0/2 kolejek),,,1
802,Thomas Hateley,piast gliwice,POM,Wisła Kraków,True,,,,,,,insufficient_data,Za mało danych (0/2 kolejek),,,1
806,Daniel Pik,radomiak radom,POM,GKS Katowice,False,,,,,,,insufficient_data,Za mało danych (0/2 kolejek),,,1
808,Dariusz Kamiński,motor lublin,POM,Jagiellonia Białystok,True,,,,,,,insufficient_data,Za mało danych (0/2 kolejek),,,1
810,Bartosz Bida,jagiellonia białystok,POM,Motor Lublin,False,,,,,,,insufficient_data,Za mało danych (0/2 kolejek),,,1
811,Bartosz Przybysz,lech poznań,BR,Wieczysta Kraków,False,,,,,,,insufficient_data,Za mało danych (0/2 kolejek),,,1
812,Łukasz Turzyniecki,legia warszawa,OBR,Zagłębie Lubin,True,,,,,,,insufficient_data,Za mało danych (0/2 kolejek),,,1
813,Mateusz Żyro,widzew łódź,OBR,Wisła Płock,False,,,,,,,insufficient_data,Za mało danych (0/2 kolejek),,,1
814,Robert Bartczak,legia warszawa,POM,Zagłębie Lubin,True,,,,,,,insufficient_data,Za mało danych (0/2 kolejek),,,1
816,Miłosz Szczepański,piast gliwice,POM,Wisła Kraków,True,,,,,,,insufficient_data,Za mało danych (0/2 kolejek),,,1
817,Marcel Stefaniak,pogoń szczecin,OBR,Cracovia,False,,,,,,,insufficient_data,Za mało danych (0/2 kolejek),,,1
818,Rafał Maćkowski,pogoń szczecin,POM,Cracovia,False,,,,,,,insufficient_data,Za mało danych (0/2 kolejek),,,1
820,Aron Stasiak,pogoń szczecin,NAP,Cracovia,False,,,,,,,insufficient_data,Za mało danych (0/2 kolejek),,,1
822,Paweł Kucharczyk,śląsk wrocław,OBR,Raków Częstochowa,True,,,,,,,insufficient_data,Za mało danych (0/2 kolejek),,,1
823,Maciej Buławski,śląsk wrocław,POM,Raków Częstochowa,True,,,,,,,insufficient_data,Za mało danych (0/2 kolejek),,,1
824,Matej Palčič,wisła kraków,OBR,Piast Gliwice,False,,,,,,,insufficient_data,Za mało danych (0/2 kolejek),,,1
825,Kacper Chorążka,wisła kraków,BR,Piast Gliwice,False,,,,,,,insufficient_data,Za mało danych (0/2 kolejek),,,1
826,Piotr Świątko,wisła kraków,OBR,Piast Gliwice,False,,,,,,,insufficient_data,Za mało danych (0/2 kolejek),,,1
827,Mateusz Grzybek,zagłębie lubin,OBR,Legia Warszawa,False,,,,,,,insufficient_data,Za mało danych (0/2 kolejek),,,1
829,Damian Oko,zagłębie lubin,OBR,Legia Warszawa,False,,,,,,,insufficient_data,Za mało danych (0/2 kolejek),,,1
831,Dawid Pakulski,zagłębie lubin,POM,Legia Warszawa,False,,,,,,,insufficient_data,Za mało danych (0/2 kolejek),,,1
832,Morten Rasmussen,pogoń szczecin,NAP,Cracovia,False,,,,,,,insufficient_data,Za mało danych (0/2 kolejek),,,1
833,Bödvar Bödvarsson,jagiellonia białystok,OBR,Motor Lublin,False,,,,,,,insufficient_data,Za mało danych (0/2 kolejek),,,1
834,Niko Datković,cracovia,OBR,Pogoń Szczecin,True,,,,,,,insufficient_data,Za mało danych (0/2 kolejek),,,1
835,Jakub Mareš,zagłębie lubin,NAP,Legia Warszawa,False,,,,,,,insufficient_data,Za mało danych (0/2 kolejek),,,1
836,Roman Bezjak,jagiellonia białystok,NAP,Motor Lublin,False,,,,,,,insufficient_data,Za mało danych (0/2 kolejek),,,1
838,Chris Philipps,legia warszawa,POM,Zagłębie Lubin,True,,,,,,,insufficient_data,Za mało danych (0/2 kolejek),,,1
839,Sanel Kapidžić,korona kielce,NAP,Górnik Zabrze,True,,,,,,,insufficient_data,Za mało danych (0/2 kolejek),,,1
840,Oliver Petrak,korona kielce,POM,Górnik Zabrze,True,,,,,,,insufficient_data,Za mało danych (0/2 kolejek),,,1
841,Elvir Koljić,lech poznań,NAP,Wieczysta Kraków,False,,,,,,,insufficient_data,Za mało danych (0/2 kolejek),,,1
843,Zlatko Janjić,korona kielce,POM,Górnik Zabrze,True,,,,,,,insufficient_data,Za mało danych (0/2 kolejek),,,1
844,Adrian Gryszkiewicz,raków częstochowa,OBR,Śląsk Wrocław,False,,,,,,,insufficient_data,Za mało danych (0/2 kolejek),,,1
846,Tymoteusz Klupś,lech poznań,POM,Wieczysta Kraków,False,,,,,,,insufficient_data,Za mało danych (0/2 kolejek),,,1
847,Mikkel Kirkeskov,zagłębie lubin,OBR,Legia Warszawa,False,,,,,,,insufficient_data,Za mało danych (0/2 kolejek),,,1
849,Carlos Cafu,legia warszawa,POM,Zagłębie Lubin,True,,,,,,,insufficient_data,Za mało danych (0/2 kolejek),,,1
850,Arkadiusz Najemski,motor lublin,OBR,Jagiellonia Białystok,True,,,,,,,insufficient_data,Za mało danych (0/2 kolejek),,,1
852,dos Santos Maurício,legia warszawa,OBR,Zagłębie Lubin,True,,,,,,,insufficient_data,Za mało danych (0/2 kolejek),,,1
854,Brian Iloski,legia warszawa,POM,Zagłębie Lubin,True,,,,,,,insufficient_data,Za mało danych (0/2 kolejek),,,1
856,Martin Adamec,jagiellonia białystok,POM,Motor Lublin,False,,,,,,,insufficient_data,Za mało danych (0/2 kolejek),,,1
857,Daniel Liszka,górnik zabrze,POM,Korona Kielce,False,,,,,,,insufficient_data,Za mało danych (0/2 kolejek),,,1
858,Adrian Benedyczak,pogoń szczecin,NAP,Cracovia,False,,,,,,,insufficient_data,Za mało danych (0/2 kolejek),,,1
859,Piotr Pierzchała,korona kielce,OBR,Górnik Zabrze,True,,,,,,,insufficient_data,Za mało danych (0/2 kolejek),,,1
860,Wiktor Długosz,korona kielce,POM,Górnik Zabrze,True,,,,,,,insufficient_data,Za mało danych (0/2 kolejek),,,1
861,Michał Dziubek,korona kielce,OBR,Górnik Zabrze,True,,,,,,,insufficient_data,Za mało danych (0/2 kolejek),,,1
923,Rafał Augustyniak,legia warszawa,OBR,Zagłębie Lubin,True,,,,,,,insufficient_data,Za mało danych (1/2 kolejek),,,1
929,Paweł Zieliński,widzew łódź,OBR,Wisła Płock,False,,,,,,,insufficient_data,Za mało danych (0/2 kolejek),,,1
930,Michał Bartkowiak,śląsk wrocław,POM,Raków Częstochowa,True,,,,,,,insufficient_data,Za mało danych (0/2 kolejek),,,1
934,Petteri Forsell,korona kielce,POM,Górnik Zabrze,True,,,,,,,insufficient_data,Za mało danych (0/2 kolejek),,,1
942,Fabian Piasecki,piast gliwice,NAP,Wisła Kraków,True,,,,,,,insufficient_data,Za mało danych (0/2 kolejek),,,1
948,Märten Kuusk,gks katowice,OBR,Radomiak Radom,True,,,,,,,insufficient_data,Za mało danych (0/2 kolejek),,,1
950,Mateusz Cichocki,radomiak radom,OBR,GKS Katowice,False,,,,,,,insufficient_data,Za mało danych (0/2 kolejek),,,1
951,Arkadiusz Jędrych,gks katowice,OBR,Radomiak Radom,True,,,,,,,insufficient_data,Za mało danych (0/2 kolejek),,,1
954,Tomasz Nawotka,legia warszawa,OBR,Zagłębie Lubin,True,,,,,,,insufficient_data,Za mało danych (0/2 kolejek),,,1
958,Žarko Udovičić,raków częstochowa,POM,Śląsk Wrocław,False,,,,,,,insufficient_data,Za mało danych (0/2 kolejek),,,1
960,Adam Banasiak,radomiak radom,POM,GKS Katowice,False,,,,,,,insufficient_data,Za mało danych (0/2 kolejek),,,1
963,Rafał Makowski,śląsk wrocław,POM,Raków Częstochowa,True,,,,,,,insufficient_data,Za mało danych (0/2 kolejek),,,1
964,Sebastian Milewski,gks katowice,POM,Radomiak Radom,True,,,,,,,insufficient_data,Za mało danych (0/2 kolejek),,,1
971,Szymon Lewicki,raków częstochowa,NAP,Śląsk Wrocław,False,,,,,,,insufficient_data,Za mało danych (0/2 kolejek),,,1
972,Vamara Sanogo,górnik zabrze,NAP,Korona Kielce,False,,,,,,,insufficient_data,Za mało danych (0/2 kolejek),,,1
976,Karol Danielak,widzew łódź,POM,Wisła Płock,False,,,,,,,insufficient_data,Za mało danych (0/2 kolejek),,,1
979,Oskar Repka,raków częstochowa,POM,Śląsk Wrocław,False,,,,,,,insufficient_data,Za mało danych (0/2 kolejek),,,1
983,Gerard Oliva,cracovia,NAP,Pogoń Szczecin,True,,,,,,,insufficient_data,Za mało danych (0/2 kolejek),,,1
984,Radosław Kruppa,cracovia,OBR,Pogoń Szczecin,True,,,,,,,insufficient_data,Za mało danych (0/2 kolejek),,,1
985,Robert Ożóg,cracovia,POM,Pogoń Szczecin,True,,,,,,,insufficient_data,Za mało danych (0/2 kolejek),,,1
986,Michał Wiśniewski,cracovia,POM,Pogoń Szczecin,True,,,,,,,insufficient_data,Za mało danych (0/2 kolejek),,,1
989,Adam Ryczkowski,górnik zabrze,NAP,Korona Kielce,False,,,,,,,insufficient_data,Za mało danych (0/2 kolejek),,,1
990,Kamil Surowiec,górnik zabrze,OBR,Korona Kielce,False,,,,,,,insufficient_data,Za mało danych (0/2 kolejek),,,1
992,Przemysław Wiśniewski,widzew łódź,OBR,Wisła Płock,False,,,,,,,insufficient_data,Za mało danych (0/2 kolejek),,,1
993,Wato Arweladze,korona kielce,NAP,Górnik Zabrze,True,,,,,,,insufficient_data,Za mało danych (0/2 kolejek),,,1
994,Lukas Klemenz,gks katowice,OBR,Radomiak Radom,True,,,,,,,insufficient_data,Za mało danych (0/2 kolejek),,,1
995,Mateusz Machaj,jagiellonia białystok,POM,Motor Lublin,False,,,,,,,insufficient_data,Za mało danych (0/2 kolejek),,,1
996,Mikołaj Nawrocki,jagiellonia białystok,POM,Motor Lublin,False,,,,,,,insufficient_data,Za mało danych (0/2 kolejek),,,1
997,Uroš Djuranović,korona kielce,NAP,Górnik Zabrze,True,,,,,,,insufficient_data,Za mało danych (0/2 kolejek),,,1
998,Paweł Sokół,górnik zabrze,BR,Korona Kielce,False,,,,,,,insufficient_data,Za mało danych (0/2 kolejek),,,1
1000,Pedro Tiba,lech poznań,POM,Wieczysta Kraków,False,,,,,,,insufficient_data,Za mało danych (0/2 kolejek),,,1
1001,Karol Szymański,piast gliwice,BR,Wisła Kraków,True,,,,,,,insufficient_data,Za mało danych (0/2 kolejek),,,1
1004,Jakub Arak,gks katowice,NAP,Radomiak Radom,True,,,,,,,insufficient_data,Za mało danych (0/2 kolejek),,,1
1005,Karol Fila,wieczysta kraków,OBR,Lech Poznań,True,,,,,,,insufficient_data,Za mało danych (1/2 kolejek),,,1
1006,Daniel Mikołajewski,zagłębie lubin,NAP,Legia Warszawa,False,,,,,,,insufficient_data,Za mało danych (0/2 kolejek),,,1
1008,Mateusz Hołownia,legia warszawa,OBR,Zagłębie Lubin,True,,,,,,,insufficient_data,Za mało danych (0/2 kolejek),,,1
1010,Jorge Félix Garcia,piast gliwice,POM,Wisła Kraków,True,,,,,,,insufficient_data,Za mało danych (0/2 kolejek),,,1
1011,Piotr Parzyszek,pogoń szczecin,NAP,Cracovia,False,,,,,,,insufficient_data,Za mało danych (0/2 kolejek),,,1
1012,Patryk Sokołowski,śląsk wrocław,POM,Raków Częstochowa,True,,,,,,,insufficient_data,Za mało danych (0/2 kolejek),,,1
1013,Soufian Benyamina,pogoń szczecin,NAP,Cracovia,False,,,,,,,insufficient_data,Za mało danych (0/2 kolejek),,,1
1015,Mariusz Malec,śląsk wrocław,OBR,Raków Częstochowa,True,,,,,,,insufficient_data,Za mało danych (0/2 kolejek),,,1
1017,Farshad Ahmadzadeh,śląsk wrocław,POM,Raków Częstochowa,True,,,,,,,insufficient_data,Za mało danych (0/2 kolejek),,,1
1019,Wojciech Golla,śląsk wrocław,OBR,Raków Częstochowa,True,,,,,,,insufficient_data,Za mało danych (0/2 kolejek),,,1
1020,Jakub Łabojko,piast gliwice,POM,Wisła Kraków,True,,,,,,,insufficient_data,Za mało danych (0/2 kolejek),,,1
1023,Dariusz Szczerbal,śląsk wrocław,BR,Raków Częstochowa,True,,,,,,,insufficient_data,Za mało danych (0/2 kolejek),,,1
1025,Riccardo Grym,wisła płock,POM,Widzew Łódź,True,,,,,,,insufficient_data,Za mało danych (0/2 kolejek),,,1
1026,Mateusz Lis,lech poznań,BR,Wieczysta Kraków,False,,,,,,,insufficient_data,Za mało danych (0/2 kolejek),,,1
1027,Carlos Tavares Carlitos,legia warszawa,POM,Zagłębie Lubin,True,,,,,,,insufficient_data,Za mało danych (0/2 kolejek),,,1
1028,Patryk Wieliczko,wisła płock,POM,Widzew Łódź,True,,,,,,,insufficient_data,Za mało danych (0/2 kolejek),,,1
1029,Bartłomiej Żynel,jagiellonia białystok,BR,Motor Lublin,False,,,,,,,insufficient_data,Za mało danych (0/2 kolejek),,,1
1030,Krystian Ogrodowski,wisła płock,POM,Widzew Łódź,True,,,,,,,insufficient_data,Za mało danych (0/2 kolejek),,,1
1031,Olaf Nowak,zagłębie lubin,NAP,Legia Warszawa,False,,,,,,,insufficient_data,Za mało danych (0/2 kolejek),,,1
1036,Szymon Łapiński,jagiellonia białystok,POM,Motor Lublin,False,,,,,,,insufficient_data,Za mało danych (0/2 kolejek),,,1
1038,Bartosz Bartczuk,górnik zabrze,POM,Korona Kielce,False,,,,,,,insufficient_data,Za mało danych (0/2 kolejek),,,1
1039,Wiktor Biedrzycki,wisła kraków,OBR,Piast Gliwice,False,,,,,,,insufficient_data,Za mało danych (0/2 kolejek),,,1
1040,Michał Ozga,jagiellonia białystok,OBR,Motor Lublin,False,,,,,,,insufficient_data,Za mało danych (0/2 kolejek),,,1
1041,Patryk Klimala,śląsk wrocław,NAP,Raków Częstochowa,True,,,,,,,insufficient_data,Za mało danych (0/2 kolejek),,,1
1042,Vjačeslavs Kudrjavcevs,legia warszawa,BR,Zagłębie Lubin,True,,,,,,,insufficient_data,Za mało danych (0/2 kolejek),,,1
1043,Patryk Plewka,wisła kraków,POM,Piast Gliwice,False,,,,,,,insufficient_data,Za mało danych (0/2 kolejek),,,1
1044,Damjan Bohar,zagłębie lubin,POM,Legia Warszawa,False,,,,,,,insufficient_data,Za mało danych (0/2 kolejek),,,1
1045,Władisław Sirotow,zagłębie lubin,POM,Legia Warszawa,False,,,,,,,insufficient_data,Za mało danych (0/2 kolejek),,,1
1051,Eladio Jiménez Elady,cracovia,POM,Pogoń Szczecin,True,,,,,,,insufficient_data,Za mało danych (0/2 kolejek),,,1
1052,Adrian Kajpust,cracovia,OBR,Pogoń Szczecin,True,,,,,,,insufficient_data,Za mało danych (0/2 kolejek),,,1
1053,Cavalcante Ricardinho,wisła płock,NAP,Widzew Łódź,True,,,,,,,insufficient_data,Za mało danych (0/2 kolejek),,,1
1055,Tomasz Makowski,zagłębie lubin,POM,Legia Warszawa,False,,,,,,,insufficient_data,Za mało danych (0/2 kolejek),,,1
1058,Stanisław Wawrzynowicz,pogoń szczecin,POM,Cracovia,False,,,,,,,insufficient_data,Za mało danych (0/2 kolejek),,,1
1059,Kornel Kordas,korona kielce,OBR,Górnik Zabrze,True,,,,,,,insufficient_data,Za mało danych (0/2 kolejek),,,1
1060,João Amaral,lech poznań,POM,Wieczysta Kraków,False,,,,,,,insufficient_data,Za mało danych (0/2 kolejek),,,1
1061,Felicio Brown Forbes,wisła kraków,NAP,Piast Gliwice,False,,,,,,,insufficient_data,Za mało danych (0/2 kolejek),,,1
1063,Dionisio Villalba Dioni,lech poznań,NAP,Wieczysta Kraków,False,,,,,,,insufficient_data,Za mało danych (0/2 kolejek),,,1
1065,Iker Guarrotxena,pogoń szczecin,POM,Cracovia,False,,,,,,,insufficient_data,Za mało danych (0/2 kolejek),,,1
1066,Mile Savković,jagiellonia białystok,POM,Motor Lublin,False,,,,,,,insufficient_data,Za mało danych (0/2 kolejek),,,1
1067,Jakub Miszczuk,jagiellonia białystok,BR,Motor Lublin,False,,,,,,,insufficient_data,Za mało danych (0/2 kolejek),,,1
1068,Artur Sobiech,lech poznań,NAP,Wieczysta Kraków,False,,,,,,,insufficient_data,Za mało danych (0/2 kolejek),,,1
1070,Juan Cámara,jagiellonia białystok,POM,Motor Lublin,False,,,,,,,insufficient_data,Za mało danych (0/2 kolejek),,,1
1071,Mateusz Młyński,wisła kraków,POM,Piast Gliwice,False,,,,,,,insufficient_data,Za mało danych (0/2 kolejek),,,1
1072,Iván Márquez,cracovia,OBR,Pogoń Szczecin,True,,,,,,,insufficient_data,Za mało danych (0/2 kolejek),,,1
1073,Matej Pučko,korona kielce,POM,Górnik Zabrze,True,,,,,,,insufficient_data,Za mało danych (0/2 kolejek),,,1
1074,Sierdier Sierdierow,cracovia,NAP,Pogoń Szczecin,True,,,,,,,insufficient_data,Za mało danych (0/2 kolejek),,,1
1075,Justas Lasickas,jagiellonia białystok,POM,Motor Lublin,False,,,,,,,insufficient_data,Za mało danych (0/2 kolejek),,,1
1077,Karsten Ayong,piast gliwice,NAP,Wisła Kraków,True,,,,,,,insufficient_data,Za mało danych (0/2 kolejek),,,1
1079,Dimítris Goútas,lech poznań,OBR,Wieczysta Kraków,False,,,,,,,insufficient_data,Za mało danych (0/2 kolejek),,,1
1081,Karol Stanek,piast gliwice,NAP,Wisła Kraków,True,,,,,,,insufficient_data,Za mało danych (0/2 kolejek),,,1
1082,Airam Cabrera,wisła płock,NAP,Widzew Łódź,True,,,,,,,insufficient_data,Za mało danych (0/2 kolejek),,,1
1083,Vinícius Ferreira,cracovia,NAP,Pogoń Szczecin,True,,,,,,,insufficient_data,Za mało danych (0/2 kolejek),,,1
1084,Matheus Santos,cracovia,POM,Pogoń Szczecin,True,,,,,,,insufficient_data,Za mało danych (0/2 kolejek),,,1
1085,Michał Żyro,jagiellonia białystok,NAP,Motor Lublin,False,,,,,,,insufficient_data,Za mało danych (0/2 kolejek),,,1
1087,André Martins,legia warszawa,POM,Zagłębie Lubin,True,,,,,,,insufficient_data,Za mało danych (0/2 kolejek),,,1
1088,Łukasz Poręba,zagłębie lubin,POM,Legia Warszawa,False,,,,,,,insufficient_data,Za mało danych (0/2 kolejek),,,1
1089,Marcel Zapytowski,korona kielce,BR,Górnik Zabrze,True,,,,,,,insufficient_data,Za mało danych (0/2 kolejek),,,1
1091,Marko Poletanovič,zagłębie lubin,POM,Legia Warszawa,False,,,,,,,insufficient_data,Za mało danych (0/2 kolejek),,,1
1092,Piotr Samiec-Talar,śląsk wrocław,POM,Raków Częstochowa,True,,,,,,,insufficient_data,Za mało danych (0/2 kolejek),,,1
1094,Filip Marchwiński,cracovia,POM,Pogoń Szczecin,True,,,,,,,insufficient_data,Za mało danych (0/2 kolejek),,,1
1095,Santeri Hostikka,pogoń szczecin,POM,Cracovia,False,,,,,,,insufficient_data,Za mało danych (0/2 kolejek),,,1
1096,Hubert Sobol,widzew łódź,NAP,Wisła Płock,False,,,,,,,insufficient_data,Za mało danych (0/2 kolejek),,,1
1103,Sergiu Hanca,cracovia,POM,Pogoń Szczecin,True,,,,,,,insufficient_data,Za mało danych (0/2 kolejek),,,1
1104,Bojan Čečarić,cracovia,NAP,Pogoń Szczecin,True,,,,,,,insufficient_data,Za mało danych (0/2 kolejek),,,1
1105,Martin Chudý,górnik zabrze,BR,Korona Kielce,False,,,,,,,insufficient_data,Za mało danych (0/2 kolejek),,,1
1106,Walerian Gwilia,piast gliwice,POM,Wisła Kraków,True,,,,,,,insufficient_data,Za mało danych (0/2 kolejek),,,1
1107,Andrej Kadlec,jagiellonia białystok,OBR,Motor Lublin,False,,,,,,,insufficient_data,Za mało danych (0/2 kolejek),,,1
1108,Maciej Twarowski,jagiellonia białystok,NAP,Motor Lublin,False,,,,,,,insufficient_data,Za mało danych (0/2 kolejek),,,1
1109,Stefan Šćepović,jagiellonia białystok,NAP,Motor Lublin,False,,,,,,,insufficient_data,Za mało danych (0/2 kolejek),,,1
1111,Ognjen Gnjatić,korona kielce,POM,Górnik Zabrze,True,,,,,,,insufficient_data,Za mało danych (0/2 kolejek),,,1
1113,Luís Rocha,cracovia,OBR,Pogoń Szczecin,True,,,,,,,insufficient_data,Za mało danych (0/2 kolejek),,,1
1114,Salvador Agra,legia warszawa,POM,Zagłębie Lubin,True,,,,,,,insufficient_data,Za mało danych (0/2 kolejek),,,1
1115,Jan Szpaderski,radomiak radom,BR,GKS Katowice,False,,,,,,,insufficient_data,Za mało danych (0/2 kolejek),,,1
1118,Patryk Królczyk,piast gliwice,BR,Wisła Kraków,True,,,,,,,insufficient_data,Za mało danych (0/2 kolejek),,,1
1119,Adam Tymiński,piast gliwice,OBR,Wisła Kraków,True,,,,,,,insufficient_data,Za mało danych (0/2 kolejek),,,1
1120,Jin Izumisawa,pogoń szczecin,POM,Cracovia,False,,,,,,,insufficient_data,Za mało danych (0/2 kolejek),,,1
1122,Damian Korczyk,wisła kraków,OBR,Piast Gliwice,False,,,,,,,insufficient_data,Za mało danych (0/2 kolejek),,,1
1123,Krzysztof Drzazga,wisła kraków,NAP,Piast Gliwice,False,,,,,,,insufficient_data,Za mało danych (0/2 kolejek),,,1
1124,Ángel García,wisła płock,OBR,Widzew Łódź,True,,,,,,,insufficient_data,Za mało danych (0/2 kolejek),,,1
1125,Justinas Marazas,wisła płock,POM,Widzew Łódź,True,,,,,,,insufficient_data,Za mało danych (0/2 kolejek),,,1
1126,Kamil Piątkowski,legia warszawa,OBR,Zagłębie Lubin,True,,,,,,,insufficient_data,Za mało danych (1/2 kolejek),,,1
1127,Patryk Mucha,zagłębie lubin,POM,Legia Warszawa,False,,,,,,,insufficient_data,Za mało danych (0/2 kolejek),,,1
1136,Mateusz Praszelik,cracovia,POM,Pogoń Szczecin,True,,,,,,,insufficient_data,Za mało danych (0/2 kolejek),,,1
1137,Lubambo Musonda,śląsk wrocław,POM,Raków Częstochowa,True,,,,,,,insufficient_data,Za mało danych (0/2 kolejek),,,1
1138,Lukáš Hroššo,cracovia,BR,Pogoń Szczecin,True,,,,,,,insufficient_data,Za mało danych (0/2 kolejek),,,1
1140,Timur Żamaletdinow,lech poznań,NAP,Wieczysta Kraków,False,,,,,,,insufficient_data,Za mało danych (0/2 kolejek),,,1
1141,Maciej Spychała,wisła płock,POM,Widzew Łódź,True,,,,,,,insufficient_data,Za mało danych (0/2 kolejek),,,1
1142,Jakub Błaszczykowski,wisła kraków,POM,Piast Gliwice,False,,,,,,,insufficient_data,Za mało danych (0/2 kolejek),,,1
1143,Michał Karbownik,legia warszawa,OBR,Zagłębie Lubin,True,,,,,,,insufficient_data,Za mało danych (0/2 kolejek),,,1
1145,Vukan Savićević,wisła kraków,POM,Piast Gliwice,False,,,,,,,insufficient_data,Za mało danych (0/2 kolejek),,,1
1146,Aleksander Buksa,górnik zabrze,NAP,Korona Kielce,False,,,,,,,insufficient_data,Za mało danych (0/2 kolejek),,,1
1147,Iuri Medeiros,legia warszawa,POM,Zagłębie Lubin,True,,,,,,,insufficient_data,Za mało danych (0/2 kolejek),,,1
1148,Giannis Mystakidis,górnik zabrze,POM,Korona Kielce,False,,,,,,,insufficient_data,Za mało danych (0/2 kolejek),,,1
1149,Ishmael Baidoo,górnik zabrze,POM,Korona Kielce,False,,,,,,,insufficient_data,Za mało danych (0/2 kolejek),,,1
1150,Oskar Sewerzyński,korona kielce,POM,Górnik Zabrze,True,,,,,,,insufficient_data,Za mało danych (0/2 kolejek),,,1
1151,Daniel Morys,wisła kraków,POM,Piast Gliwice,False,,,,,,,insufficient_data,Za mało danych (0/2 kolejek),,,1
1152,Dawid Szot,wisła kraków,OBR,Piast Gliwice,False,,,,,,,insufficient_data,Za mało danych (0/2 kolejek),,,1
1153,Michał Zięba,cracovia,OBR,Pogoń Szczecin,True,,,,,,,insufficient_data,Za mało danych (0/2 kolejek),,,1
1155,Joonas Tamm,korona kielce,OBR,Górnik Zabrze,True,,,,,,,insufficient_data,Za mało danych (0/2 kolejek),,,1
1157,Adam Örn Arnarson,górnik zabrze,OBR,Korona Kielce,False,,,,,,,insufficient_data,Za mało danych (0/2 kolejek),,,1
1158,Alen Stevanović,wisła płock,POM,Widzew Łódź,True,,,,,,,insufficient_data,Za mało danych (0/2 kolejek),,,1
1159,Boris Sekulić,górnik zabrze,OBR,Korona Kielce,False,,,,,,,insufficient_data,Za mało danych (0/2 kolejek),,,1
1161,Emmanuel Kumah,wisła kraków,POM,Piast Gliwice,False,,,,,,,insufficient_data,Za mało danych (0/2 kolejek),,,1
1163,Artur Balicki,wisła kraków,NAP,Piast Gliwice,False,,,,,,,insufficient_data,Za mało danych (0/2 kolejek),,,1
1164,Aleksandar Bjelica,korona kielce,OBR,Górnik Zabrze,True,,,,,,,insufficient_data,Za mało danych (0/2 kolejek),,,1
1166,Jake McGing,wisła płock,OBR,Widzew Łódź,True,,,,,,,insufficient_data,Za mało danych (0/2 kolejek),,,1
1167,Tobiasz Weinzettel,wisła kraków,BR,Piast Gliwice,False,,,,,,,insufficient_data,Za mało danych (0/2 kolejek),,,1
1168,Patryk Makuch,raków częstochowa,NAP,Śląsk Wrocław,False,,,,,,,insufficient_data,Za mało danych (0/2 kolejek),,,1
1169,Mateusz Skrzypczak,lech poznań,OBR,Wieczysta Kraków,False,,,,,,,insufficient_data,Za mało danych (0/2 kolejek),,,1
1170,Daniel Hoyo-Kowalski,wisła kraków,OBR,Piast Gliwice,False,,,,,,,insufficient_data,Za mało danych (0/2 kolejek),,,1
1171,Krzysztof Kołodziej,lech poznań,NAP,Wieczysta Kraków,False,,,,,,,insufficient_data,Za mało danych (0/2 kolejek),,,1
1172,Kacper Radkowski,śląsk wrocław,POM,Raków Częstochowa,True,,,,,,,insufficient_data,Za mało danych (0/2 kolejek),,,1
1181,Dominik Stępień,radomiak radom,POM,GKS Katowice,False,,,,,,,insufficient_data,Za mało danych (0/2 kolejek),,,1
1183,David Jablonský,cracovia,OBR,Pogoń Szczecin,True,,,,,,,insufficient_data,Za mało danych (0/2 kolejek),,,1
1184,Mateusz Pieńczak,cracovia,OBR,Pogoń Szczecin,True,,,,,,,insufficient_data,Za mało danych (0/2 kolejek),,,1
1185,Bartłomiej Kafel,cracovia,POM,Pogoń Szczecin,True,,,,,,,insufficient_data,Za mało danych (0/2 kolejek),,,1
1186,Michał Rakoczy,górnik zabrze,POM,Korona Kielce,False,,,,,,,insufficient_data,Za mało danych (0/2 kolejek),,,1
1187,Pelle van Amersfoort,cracovia,POM,Pogoń Szczecin,True,,,,,,,insufficient_data,Za mało danych (0/2 kolejek),,,1
1188,Patryk Zaucha,cracovia,POM,Pogoń Szczecin,True,,,,,,,insufficient_data,Za mało danych (0/2 kolejek),,,1
1189,Rafael Lopes,legia warszawa,NAP,Zagłębie Lubin,True,,,,,,,insufficient_data,Za mało danych (0/2 kolejek),,,1
1190,Rubén López Huesca,cracovia,NAP,Pogoń Szczecin,True,,,,,,,insufficient_data,Za mało danych (0/2 kolejek),,,1
1191,Filip Bainović,górnik zabrze,POM,Korona Kielce,False,,,,,,,insufficient_data,Za mało danych (0/2 kolejek),,,1
1192,Erik Janža,górnik zabrze,OBR,Korona Kielce,False,,,,,,,insufficient_data,Za mało danych (0/2 kolejek),,,1
1193,Piotr Krawczyk,wisła płock,NAP,Widzew Łódź,True,,,,,,,insufficient_data,Za mało danych (0/2 kolejek),,,1
1194,Aleksander Paluszek,gks katowice,OBR,Radomiak Radom,True,,,,,,,insufficient_data,Za mało danych (0/2 kolejek),,,1
1196,Michał Rostkowski,górnik zabrze,POM,Korona Kielce,False,,,,,,,insufficient_data,Za mało danych (0/2 kolejek),,,1
1197,Ognjen Mudrinski,jagiellonia białystok,NAP,Motor Lublin,False,,,,,,,insufficient_data,Za mało danych (0/2 kolejek),,,1
1198,Luka Kukić,korona kielce,BR,Górnik Zabrze,True,,,,,,,insufficient_data,Za mało danych (0/2 kolejek),,,1
1200,Grzegorz Szymusik,korona kielce,OBR,Górnik Zabrze,True,,,,,,,insufficient_data,Za mało danych (0/2 kolejek),,,1
1201,Themistoklís Tzimópoulos,korona kielce,OBR,Górnik Zabrze,True,,,,,,,insufficient_data,Za mało danych (0/2 kolejek),,,1
1202,Artur Piróg,korona kielce,POM,Górnik Zabrze,True,,,,,,,insufficient_data,Za mało danych (0/2 kolejek),,,1
1203,Daniel Szelągowski,raków częstochowa,POM,Śląsk Wrocław,False,,,,,,,insufficient_data,Za mało danych (0/2 kolejek),,,1
1204,Erik Pačinda,korona kielce,NAP,Górnik Zabrze,True,,,,,,,insufficient_data,Za mało danych (0/2 kolejek),,,1
1205,Mateusz Sowiński,korona kielce,NAP,Górnik Zabrze,True,,,,,,,insufficient_data,Za mało danych (0/2 kolejek),,,1
1207,Mickey van der Hart,lech poznań,BR,Wieczysta Kraków,False,,,,,,,insufficient_data,Za mało danych (0/2 kolejek),,,1
1208,Đorđe Crnomarković,lech poznań,OBR,Wieczysta Kraków,False,,,,,,,insufficient_data,Za mało danych (0/2 kolejek),,,1
1209,Ľubomír Šatka,lech poznań,OBR,Wieczysta Kraków,False,,,,,,,insufficient_data,Za mało danych (0/2 kolejek),,,1
1210,Jakub Kamiński,lech poznań,POM,Wieczysta Kraków,False,,,,,,,insufficient_data,Za mało danych (0/2 kolejek),,,1
1211,Jakub Moder,lech poznań,POM,Wieczysta Kraków,False,,,,,,,insufficient_data,Za mało danych (0/2 kolejek),,,1
1212,Karlo Muhar,lech poznań,POM,Wieczysta Kraków,False,,,,,,,insufficient_data,Za mało danych (0/2 kolejek),,,1
1213,Michał Skóraś,lech poznań,POM,Wieczysta Kraków,False,,,,,,,insufficient_data,Za mało danych (0/2 kolejek),,,1
1214,Filip Szymczak,zagłębie lubin,NAP,Legia Warszawa,False,,,,,,,insufficient_data,Za mało danych (0/2 kolejek),,,1
1216,Paweł Żuk,wisła płock,POM,Widzew Łódź,True,,,,,,,insufficient_data,Za mało danych (0/2 kolejek),,,1
1217,Cezary Miszta,legia warszawa,BR,Zagłębie Lubin,True,,,,,,,insufficient_data,Za mało danych (0/2 kolejek),,,1
1218,Kacper Kostorz,pogoń szczecin,NAP,Cracovia,False,,,,,,,insufficient_data,Za mało danych (0/2 kolejek),,,1
1219,Kacper Skibicki,legia warszawa,POM,Zagłębie Lubin,True,,,,,,,insufficient_data,Za mało danych (0/2 kolejek),,,1
1223,Artur Bogusz,radomiak radom,OBR,GKS Katowice,False,,,,,,,insufficient_data,Za mało danych (0/2 kolejek),,,1
1225,Jan Grzesik,radomiak radom,OBR,GKS Katowice,False,,,,,,,insufficient_data,Za mało danych (1/2 kolejek),,,1
1232,Piotr Pyrdoł,wisła płock,POM,Widzew Łódź,True,,,,,,,insufficient_data,Za mało danych (0/2 kolejek),,,1
1241,Tomáš Huk,piast gliwice,OBR,Wisła Kraków,True,,,,,,,insufficient_data,Za mało danych (0/2 kolejek),,,1
1242,Remigiusz Borkała,piast gliwice,POM,Wisła Kraków,True,,,,,,,insufficient_data,Za mało danych (0/2 kolejek),,,1
1243,Jakub Holúbek,piast gliwice,OBR,Wisła Kraków,True,,,,,,,insufficient_data,Za mało danych (0/2 kolejek),,,1
1244,Wojciech Kamiński,korona kielce,POM,Górnik Zabrze,True,,,,,,,insufficient_data,Za mało danych (0/2 kolejek),,,1
1245,Michał Rakowiecki,piast gliwice,POM,Wisła Kraków,True,,,,,,,insufficient_data,Za mało danych (0/2 kolejek),,,1
1246,Dani Aquino,piast gliwice,NAP,Wisła Kraków,True,,,,,,,insufficient_data,Za mało danych (0/2 kolejek),,,1
1248,Dariusz Krzysztofek,pogoń szczecin,BR,Cracovia,False,,,,,,,insufficient_data,Za mało danych (0/2 kolejek),,,1
1249,Kóstas Triantafyllópoulos,górnik zabrze,OBR,Korona Kielce,False,,,,,,,insufficient_data,Za mało danych (0/2 kolejek),,,1
1250,Benedikt Zech,pogoń szczecin,OBR,Cracovia,False,,,,,,,insufficient_data,Za mało danych (0/2 kolejek),,,1
1251,Kacper Smoliński,pogoń szczecin,POM,Cracovia,False,,,,,,,insufficient_data,Za mało danych (0/2 kolejek),,,1
1252,Marcel Wędrychowski,gks katowice,POM,Radomiak Radom,True,,,,,,,insufficient_data,Za mało danych (0/2 kolejek),,,1
1253,Michális Maniás,pogoń szczecin,NAP,Cracovia,False,,,,,,,insufficient_data,Za mało danych (0/2 kolejek),,,1
1254,Jakub Szumski,raków częstochowa,BR,Śląsk Wrocław,False,,,,,,,insufficient_data,Za mało danych (0/2 kolejek),,,1
1255,Emir Azemović,raków częstochowa,OBR,Śląsk Wrocław,False,,,,,,,insufficient_data,Za mało danych (0/2 kolejek),,,1
1257,Oskar Krzyżak,raków częstochowa,OBR,Śląsk Wrocław,False,,,,,,,insufficient_data,Za mało danych (0/2 kolejek),,,1
1259,Tomáš Petrášek,raków częstochowa,OBR,Śląsk Wrocław,False,,,,,,,insufficient_data,Za mało danych (0/2 kolejek),,,1
1260,Jakub Apolinarski,raków częstochowa,POM,Śląsk Wrocław,False,,,,,,,insufficient_data,Za mało danych (0/2 kolejek),,,1
1261,Rusłan Babenko,raków częstochowa,POM,Śląsk Wrocław,False,,,,,,,insufficient_data,Za mało danych (0/2 kolejek),,,1
1262,Daniel Bartl,raków częstochowa,POM,Śląsk Wrocław,False,,,,,,,insufficient_data,Za mało danych (0/2 kolejek),,,1
1264,Andrija Luković,raków częstochowa,POM,Śląsk Wrocław,False,,,,,,,insufficient_data,Za mało danych (0/2 kolejek),,,1
1265,Piotr Malinowski,raków częstochowa,POM,Śląsk Wrocław,False,,,,,,,insufficient_data,Za mało danych (0/2 kolejek),,,1
1266,Bryan Nouvier,raków częstochowa,POM,Śląsk Wrocław,False,,,,,,,insufficient_data,Za mało danych (0/2 kolejek),,,1
1267,Danian Pawłas,raków częstochowa,POM,Śląsk Wrocław,False,,,,,,,insufficient_data,Za mało danych (0/2 kolejek),,,1
1268,Petr Schwarz,śląsk wrocław,POM,Raków Częstochowa,True,,,,,,,insufficient_data,Za mało danych (0/2 kolejek),,,1
1269,Sebastian Musiolik,śląsk wrocław,NAP,Raków Częstochowa,True,,,,,,,insufficient_data,Za mało danych (0/2 kolejek),,,1
1270,Franciszek Wróblewski,radomiak radom,NAP,GKS Katowice,False,,,,,,,insufficient_data,Za mało danych (0/2 kolejek),,,1
1271,Daniel Kajzer,śląsk wrocław,BR,Raków Częstochowa,True,,,,,,,insufficient_data,Za mało danych (0/2 kolejek),,,1
1272,Israel Puerto,jagiellonia białystok,OBR,Motor Lublin,False,,,,,,,insufficient_data,Za mało danych (0/2 kolejek),,,1
1273,Dino Štiglec,śląsk wrocław,OBR,Raków Częstochowa,True,,,,,,,insufficient_data,Za mało danych (0/2 kolejek),,,1
1274,Bartosz Boruń,śląsk wrocław,POM,Raków Częstochowa,True,,,,,,,insufficient_data,Za mało danych (0/2 kolejek),,,1
1275,Przemysław Płacheta,śląsk wrocław,POM,Raków Częstochowa,True,,,,,,,insufficient_data,Za mało danych (0/2 kolejek),,,1
1276,Erik Expósito,śląsk wrocław,NAP,Raków Częstochowa,True,,,,,,,insufficient_data,Za mało danych (0/2 kolejek),,,1
1277,Kamil Broda,wisła kraków,BR,Piast Gliwice,False,,,,,,,insufficient_data,Za mało danych (0/2 kolejek),,,1
1278,Patryk Moskiewicz,wisła kraków,POM,Piast Gliwice,False,,,,,,,insufficient_data,Za mało danych (0/2 kolejek),,,1
1279,Denys Bałaniuk,wisła kraków,NAP,Piast Gliwice,False,,,,,,,insufficient_data,Za mało danych (0/2 kolejek),,,1
1280,Damian Michalski,zagłębie lubin,OBR,Legia Warszawa,False,,,,,,,insufficient_data,Za mało danych (0/2 kolejek),,,1
1281,Titas Milašius,wisła płock,POM,Widzew Łódź,True,,,,,,,insufficient_data,Za mało danych (0/2 kolejek),,,1
1282,Maciej Warpas,zagłębie lubin,OBR,Legia Warszawa,False,,,,,,,insufficient_data,Za mało danych (0/2 kolejek),,,1
1283,Daniel Dudziński,zagłębie lubin,POM,Legia Warszawa,False,,,,,,,insufficient_data,Za mało danych (0/2 kolejek),,,1
1284,Rok Sirk,zagłębie lubin,NAP,Legia Warszawa,False,,,,,,,insufficient_data,Za mało danych (0/2 kolejek),,,1
1285,Lucas Luquinhas,radomiak radom,POM,GKS Katowice,False,,,,,,,insufficient_data,Za mało danych (1/2 kolejek),,,1
1288,Srđan Spiridonović,pogoń szczecin,POM,Cracovia,False,,,,,,,insufficient_data,Za mało danych (0/2 kolejek),,,1
1289,Wojciech Muzyk,legia warszawa,BR,Zagłębie Lubin,True,,,,,,,insufficient_data,Za mało danych (0/2 kolejek),,,1
1290,Karol Struski,raków częstochowa,POM,Śląsk Wrocław,False,,,,,,,insufficient_data,Za mało danych (0/2 kolejek),,,1
1291,Rodrigo Zalazar,korona kielce,POM,Górnik Zabrze,True,,,,,,,insufficient_data,Za mało danych (0/2 kolejek),,,1
1293,Łukasz Soszyński,zagłębie lubin,POM,Legia Warszawa,False,,,,,,,insufficient_data,Za mało danych (0/2 kolejek),,,1
1296,Milan Radin,korona kielce,POM,Górnik Zabrze,True,,,,,,,insufficient_data,Za mało danych (0/2 kolejek),,,1
1297,Ivan Obradović,legia warszawa,OBR,Zagłębie Lubin,True,,,,,,,insufficient_data,Za mało danych (0/2 kolejek),,,1
1298,Ołeh Horin,jagiellonia białystok,POM,Motor Lublin,False,,,,,,,insufficient_data,Za mało danych (0/2 kolejek),,,1
1299,Jean Carlos Silva,raków częstochowa,OBR,Śląsk Wrocław,False,,,,,,,insufficient_data,Za mało danych (0/2 kolejek),,,1
1300,Alasana Manneh,górnik zabrze,POM,Korona Kielce,False,,,,,,,insufficient_data,Za mało danych (0/2 kolejek),,,1
1301,David Kopacz,górnik zabrze,POM,Korona Kielce,False,,,,,,,insufficient_data,Za mało danych (0/2 kolejek),,,1
1304,Suad Sahiti,wisła płock,POM,Widzew Łódź,True,,,,,,,insufficient_data,Za mało danych (0/2 kolejek),,,1
1305,Daniel Ściślak,górnik zabrze,POM,Korona Kielce,False,,,,,,,insufficient_data,Za mało danych (0/2 kolejek),,,1
1306,Juan Bauzá,górnik zabrze,POM,Korona Kielce,False,,,,,,,insufficient_data,Za mało danych (0/2 kolejek),,,1
1308,Andrés Lioi,korona kielce,POM,Górnik Zabrze,True,,,,,,,insufficient_data,Za mało danych (0/2 kolejek),,,1
1309,Tiago Alves,piast gliwice,POM,Wisła Kraków,True,,,,,,,insufficient_data,Za mało danych (0/2 kolejek),,,1
1310,Filip Marković,śląsk wrocław,NAP,Raków Częstochowa,True,,,,,,,insufficient_data,Za mało danych (0/2 kolejek),,,1
1311,Przemysław Zdybowicz,wisła kraków,NAP,Piast Gliwice,False,,,,,,,insufficient_data,Za mało danych (0/2 kolejek),,,1
1312,Mátyás Tajti,zagłębie lubin,POM,Legia Warszawa,False,,,,,,,insufficient_data,Za mało danych (0/2 kolejek),,,1
1313,Asmir Suljić,zagłębie lubin,POM,Legia Warszawa,False,,,,,,,insufficient_data,Za mało danych (0/2 kolejek),,,1
1316,Mikołaj Wasilewski,jagiellonia białystok,POM,Motor Lublin,False,,,,,,,insufficient_data,Za mało danych (0/2 kolejek),,,1
1317,Diego Zivulic,śląsk wrocław,POM,Raków Częstochowa,True,,,,,,,insufficient_data,Za mało danych (0/2 kolejek),,,1
1318,Nemanja Miletić,korona kielce,OBR,Górnik Zabrze,True,,,,,,,insufficient_data,Za mało danych (0/2 kolejek),,,1
1319,Paweł Wszołek,legia warszawa,OBR,Zagłębie Lubin,True,,,,,,,insufficient_data,Za mało danych (1/2 kolejek),,,1
1322,Maciej Rosołek,gks katowice,NAP,Radomiak Radom,True,,,,,,,insufficient_data,Za mało danych (0/2 kolejek),,,1
1323,Mateusz Supryn,cracovia,POM,Pogoń Szczecin,True,,,,,,,insufficient_data,Za mało danych (0/2 kolejek),,,1
1324,Bartosz Białek,zagłębie lubin,NAP,Legia Warszawa,False,,,,,,,insufficient_data,Za mało danych (0/2 kolejek),,,1
1326,Krzysztof Toporkiewicz,jagiellonia białystok,NAP,Motor Lublin,False,,,,,,,insufficient_data,Za mało danych (0/2 kolejek),,,1
1327,Kacper Urbański,górnik zabrze,POM,Korona Kielce,False,,,,,,,insufficient_data,Za mało danych (0/2 kolejek),,,1
1330,Florian Loshaj,cracovia,POM,Pogoń Szczecin,True,,,,,,,insufficient_data,Za mało danych (0/2 kolejek),,,1
1332,Erik Jirka,gks katowice,OBR,Radomiak Radom,True,,,,,,,insufficient_data,Za mało danych (0/2 kolejek),,,1
1333,Dejan Iliev,jagiellonia białystok,BR,Motor Lublin,False,,,,,,,insufficient_data,Za mało danych (0/2 kolejek),,,1
1334,Conrado Buchanelli Holz,radomiak radom,OBR,GKS Katowice,False,,,,,,,insufficient_data,Za mało danych (1/2 kolejek),,,1
1339,Paweł Cibicki,pogoń szczecin,NAP,Cracovia,False,,,,,,,insufficient_data,Za mało danych (0/2 kolejek),,,1
1340,David Tijanić,raków częstochowa,POM,Śląsk Wrocław,False,,,,,,,insufficient_data,Za mało danych (0/2 kolejek),,,1
1341,Fran Tudor,raków częstochowa,OBR,Śląsk Wrocław,False,,,,,,,insufficient_data,Za mało danych (0/2 kolejek),,,1
1342,Nikola Kuveljić,wisła kraków,POM,Piast Gliwice,False,,,,,,,insufficient_data,Za mało danych (0/2 kolejek),,,1
1343,Lubomir Tupta,widzew łódź,NAP,Wisła Płock,False,,,,,,,insufficient_data,Za mało danych (0/2 kolejek),,,1
1344,Torgil Gjertsen,wisła płock,POM,Widzew Łódź,True,,,,,,,insufficient_data,Za mało danych (0/2 kolejek),,,1
1346,Dominik Kalinowski,zagłębie lubin,BR,Legia Warszawa,False,,,,,,,insufficient_data,Za mało danych (0/2 kolejek),,,1
1347,Filip Raicević,śląsk wrocław,NAP,Raków Częstochowa,True,,,,,,,insufficient_data,Za mało danych (0/2 kolejek),,,1
1348,Roman Prochazka,górnik zabrze,POM,Korona Kielce,False,,,,,,,insufficient_data,Za mało danych (0/2 kolejek),,,1
1349,Guillermo Cotugno,śląsk wrocław,OBR,Raków Częstochowa,True,,,,,,,insufficient_data,Za mało danych (0/2 kolejek),,,1
1351,Jakov Puljić,jagiellonia białystok,NAP,Motor Lublin,False,,,,,,,insufficient_data,Za mało danych (0/2 kolejek),,,1
1352,Dawid Lisowski,korona kielce,OBR,Górnik Zabrze,True,,,,,,,insufficient_data,Za mało danych (0/2 kolejek),,,1
1353,Alon Turgeman,wisła kraków,NAP,Piast Gliwice,False,,,,,,,insufficient_data,Za mało danych (0/2 kolejek),,,1
1356,Ivan Fiolić,cracovia,POM,Pogoń Szczecin,True,,,,,,,insufficient_data,Za mało danych (0/2 kolejek),,,1
1357,D'Sean Theobalds,korona kielce,POM,Górnik Zabrze,True,,,,,,,insufficient_data,Za mało danych (0/2 kolejek),,,1
1358,Krzysztof Kamiński,pogoń szczecin,BR,Cracovia,False,,,,,,,insufficient_data,Za mało danych (0/2 kolejek),,,1
1359,Aleksander Stawiarz,jagiellonia białystok,NAP,Motor Lublin,False,,,,,,,insufficient_data,Za mało danych (0/2 kolejek),,,1
1360,Kacper Chodyna,legia warszawa,POM,Zagłębie Lubin,True,,,,,,,insufficient_data,Za mało danych (0/2 kolejek),,,1
1362,Tomas Pekhart,legia warszawa,NAP,Zagłębie Lubin,True,,,,,,,insufficient_data,Za mało danych (0/2 kolejek),,,1
1363,Bartłomiej Wdowik,jagiellonia białystok,OBR,Motor Lublin,False,,,,,,,insufficient_data,Za mało danych (0/2 kolejek),,,1
1368,Mark Tamas,śląsk wrocław,OBR,Raków Częstochowa,True,,,,,,,insufficient_data,Za mało danych (0/2 kolejek),,,1
1369,Aleksander Pawlak,wisła płock,POM,Widzew Łódź,True,,,,,,,insufficient_data,Za mało danych (0/2 kolejek),,,1
1370,Bohdan Butko,lech poznań,OBR,Wieczysta Kraków,False,,,,,,,insufficient_data,Za mało danych (0/2 kolejek),,,1
1371,Orest Tkaczuk,jagiellonia białystok,NAP,Motor Lublin,False,,,,,,,insufficient_data,Za mało danych (0/2 kolejek),,,1
1372,Mateusz Maćkowiak,śląsk wrocław,OBR,Raków Częstochowa,True,,,,,,,insufficient_data,Za mało danych (0/2 kolejek),,,1
1373,Ben Lederman,wieczysta kraków,POM,Lech Poznań,True,,,,,,,insufficient_data,Za mało danych (1/2 kolejek),,,1
1374,Kristopher Vida,piast gliwice,POM,Wisła Kraków,True,,,,,,,insufficient_data,Za mało danych (0/2 kolejek),,,1
1375,Jewgienij Baszkirow,zagłębie lubin,POM,Legia Warszawa,False,,,,,,,insufficient_data,Za mało danych (0/2 kolejek),,,1
1376,Dejan Dražić,zagłębie lubin,NAP,Legia Warszawa,False,,,,,,,insufficient_data,Za mało danych (0/2 kolejek),,,1
1377,Hubert Gostomski,jagiellonia białystok,BR,Motor Lublin,False,,,,,,,insufficient_data,Za mało danych (0/2 kolejek),,,1
1378,Iwo Kaczmarski,raków częstochowa,POM,Śląsk Wrocław,False,,,,,,,insufficient_data,Za mało danych (0/2 kolejek),,,1
1379,Giórgos Giakoumákis,górnik zabrze,NAP,Korona Kielce,False,,,,,,,insufficient_data,Za mało danych (0/2 kolejek),,,1
1380,Stávros Vassilantonópoulos,górnik zabrze,OBR,Korona Kielce,False,,,,,,,insufficient_data,Za mało danych (0/2 kolejek),,,1
1381,Michał Bogacz,zagłębie lubin,OBR,Legia Warszawa,False,,,,,,,insufficient_data,Za mało danych (0/2 kolejek),,,1
1383,Marcin Szpakowski,korona kielce,POM,Górnik Zabrze,True,,,,,,,insufficient_data,Za mało danych (0/2 kolejek),,,1
1385,Grzegorz Kotowicz,śląsk wrocław,POM,Raków Częstochowa,True,,,,,,,insufficient_data,Za mało danych (0/2 kolejek),,,1
1386,Ariel Mosór,korona kielce,OBR,Górnik Zabrze,True,,,,,,,insufficient_data,Za mało danych (0/2 kolejek),,,1
1387,Przemysław Oziębała,raków częstochowa,POM,Śląsk Wrocław,False,,,,,,,insufficient_data,Za mało danych (0/2 kolejek),,,1
1388,Hubert Turski,pogoń szczecin,NAP,Cracovia,False,,,,,,,insufficient_data,Za mało danych (0/2 kolejek),,,1
1389,Filip Bednarek,lech poznań,BR,Wieczysta Kraków,False,,,,,,,insufficient_data,Za mało danych (0/2 kolejek),,,1
1391,Jakub Górski,korona kielce,POM,Górnik Zabrze,True,,,,,,,insufficient_data,Za mało danych (0/2 kolejek),,,1
1393,Kamil Kruk,motor lublin,OBR,Jagiellonia Białystok,True,,,,,,,insufficient_data,Za mało danych (0/2 kolejek),,,1
1394,Przemysław Kapek,cracovia,POM,Pogoń Szczecin,True,,,,,,,insufficient_data,Za mało danych (0/2 kolejek),,,1
1395,Jakub Bator,raków częstochowa,POM,Śląsk Wrocław,False,,,,,,,insufficient_data,Za mało danych (0/2 kolejek),,,1
1397,Kacper Bieszczad,raków częstochowa,BR,Śląsk Wrocław,False,,,,,,,insufficient_data,Za mało danych (0/2 kolejek),,,1
1398,Jakub Sypek,zagłębie lubin,POM,Legia Warszawa,False,,,,,,,insufficient_data,Za mało danych (0/2 kolejek),,,1
1400,Xavier Dziekoński,korona kielce,BR,Górnik Zabrze,True,,,,,,,insufficient_data,Za mało danych (0/2 kolejek),,,1
1401,Kryspin Szcześniak,radomiak radom,OBR,GKS Katowice,False,,,,,,,insufficient_data,Za mało danych (1/2 kolejek),,,1
1402,Radosław Cielemęcki,radomiak radom,POM,GKS Katowice,False,,,,,,,insufficient_data,Za mało danych (0/2 kolejek),,,1
1403,Damian Warchoł,śląsk wrocław,POM,Raków Częstochowa,True,,,,,,,insufficient_data,Za mało danych (0/2 kolejek),,,1
1404,Nikodem Niski,korona kielce,POM,Górnik Zabrze,True,,,,,,,insufficient_data,Za mało danych (0/2 kolejek),,,1
1405,Tomasz Bała,cracovia,NAP,Pogoń Szczecin,True,,,,,,,insufficient_data,Za mało danych (0/2 kolejek),,,1
1406,Szymon Włodarczyk,górnik zabrze,NAP,Korona Kielce,False,,,,,,,insufficient_data,Za mało danych (0/2 kolejek),,,1
1407,Radosław Seweryś,korona kielce,OBR,Górnik Zabrze,True,,,,,,,insufficient_data,Za mało danych (0/2 kolejek),,,1
1409,Mateusz Grudziński,legia warszawa,POM,Zagłębie Lubin,True,,,,,,,insufficient_data,Za mało danych (0/2 kolejek),,,1
1411,Rafał Leszczyński,wisła płock,BR,Widzew Łódź,True,,,,,,,insufficient_data,Za mało danych (0/2 kolejek),,,1
1415,Bartosz Jaroch,wisła kraków,OBR,Piast Gliwice,False,,,,,,,insufficient_data,Za mało danych (0/2 kolejek),,,1
1416,Aleksander Komor,gks katowice,OBR,Radomiak Radom,True,,,,,,,insufficient_data,Za mało danych (0/2 kolejek),,,1
1424,Mateusz Marzec,gks katowice,POM,Radomiak Radom,True,,,,,,,insufficient_data,Za mało danych (0/2 kolejek),,,1
1427,Łukasz Sierpina,korona kielce,OBR,Górnik Zabrze,True,,,,,,,insufficient_data,Za mało danych (0/2 kolejek),,,1
1437,Mateusz Bodzioch,radomiak radom,OBR,GKS Katowice,False,,,,,,,insufficient_data,Za mało danych (0/2 kolejek),,,1
1440,Wojciech Lisowski,pogoń szczecin,OBR,Cracovia,False,,,,,,,insufficient_data,Za mało danych (0/2 kolejek),,,1
1454,Adrian Laskowski,lech poznań,OBR,Wieczysta Kraków,False,,,,,,,insufficient_data,Za mało danych (0/2 kolejek),,,1
1455,Aleks Ławniczak,zagłębie lubin,OBR,Legia Warszawa,False,,,,,,,insufficient_data,Za mało danych (0/2 kolejek),,,1
1457,Mateusz Czyżycki,korona kielce,POM,Górnik Zabrze,True,,,,,,,insufficient_data,Za mało danych (0/2 kolejek),,,1
1464,Kajetan Szmyt,jagiellonia białystok,POM,Motor Lublin,False,,,,,,,insufficient_data,Za mało danych (0/2 kolejek),,,1
1468,Dorian Pituła,cracovia,OBR,Pogoń Szczecin,True,,,,,,,insufficient_data,Za mało danych (0/2 kolejek),,,1
1469,Jakub Myszor,raków częstochowa,POM,Śląsk Wrocław,False,,,,,,,insufficient_data,Za mało danych (0/2 kolejek),,,1
1470,Marcos Álvarez,cracovia,NAP,Pogoń Szczecin,True,,,,,,,insufficient_data,Za mało danych (0/2 kolejek),,,1
1471,Kamil Lukoszek,górnik zabrze,POM,Korona Kielce,False,,,,,,,insufficient_data,Za mało danych (0/2 kolejek),,,1
1472,Alex Sobczyk,piast gliwice,NAP,Wisła Kraków,True,,,,,,,insufficient_data,Za mało danych (0/2 kolejek),,,1
1473,Maciej Mas,jagiellonia białystok,NAP,Motor Lublin,False,,,,,,,insufficient_data,Za mało danych (0/2 kolejek),,,1
1475,Mikael Ishak,lech poznań,NAP,Wieczysta Kraków,False,,,,,,,insufficient_data,Za mało danych (0/2 kolejek),,,1
1476,Krzysztof Bąkowski,lech poznań,BR,Wieczysta Kraków,False,,,,,,,insufficient_data,Za mało danych (0/2 kolejek),,,1
1478,Artur Boruc,legia warszawa,BR,Zagłębie Lubin,True,,,,,,,insufficient_data,Za mało danych (0/2 kolejek),,,1
1479,Josip Juranović,legia warszawa,OBR,Zagłębie Lubin,True,,,,,,,insufficient_data,Za mało danych (0/2 kolejek),,,1
1480,Arkadiusz Pyrka,piast gliwice,OBR,Wisła Kraków,True,,,,,,,insufficient_data,Za mało danych (0/2 kolejek),,,1
1481,Javier Ajenjo Hyjek,śląsk wrocław,POM,Raków Częstochowa,True,,,,,,,insufficient_data,Za mało danych (0/2 kolejek),,,1
1483,Luís Mata,zagłębie lubin,OBR,Legia Warszawa,False,,,,,,,insufficient_data,Za mało danych (0/2 kolejek),,,1
1484,Bartłomiej Mruk,pogoń szczecin,OBR,Cracovia,False,,,,,,,insufficient_data,Za mało danych (0/2 kolejek),,,1
1486,Alexander Gorgon,pogoń szczecin,POM,Cracovia,False,,,,,,,insufficient_data,Za mało danych (0/2 kolejek),,,1
1487,Oskar Kalenik,pogoń szczecin,POM,Cracovia,False,,,,,,,insufficient_data,Za mało danych (0/2 kolejek),,,1
1488,Błażej Starzycki,pogoń szczecin,POM,Cracovia,False,,,,,,,insufficient_data,Za mało danych (0/2 kolejek),,,1
1489,Branislav Pindroch,raków częstochowa,BR,Śląsk Wrocław,False,,,,,,,insufficient_data,Za mało danych (0/2 kolejek),,,1
1490,Kacper Trelowski,raków częstochowa,BR,Śląsk Wrocław,False,,,,,,,insufficient_data,Za mało danych (0/2 kolejek),,,1
1491,Patryk Janasik,cracovia,OBR,Pogoń Szczecin,True,,,,,,,insufficient_data,Za mało danych (0/2 kolejek),,,1
1492,Waldemar Sobota,śląsk wrocław,POM,Raków Częstochowa,True,,,,,,,insufficient_data,Za mało danych (0/2 kolejek),,,1
1493,Michał Szromnik,śląsk wrocław,BR,Raków Częstochowa,True,,,,,,,insufficient_data,Za mało danych (0/2 kolejek),,,1
1494,Kacper Duda,wisła kraków,POM,Piast Gliwice,False,,,,,,,insufficient_data,Za mało danych (0/2 kolejek),,,1
1496,Fatos Bećiraj,wisła kraków,NAP,Piast Gliwice,False,,,,,,,insufficient_data,Za mało danych (0/2 kolejek),,,1
1497,Mateusz Duda,wisła kraków,NAP,Piast Gliwice,False,,,,,,,insufficient_data,Za mało danych (0/2 kolejek),,,1
1499,Kacper Kondracki,wisła płock,POM,Widzew Łódź,True,,,,,,,insufficient_data,Za mało danych (0/2 kolejek),,,1
1500,Filip Lesniak,wisła płock,POM,Widzew Łódź,True,,,,,,,insufficient_data,Za mało danych (0/2 kolejek),,,1
1501,Mateusz Lewandowski,wisła płock,NAP,Widzew Łódź,True,,,,,,,insufficient_data,Za mało danych (0/2 kolejek),,,1
1502,Wojciech Szumilas,wisła płock,OBR,Widzew Łódź,True,,,,,,,insufficient_data,Za mało danych (0/2 kolejek),,,1
1503,Adrian Tokarski,wisła płock,BR,Widzew Łódź,True,,,,,,,insufficient_data,Za mało danych (0/2 kolejek),,,1
1504,Patryk Leszczyński,wisła płock,POM,Widzew Łódź,True,,,,,,,insufficient_data,Za mało danych (0/2 kolejek),,,1
1505,Mateusz Bartolewski,śląsk wrocław,OBR,Raków Częstochowa,True,,,,,,,insufficient_data,Za mało danych (0/2 kolejek),,,1
1506,Milan Rundić,raków częstochowa,OBR,Śląsk Wrocław,False,,,,,,,insufficient_data,Za mało danych (0/2 kolejek),,,1
1507,Łukasz Zjawiński,legia warszawa,NAP,Zagłębie Lubin,True,,,,,,,insufficient_data,Za mało danych (1/2 kolejek),,,1
1508,Adrian Szczutowski,wisła płock,NAP,Widzew Łódź,True,,,,,,,insufficient_data,Za mało danych (0/2 kolejek),,,1
1509,Bartłomiej Gradecki,radomiak radom,BR,GKS Katowice,False,,,,,,,insufficient_data,Za mało danych (0/2 kolejek),,,1
1511,Marko Malenica,lech poznań,BR,Wieczysta Kraków,False,,,,,,,insufficient_data,Za mało danych (0/2 kolejek),,,1
1512,Dušan Lagator,wisła płock,POM,Widzew Łódź,True,,,,,,,insufficient_data,Za mało danych (0/2 kolejek),,,1
1513,Yaw Yeboah,wisła kraków,POM,Piast Gliwice,False,,,,,,,insufficient_data,Za mało danych (0/2 kolejek),,,1
1514,Ioánnis Papanikoláou,raków częstochowa,POM,Śląsk Wrocław,False,,,,,,,insufficient_data,Za mało danych (0/2 kolejek),,,1
1515,Maciej Bortniczuk,jagiellonia białystok,POM,Motor Lublin,False,,,,,,,insufficient_data,Za mało danych (0/2 kolejek),,,1
1516,Adi Mehremić,wisła kraków,OBR,Piast Gliwice,False,,,,,,,insufficient_data,Za mało danych (0/2 kolejek),,,1
1517,Daniel Bielica,górnik zabrze,BR,Korona Kielce,False,,,,,,,insufficient_data,Za mało danych (0/2 kolejek),,,1
1518,Rivaldo Ferreira Júnior,cracovia,NAP,Pogoń Szczecin,True,,,,,,,insufficient_data,Za mało danych (0/2 kolejek),,,1
1519,Jakub Niewiadomski,lech poznań,OBR,Wieczysta Kraków,False,,,,,,,insufficient_data,Za mało danych (0/2 kolejek),,,1
1521,Bartosz Kapustka,legia warszawa,POM,Zagłębie Lubin,True,,,,,,,insufficient_data,Za mało danych (1/2 kolejek),,,1
1522,Samuel Mráz,motor lublin,NAP,Jagiellonia Białystok,True,,,,,,,insufficient_data,Za mało danych (0/2 kolejek),,,1
1523,Lorenco Šimić,zagłębie lubin,OBR,Legia Warszawa,False,,,,,,,insufficient_data,Za mało danych (0/2 kolejek),,,1
1526,Wiktor Preuss,piast gliwice,POM,Wisła Kraków,True,,,,,,,insufficient_data,Za mało danych (0/2 kolejek),,,1
1528,Konrad Gruszkowski,gks katowice,OBR,Radomiak Radom,True,,,,,,,insufficient_data,Za mało danych (0/2 kolejek),,,1
1529,Mariusz Fornalczyk,widzew łódź,POM,Wisła Płock,False,,,,,,,insufficient_data,Za mało danych (0/2 kolejek),,,1
1531,Søren Reese,zagłębie lubin,OBR,Legia Warszawa,False,,,,,,,insufficient_data,Za mało danych (0/2 kolejek),,,1
1532,Jan Sýkora,lech poznań,POM,Wieczysta Kraków,False,,,,,,,insufficient_data,Za mało danych (0/2 kolejek),,,1
1533,Marcel Żurek,raków częstochowa,POM,Śląsk Wrocław,False,,,,,,,insufficient_data,Za mało danych (0/2 kolejek),,,1
1536,Jakub Gut,cracovia,POM,Pogoń Szczecin,True,,,,,,,insufficient_data,Za mało danych (0/2 kolejek),,,1
1537,Jakub Bednarczyk,zagłębie lubin,POM,Legia Warszawa,False,,,,,,,insufficient_data,Za mało danych (0/2 kolejek),,,1
1538,Kamil Bielikow,zagłębie lubin,BR,Legia Warszawa,False,,,,,,,insufficient_data,Za mało danych (0/2 kolejek),,,1
1539,Iván López,raków częstochowa,POM,Śląsk Wrocław,False,,,,,,,insufficient_data,Za mało danych (0/2 kolejek),,,1
1540,Norbert Wojtuszek,jagiellonia białystok,OBR,Motor Lublin,False,,,,,,,insufficient_data,Za mało danych (0/2 kolejek),,,1
1541,Piotr Owczarek,raków częstochowa,POM,Śląsk Wrocław,False,,,,,,,insufficient_data,Za mało danych (0/2 kolejek),,,1
1543,Mohammad Awwad,lech poznań,NAP,Wieczysta Kraków,False,,,,,,,insufficient_data,Za mało danych (0/2 kolejek),,,1
1544,Marcel Zylla,śląsk wrocław,POM,Raków Częstochowa,True,,,,,,,insufficient_data,Za mało danych (0/2 kolejek),,,1
1547,Wasyl Kraweć,lech poznań,OBR,Wieczysta Kraków,False,,,,,,,insufficient_data,Za mało danych (0/2 kolejek),,,1
1549,Michal Frydrych,wisła kraków,OBR,Piast Gliwice,False,,,,,,,insufficient_data,Za mało danych (0/2 kolejek),,,1
1550,Szymon Lewkot,śląsk wrocław,POM,Raków Częstochowa,True,,,,,,,insufficient_data,Za mało danych (0/2 kolejek),,,1
1551,Fernán Ferreiroa,jagiellonia białystok,POM,Motor Lublin,False,,,,,,,insufficient_data,Za mało danych (0/2 kolejek),,,1
1553,Luka Zahovič,górnik zabrze,NAP,Korona Kielce,False,,,,,,,insufficient_data,Za mało danych (0/2 kolejek),,,1
1554,Milan Obradović,wisła płock,OBR,Widzew Łódź,True,,,,,,,insufficient_data,Za mało danych (0/2 kolejek),,,1
1555,Damir Sadiković,cracovia,POM,Pogoń Szczecin,True,,,,,,,insufficient_data,Za mało danych (0/2 kolejek),,,1
1557,Kris Twardek,jagiellonia białystok,POM,Motor Lublin,False,,,,,,,insufficient_data,Za mało danych (0/2 kolejek),,,1
1558,Stéfanos Evangélou,górnik zabrze,OBR,Korona Kielce,False,,,,,,,insufficient_data,Za mało danych (0/2 kolejek),,,1
1559,Julio Rodríguez,wisła płock,OBR,Widzew Łódź,True,,,,,,,insufficient_data,Za mało danych (0/2 kolejek),,,1
1560,Bożidar Czorbadżijski,widzew łódź,OBR,Wisła Płock,False,,,,,,,insufficient_data,Za mało danych (0/2 kolejek),,,1
1561,Szymon Pankiewicz,jagiellonia białystok,OBR,Motor Lublin,False,,,,,,,insufficient_data,Za mało danych (0/2 kolejek),,,1
1562,Kristoffer Velde,lech poznań,POM,Wieczysta Kraków,False,,,,,,,insufficient_data,Za mało danych (0/2 kolejek),,,1
1565,Olivier Wypart,śląsk wrocław,OBR,Raków Częstochowa,True,,,,,,,insufficient_data,Za mało danych (0/2 kolejek),,,1
1566,Sławomir Chmiel,wisła kraków,POM,Piast Gliwice,False,,,,,,,insufficient_data,Za mało danych (0/2 kolejek),,,1
1567,Wiktor Szywacz,wisła kraków,POM,Piast Gliwice,False,,,,,,,insufficient_data,Za mało danych (0/2 kolejek),,,1
1568,Jakub Góralczyk,cracovia,OBR,Pogoń Szczecin,True,,,,,,,insufficient_data,Za mało danych (0/2 kolejek),,,1
1569,Oskar Wójcik,cracovia,OBR,Pogoń Szczecin,True,,,,,,,insufficient_data,Za mało danych (0/2 kolejek),,,1
1571,Jan Majsterek,jagiellonia białystok,OBR,Motor Lublin,False,,,,,,,insufficient_data,Za mało danych (0/2 kolejek),,,1
1572,Kacper Andrzejewski,lech poznań,OBR,Wieczysta Kraków,False,,,,,,,insufficient_data,Za mało danych (0/2 kolejek),,,1
1573,Antonio Milić,wieczysta kraków,OBR,Lech Poznań,True,,,,,,,insufficient_data,Za mało danych (1/2 kolejek),,,1
1574,Bartosz Salamon,lech poznań,OBR,Wieczysta Kraków,False,,,,,,,insufficient_data,Za mało danych (0/2 kolejek),,,1
1575,Jakub Karbownik,lech poznań,POM,Wieczysta Kraków,False,,,,,,,insufficient_data,Za mało danych (0/2 kolejek),,,1
1576,Jesper Karlström,lech poznań,POM,Wieczysta Kraków,False,,,,,,,insufficient_data,Za mało danych (0/2 kolejek),,,1
1578,Jan Biegański,pogoń szczecin,POM,Cracovia,False,,,,,,,insufficient_data,Za mało danych (1/2 kolejek),,,1
1580,Patryk Konik,legia warszawa,OBR,Zagłębie Lubin,True,,,,,,,insufficient_data,Za mało danych (0/2 kolejek),,,1
1581,Bartłomiej Ciepiela,legia warszawa,POM,Zagłębie Lubin,True,,,,,,,insufficient_data,Za mało danych (0/2 kolejek),,,1
1582,Yehor Matsenko,śląsk wrocław,OBR,Raków Częstochowa,True,,,,,,,insufficient_data,Za mało danych (0/2 kolejek),,,1
1583,Mateusz Winciersz,piast gliwice,POM,Wisła Kraków,True,,,,,,,insufficient_data,Za mało danych (0/2 kolejek),,,1
1586,Makana Baku,legia warszawa,POM,Zagłębie Lubin,True,,,,,,,insufficient_data,Za mało danych (0/2 kolejek),,,1
1588,Tim Hall,wisła kraków,OBR,Piast Gliwice,False,,,,,,,insufficient_data,Za mało danych (0/2 kolejek),,,1
1589,Łukasz Łakomy,zagłębie lubin,POM,Legia Warszawa,False,,,,,,,insufficient_data,Za mało danych (0/2 kolejek),,,1
1590,Dominik Holec,piast gliwice,BR,Wisła Kraków,True,,,,,,,insufficient_data,Za mało danych (0/2 kolejek),,,1
1591,Karol Smajdor,lech poznań,OBR,Wieczysta Kraków,False,,,,,,,insufficient_data,Za mało danych (0/2 kolejek),,,1
1593,Kacper Rogoziński,wisła płock,NAP,Widzew Łódź,True,,,,,,,insufficient_data,Za mało danych (0/2 kolejek),,,1
1594,Żan Medved,wisła kraków,NAP,Piast Gliwice,False,,,,,,,insufficient_data,Za mało danych (0/2 kolejek),,,1
1595,Luka Šušnjara,wisła płock,POM,Widzew Łódź,True,,,,,,,insufficient_data,Za mało danych (0/2 kolejek),,,1
1596,Souleymane Koné,wisła kraków,OBR,Piast Gliwice,False,,,,,,,insufficient_data,Za mało danych (0/2 kolejek),,,1
1597,Bojan Nastić,wisła płock,OBR,Widzew Łódź,True,,,,,,,insufficient_data,Za mało danych (0/2 kolejek),,,1
1598,Mateusz Łęgowski,motor lublin,POM,Jagiellonia Białystok,True,,,,,,,insufficient_data,Za mało danych (0/2 kolejek),,,1
1599,Jan Ziewiec,cracovia,OBR,Pogoń Szczecin,True,,,,,,,insufficient_data,Za mało danych (0/2 kolejek),,,1
1600,Michał Litwa,raków częstochowa,NAP,Śląsk Wrocław,False,,,,,,,insufficient_data,Za mało danych (0/2 kolejek),,,1
1601,Nika Kwekweskiri,lech poznań,POM,Wieczysta Kraków,False,,,,,,,insufficient_data,Za mało danych (0/2 kolejek),,,1
1602,Mateusz Kizyma,zagłębie lubin,POM,Legia Warszawa,False,,,,,,,insufficient_data,Za mało danych (0/2 kolejek),,,1
1603,Piotr Starzyński,wisła kraków,POM,Piast Gliwice,False,,,,,,,insufficient_data,Za mało danych (0/2 kolejek),,,1
1604,Miroslav Stoch,zagłębie lubin,POM,Legia Warszawa,False,,,,,,,insufficient_data,Za mało danych (0/2 kolejek),,,1
1605,Maksym Gendera,piast gliwice,OBR,Wisła Kraków,True,,,,,,,insufficient_data,Za mało danych (0/2 kolejek),,,1
1606,Michał Zachciał,piast gliwice,POM,Wisła Kraków,True,,,,,,,insufficient_data,Za mało danych (0/2 kolejek),,,1
1607,Bartosz Zynek,wisła płock,POM,Widzew Łódź,True,,,,,,,insufficient_data,Za mało danych (0/2 kolejek),,,1
1608,Myrosław Mazur,jagiellonia białystok,OBR,Motor Lublin,False,,,,,,,insufficient_data,Za mało danych (0/2 kolejek),,,1
1609,Jakub Kisiel,legia warszawa,POM,Zagłębie Lubin,True,,,,,,,insufficient_data,Za mało danych (0/2 kolejek),,,1
1610,Krystian Wachowiak,wisła kraków,OBR,Piast Gliwice,False,,,,,,,insufficient_data,Za mało danych (0/2 kolejek),,,1
1611,Bartłomiej Eizenchart,górnik zabrze,POM,Korona Kielce,False,,,,,,,insufficient_data,Za mało danych (0/2 kolejek),,,1
1612,Godfrey Stephen,jagiellonia białystok,OBR,Motor Lublin,False,,,,,,,insufficient_data,Za mało danych (0/2 kolejek),,,1
1615,Richmond Boakye,górnik zabrze,NAP,Korona Kielce,False,,,,,,,insufficient_data,Za mało danych (0/2 kolejek),,,1
1616,Adam Zreľák,gks katowice,NAP,Radomiak Radom,True,,,,,,,insufficient_data,Za mało danych (0/2 kolejek),,,1
1617,Aron Jóhannsson,lech poznań,NAP,Wieczysta Kraków,False,,,,,,,insufficient_data,Za mało danych (0/2 kolejek),,,1
1618,Krystian Palacz,motor lublin,OBR,Jagiellonia Białystok,True,,,,,,,insufficient_data,Za mało danych (0/2 kolejek),,,1
1619,Jasur Yaxshiboyev,legia warszawa,POM,Zagłębie Lubin,True,,,,,,,insufficient_data,Za mało danych (0/2 kolejek),,,1
1620,Artem Szabanow,legia warszawa,OBR,Zagłębie Lubin,True,,,,,,,insufficient_data,Za mało danych (0/2 kolejek),,,1
1621,Karol Szymkowiak,wisła płock,BR,Widzew Łódź,True,,,,,,,insufficient_data,Za mało danych (0/2 kolejek),,,1
1622,Jakub Orpik,jagiellonia białystok,POM,Motor Lublin,False,,,,,,,insufficient_data,Za mało danych (0/2 kolejek),,,1
1623,Filip Borowski,piast gliwice,OBR,Wisła Kraków,True,,,,,,,insufficient_data,Za mało danych (0/2 kolejek),,,1
1624,Kristián Vallo,wisła płock,POM,Widzew Łódź,True,,,,,,,insufficient_data,Za mało danych (0/2 kolejek),,,1
1626,Ernest Muçi,legia warszawa,POM,Zagłębie Lubin,True,,,,,,,insufficient_data,Za mało danych (0/2 kolejek),,,1
1627,Karol Podliński,zagłębie lubin,NAP,Legia Warszawa,False,,,,,,,insufficient_data,Za mało danych (0/2 kolejek),,,1
1628,Uroš Radaković,wisła kraków,OBR,Piast Gliwice,False,,,,,,,insufficient_data,Za mało danych (0/2 kolejek),,,1
1630,Maik Nawrocki,legia warszawa,OBR,Zagłębie Lubin,True,,,,,,,insufficient_data,Za mało danych (0/2 kolejek),,,1
1631,David Mawutor,wisła kraków,POM,Piast Gliwice,False,,,,,,,insufficient_data,Za mało danych (0/2 kolejek),,,1
1632,Antoni Kozubal,lech poznań,POM,Wieczysta Kraków,False,,,,,,,insufficient_data,Za mało danych (0/2 kolejek),,,1
1633,Hubert Karpiński,jagiellonia białystok,NAP,Motor Lublin,False,,,,,,,insufficient_data,Za mało danych (0/2 kolejek),,,1
1635,Filip Koperski,radomiak radom,OBR,GKS Katowice,False,,,,,,,insufficient_data,Za mało danych (0/2 kolejek),,,1
1636,Bartłomiej Frasik,śląsk wrocław,BR,Raków Częstochowa,True,,,,,,,insufficient_data,Za mało danych (0/2 kolejek),,,1
1638,Norbert Pacławski,lech poznań,NAP,Wieczysta Kraków,False,,,,,,,insufficient_data,Za mało danych (0/2 kolejek),,,1
1639,Milan Posmyk,zagłębie lubin,OBR,Legia Warszawa,False,,,,,,,insufficient_data,Za mało danych (0/2 kolejek),,,1
1653,Adam Radwański,wisła płock,POM,Widzew Łódź,True,,,,,,,insufficient_data,Za mało danych (0/2 kolejek),,,1
1654,Ernest Terpiłowski,widzew łódź,POM,Wisła Płock,False,,,,,,,insufficient_data,Za mało danych (0/2 kolejek),,,1
1660,Kacper Śpiewak,motor lublin,NAP,Jagiellonia Białystok,True,,,,,,,insufficient_data,Za mało danych (0/2 kolejek),,,1
1673,Przemysław Banaszak,śląsk wrocław,NAP,Raków Częstochowa,True,,,,,,,insufficient_data,Za mało danych (0/2 kolejek),,,1
1675,Filip Majchrowicz,radomiak radom,BR,GKS Katowice,False,,,,,,,insufficient_data,Za mało danych (1/2 kolejek),,,1
1676,Maciej Świdzikowski,radomiak radom,OBR,GKS Katowice,False,,,,,,,insufficient_data,Za mało danych (0/2 kolejek),,,1
1677,Kacper Wiatrak,radomiak radom,OBR,GKS Katowice,False,,,,,,,insufficient_data,Za mało danych (0/2 kolejek),,,1
1678,Amâncio Fortes,radomiak radom,POM,GKS Katowice,False,,,,,,,insufficient_data,Za mało danych (0/2 kolejek),,,1
1679,Dominik Banach,radomiak radom,POM,GKS Katowice,False,,,,,,,insufficient_data,Za mało danych (0/2 kolejek),,,1
1680,Filipe Nascimento,górnik zabrze,POM,Korona Kielce,False,,,,,,,insufficient_data,Za mało danych (0/2 kolejek),,,1
1681,Michał Kaput,radomiak radom,POM,GKS Katowice,False,,,,,,,insufficient_data,Za mało danych (0/2 kolejek),,,1
1682,Miłosz Kozak,śląsk wrocław,POM,Raków Częstochowa,True,,,,,,,insufficient_data,Za mało danych (0/2 kolejek),,,1
1683,Luís Machado,radomiak radom,POM,GKS Katowice,False,,,,,,,insufficient_data,Za mało danych (0/2 kolejek),,,1
1684,Jakub Nowakowski,radomiak radom,POM,GKS Katowice,False,,,,,,,insufficient_data,Za mało danych (0/2 kolejek),,,1
1685,Athanasios Scheidt,radomiak radom,POM,GKS Katowice,False,,,,,,,insufficient_data,Za mało danych (0/2 kolejek),,,1
1686,Dominik Sokół,radomiak radom,POM,GKS Katowice,False,,,,,,,insufficient_data,Za mało danych (0/2 kolejek),,,1
1687,Morimakan Diané,radomiak radom,NAP,GKS Katowice,False,,,,,,,insufficient_data,Za mało danych (0/2 kolejek),,,1
1688,Rossi Pereira Leândro,radomiak radom,POM,GKS Katowice,False,,,,,,,insufficient_data,Za mało danych (0/2 kolejek),,,1
1689,Patryk Mikita,radomiak radom,NAP,GKS Katowice,False,,,,,,,insufficient_data,Za mało danych (0/2 kolejek),,,1
1690,Jakub Podsiadło,radomiak radom,NAP,GKS Katowice,False,,,,,,,insufficient_data,Za mało danych (0/2 kolejek),,,1
1691,Mario Rondón,radomiak radom,NAP,GKS Katowice,False,,,,,,,insufficient_data,Za mało danych (0/2 kolejek),,,1
1693,Filip Kramarz,cracovia,BR,Pogoń Szczecin,True,,,,,,,insufficient_data,Za mało danych (0/2 kolejek),,,1
1694,Filip Balaj,cracovia,NAP,Pogoń Szczecin,True,,,,,,,insufficient_data,Za mało danych (0/2 kolejek),,,1
1695,Mathias Hebo Rasmussen,cracovia,POM,Pogoń Szczecin,True,,,,,,,insufficient_data,Za mało danych (0/2 kolejek),,,1
1696,Jakub Jugas,cracovia,OBR,Pogoń Szczecin,True,,,,,,,insufficient_data,Za mało danych (0/2 kolejek),,,1
1697,Otar Kakabadze,cracovia,OBR,Pogoń Szczecin,True,,,,,,,insufficient_data,Za mało danych (0/2 kolejek),,,1
1698,Karol Knap,cracovia,POM,Pogoń Szczecin,True,,,,,,,insufficient_data,Za mało danych (0/2 kolejek),,,1
1699,Kamil Ogorzały,cracovia,POM,Pogoń Szczecin,True,,,,,,,insufficient_data,Za mało danych (0/2 kolejek),,,1
1700,Maciej Mrozik,cracovia,POM,Pogoń Szczecin,True,,,,,,,insufficient_data,Za mało danych (0/2 kolejek),,,1
1701,Łukasz Ziemnik,cracovia,NAP,Pogoń Szczecin,True,,,,,,,insufficient_data,Za mało danych (0/2 kolejek),,,1
1702,Lukas Podolski,górnik zabrze,POM,Korona Kielce,False,,,,,,,insufficient_data,Za mało danych (0/2 kolejek),,,1
1703,Jakub Szymański,wisła płock,OBR,Widzew Łódź,True,,,,,,,insufficient_data,Za mało danych (0/2 kolejek),,,1
1704,Błażej Niezgoda,jagiellonia białystok,BR,Motor Lublin,False,,,,,,,insufficient_data,Za mało danych (0/2 kolejek),,,1
1705,Dani Quintana,jagiellonia białystok,POM,Motor Lublin,False,,,,,,,insufficient_data,Za mało danych (0/2 kolejek),,,1
1706,Michał Samborski,jagiellonia białystok,NAP,Motor Lublin,False,,,,,,,insufficient_data,Za mało danych (0/2 kolejek),,,1
1707,Michał Surzyn,jagiellonia białystok,POM,Motor Lublin,False,,,,,,,insufficient_data,Za mało danych (0/2 kolejek),,,1
1708,Kacper Tabiś,jagiellonia białystok,POM,Motor Lublin,False,,,,,,,insufficient_data,Za mało danych (0/2 kolejek),,,1
1709,Oliwier Wojciechowski,jagiellonia białystok,POM,Motor Lublin,False,,,,,,,insufficient_data,Za mało danych (0/2 kolejek),,,1
1711,Barry Douglas,lech poznań,OBR,Wieczysta Kraków,False,,,,,,,insufficient_data,Za mało danych (0/2 kolejek),,,1
1712,Joel Pereira,lech poznań,OBR,Wieczysta Kraków,False,,,,,,,insufficient_data,Za mało danych (0/2 kolejek),,,1
1713,Kacper Wachowiak,lech poznań,OBR,Wieczysta Kraków,False,,,,,,,insufficient_data,Za mało danych (0/2 kolejek),,,1
1714,Patryk Waliś,lech poznań,OBR,Wieczysta Kraków,False,,,,,,,insufficient_data,Za mało danych (0/2 kolejek),,,1
1715,Kacper Tobiasz,legia warszawa,BR,Zagłębie Lubin,True,,,,,,,insufficient_data,Za mało danych (0/2 kolejek),,,1
1717,Mattias Johansson,legia warszawa,OBR,Zagłębie Lubin,True,,,,,,,insufficient_data,Za mało danych (0/2 kolejek),,,1
1719,Michael Ameyaw,raków częstochowa,POM,Śląsk Wrocław,False,,,,,,,insufficient_data,Za mało danych (0/2 kolejek),,,1
1720,Miguel Muñoz,piast gliwice,OBR,Wisła Kraków,True,,,,,,,insufficient_data,Za mało danych (0/2 kolejek),,,1
1721,Alberto Toril,piast gliwice,NAP,Wisła Kraków,True,,,,,,,insufficient_data,Za mało danych (0/2 kolejek),,,1
1722,Bartosz Klebaniuk,pogoń szczecin,BR,Cracovia,False,,,,,,,insufficient_data,Za mało danych (0/2 kolejek),,,1
1723,Lindsay Rose,legia warszawa,OBR,Zagłębie Lubin,True,,,,,,,insufficient_data,Za mało danych (0/2 kolejek),,,1
1724,Vladan Kovačević,legia warszawa,BR,Zagłębie Lubin,True,,,,,,,insufficient_data,Za mało danych (0/2 kolejek),,,1
1725,Mahir Emreli,raków częstochowa,NAP,Śląsk Wrocław,False,,,,,,,insufficient_data,Za mało danych (0/2 kolejek),,,1
1729,Maksymilian Boruc,śląsk wrocław,BR,Raków Częstochowa,True,,,,,,,insufficient_data,Za mało danych (0/2 kolejek),,,1
1731,Józef Burta,śląsk wrocław,BR,Raków Częstochowa,True,,,,,,,insufficient_data,Za mało danych (0/2 kolejek),,,1
1732,Diogo Verdasca,śląsk wrocław,OBR,Raków Częstochowa,True,,,,,,,insufficient_data,Za mało danych (0/2 kolejek),,,1
1733,Víctor García,śląsk wrocław,OBR,Raków Częstochowa,True,,,,,,,insufficient_data,Za mało danych (0/2 kolejek),,,1
1734,Caye Quintana,śląsk wrocław,NAP,Raków Częstochowa,True,,,,,,,insufficient_data,Za mało danych (0/2 kolejek),,,1
1735,Josue Pesqueira,legia warszawa,POM,Zagłębie Lubin,True,,,,,,,insufficient_data,Za mało danych (0/2 kolejek),,,1
1739,Mikołaj Biegański,widzew łódź,BR,Wisła Płock,False,,,,,,,insufficient_data,Za mało danych (0/2 kolejek),,,1
1740,Aschraf El Mahdioui,wisła kraków,POM,Piast Gliwice,False,,,,,,,insufficient_data,Za mało danych (0/2 kolejek),,,1
1741,Matěj Hanousek,wisła kraków,OBR,Piast Gliwice,False,,,,,,,insufficient_data,Za mało danych (0/2 kolejek),,,1
1742,Dor Hugi,wisła kraków,POM,Piast Gliwice,False,,,,,,,insufficient_data,Za mało danych (0/2 kolejek),,,1
1743,Jan Kliment,wisła kraków,NAP,Piast Gliwice,False,,,,,,,insufficient_data,Za mało danych (0/2 kolejek),,,1
1744,Kacper Rosa,motor lublin,BR,Jagiellonia Białystok,True,,,,,,,insufficient_data,Za mało danych (0/2 kolejek),,,1
1745,Michal Škvarka,wisła kraków,POM,Piast Gliwice,False,,,,,,,insufficient_data,Za mało danych (0/2 kolejek),,,1
1746,Kamil Głogowski,wisła kraków,OBR,Piast Gliwice,False,,,,,,,insufficient_data,Za mało danych (0/2 kolejek),,,1
1747,Igor Drapiński,piast gliwice,OBR,Wisła Kraków,True,,,,,,,insufficient_data,Za mało danych (0/2 kolejek),,,1
1748,Anton Krywociuk,wisła płock,OBR,Widzew Łódź,True,,,,,,,insufficient_data,Za mało danych (0/2 kolejek),,,1
1749,Michał Oczkowski,wisła płock,BR,Widzew Łódź,True,,,,,,,insufficient_data,Za mało danych (0/2 kolejek),,,1
1750,Dawid Krzyżański,wisła płock,POM,Widzew Łódź,True,,,,,,,insufficient_data,Za mało danych (0/2 kolejek),,,1
1752,Ian Soler,zagłębie lubin,OBR,Legia Warszawa,False,,,,,,,insufficient_data,Za mało danych (0/2 kolejek),,,1
1754,Michał Król,wisła płock,POM,Widzew Łódź,True,,,,,,,insufficient_data,Za mało danych (0/2 kolejek),,,1
1756,Konrad Matuszewski,korona kielce,OBR,Górnik Zabrze,True,,,,,,,insufficient_data,Za mało danych (0/2 kolejek),,,1
1757,Bartosz Mrozek,lech poznań,BR,Wieczysta Kraków,False,,,,,,,insufficient_data,Za mało danych (0/2 kolejek),,,1
1758,Pedro Vieira,raków częstochowa,NAP,Śląsk Wrocław,False,,,,,,,insufficient_data,Za mało danych (0/2 kolejek),,,1
1761,Krystian Bracik,cracovia,OBR,Pogoń Szczecin,True,,,,,,,insufficient_data,Za mało danych (0/2 kolejek),,,1
1762,Damian Kołtański,lech poznań,POM,Wieczysta Kraków,False,,,,,,,insufficient_data,Za mało danych (0/2 kolejek),,,1
1764,Szymon Krocz,śląsk wrocław,POM,Raków Częstochowa,True,,,,,,,insufficient_data,Za mało danych (0/2 kolejek),,,1
1766,Jakub Mądrzyk,raków częstochowa,BR,Śląsk Wrocław,False,,,,,,,insufficient_data,Za mało danych (0/2 kolejek),,,1
1767,Gabriel Kirejczyk,piast gliwice,NAP,Wisła Kraków,True,,,,,,,insufficient_data,Za mało danych (0/2 kolejek),,,1
1769,Gabor Żukowski,jagiellonia białystok,OBR,Motor Lublin,False,,,,,,,insufficient_data,Za mało danych (0/2 kolejek),,,1
1770,Tomasz Pieńko,raków częstochowa,POM,Śląsk Wrocław,False,,,,,,,insufficient_data,Za mało danych (0/2 kolejek),,,1
1772,Kacper Lepczyński,zagłębie lubin,OBR,Legia Warszawa,False,,,,,,,insufficient_data,Za mało danych (0/2 kolejek),,,1
1774,Adrian Dziedzic,górnik zabrze,POM,Korona Kielce,False,,,,,,,insufficient_data,Za mało danych (0/2 kolejek),,,1
1775,Arsen Hrosu,górnik zabrze,POM,Korona Kielce,False,,,,,,,insufficient_data,Za mało danych (0/2 kolejek),,,1
1777,Bartosz Bayer,jagiellonia białystok,POM,Motor Lublin,False,,,,,,,insufficient_data,Za mało danych (0/2 kolejek),,,1
1778,Eryk Matus,jagiellonia białystok,POM,Motor Lublin,False,,,,,,,insufficient_data,Za mało danych (0/2 kolejek),,,1
1779,Alexandre Guedes,raków częstochowa,NAP,Śląsk Wrocław,False,,,,,,,insufficient_data,Za mało danych (0/2 kolejek),,,1
1780,Erik Daniel,zagłębie lubin,POM,Legia Warszawa,False,,,,,,,insufficient_data,Za mało danych (0/2 kolejek),,,1
1781,Raphael Rossi,radomiak radom,OBR,GKS Katowice,False,,,,,,,insufficient_data,Za mało danych (0/2 kolejek),,,1
1782,Roque Júnior Maurides,radomiak radom,NAP,GKS Katowice,False,,,,,,,insufficient_data,Za mało danych (0/2 kolejek),,,1
1783,da Silveira Castro Rhuan,radomiak radom,POM,GKS Katowice,False,,,,,,,insufficient_data,Za mało danych (0/2 kolejek),,,1
1784,Jonathan Simba Bwanga,radomiak radom,OBR,GKS Katowice,False,,,,,,,insufficient_data,Za mało danych (0/2 kolejek),,,1
1786,Dominik Wydra,raków częstochowa,OBR,Śląsk Wrocław,False,,,,,,,insufficient_data,Za mało danych (0/2 kolejek),,,1
1787,Paweł Kieszek,wisła kraków,BR,Piast Gliwice,False,,,,,,,insufficient_data,Za mało danych (0/2 kolejek),,,1
1788,Marcel Błachewicz,wisła płock,OBR,Widzew Łódź,True,,,,,,,insufficient_data,Za mało danych (0/2 kolejek),,,1
1790,Fábio Sturgeon,raków częstochowa,POM,Śląsk Wrocław,False,,,,,,,insufficient_data,Za mało danych (0/2 kolejek),,,1
1791,Adriel Ba Loua,lech poznań,POM,Wieczysta Kraków,False,,,,,,,insufficient_data,Za mało danych (0/2 kolejek),,,1
1792,Ilja Żygulow,zagłębie lubin,POM,Legia Warszawa,False,,,,,,,insufficient_data,Za mało danych (0/2 kolejek),,,1
1793,Nikola Stojiljković,piast gliwice,NAP,Wisła Kraków,True,,,,,,,insufficient_data,Za mało danych (0/2 kolejek),,,1
1794,Kamil Grosicki,pogoń szczecin,POM,Cracovia,False,,,,,,,insufficient_data,Za mało danych (1/2 kolejek),,,1
1795,Sławomir Abramowicz,jagiellonia białystok,BR,Motor Lublin,False,,,,,,,insufficient_data,Za mało danych (0/2 kolejek),,,1
1796,Pedro Rebocho,lech poznań,OBR,Wieczysta Kraków,False,,,,,,,insufficient_data,Za mało danych (0/2 kolejek),,,1
1797,Yuri Ribeiro,legia warszawa,OBR,Zagłębie Lubin,True,,,,,,,insufficient_data,Za mało danych (0/2 kolejek),,,1
1798,Roko Baturina,lech poznań,NAP,Wieczysta Kraków,False,,,,,,,insufficient_data,Za mało danych (0/2 kolejek),,,1
1800,Jurgen Çelhaka,legia warszawa,POM,Zagłębie Lubin,True,,,,,,,insufficient_data,Za mało danych (0/2 kolejek),,,1
1801,Jorge Jorginho,wisła płock,POM,Widzew Łódź,True,,,,,,,insufficient_data,Za mało danych (0/2 kolejek),,,1
1802,Jakub Iskra,śląsk wrocław,OBR,Raków Częstochowa,True,,,,,,,insufficient_data,Za mało danych (0/2 kolejek),,,1
1804,Tomáš Zajíc,zagłębie lubin,NAP,Legia Warszawa,False,,,,,,,insufficient_data,Za mało danych (0/2 kolejek),,,1
1805,David Toševski,górnik zabrze,NAP,Korona Kielce,False,,,,,,,insufficient_data,Za mało danych (0/2 kolejek),,,1
1806,Tiago Matos,radomiak radom,POM,GKS Katowice,False,,,,,,,insufficient_data,Za mało danych (0/2 kolejek),,,1
1808,Ihor Charatin,legia warszawa,POM,Zagłębie Lubin,True,,,,,,,insufficient_data,Za mało danych (0/2 kolejek),,,1
1809,Jean Jules Mvondo,górnik zabrze,POM,Korona Kielce,False,,,,,,,insufficient_data,Za mało danych (0/2 kolejek),,,1
1810,Lirim Kastrati,legia warszawa,POM,Zagłębie Lubin,True,,,,,,,insufficient_data,Za mało danych (0/2 kolejek),,,1
1811,Aléxandros Katránis,piast gliwice,OBR,Wisła Kraków,True,,,,,,,insufficient_data,Za mało danych (0/2 kolejek),,,1
1812,Jason Lokilo,piast gliwice,POM,Wisła Kraków,True,,,,,,,insufficient_data,Za mało danych (0/2 kolejek),,,1
1814,Patryk Kusztal,zagłębie lubin,NAP,Legia Warszawa,False,,,,,,,insufficient_data,Za mało danych (0/2 kolejek),,,1
1815,Dawid Rezaeian,pogoń szczecin,OBR,Cracovia,False,,,,,,,insufficient_data,Za mało danych (0/2 kolejek),,,1
1817,Aleksandar Pantić,zagłębie lubin,OBR,Legia Warszawa,False,,,,,,,insufficient_data,Za mało danych (0/2 kolejek),,,1
1818,Tomasz Walczak,raków częstochowa,NAP,Śląsk Wrocław,False,,,,,,,insufficient_data,Za mało danych (0/2 kolejek),,,1
1819,Thabo Cele,radomiak radom,POM,GKS Katowice,False,,,,,,,insufficient_data,Za mało danych (0/2 kolejek),,,1
1821,Dariusz Stalmach,górnik zabrze,POM,Korona Kielce,False,,,,,,,insufficient_data,Za mało danych (0/2 kolejek),,,1
1822,Alexander Steffen,zagłębie lubin,BR,Legia Warszawa,False,,,,,,,insufficient_data,Za mało danych (0/2 kolejek),,,1
1823,Jakub Jasionek,jagiellonia białystok,BR,Motor Lublin,False,,,,,,,insufficient_data,Za mało danych (0/2 kolejek),,,1
1825,Rui Gomes,legia warszawa,NAP,Zagłębie Lubin,True,,,,,,,insufficient_data,Za mało danych (0/2 kolejek),,,1
1826,Filip Gryglak,śląsk wrocław,POM,Raków Częstochowa,True,,,,,,,insufficient_data,Za mało danych (0/2 kolejek),,,1
1827,Oliwier Hyla,cracovia,OBR,Pogoń Szczecin,True,,,,,,,insufficient_data,Za mało danych (0/2 kolejek),,,1
1828,Jan Ciućka,górnik zabrze,NAP,Korona Kielce,False,,,,,,,insufficient_data,Za mało danych (0/2 kolejek),,,1
1829,Krzysztof Wingralek,górnik zabrze,OBR,Korona Kielce,False,,,,,,,insufficient_data,Za mało danych (0/2 kolejek),,,1
1830,Miłosz Piekutowski,jagiellonia białystok,BR,Motor Lublin,False,,,,,,,insufficient_data,Za mało danych (0/2 kolejek),,,1
1831,Antoni Mikułko,wieczysta kraków,BR,Lech Poznań,True,,,,,,,insufficient_data,Za mało danych (1/2 kolejek),,,1
1832,Karol Noiszewski,legia warszawa,POM,Zagłębie Lubin,True,,,,,,,insufficient_data,Za mało danych (0/2 kolejek),,,1
1833,Tihomir Kostadinov,piast gliwice,POM,Wisła Kraków,True,,,,,,,insufficient_data,Za mało danych (0/2 kolejek),,,1
1835,Wahan Biczachczjan,legia warszawa,POM,Zagłębie Lubin,True,,,,,,,insufficient_data,Za mało danych (1/2 kolejek),,,1
1837,Momo Cissé,wisła kraków,POM,Piast Gliwice,False,,,,,,,insufficient_data,Za mało danych (0/2 kolejek),,,1
1839,Sebastian Ring,wisła kraków,OBR,Piast Gliwice,False,,,,,,,insufficient_data,Za mało danych (0/2 kolejek),,,1
1840,Martin Doležal,zagłębie lubin,NAP,Legia Warszawa,False,,,,,,,insufficient_data,Za mało danych (0/2 kolejek),,,1
1842,Dawid Olejarka,radomiak radom,POM,GKS Katowice,False,,,,,,,insufficient_data,Za mało danych (0/2 kolejek),,,1
1843,Constantin Reiner,piast gliwice,OBR,Wisła Kraków,True,,,,,,,insufficient_data,Za mało danych (0/2 kolejek),,,1
1844,Joseph Colley,wisła kraków,OBR,Piast Gliwice,False,,,,,,,insufficient_data,Za mało danych (0/2 kolejek),,,1
1845,Deiana Sorescu,raków częstochowa,POM,Śląsk Wrocław,False,,,,,,,insufficient_data,Za mało danych (0/2 kolejek),,,1
1846,Aleksandar Šćekić,zagłębie lubin,POM,Legia Warszawa,False,,,,,,,insufficient_data,Za mało danych (0/2 kolejek),,,1
1847,Pawieł Pawluczenko,górnik zabrze,BR,Korona Kielce,False,,,,,,,insufficient_data,Za mało danych (0/2 kolejek),,,1
1848,Enis Fazlagić,wisła kraków,POM,Piast Gliwice,False,,,,,,,insufficient_data,Za mało danych (0/2 kolejek),,,1
1849,Adrián Balboa,raków częstochowa,NAP,Śląsk Wrocław,False,,,,,,,insufficient_data,Za mało danych (0/2 kolejek),,,1
1850,Dennis Jastrzembski,śląsk wrocław,POM,Raków Częstochowa,True,,,,,,,insufficient_data,Za mało danych (0/2 kolejek),,,1
1851,Filip Wilak,lech poznań,POM,Wieczysta Kraków,False,,,,,,,insufficient_data,Za mało danych (0/2 kolejek),,,1
1852,Daníel Grétarsson,śląsk wrocław,OBR,Raków Częstochowa,True,,,,,,,insufficient_data,Za mało danych (0/2 kolejek),,,1
1853,Bogdan Racovițan,raków częstochowa,OBR,Śląsk Wrocław,False,,,,,,,insufficient_data,Za mało danych (0/2 kolejek),,,1
1854,Nikodem Zielonka,górnik zabrze,POM,Korona Kielce,False,,,,,,,insufficient_data,Za mało danych (0/2 kolejek),,,1
1855,Miłosz Skowronek,jagiellonia białystok,OBR,Motor Lublin,False,,,,,,,insufficient_data,Za mało danych (0/2 kolejek),,,1
1856,Kamil Wilczek,piast gliwice,NAP,Wisła Kraków,True,,,,,,,insufficient_data,Za mało danych (0/2 kolejek),,,1
1857,Ramil Mustafajew,legia warszawa,OBR,Zagłębie Lubin,True,,,,,,,insufficient_data,Za mało danych (0/2 kolejek),,,1
1858,Jakub Antczak,lech poznań,POM,Wieczysta Kraków,False,,,,,,,insufficient_data,Za mało danych (0/2 kolejek),,,1
1859,Maksymilian Pingot,górnik zabrze,OBR,Korona Kielce,False,,,,,,,insufficient_data,Za mało danych (0/2 kolejek),,,1
1862,Szymon Michalski,śląsk wrocław,OBR,Raków Częstochowa,True,,,,,,,insufficient_data,Za mało danych (0/2 kolejek),,,1
1864,Patryk Pierzak,legia warszawa,POM,Zagłębie Lubin,True,,,,,,,insufficient_data,Za mało danych (0/2 kolejek),,,1
1867,Jakub Lutostański,śląsk wrocław,NAP,Raków Częstochowa,True,,,,,,,insufficient_data,Za mało danych (0/2 kolejek),,,1
1868,Kacper Masiak,raków częstochowa,POM,Śląsk Wrocław,False,,,,,,,insufficient_data,Za mało danych (0/2 kolejek),,,1
1870,Jakub Snopczyński,radomiak radom,POM,GKS Katowice,False,,,,,,,insufficient_data,Za mało danych (0/2 kolejek),,,1
1871,Abraham Marcus,radomiak radom,NAP,GKS Katowice,False,,,,,,,insufficient_data,Za mało danych (0/2 kolejek),,,1
1872,Jô Santos,radomiak radom,POM,GKS Katowice,False,,,,,,,insufficient_data,Za mało danych (0/2 kolejek),,,1
1873,Jewhen Konoplanka,cracovia,POM,Pogoń Szczecin,True,,,,,,,insufficient_data,Za mało danych (0/2 kolejek),,,1
1874,Frank Castañeda,radomiak radom,POM,GKS Katowice,False,,,,,,,insufficient_data,Za mało danych (0/2 kolejek),,,1
1875,Patrick Olsen,śląsk wrocław,POM,Raków Częstochowa,True,,,,,,,insufficient_data,Za mało danych (0/2 kolejek),,,1
1878,Richard Strebinger,legia warszawa,BR,Zagłębie Lubin,True,,,,,,,insufficient_data,Za mało danych (0/2 kolejek),,,1
1879,Luiz Gustavo,radomiak radom,POM,GKS Katowice,False,,,,,,,insufficient_data,Za mało danych (0/2 kolejek),,,1
1880,Ilja Szkurin,gks katowice,NAP,Radomiak Radom,True,,,,,,,insufficient_data,Za mało danych (0/2 kolejek),,,1
1882,Jhon Chancellor,zagłębie lubin,OBR,Legia Warszawa,False,,,,,,,insufficient_data,Za mało danych (0/2 kolejek),,,1
1883,Higinio Marín,górnik zabrze,NAP,Korona Kielce,False,,,,,,,insufficient_data,Za mało danych (0/2 kolejek),,,1
1885,Cheikhou Dieng,zagłębie lubin,POM,Legia Warszawa,False,,,,,,,insufficient_data,Za mało danych (0/2 kolejek),,,1
1886,Virgil Ghiță,cracovia,OBR,Pogoń Szczecin,True,,,,,,,insufficient_data,Za mało danych (0/2 kolejek),,,1
1887,Elvis Manu,wisła kraków,NAP,Piast Gliwice,False,,,,,,,insufficient_data,Za mało danych (0/2 kolejek),,,1
1888,Narek Grigorjan,jagiellonia białystok,POM,Motor Lublin,False,,,,,,,insufficient_data,Za mało danych (0/2 kolejek),,,1
1889,Kacper Łukasiak,gks katowice,POM,Radomiak Radom,True,,,,,,,insufficient_data,Za mało danych (0/2 kolejek),,,1
1890,Kamil Sobczak,zagłębie lubin,POM,Legia Warszawa,False,,,,,,,insufficient_data,Za mało danych (0/2 kolejek),,,1
1891,Radosław Zyśk,jagiellonia białystok,NAP,Motor Lublin,False,,,,,,,insufficient_data,Za mało danych (0/2 kolejek),,,1
1893,Dani Pacheco,wisła płock,POM,Widzew Łódź,True,,,,,,,insufficient_data,Za mało danych (0/2 kolejek),,,1
1894,Benjamin Verbič,legia warszawa,POM,Zagłębie Lubin,True,,,,,,,insufficient_data,Za mało danych (0/2 kolejek),,,1
1896,Bartłomiej Korbecki,górnik zabrze,POM,Korona Kielce,False,,,,,,,insufficient_data,Za mało danych (0/2 kolejek),,,1
1897,Diego Silva Carioca,jagiellonia białystok,POM,Motor Lublin,False,,,,,,,insufficient_data,Za mało danych (0/2 kolejek),,,1
1898,Marc Gual,legia warszawa,NAP,Zagłębie Lubin,True,,,,,,,insufficient_data,Za mało danych (0/2 kolejek),,,1
1899,Luka Gagnidze,raków częstochowa,POM,Śląsk Wrocław,False,,,,,,,insufficient_data,Za mało danych (0/2 kolejek),,,1
1900,Władysław Koczerhin,raków częstochowa,POM,Śląsk Wrocław,False,,,,,,,insufficient_data,Za mało danych (0/2 kolejek),,,1
1902,Heorhij Citaiszwili,lech poznań,POM,Wieczysta Kraków,False,,,,,,,insufficient_data,Za mało danych (0/2 kolejek),,,1
1904,Patryk Czerech,jagiellonia białystok,OBR,Motor Lublin,False,,,,,,,insufficient_data,Za mało danych (0/2 kolejek),,,1
1905,Mateusz Ziółkowski,górnik zabrze,POM,Korona Kielce,False,,,,,,,insufficient_data,Za mało danych (0/2 kolejek),,,1
1906,Maciej Kikolski,gks katowice,BR,Radomiak Radom,True,,,,,,,insufficient_data,Za mało danych (0/2 kolejek),,,1
1907,Bartosz Łuczak,piast gliwice,OBR,Wisła Kraków,True,,,,,,,insufficient_data,Za mało danych (0/2 kolejek),,,1
1909,Rafał Adamski,legia warszawa,NAP,Zagłębie Lubin,True,,,,,,,insufficient_data,Za mało danych (0/2 kolejek),,,1
1910,Piotr Zieliński,wisła płock,BR,Widzew Łódź,True,,,,,,,insufficient_data,Za mało danych (0/2 kolejek),,,1
1911,Maksym Czekała,lech poznań,POM,Wieczysta Kraków,False,,,,,,,insufficient_data,Za mało danych (0/2 kolejek),,,1
1912,Mateusz Kowalski,jagiellonia białystok,NAP,Motor Lublin,False,,,,,,,insufficient_data,Za mało danych (0/2 kolejek),,,1
1913,Miłosz Żurawski,radomiak radom,NAP,GKS Katowice,False,,,,,,,insufficient_data,Za mało danych (0/2 kolejek),,,1
1914,Karol Borys,śląsk wrocław,POM,Raków Częstochowa,True,,,,,,,insufficient_data,Za mało danych (0/2 kolejek),,,1
1918,Paweł Olkowski,górnik zabrze,OBR,Korona Kielce,False,,,,,,,insufficient_data,Za mało danych (0/2 kolejek),,,1
1919,Wojciech Łaski,jagiellonia białystok,POM,Motor Lublin,False,,,,,,,insufficient_data,Za mało danych (0/2 kolejek),,,1
1920,Rui Filipe Nene,jagiellonia białystok,POM,Motor Lublin,False,,,,,,,insufficient_data,Za mało danych (0/2 kolejek),,,1
1921,Artur Rudko,lech poznań,BR,Wieczysta Kraków,False,,,,,,,insufficient_data,Za mało danych (0/2 kolejek),,,1
1922,Dominik Piła,cracovia,OBR,Pogoń Szczecin,True,,,,,,,insufficient_data,Za mało danych (0/2 kolejek),,,1
1923,Blaż Kramer,legia warszawa,NAP,Zagłębie Lubin,True,,,,,,,insufficient_data,Za mało danych (0/2 kolejek),,,1
1924,Michał Jerke,radomiak radom,BR,GKS Katowice,False,,,,,,,insufficient_data,Za mało danych (0/2 kolejek),,,1
1925,Gabriel Kobylak,gks katowice,BR,Radomiak Radom,True,,,,,,,insufficient_data,Za mało danych (0/2 kolejek),,,1
1926,Roberto Alves,radomiak radom,POM,GKS Katowice,False,,,,,,,insufficient_data,Za mało danych (1/2 kolejek),,,1
1928,Stratos Svarnas,raków częstochowa,OBR,Śląsk Wrocław,False,,,,,,,insufficient_data,Za mało danych (0/2 kolejek),,,1
1930,John Yeboah,raków częstochowa,POM,Śląsk Wrocław,False,,,,,,,insufficient_data,Za mało danych (0/2 kolejek),,,1
1931,Steve Kapuadi,widzew łódź,OBR,Wisła Płock,False,,,,,,,insufficient_data,Za mało danych (0/2 kolejek),,,1
1932,Martin Sulek,wisła płock,OBR,Widzew Łódź,True,,,,,,,insufficient_data,Za mało danych (0/2 kolejek),,,1
1933,Antonio Álvarez,wisła płock,POM,Widzew Łódź,True,,,,,,,insufficient_data,Za mało danych (0/2 kolejek),,,1
1935,Juljan Shehu,widzew łódź,POM,Wisła Płock,False,,,,,,,insufficient_data,Za mało danych (0/2 kolejek),,,1
1936,Hubert Szulc,korona kielce,NAP,Górnik Zabrze,True,,,,,,,insufficient_data,Za mało danych (0/2 kolejek),,,1
1940,Mattia Montini,widzew łódź,NAP,Wisła Płock,False,,,,,,,insufficient_data,Za mało danych (0/2 kolejek),,,1
1941,Bartosz Guzdek,widzew łódź,NAP,Wisła Płock,False,,,,,,,insufficient_data,Za mało danych (0/2 kolejek),,,1
1942,Filip Zawadzki,widzew łódź,POM,Wisła Płock,False,,,,,,,insufficient_data,Za mało danych (0/2 kolejek),,,1
1943,Kristoffer Hansen,jagiellonia białystok,POM,Motor Lublin,False,,,,,,,insufficient_data,Za mało danych (0/2 kolejek),,,1
1944,Marek Hanousek,widzew łódź,POM,Wisła Płock,False,,,,,,,insufficient_data,Za mało danych (0/2 kolejek),,,1
1945,Radosław Gołębiowski,widzew łódź,POM,Wisła Płock,False,,,,,,,insufficient_data,Za mało danych (0/2 kolejek),,,1
1946,Fabio Nunes,widzew łódź,POM,Wisła Płock,False,,,,,,,insufficient_data,Za mało danych (0/2 kolejek),,,1
1947,Martin Kreuzriegler,widzew łódź,OBR,Wisła Płock,False,,,,,,,insufficient_data,Za mało danych (0/2 kolejek),,,1
1948,Henrich Ravas,cracovia,BR,Pogoń Szczecin,True,,,,,,,insufficient_data,Za mało danych (0/2 kolejek),,,1
1949,Wasyl Łytwynenko,widzew łódź,BR,Wisła Płock,False,,,,,,,insufficient_data,Za mało danych (0/2 kolejek),,,1
1950,Roberto Corral,korona kielce,OBR,Górnik Zabrze,True,,,,,,,insufficient_data,Za mało danych (0/2 kolejek),,,1
1951,Jacek Podgórski,korona kielce,POM,Górnik Zabrze,True,,,,,,,insufficient_data,Za mało danych (0/2 kolejek),,,1
1952,Filipe Oliveira,korona kielce,POM,Górnik Zabrze,True,,,,,,,insufficient_data,Za mało danych (0/2 kolejek),,,1
1953,Kyryło Petrow,korona kielce,OBR,Górnik Zabrze,True,,,,,,,insufficient_data,Za mało danych (0/2 kolejek),,,1
1954,Jewgienij Szykawka,korona kielce,NAP,Górnik Zabrze,True,,,,,,,insufficient_data,Za mało danych (0/2 kolejek),,,1
1955,Mario Zebić,korona kielce,OBR,Górnik Zabrze,True,,,,,,,insufficient_data,Za mało danych (0/2 kolejek),,,1
1964,Afonso Sousa,lech poznań,POM,Wieczysta Kraków,False,,,,,,,insufficient_data,Za mało danych (0/2 kolejek),,,1
1968,Nemanja Mijuśković,wisła płock,OBR,Widzew Łódź,True,,,,,,,insufficient_data,Za mało danych (0/2 kolejek),,,1
1970,Maxime Dominguez,cracovia,POM,Pogoń Szczecin,True,,,,,,,insufficient_data,Za mało danych (0/2 kolejek),,,1
1971,Benjamin Källman,cracovia,NAP,Pogoń Szczecin,True,,,,,,,insufficient_data,Za mało danych (0/2 kolejek),,,1
1972,Adrian Sandach,korona kielce,BR,Górnik Zabrze,True,,,,,,,insufficient_data,Za mało danych (0/2 kolejek),,,1
1974,Artur Amroziński,korona kielce,NAP,Górnik Zabrze,True,,,,,,,insufficient_data,Za mało danych (0/2 kolejek),,,1
1981,Jakub Niedbała,piast gliwice,POM,Wisła Kraków,True,,,,,,,insufficient_data,Za mało danych (0/2 kolejek),,,1
1982,Jakub Lis,pogoń szczecin,OBR,Cracovia,False,,,,,,,insufficient_data,Za mało danych (0/2 kolejek),,,1
1983,Jakub Ojrzyński,radomiak radom,BR,GKS Katowice,False,,,,,,,insufficient_data,Za mało danych (0/2 kolejek),,,1
1984,Aleksander Gajgier,radomiak radom,OBR,GKS Katowice,False,,,,,,,insufficient_data,Za mało danych (0/2 kolejek),,,1
1985,Mateusz Ludwikowski,widzew łódź,BR,Wisła Płock,False,,,,,,,insufficient_data,Za mało danych (0/2 kolejek),,,1
1986,Michał Grudniewski,widzew łódź,OBR,Wisła Płock,False,,,,,,,insufficient_data,Za mało danych (0/2 kolejek),,,1
1987,Jordi Sánchez,wisła kraków,NAP,Piast Gliwice,False,,,,,,,insufficient_data,Za mało danych (0/2 kolejek),,,1
1989,Kevin Broll,górnik zabrze,BR,Korona Kielce,False,,,,,,,insufficient_data,Za mało danych (0/2 kolejek),,,1
1990,Fabian Hiszpański,wisła płock,POM,Widzew Łódź,True,,,,,,,insufficient_data,Za mało danych (0/2 kolejek),,,1
1991,Pontus Almqvist,pogoń szczecin,NAP,Cracovia,False,,,,,,,insufficient_data,Za mało danych (0/2 kolejek),,,1
1993,Dalibor Takáč,korona kielce,POM,Górnik Zabrze,True,,,,,,,insufficient_data,Za mało danych (0/2 kolejek),,,1
1994,Miłosz Strzeboński,korona kielce,POM,Górnik Zabrze,True,,,,,,,insufficient_data,Za mało danych (0/2 kolejek),,,1
1995,Janusz Nojszewski,korona kielce,POM,Górnik Zabrze,True,,,,,,,insufficient_data,Za mało danych (0/2 kolejek),,,1
1996,Kacper Bojańczyk,korona kielce,POM,Górnik Zabrze,True,,,,,,,insufficient_data,Za mało danych (0/2 kolejek),,,1
1997,Szymon Majewski,korona kielce,POM,Górnik Zabrze,True,,,,,,,insufficient_data,Za mało danych (0/2 kolejek),,,1
1998,Olaf Kobacki,wisła płock,POM,Widzew Łódź,True,,,,,,,insufficient_data,Za mało danych (0/2 kolejek),,,1
1999,Jonatan Kotzke,górnik zabrze,OBR,Korona Kielce,False,,,,,,,insufficient_data,Za mało danych (0/2 kolejek),,,1
2000,Lisandro Semedo,wieczysta kraków,POM,Lech Poznań,True,,,,,,,insufficient_data,Za mało danych (1/2 kolejek),,,1
2001,Nahuel Leiva,jagiellonia białystok,POM,Motor Lublin,False,,,,,,,insufficient_data,Za mało danych (0/2 kolejek),,,1
2002,Léo Borges,pogoń szczecin,OBR,Cracovia,False,,,,,,,insufficient_data,Za mało danych (1/2 kolejek),,,1
2003,Pedro Justiniano,radomiak radom,OBR,GKS Katowice,False,,,,,,,insufficient_data,Za mało danych (0/2 kolejek),,,1
2004,Dawid Owczarek,widzew łódź,OBR,Wisła Płock,False,,,,,,,insufficient_data,Za mało danych (0/2 kolejek),,,1
2005,Mateusz Letkiewicz,wisła kraków,OBR,Piast Gliwice,False,,,,,,,insufficient_data,Za mało danych (0/2 kolejek),,,1
2007,Michał Matys,zagłębie lubin,BR,Legia Warszawa,False,,,,,,,insufficient_data,Za mało danych (0/2 kolejek),,,1
2008,Kacper Terlecki,zagłębie lubin,POM,Legia Warszawa,False,,,,,,,insufficient_data,Za mało danych (0/2 kolejek),,,1
2009,Takuto Oshima,cracovia,POM,Pogoń Szczecin,True,,,,,,,insufficient_data,Za mało danych (0/2 kolejek),,,1
2010,Saïd Hamulic,wisła płock,NAP,Widzew Łódź,True,,,,,,,insufficient_data,Za mało danych (0/2 kolejek),,,1
2014,Kacper Jodłowski,cracovia,POM,Pogoń Szczecin,True,,,,,,,insufficient_data,Za mało danych (0/2 kolejek),,,1
2015,Milan Kvocera,wisła płock,NAP,Widzew Łódź,True,,,,,,,insufficient_data,Za mało danych (0/2 kolejek),,,1
2016,Jakub Lewicki,piast gliwice,OBR,Wisła Kraków,True,,,,,,,insufficient_data,Za mało danych (0/2 kolejek),,,1
2017,Bartosz Bernatowicz,jagiellonia białystok,POM,Motor Lublin,False,,,,,,,insufficient_data,Za mało danych (0/2 kolejek),,,1
2018,Albert Posiadała,radomiak radom,BR,GKS Katowice,False,,,,,,,insufficient_data,Za mało danych (0/2 kolejek),,,1
2019,Oskar Lodziński,wisła płock,BR,Widzew Łódź,True,,,,,,,insufficient_data,Za mało danych (0/2 kolejek),,,1
2020,Guram Giorbelidze,zagłębie lubin,OBR,Legia Warszawa,False,,,,,,,insufficient_data,Za mało danych (0/2 kolejek),,,1
2025,Richard Jensen,górnik zabrze,OBR,Korona Kielce,False,,,,,,,insufficient_data,Za mało danych (0/2 kolejek),,,1
2026,Filip Dagerstal,lech poznań,OBR,Wieczysta Kraków,False,,,,,,,insufficient_data,Za mało danych (0/2 kolejek),,,1
2027,Ronaldo Deaconu,korona kielce,POM,Górnik Zabrze,True,,,,,,,insufficient_data,Za mało danych (0/2 kolejek),,,1
2028,Krzysztof Kolanko,zagłębie lubin,POM,Legia Warszawa,False,,,,,,,insufficient_data,Za mało danych (0/2 kolejek),,,1
2030,Gustav Berggren,raków częstochowa,POM,Śląsk Wrocław,False,,,,,,,insufficient_data,Za mało danych (0/2 kolejek),,,1
2031,Karol Drażdżewski,lech poznań,BR,Wieczysta Kraków,False,,,,,,,insufficient_data,Za mało danych (0/2 kolejek),,,1
2032,Oskar Leśniak,piast gliwice,POM,Wisła Kraków,True,,,,,,,insufficient_data,Za mało danych (0/2 kolejek),,,1
2036,Jakub Rajczykowski,raków częstochowa,BR,Śląsk Wrocław,False,,,,,,,insufficient_data,Za mało danych (0/2 kolejek),,,1
2037,Robin Kamber,górnik zabrze,POM,Korona Kielce,False,,,,,,,insufficient_data,Za mało danych (0/2 kolejek),,,1
2038,Patryk Olejnik,lech poznań,OBR,Wieczysta Kraków,False,,,,,,,insufficient_data,Za mało danych (0/2 kolejek),,,1
2039,Oskar Mielcarz,śląsk wrocław,BR,Raków Częstochowa,True,,,,,,,insufficient_data,Za mało danych (0/2 kolejek),,,1
2040,Michał Stachera,cracovia,OBR,Pogoń Szczecin,True,,,,,,,insufficient_data,Za mało danych (0/2 kolejek),,,1
2042,Matos Miloš,widzew łódź,OBR,Wisła Płock,False,,,,,,,insufficient_data,Za mało danych (0/2 kolejek),,,1
2043,Amadej Maroša,górnik zabrze,NAP,Korona Kielce,False,,,,,,,insufficient_data,Za mało danych (0/2 kolejek),,,1
2045,Kanji Okunuki,górnik zabrze,POM,Korona Kielce,False,,,,,,,insufficient_data,Za mało danych (0/2 kolejek),,,1
2046,Dawid Drachal,jagiellonia białystok,POM,Motor Lublin,False,,,,,,,insufficient_data,Za mało danych (0/2 kolejek),,,1
2048,Miroslav Gono,wisła płock,POM,Widzew Łódź,True,,,,,,,insufficient_data,Za mało danych (0/2 kolejek),,,1
2049,Ignacy Dawid,widzew łódź,POM,Wisła Płock,False,,,,,,,insufficient_data,Za mało danych (0/2 kolejek),,,1
2050,Blaž Vrhovec,górnik zabrze,POM,Korona Kielce,False,,,,,,,insufficient_data,Za mało danych (0/2 kolejek),,,1
2051,Adam Dębiński,widzew łódź,POM,Wisła Płock,False,,,,,,,insufficient_data,Za mało danych (0/2 kolejek),,,1
2052,Rafał Mamla,korona kielce,BR,Górnik Zabrze,True,,,,,,,insufficient_data,Za mało danych (0/2 kolejek),,,1
2053,Sebastian Madejski,cracovia,BR,Pogoń Szczecin,True,,,,,,,insufficient_data,Za mało danych (0/2 kolejek),,,1
2054,Tomasz Kupisz,jagiellonia białystok,POM,Motor Lublin,False,,,,,,,insufficient_data,Za mało danych (0/2 kolejek),,,1
2055,Damian Wojdakowski,jagiellonia białystok,POM,Motor Lublin,False,,,,,,,insufficient_data,Za mało danych (0/2 kolejek),,,1
2056,Mateusz Kempski,widzew łódź,NAP,Wisła Płock,False,,,,,,,insufficient_data,Za mało danych (0/2 kolejek),,,1
2057,Józef Kolasa,radomiak radom,POM,GKS Katowice,False,,,,,,,insufficient_data,Za mało danych (0/2 kolejek),,,1
2058,Filip Kocaba,zagłębie lubin,POM,Legia Warszawa,False,,,,,,,insufficient_data,Za mało danych (0/2 kolejek),,,1
2059,Jakub Kolan,zagłębie lubin,POM,Legia Warszawa,False,,,,,,,insufficient_data,Za mało danych (0/2 kolejek),,,1
2061,Mateusz Stawny,śląsk wrocław,OBR,Raków Częstochowa,True,,,,,,,insufficient_data,Za mało danych (0/2 kolejek),,,1
2062,Dawid Więckowski,korona kielce,OBR,Górnik Zabrze,True,,,,,,,insufficient_data,Za mało danych (0/2 kolejek),,,1
2063,Piotr Liszewski,piast gliwice,OBR,Wisła Kraków,True,,,,,,,insufficient_data,Za mało danych (0/2 kolejek),,,1
2066,David González Plata,korona kielce,POM,Górnik Zabrze,True,,,,,,,insufficient_data,Za mało danych (0/2 kolejek),,,1
2069,Szczepan Mucha,piast gliwice,POM,Wisła Kraków,True,,,,,,,insufficient_data,Za mało danych (0/2 kolejek),,,1
2070,Bartłomiej Jelonek,piast gliwice,BR,Wisła Kraków,True,,,,,,,insufficient_data,Za mało danych (0/2 kolejek),,,1
2071,Leonárdo Koútris,pogoń szczecin,OBR,Cracovia,False,,,,,,,insufficient_data,Za mało danych (0/2 kolejek),,,1
2072,Hubert Sadowski,pogoń szczecin,OBR,Cracovia,False,,,,,,,insufficient_data,Za mało danych (0/2 kolejek),,,1
2073,Linus Wahlqvist,pogoń szczecin,OBR,Cracovia,False,,,,,,,insufficient_data,Za mało danych (1/2 kolejek),,,1
2074,Maciej Kowal,pogoń szczecin,BR,Cracovia,False,,,,,,,insufficient_data,Za mało danych (0/2 kolejek),,,1
2075,Berto Cayarga,radomiak radom,POM,GKS Katowice,False,,,,,,,insufficient_data,Za mało danych (0/2 kolejek),,,1
2076,Jean Franco Sarmiento,radomiak radom,NAP,GKS Katowice,False,,,,,,,insufficient_data,Za mało danych (0/2 kolejek),,,1
2077,Andrejs Cigaņiks,widzew łódź,OBR,Wisła Płock,False,,,,,,,insufficient_data,Za mało danych (0/2 kolejek),,,1
2078,Paweł Chrupałła,wisła płock,POM,Widzew Łódź,True,,,,,,,insufficient_data,Za mało danych (0/2 kolejek),,,1
2080,Francisco Ramos,radomiak radom,POM,GKS Katowice,False,,,,,,,insufficient_data,Za mało danych (0/2 kolejek),,,1
2081,Mike Cestor,radomiak radom,OBR,GKS Katowice,False,,,,,,,insufficient_data,Za mało danych (0/2 kolejek),,,1
2082,Leonardo Rocha,raków częstochowa,NAP,Śląsk Wrocław,False,,,,,,,insufficient_data,Za mało danych (0/2 kolejek),,,1
2084,Bartosz Neugebauer,górnik zabrze,BR,Korona Kielce,False,,,,,,,insufficient_data,Za mało danych (0/2 kolejek),,,1
2085,Marcus Godinho,korona kielce,OBR,Górnik Zabrze,True,,,,,,,insufficient_data,Za mało danych (0/2 kolejek),,,1
2087,Arttu Hoskonen,cracovia,OBR,Pogoń Szczecin,True,,,,,,,insufficient_data,Za mało danych (0/2 kolejek),,,1
2088,Jani Atanasov,cracovia,POM,Pogoń Szczecin,True,,,,,,,insufficient_data,Za mało danych (0/2 kolejek),,,1
2089,Mateusz Bochnak,cracovia,POM,Pogoń Szczecin,True,,,,,,,insufficient_data,Za mało danych (0/2 kolejek),,,1
2090,Chrístos Dónis,radomiak radom,POM,GKS Katowice,False,,,,,,,insufficient_data,Za mało danych (1/2 kolejek),,,1
2091,Jakub Pochcioł,górnik zabrze,POM,Korona Kielce,False,,,,,,,insufficient_data,Za mało danych (0/2 kolejek),,,1
2092,Adrian Przyborek,pogoń szczecin,POM,Cracovia,False,,,,,,,insufficient_data,Za mało danych (0/2 kolejek),,,1
2093,Jakub Jędrasik,legia warszawa,POM,Zagłębie Lubin,True,,,,,,,insufficient_data,Za mało danych (0/2 kolejek),,,1
2094,Filip Rejczyk,gks katowice,POM,Radomiak Radom,True,,,,,,,insufficient_data,Za mało danych (0/2 kolejek),,,1
2095,Jan Ziółkowski,legia warszawa,OBR,Zagłębie Lubin,True,,,,,,,insufficient_data,Za mało danych (0/2 kolejek),,,1
2096,Kacper Śmiglewski,cracovia,NAP,Pogoń Szczecin,True,,,,,,,insufficient_data,Za mało danych (0/2 kolejek),,,1
2097,Marius Briceag,korona kielce,OBR,Górnik Zabrze,True,,,,,,,insufficient_data,Za mało danych (0/2 kolejek),,,1
2098,Olivier Sukiennicki,wisła kraków,POM,Piast Gliwice,False,,,,,,,insufficient_data,Za mało danych (0/2 kolejek),,,1
2100,Dušan Stojinović,jagiellonia białystok,OBR,Motor Lublin,False,,,,,,,insufficient_data,Za mało danych (0/2 kolejek),,,1
2101,Sokrátis Dioúdis,zagłębie lubin,BR,Legia Warszawa,False,,,,,,,insufficient_data,Za mało danych (0/2 kolejek),,,1
2102,Kacper Capiga,górnik zabrze,OBR,Korona Kielce,False,,,,,,,insufficient_data,Za mało danych (0/2 kolejek),,,1
2103,Kamil Soberka,górnik zabrze,BR,Korona Kielce,False,,,,,,,insufficient_data,Za mało danych (0/2 kolejek),,,1
2104,Michal Sáček,górnik zabrze,OBR,Korona Kielce,False,,,,,,,insufficient_data,Za mało danych (0/2 kolejek),,,1
2106,Daisuke Yokota,górnik zabrze,POM,Korona Kielce,False,,,,,,,insufficient_data,Za mało danych (0/2 kolejek),,,1
2107,Danijel Lončar,pogoń szczecin,OBR,Cracovia,False,,,,,,,insufficient_data,Za mało danych (0/2 kolejek),,,1
2108,Patryk Szwedzik,śląsk wrocław,NAP,Raków Częstochowa,True,,,,,,,insufficient_data,Za mało danych (0/2 kolejek),,,1
2111,Wojciech Mazurowski,wisła płock,OBR,Widzew Łódź,True,,,,,,,insufficient_data,Za mało danych (0/2 kolejek),,,1
2112,Jakub Konstantyn,korona kielce,POM,Górnik Zabrze,True,,,,,,,insufficient_data,Za mało danych (0/2 kolejek),,,1
2114,Jakub Burek,wisła płock,BR,Widzew Łódź,True,,,,,,,insufficient_data,Za mało danych (0/2 kolejek),,,1
2115,Anthony van den Hurk,górnik zabrze,NAP,Korona Kielce,False,,,,,,,insufficient_data,Za mało danych (0/2 kolejek),,,1
2117,Mateusz Malec,jagiellonia białystok,POM,Motor Lublin,False,,,,,,,insufficient_data,Za mało danych (0/2 kolejek),,,1
2119,Łukasz Gerstenstein,śląsk wrocław,OBR,Raków Częstochowa,True,,,,,,,insufficient_data,Za mało danych (0/2 kolejek),,,1
2120,Martin Hašek,wisła płock,POM,Widzew Łódź,True,,,,,,,insufficient_data,Za mało danych (0/2 kolejek),,,1
2121,Jakub Trojanowski,legia warszawa,BR,Zagłębie Lubin,True,,,,,,,insufficient_data,Za mało danych (0/2 kolejek),,,1
2123,Michał Gurgul,lech poznań,OBR,Wieczysta Kraków,False,,,,,,,insufficient_data,Za mało danych (0/2 kolejek),,,1
2124,Hubert Muszyński,śląsk wrocław,OBR,Raków Częstochowa,True,,,,,,,insufficient_data,Za mało danych (0/2 kolejek),,,1
2125,Gleb Kuczko,wisła płock,POM,Widzew Łódź,True,,,,,,,insufficient_data,Za mało danych (0/2 kolejek),,,1
2127,Dawid Bałydga,śląsk wrocław,NAP,Raków Częstochowa,True,,,,,,,insufficient_data,Za mało danych (0/2 kolejek),,,1
2128,Robert Pisarczuk,śląsk wrocław,OBR,Raków Częstochowa,True,,,,,,,insufficient_data,Za mało danych (0/2 kolejek),,,1
2133,Tobiasz Kubik,raków częstochowa,POM,Śląsk Wrocław,False,,,,,,,insufficient_data,Za mało danych (0/2 kolejek),,,1
2134,Bartosz Tomaszewski,lech poznań,OBR,Wieczysta Kraków,False,,,,,,,insufficient_data,Za mało danych (0/2 kolejek),,,1
2160,Roman Jakuba,zagłębie lubin,OBR,Legia Warszawa,False,,,,,,,insufficient_data,Za mało danych (0/2 kolejek),,,1
2163,Marcel Pięczek,korona kielce,OBR,Górnik Zabrze,True,,,,,,,insufficient_data,Za mało danych (0/2 kolejek),,,1
2176,Mateusz Kowalczyk,gks katowice,POM,Radomiak Radom,True,,,,,,,insufficient_data,Za mało danych (0/2 kolejek),,,1
2189,Adrián Diéguez,radomiak radom,OBR,GKS Katowice,False,,,,,,,insufficient_data,Za mało danych (1/2 kolejek),,,1
2190,Dominik Marczuk,jagiellonia białystok,POM,Motor Lublin,False,,,,,,,insufficient_data,Za mało danych (0/2 kolejek),,,1
2191,Radovan Pankov,legia warszawa,OBR,Zagłębie Lubin,True,,,,,,,insufficient_data,Za mało danych (0/2 kolejek),,,1
2192,João Gamboa,pogoń szczecin,POM,Cracovia,False,,,,,,,insufficient_data,Za mało danych (0/2 kolejek),,,1
2193,Edi Semedo,jagiellonia białystok,NAP,Motor Lublin,False,,,,,,,insufficient_data,Za mało danych (0/2 kolejek),,,1
2194,Pedro Henrique,radomiak radom,NAP,GKS Katowice,False,,,,,,,insufficient_data,Za mało danych (0/2 kolejek),,,1
2198,Jan Krzywański,widzew łódź,BR,Wisła Płock,False,,,,,,,insufficient_data,Za mało danych (0/2 kolejek),,,1
2199,Luís Silva,widzew łódź,OBR,Wisła Płock,False,,,,,,,insufficient_data,Za mało danych (0/2 kolejek),,,1
2200,Marek Mróz,zagłębie lubin,POM,Legia Warszawa,False,,,,,,,insufficient_data,Za mało danych (0/2 kolejek),,,1
2202,Damian Urban,cracovia,OBR,Pogoń Szczecin,True,,,,,,,insufficient_data,Za mało danych (0/2 kolejek),,,1
2203,Lawrence Ennali,górnik zabrze,POM,Korona Kielce,False,,,,,,,insufficient_data,Za mało danych (0/2 kolejek),,,1
2204,José Naranjo,jagiellonia białystok,POM,Motor Lublin,False,,,,,,,insufficient_data,Za mało danych (0/2 kolejek),,,1
2205,Afimico Pululu,jagiellonia białystok,NAP,Motor Lublin,False,,,,,,,insufficient_data,Za mało danych (0/2 kolejek),,,1
2206,Adrián Dalmau,piast gliwice,NAP,Wisła Kraków,True,,,,,,,insufficient_data,Za mało danych (0/2 kolejek),,,1
2207,Szymon Gałązka,korona kielce,POM,Górnik Zabrze,True,,,,,,,insufficient_data,Za mało danych (0/2 kolejek),,,1
2208,Martin Remacle,korona kielce,POM,Górnik Zabrze,True,,,,,,,insufficient_data,Za mało danych (0/2 kolejek),,,1
2209,Elias Andersson,lech poznań,OBR,Wieczysta Kraków,False,,,,,,,insufficient_data,Za mało danych (0/2 kolejek),,,1
2210,Miha Blažič,lech poznań,OBR,Wieczysta Kraków,False,,,,,,,insufficient_data,Za mało danych (0/2 kolejek),,,1
2211,Juergen Elitim,legia warszawa,POM,Zagłębie Lubin,True,,,,,,,insufficient_data,Za mało danych (0/2 kolejek),,,1
2214,Efthýmios Kouloúris,pogoń szczecin,NAP,Cracovia,False,,,,,,,insufficient_data,Za mało danych (0/2 kolejek),,,1
2215,Hélder Sá,radomiak radom,OBR,GKS Katowice,False,,,,,,,insufficient_data,Za mało danych (0/2 kolejek),,,1
2216,Antónis Tsiftsís,raków częstochowa,BR,Śląsk Wrocław,False,,,,,,,insufficient_data,Za mało danych (0/2 kolejek),,,1
2217,Dawid Barnowski,wisła płock,POM,Widzew Łódź,True,,,,,,,insufficient_data,Za mało danych (0/2 kolejek),,,1
2222,Aleks Petkow,śląsk wrocław,OBR,Raków Częstochowa,True,,,,,,,insufficient_data,Za mało danych (0/2 kolejek),,,1
2225,Fran Álvarez,widzew łódź,POM,Wisła Płock,False,,,,,,,insufficient_data,Za mało danych (0/2 kolejek),,,1
2226,Kamil Cybulski,widzew łódź,POM,Wisła Płock,False,,,,,,,insufficient_data,Za mało danych (0/2 kolejek),,,1
2227,Hubert Lenart,widzew łódź,OBR,Wisła Płock,False,,,,,,,insufficient_data,Za mało danych (0/2 kolejek),,,1
2228,Filip Przybułek,widzew łódź,POM,Wisła Płock,False,,,,,,,insufficient_data,Za mało danych (0/2 kolejek),,,1
2230,Juan Muñoz,zagłębie lubin,NAP,Legia Warszawa,False,,,,,,,insufficient_data,Za mało danych (0/2 kolejek),,,1
2231,Marcel Bykowski,piast gliwice,POM,Wisła Kraków,True,,,,,,,insufficient_data,Za mało danych (0/2 kolejek),,,1
2232,Jakub Szymański,widzew łódź,BR,Wisła Płock,False,,,,,,,insufficient_data,Za mało danych (0/2 kolejek),,,1
2233,Kenneth Zohorè,śląsk wrocław,NAP,Raków Częstochowa,True,,,,,,,insufficient_data,Za mało danych (0/2 kolejek),,,1
2235,Filip Karbowy,piast gliwice,POM,Wisła Kraków,True,,,,,,,insufficient_data,Za mało danych (0/2 kolejek),,,1
2236,Axel Holewiński,pogoń szczecin,BR,Cracovia,False,,,,,,,insufficient_data,Za mało danych (0/2 kolejek),,,1
2237,Olaf Korczakowski,pogoń szczecin,POM,Cracovia,False,,,,,,,insufficient_data,Za mało danych (0/2 kolejek),,,1
2238,Dino Hotic,lech poznań,POM,Wieczysta Kraków,False,,,,,,,insufficient_data,Za mało danych (0/2 kolejek),,,1
2239,Igor Orlikowski,zagłębie lubin,OBR,Legia Warszawa,False,,,,,,,insufficient_data,Za mało danych (0/2 kolejek),,,1
2240,Michał Niedbała,korona kielce,BR,Górnik Zabrze,True,,,,,,,insufficient_data,Za mało danych (0/2 kolejek),,,1
2242,Imad Rondić,raków częstochowa,NAP,Śląsk Wrocław,False,,,,,,,insufficient_data,Za mało danych (0/2 kolejek),,,1
2244,Burak İnce,śląsk wrocław,POM,Raków Częstochowa,True,,,,,,,insufficient_data,Za mało danych (0/2 kolejek),,,1
2250,Dawid Rychta,piast gliwice,BR,Wisła Kraków,True,,,,,,,insufficient_data,Za mało danych (0/2 kolejek),,,1
2251,Alan Rybak,jagiellonia białystok,NAP,Motor Lublin,False,,,,,,,insufficient_data,Za mało danych (0/2 kolejek),,,1
2252,Jordan Majchrzak,legia warszawa,NAP,Zagłębie Lubin,True,,,,,,,insufficient_data,Za mało danych (0/2 kolejek),,,1
2253,Sonny Kittel,raków częstochowa,POM,Śląsk Wrocław,False,,,,,,,insufficient_data,Za mało danych (0/2 kolejek),,,1
2254,Piotr Urbański,piast gliwice,NAP,Wisła Kraków,True,,,,,,,insufficient_data,Za mało danych (0/2 kolejek),,,1
2255,Aleksander Nadolski,lech poznań,POM,Wieczysta Kraków,False,,,,,,,insufficient_data,Za mało danych (0/2 kolejek),,,1
2256,Mikołaj Molendowski,radomiak radom,POM,GKS Katowice,False,,,,,,,insufficient_data,Za mało danych (0/2 kolejek),,,1
2259,Mateusz Chmarek,górnik zabrze,NAP,Korona Kielce,False,,,,,,,insufficient_data,Za mało danych (0/2 kolejek),,,1
2260,Maksymilian Gandziarowski,górnik zabrze,OBR,Korona Kielce,False,,,,,,,insufficient_data,Za mało danych (0/2 kolejek),,,1
2261,Dominik Szala,śląsk wrocław,OBR,Raków Częstochowa,True,,,,,,,insufficient_data,Za mało danych (0/2 kolejek),,,1
2262,Filip Rózga,cracovia,POM,Pogoń Szczecin,True,,,,,,,insufficient_data,Za mało danych (0/2 kolejek),,,1
2263,Kacper Kucharczyk,korona kielce,POM,Górnik Zabrze,True,,,,,,,insufficient_data,Za mało danych (0/2 kolejek),,,1
2264,Krzysztof Kurowski,śląsk wrocław,OBR,Raków Częstochowa,True,,,,,,,insufficient_data,Za mało danych (0/2 kolejek),,,1
2265,Stanisław Szczyrek,śląsk wrocław,OBR,Raków Częstochowa,True,,,,,,,insufficient_data,Za mało danych (0/2 kolejek),,,1
2266,Aleksander Wołczek,śląsk wrocław,POM,Raków Częstochowa,True,,,,,,,insufficient_data,Za mało danych (0/2 kolejek),,,1
2267,Miłosz Kurowski,śląsk wrocław,POM,Raków Częstochowa,True,,,,,,,insufficient_data,Za mało danych (0/2 kolejek),,,1
2268,Yoav Hofmeister,korona kielce,POM,Górnik Zabrze,True,,,,,,,insufficient_data,Za mało danych (0/2 kolejek),,,1
2269,Srđan Plavšić,raków częstochowa,OBR,Śląsk Wrocław,False,,,,,,,insufficient_data,Za mało danych (0/2 kolejek),,,1
2271,Cameron Borthwick-Jackson,śląsk wrocław,OBR,Raków Częstochowa,True,,,,,,,insufficient_data,Za mało danych (0/2 kolejek),,,1
2272,Mateusz Górski,śląsk wrocław,BR,Raków Częstochowa,True,,,,,,,insufficient_data,Za mało danych (0/2 kolejek),,,1
2273,Peter Pokorný,śląsk wrocław,POM,Raków Częstochowa,True,,,,,,,insufficient_data,Za mało danych (0/2 kolejek),,,1
2274,Bartłomiej Kolec,cracovia,POM,Pogoń Szczecin,True,,,,,,,insufficient_data,Za mało danych (0/2 kolejek),,,1
2275,Adrián Kaprálik,górnik zabrze,POM,Korona Kielce,False,,,,,,,insufficient_data,Za mało danych (0/2 kolejek),,,1
2276,Franciszek Dziewicki,cracovia,OBR,Pogoń Szczecin,True,,,,,,,insufficient_data,Za mało danych (0/2 kolejek),,,1
2280,Fredrik Ulvestad,pogoń szczecin,POM,Cracovia,False,,,,,,,insufficient_data,Za mało danych (1/2 kolejek),,,1
2281,Sebastian Kerk,zagłębie lubin,POM,Legia Warszawa,False,,,,,,,insufficient_data,Za mało danych (0/2 kolejek),,,1
2282,Andreas Skovgaard,cracovia,OBR,Pogoń Szczecin,True,,,,,,,insufficient_data,Za mało danych (0/2 kolejek),,,1
2283,Kamil Glik,cracovia,OBR,Pogoń Szczecin,True,,,,,,,insufficient_data,Za mało danych (0/2 kolejek),,,1
2285,Ante Crnac,raków częstochowa,NAP,Śląsk Wrocław,False,,,,,,,insufficient_data,Za mało danych (0/2 kolejek),,,1
2286,Valentin Cojocaru,pogoń szczecin,BR,Cracovia,False,,,,,,,insufficient_data,Za mało danych (1/2 kolejek),,,1
2287,Oliwier Zych,raków częstochowa,BR,Śląsk Wrocław,False,,,,,,,insufficient_data,Za mało danych (0/2 kolejek),,,1
2288,Gil Dias,legia warszawa,POM,Zagłębie Lubin,True,,,,,,,insufficient_data,Za mało danych (0/2 kolejek),,,1
2289,Juan Fernández Blanco,widzew łódź,OBR,Wisła Płock,False,,,,,,,insufficient_data,Za mało danych (0/2 kolejek),,,1
2290,Marco Burch,legia warszawa,OBR,Zagłębie Lubin,True,,,,,,,insufficient_data,Za mało danych (0/2 kolejek),,,1
2291,Szymon Doba,cracovia,NAP,Pogoń Szczecin,True,,,,,,,insufficient_data,Za mało danych (0/2 kolejek),,,1
2292,Bartłomiej Barański,lech poznań,POM,Wieczysta Kraków,False,,,,,,,insufficient_data,Za mało danych (0/2 kolejek),,,1
2293,Radosław Turek,korona kielce,OBR,Górnik Zabrze,True,,,,,,,insufficient_data,Za mało danych (0/2 kolejek),,,1
2295,Daniel Bąk,korona kielce,NAP,Górnik Zabrze,True,,,,,,,insufficient_data,Za mało danych (0/2 kolejek),,,1
2297,Vinícius Matheus,jagiellonia białystok,NAP,Motor Lublin,False,,,,,,,insufficient_data,Za mało danych (0/2 kolejek),,,1
2299,Norbert Barczak,korona kielce,OBR,Górnik Zabrze,True,,,,,,,insufficient_data,Za mało danych (0/2 kolejek),,,1
2300,Wiktor Koptas,radomiak radom,BR,GKS Katowice,False,,,,,,,insufficient_data,Za mało danych (0/2 kolejek),,,1
2302,Adam Chojecki,korona kielce,POM,Górnik Zabrze,True,,,,,,,insufficient_data,Za mało danych (0/2 kolejek),,,1
2303,Michał Wróblewski,śląsk wrocław,OBR,Raków Częstochowa,True,,,,,,,insufficient_data,Za mało danych (0/2 kolejek),,,1
2304,Bartosz Głogowski,śląsk wrocław,BR,Raków Częstochowa,True,,,,,,,insufficient_data,Za mało danych (0/2 kolejek),,,1
2305,Patryk Malamis,raków częstochowa,POM,Śląsk Wrocław,False,,,,,,,insufficient_data,Za mało danych (0/2 kolejek),,,1
2306,Tobiasz Mras,wieczysta kraków,POM,Lech Poznań,True,,,,,,,insufficient_data,Za mało danych (1/2 kolejek),,,1
2307,Jetmir Haliti,jagiellonia białystok,OBR,Motor Lublin,False,,,,,,,insufficient_data,Za mało danych (0/2 kolejek),,,1
2310,Muhamed Šahinović,raków częstochowa,BR,Śląsk Wrocław,False,,,,,,,insufficient_data,Za mało danych (0/2 kolejek),,,1
2311,Paweł Kwiatkowski,widzew łódź,OBR,Wisła Płock,False,,,,,,,insufficient_data,Za mało danych (0/2 kolejek),,,1
2312,Patryk Paryzek,pogoń szczecin,NAP,Cracovia,False,,,,,,,insufficient_data,Za mało danych (0/2 kolejek),,,1
2313,Maksymilian Dziuba,lech poznań,POM,Wieczysta Kraków,False,,,,,,,insufficient_data,Za mało danych (0/2 kolejek),,,1
2314,Kaan Caliskaner,motor lublin,POM,Jagiellonia Białystok,True,,,,,,,insufficient_data,Za mało danych (0/2 kolejek),,,1
2315,Danny Trejo,korona kielce,POM,Górnik Zabrze,True,,,,,,,insufficient_data,Za mało danych (0/2 kolejek),,,1
2316,Mateusz Pruchniewski,lech poznań,BR,Wieczysta Kraków,False,,,,,,,insufficient_data,Za mało danych (0/2 kolejek),,,1
2317,Ryōya Morishita,legia warszawa,POM,Zagłębie Lubin,True,,,,,,,insufficient_data,Za mało danych (0/2 kolejek),,,1
2321,Rahil Mammadov,radomiak radom,OBR,GKS Katowice,False,,,,,,,insufficient_data,Za mało danych (0/2 kolejek),,,1
2323,Vágner Dias,radomiak radom,POM,GKS Katowice,False,,,,,,,insufficient_data,Za mało danych (0/2 kolejek),,,1
2324,Baráth Baráth,raków częstochowa,POM,Śląsk Wrocław,False,,,,,,,insufficient_data,Za mało danych (0/2 kolejek),,,1
2325,Erick Otieno,raków częstochowa,OBR,Śląsk Wrocław,False,,,,,,,insufficient_data,Za mało danych (0/2 kolejek),,,1
2329,Alen Mustafić,śląsk wrocław,POM,Raków Częstochowa,True,,,,,,,insufficient_data,Za mało danych (0/2 kolejek),,,1
2330,Lewuis Peña,śląsk wrocław,POM,Raków Częstochowa,True,,,,,,,insufficient_data,Za mało danych (0/2 kolejek),,,1
2331,Simeon Petrow,śląsk wrocław,OBR,Raków Częstochowa,True,,,,,,,insufficient_data,Za mało danych (0/2 kolejek),,,1
2332,Mikołaj Tudruj,śląsk wrocław,OBR,Raków Częstochowa,True,,,,,,,insufficient_data,Za mało danych (0/2 kolejek),,,1
2333,Ivan Krajčírik,widzew łódź,BR,Wisła Płock,False,,,,,,,insufficient_data,Za mało danych (0/2 kolejek),,,1
2334,Noah Diliberto,widzew łódź,POM,Wisła Płock,False,,,,,,,insufficient_data,Za mało danych (0/2 kolejek),,,1
2335,Lirim Kastrati,widzew łódź,OBR,Wisła Płock,False,,,,,,,insufficient_data,Za mało danych (0/2 kolejek),,,1
2336,Sōichirō Kōzuki,górnik zabrze,POM,Korona Kielce,False,,,,,,,insufficient_data,Za mało danych (0/2 kolejek),,,1
2337,Eneo Bitri,cracovia,OBR,Pogoń Szczecin,True,,,,,,,insufficient_data,Za mało danych (0/2 kolejek),,,1
2338,Luka Vušković,radomiak radom,OBR,GKS Katowice,False,,,,,,,insufficient_data,Za mało danych (0/2 kolejek),,,1
2339,Guilherme Zimovski,radomiak radom,NAP,GKS Katowice,False,,,,,,,insufficient_data,Za mało danych (0/2 kolejek),,,1
2340,Qëndrim Zyba,legia warszawa,POM,Zagłębie Lubin,True,,,,,,,insufficient_data,Za mało danych (0/2 kolejek),,,1
2342,Tommaso Guercio,śląsk wrocław,OBR,Raków Częstochowa,True,,,,,,,insufficient_data,Za mało danych (0/2 kolejek),,,1
2343,Kornel Lisman,lech poznań,POM,Wieczysta Kraków,False,,,,,,,insufficient_data,Za mało danych (0/2 kolejek),,,1
2344,Jakub Adkonis,legia warszawa,POM,Zagłębie Lubin,True,,,,,,,insufficient_data,Za mało danych (0/2 kolejek),,,1
2345,Wojciech Urbański,legia warszawa,POM,Zagłębie Lubin,True,,,,,,,insufficient_data,Za mało danych (1/2 kolejek),,,1
2346,Jakub Żewłakow,legia warszawa,POM,Zagłębie Lubin,True,,,,,,,insufficient_data,Za mało danych (1/2 kolejek),,,1
2347,Kacper Gołębiewski,pogoń szczecin,POM,Cracovia,False,,,,,,,insufficient_data,Za mało danych (0/2 kolejek),,,1
2348,Antoni Klukowski,widzew łódź,POM,Wisła Płock,False,,,,,,,insufficient_data,Za mało danych (0/2 kolejek),,,1
2349,Bruno Jordão,radomiak radom,POM,GKS Katowice,False,,,,,,,insufficient_data,Za mało danych (0/2 kolejek),,,1
2351,Szymon Karasiński,zagłębie lubin,POM,Legia Warszawa,False,,,,,,,insufficient_data,Za mało danych (0/2 kolejek),,,1
2352,Fabian Bzdyl,cracovia,POM,Pogoń Szczecin,True,,,,,,,insufficient_data,Za mało danych (0/2 kolejek),,,1
2353,Mikkel Maigaard,wieczysta kraków,POM,Lech Poznań,True,,,,,,,insufficient_data,Za mało danych (1/2 kolejek),,,1
2354,Rafał Gikiewicz,zagłębie lubin,BR,Legia Warszawa,False,,,,,,,insufficient_data,Za mało danych (0/2 kolejek),,,1
2355,Esmiraldo Sá Silva,radomiak radom,NAP,GKS Katowice,False,,,,,,,insufficient_data,Za mało danych (0/2 kolejek),,,1
2359,Davíð Ólafsson,cracovia,OBR,Pogoń Szczecin,True,,,,,,,insufficient_data,Za mało danych (0/2 kolejek),,,1
2363,Jakub Jezierski,śląsk wrocław,POM,Raków Częstochowa,True,,,,,,,insufficient_data,Za mało danych (0/2 kolejek),,,1
2364,Fredrik Krogstad,korona kielce,POM,Górnik Zabrze,True,,,,,,,insufficient_data,Za mało danych (0/2 kolejek),,,1
2365,João Peglow,radomiak radom,POM,GKS Katowice,False,,,,,,,insufficient_data,Za mało danych (0/2 kolejek),,,1
2366,Konrad Golonka,cracovia,BR,Pogoń Szczecin,True,,,,,,,insufficient_data,Za mało danych (0/2 kolejek),,,1
2367,Wojciech Mońka,lech poznań,OBR,Wieczysta Kraków,False,,,,,,,insufficient_data,Za mało danych (0/2 kolejek),,,1
2368,Aleksander Tobolik,górnik zabrze,POM,Korona Kielce,False,,,,,,,insufficient_data,Za mało danych (0/2 kolejek),,,1
2371,Bartosz Biedrzycki,cracovia,OBR,Pogoń Szczecin,True,,,,,,,insufficient_data,Za mało danych (0/2 kolejek),,,1
2372,Dawid Kudła,gks katowice,BR,Radomiak Radom,True,,,,,,,insufficient_data,Za mało danych (0/2 kolejek),,,1
2373,Przemysław Pęksa,gks katowice,BR,Radomiak Radom,True,,,,,,,insufficient_data,Za mało danych (0/2 kolejek),,,1
2374,Patryk Szczuka,gks katowice,BR,Radomiak Radom,True,,,,,,,insufficient_data,Za mało danych (0/2 kolejek),,,1
2375,Bartosz Jaroszek,gks katowice,OBR,Radomiak Radom,True,,,,,,,insufficient_data,Za mało danych (0/2 kolejek),,,1
2376,Łukasz Trepka,gks katowice,OBR,Radomiak Radom,True,,,,,,,insufficient_data,Za mało danych (0/2 kolejek),,,1
2377,Norbert Warmuz,gks katowice,OBR,Radomiak Radom,True,,,,,,,insufficient_data,Za mało danych (0/2 kolejek),,,1
2378,Bartosz Baranowicz,gks katowice,POM,Radomiak Radom,True,,,,,,,insufficient_data,Za mało danych (0/2 kolejek),,,1
2379,Alan Bród,gks katowice,POM,Radomiak Radom,True,,,,,,,insufficient_data,Za mało danych (0/2 kolejek),,,1
2380,Kacper Ćwielong,gks katowice,POM,Radomiak Radom,True,,,,,,,insufficient_data,Za mało danych (0/2 kolejek),,,1
2381,Szymon Krawczyk,gks katowice,POM,Radomiak Radom,True,,,,,,,insufficient_data,Za mało danych (0/2 kolejek),,,1
2382,Kacper Pietrzyk,gks katowice,NAP,Radomiak Radom,True,,,,,,,insufficient_data,Za mało danych (0/2 kolejek),,,1
2383,Shun Shibata,gks katowice,POM,Radomiak Radom,True,,,,,,,insufficient_data,Za mało danych (0/2 kolejek),,,1
2384,Borja Galán,gks katowice,OBR,Radomiak Radom,True,,,,,,,insufficient_data,Za mało danych (0/2 kolejek),,,1
2385,Lukáš Ambros,górnik zabrze,POM,Korona Kielce,False,,,,,,,insufficient_data,Za mało danych (0/2 kolejek),,,1
2386,Patrik Hellebrand,korona kielce,POM,Górnik Zabrze,True,,,,,,,insufficient_data,Za mało danych (0/2 kolejek),,,1
2387,José Manuel Josema,górnik zabrze,OBR,Korona Kielce,False,,,,,,,insufficient_data,Za mało danych (0/2 kolejek),,,1
2388,Manuel Sánchez,górnik zabrze,OBR,Korona Kielce,False,,,,,,,insufficient_data,Za mało danych (0/2 kolejek),,,1
2389,Lamine Diaby-Fadiga,raków częstochowa,POM,Śląsk Wrocław,False,,,,,,,insufficient_data,Za mało danych (0/2 kolejek),,,1
2390,Maksymilian Stryjek,jagiellonia białystok,BR,Motor Lublin,False,,,,,,,insufficient_data,Za mało danych (0/2 kolejek),,,1
2391,Miki Villar,wieczysta kraków,POM,Lech Poznań,True,,,,,,,insufficient_data,Za mało danych (1/2 kolejek),,,1
2392,Filip Wolski,jagiellonia białystok,POM,Motor Lublin,False,,,,,,,insufficient_data,Za mało danych (0/2 kolejek),,,1
2393,Shuma Nagamatsu,korona kielce,POM,Górnik Zabrze,True,,,,,,,insufficient_data,Za mało danych (0/2 kolejek),,,1
2394,Pedro Nuno,korona kielce,POM,Górnik Zabrze,True,,,,,,,insufficient_data,Za mało danych (0/2 kolejek),,,1
2395,Mateusz Mędrala,lech poznań,BR,Wieczysta Kraków,False,,,,,,,insufficient_data,Za mało danych (0/2 kolejek),,,1
2396,Igor Kornobis,lech poznań,NAP,Wieczysta Kraków,False,,,,,,,insufficient_data,Za mało danych (0/2 kolejek),,,1
2406,Maksym Chłań,górnik zabrze,POM,Korona Kielce,False,,,,,,,insufficient_data,Za mało danych (0/2 kolejek),,,1
2414,Oskar Jeż,motor lublin,BR,Jagiellonia Białystok,True,,,,,,,insufficient_data,Za mało danych (0/2 kolejek),,,1
2415,Marek Bartoš,motor lublin,OBR,Jagiellonia Białystok,True,,,,,,,insufficient_data,Za mało danych (0/2 kolejek),,,1
2416,Bohdan Krywołapow,motor lublin,OBR,Jagiellonia Białystok,True,,,,,,,insufficient_data,Za mało danych (0/2 kolejek),,,1
2417,Filip Luberecki,motor lublin,OBR,Jagiellonia Białystok,True,,,,,,,insufficient_data,Za mało danych (0/2 kolejek),,,1
2418,Konrad Magnuszewski,motor lublin,OBR,Jagiellonia Białystok,True,,,,,,,insufficient_data,Za mało danych (0/2 kolejek),,,1
2419,Piotr Ceglarz,motor lublin,POM,Jagiellonia Białystok,True,,,,,,,insufficient_data,Za mało danych (0/2 kolejek),,,1
2420,Marcel Gąsior,motor lublin,POM,Jagiellonia Białystok,True,,,,,,,insufficient_data,Za mało danych (0/2 kolejek),,,1
2421,Sebastian Koziej,motor lublin,POM,Jagiellonia Białystok,True,,,,,,,insufficient_data,Za mało danych (0/2 kolejek),,,1
2422,Rafał Król,motor lublin,POM,Jagiellonia Białystok,True,,,,,,,insufficient_data,Za mało danych (0/2 kolejek),,,1
2423,Mbaye N'Diaye,motor lublin,POM,Jagiellonia Białystok,True,,,,,,,insufficient_data,Za mało danych (0/2 kolejek),,,1
2424,Bartosz Wolski,gks katowice,POM,Radomiak Radom,True,,,,,,,insufficient_data,Za mało danych (0/2 kolejek),,,1
2425,Filip Wójcik,motor lublin,OBR,Jagiellonia Białystok,True,,,,,,,insufficient_data,Za mało danych (0/2 kolejek),,,1
2426,Sebastian Sikora,motor lublin,NAP,Jagiellonia Białystok,True,,,,,,,insufficient_data,Za mało danych (0/2 kolejek),,,1
2427,Kacper Wełniak,motor lublin,NAP,Jagiellonia Białystok,True,,,,,,,insufficient_data,Za mało danych (0/2 kolejek),,,1
2428,Claude Gonçalves,legia warszawa,POM,Zagłębie Lubin,True,,,,,,,insufficient_data,Za mało danych (0/2 kolejek),,,1
2429,Marcel Mendes-Dudziński,piast gliwice,BR,Wisła Kraków,True,,,,,,,insufficient_data,Za mało danych (0/2 kolejek),,,1
2430,Jean-Pierre Nsame,pogoń szczecin,NAP,Cracovia,False,,,,,,,insufficient_data,Za mało danych (1/2 kolejek),,,1
2431,Rúben Vinagre,legia warszawa,OBR,Zagłębie Lubin,True,,,,,,,insufficient_data,Za mało danych (1/2 kolejek),,,1
2434,Michał Perchel,jagiellonia białystok,BR,Motor Lublin,False,,,,,,,insufficient_data,Za mało danych (0/2 kolejek),,,1
2435,Zié Ouattara,radomiak radom,OBR,GKS Katowice,False,,,,,,,insufficient_data,Za mało danych (1/2 kolejek),,,1
2436,Adriano Amorim,raków częstochowa,POM,Śląsk Wrocław,False,,,,,,,insufficient_data,Za mało danych (0/2 kolejek),,,1
2437,Vassílis Sourlís,raków częstochowa,POM,Śląsk Wrocław,False,,,,,,,insufficient_data,Za mało danych (0/2 kolejek),,,1
2440,Junior Eyamba,śląsk wrocław,NAP,Raków Częstochowa,True,,,,,,,insufficient_data,Za mało danych (0/2 kolejek),,,1
2441,Simon Schierack,śląsk wrocław,POM,Raków Częstochowa,True,,,,,,,insufficient_data,Za mało danych (0/2 kolejek),,,1
2442,Kreshnik Hajrizi,widzew łódź,OBR,Wisła Płock,False,,,,,,,insufficient_data,Za mało danych (0/2 kolejek),,,1
2443,Samuel Kozlovský,widzew łódź,OBR,Wisła Płock,False,,,,,,,insufficient_data,Za mało danych (0/2 kolejek),,,1
2444,Marcel Krajewski,widzew łódź,OBR,Wisła Płock,False,,,,,,,insufficient_data,Za mało danych (0/2 kolejek),,,1
2445,Václav Sejk,zagłębie lubin,NAP,Legia Warszawa,False,,,,,,,insufficient_data,Za mało danych (0/2 kolejek),,,1
2446,Kristoffer Klaesson,raków częstochowa,BR,Śląsk Wrocław,False,,,,,,,insufficient_data,Za mało danych (0/2 kolejek),,,1
2447,João Moutinho,lech poznań,OBR,Wieczysta Kraków,False,,,,,,,insufficient_data,Za mało danych (0/2 kolejek),,,1
2448,Alex Douglas,lech poznań,OBR,Wieczysta Kraków,False,,,,,,,insufficient_data,Za mało danych (0/2 kolejek),,,1
2449,Lázaros Lamprou,raków częstochowa,POM,Śląsk Wrocław,False,,,,,,,insufficient_data,Za mało danych (0/2 kolejek),,,1
2450,Ivan Brkić,legia warszawa,BR,Zagłębie Lubin,True,,,,,,,insufficient_data,Za mało danych (0/2 kolejek),,,1
2451,Bryan Fiabema,lech poznań,NAP,Wieczysta Kraków,False,,,,,,,insufficient_data,Za mało danych (0/2 kolejek),,,1
2452,Hilary Gong,widzew łódź,POM,Wisła Płock,False,,,,,,,insufficient_data,Za mało danych (0/2 kolejek),,,1
2453,Sergio Barcia,legia warszawa,OBR,Zagłębie Lubin,True,,,,,,,insufficient_data,Za mało danych (0/2 kolejek),,,1
2454,Pau Resta,gks katowice,OBR,Radomiak Radom,True,,,,,,,insufficient_data,Za mało danych (0/2 kolejek),,,1
2455,Jakub Pestka,cracovia,OBR,Pogoń Szczecin,True,,,,,,,insufficient_data,Za mało danych (0/2 kolejek),,,1
2456,Christopher Simon,motor lublin,POM,Jagiellonia Białystok,True,,,,,,,insufficient_data,Za mało danych (0/2 kolejek),,,1
2457,Mick van Buren,cracovia,NAP,Pogoń Szczecin,True,,,,,,,insufficient_data,Za mało danych (0/2 kolejek),,,1
2458,Hubert Zwoźny,korona kielce,OBR,Górnik Zabrze,True,,,,,,,insufficient_data,Za mało danych (0/2 kolejek),,,1
2459,Oskar Lachowicz,cracovia,POM,Pogoń Szczecin,True,,,,,,,insufficient_data,Za mało danych (0/2 kolejek),,,1
2460,Szymon Stypułkowski,jagiellonia białystok,POM,Motor Lublin,False,,,,,,,insufficient_data,Za mało danych (0/2 kolejek),,,1
2461,Taofeek Ismaheel,górnik zabrze,POM,Korona Kielce,False,,,,,,,insufficient_data,Za mało danych (0/2 kolejek),,,1
2462,Amir Al-Ammari,cracovia,POM,Pogoń Szczecin,True,,,,,,,insufficient_data,Za mało danych (0/2 kolejek),,,1
2464,Igor Bartnik,motor lublin,BR,Jagiellonia Białystok,True,,,,,,,insufficient_data,Za mało danych (0/2 kolejek),,,1
2465,Patryk Romanowski,motor lublin,OBR,Jagiellonia Białystok,True,,,,,,,insufficient_data,Za mało danych (0/2 kolejek),,,1
2466,Arnau Ortiz,śląsk wrocław,POM,Raków Częstochowa,True,,,,,,,insufficient_data,Za mało danych (0/2 kolejek),,,1
2467,Mateusz Szczepaniak,legia warszawa,POM,Zagłębie Lubin,True,,,,,,,insufficient_data,Za mało danych (0/2 kolejek),,,1
2468,Krystian Harciński,radomiak radom,BR,GKS Katowice,False,,,,,,,insufficient_data,Za mało danych (0/2 kolejek),,,1
2469,Tymoteusz Gmur,lech poznań,POM,Wieczysta Kraków,False,,,,,,,insufficient_data,Za mało danych (0/2 kolejek),,,1
2470,Igor Brzyski,pogoń szczecin,POM,Cracovia,False,,,,,,,insufficient_data,Za mało danych (0/2 kolejek),,,1
2471,Migouel Alfarela,legia warszawa,NAP,Zagłębie Lubin,True,,,,,,,insufficient_data,Za mało danych (0/2 kolejek),,,1
2472,Bartłomiej Smolarczyk,korona kielce,OBR,Górnik Zabrze,True,,,,,,,insufficient_data,Za mało danych (0/2 kolejek),,,1
2473,Michalis Kosidis,zagłębie lubin,NAP,Legia Warszawa,False,,,,,,,insufficient_data,Za mało danych (0/2 kolejek),,,1
2474,Arkadiusz Murzacz,motor lublin,OBR,Jagiellonia Białystok,True,,,,,,,insufficient_data,Za mało danych (0/2 kolejek),,,1
2475,Jakub Grzejszczak,widzew łódź,OBR,Wisła Płock,False,,,,,,,insufficient_data,Za mało danych (0/2 kolejek),,,1
2476,Jonatan Braut Brunes,raków częstochowa,NAP,Śląsk Wrocław,False,,,,,,,insufficient_data,Za mało danych (0/2 kolejek),,,1
2477,Marcel Reguła,zagłębie lubin,POM,Legia Warszawa,False,,,,,,,insufficient_data,Za mało danych (0/2 kolejek),,,1
2478,Tudor Băluță,śląsk wrocław,POM,Raków Częstochowa,True,,,,,,,insufficient_data,Za mało danych (0/2 kolejek),,,1
2479,David Ezeh,raków częstochowa,NAP,Śląsk Wrocław,False,,,,,,,insufficient_data,Za mało danych (0/2 kolejek),,,1
2480,Daniel Håkans,lech poznań,POM,Wieczysta Kraków,False,,,,,,,insufficient_data,Za mało danych (0/2 kolejek),,,1
2481,Ajdin Hasić,cracovia,POM,Pogoń Szczecin,True,,,,,,,insufficient_data,Za mało danych (0/2 kolejek),,,1
2482,Sergi Samper,motor lublin,POM,Jagiellonia Białystok,True,,,,,,,insufficient_data,Za mało danych (0/2 kolejek),,,1
2483,Osvaldo Capemba Capita,radomiak radom,POM,GKS Katowice,False,,,,,,,insufficient_data,Za mało danych (0/2 kolejek),,,1
2484,Tomás Costa Silva,jagiellonia białystok,OBR,Motor Lublin,False,,,,,,,insufficient_data,Za mało danych (0/2 kolejek),,,1
2487,Igor Kośmicki,korona kielce,OBR,Górnik Zabrze,True,,,,,,,insufficient_data,Za mało danych (0/2 kolejek),,,1
2488,Ian Hoffman,lech poznań,OBR,Wieczysta Kraków,False,,,,,,,insufficient_data,Za mało danych (0/2 kolejek),,,1
2489,Levis Pitan,piast gliwice,OBR,Wisła Kraków,True,,,,,,,insufficient_data,Za mało danych (0/2 kolejek),,,1
2490,Darko Čurlinov,jagiellonia białystok,POM,Motor Lublin,False,,,,,,,insufficient_data,Za mało danych (0/2 kolejek),,,1
2491,Maciej Wojciechowski,pogoń szczecin,POM,Cracovia,False,,,,,,,insufficient_data,Za mało danych (0/2 kolejek),,,1
2492,Hubert Śliczniak,śląsk wrocław,BR,Raków Częstochowa,True,,,,,,,insufficient_data,Za mało danych (0/2 kolejek),,,1
2495,Maximillian Oyedele,legia warszawa,POM,Zagłębie Lubin,True,,,,,,,insufficient_data,Za mało danych (0/2 kolejek),,,1
2496,Paulo Henrique,radomiak radom,OBR,GKS Katowice,False,,,,,,,insufficient_data,Za mało danych (0/2 kolejek),,,1
2498,Patrik Wålemark,lech poznań,POM,Wieczysta Kraków,False,,,,,,,insufficient_data,Za mało danych (0/2 kolejek),,,1
2499,Sinan Bakış,górnik zabrze,NAP,Korona Kielce,False,,,,,,,insufficient_data,Za mało danych (0/2 kolejek),,,1
2500,Cezary Polak,jagiellonia białystok,OBR,Motor Lublin,False,,,,,,,insufficient_data,Za mało danych (0/2 kolejek),,,1
2501,Peter Kováčik,jagiellonia białystok,OBR,Motor Lublin,False,,,,,,,insufficient_data,Za mało danych (0/2 kolejek),,,1
2502,Andréas Katsantónis,piast gliwice,NAP,Wisła Kraków,True,,,,,,,insufficient_data,Za mało danych (0/2 kolejek),,,1
2503,Yōsuke Furukawa,górnik zabrze,POM,Korona Kielce,False,,,,,,,insufficient_data,Za mało danych (0/2 kolejek),,,1
2504,Miguel Nóbrega,piast gliwice,OBR,Wisła Kraków,True,,,,,,,insufficient_data,Za mało danych (0/2 kolejek),,,1
2505,Dimítrios Keramítsis,pogoń szczecin,OBR,Cracovia,False,,,,,,,insufficient_data,Za mało danych (1/2 kolejek),,,1
2506,Stjepan Lončar,lech poznań,POM,Wieczysta Kraków,False,,,,,,,insufficient_data,Za mało danych (0/2 kolejek),,,1
2507,Jesus Diaz,raków częstochowa,POM,Śląsk Wrocław,False,,,,,,,insufficient_data,Za mało danych (0/2 kolejek),,,1
2508,Mateusz Dziewiatowski,zagłębie lubin,POM,Legia Warszawa,False,,,,,,,insufficient_data,Za mało danych (0/2 kolejek),,,1
2509,Miłosz Lewandowski,motor lublin,OBR,Jagiellonia Białystok,True,,,,,,,insufficient_data,Za mało danych (0/2 kolejek),,,1
2510,Eryk Kozłowski,jagiellonia białystok,POM,Motor Lublin,False,,,,,,,insufficient_data,Za mało danych (0/2 kolejek),,,1
2511,Dominik Sarapata,wisła płock,POM,Widzew Łódź,True,,,,,,,insufficient_data,Za mało danych (0/2 kolejek),,,1
2512,Bradly van Hoeven,motor lublin,POM,Jagiellonia Białystok,True,,,,,,,insufficient_data,Za mało danych (0/2 kolejek),,,1
2513,Kacper Nowakowski,raków częstochowa,POM,Śląsk Wrocław,False,,,,,,,insufficient_data,Za mało danych (0/2 kolejek),,,1
2515,Sylvester Jasper,śląsk wrocław,POM,Raków Częstochowa,True,,,,,,,insufficient_data,Za mało danych (0/2 kolejek),,,1
2516,Shaocong Wu,radomiak radom,OBR,GKS Katowice,False,,,,,,,insufficient_data,Za mało danych (0/2 kolejek),,,1
2517,Adam Basse,raków częstochowa,NAP,Śląsk Wrocław,False,,,,,,,insufficient_data,Za mało danych (0/2 kolejek),,,1
2518,Yegor Sharabura,śląsk wrocław,POM,Raków Częstochowa,True,,,,,,,insufficient_data,Za mało danych (0/2 kolejek),,,1
2519,Oskar Pietuszewski,jagiellonia białystok,POM,Motor Lublin,False,,,,,,,insufficient_data,Za mało danych (0/2 kolejek),,,1
2520,Mateusz Pomietło,cracovia,POM,Pogoń Szczecin,True,,,,,,,insufficient_data,Za mało danych (0/2 kolejek),,,1
2521,Łukasz Łęgowski,pogoń szczecin,BR,Cracovia,False,,,,,,,insufficient_data,Za mało danych (0/2 kolejek),,,1
2522,Mateusz Jeleń,górnik zabrze,BR,Korona Kielce,False,,,,,,,insufficient_data,Za mało danych (0/2 kolejek),,,1
2523,Maciej Wichtowski,lech poznań,OBR,Wieczysta Kraków,False,,,,,,,insufficient_data,Za mało danych (0/2 kolejek),,,1
2524,Daniel Gryzio,widzew łódź,NAP,Wisła Płock,False,,,,,,,insufficient_data,Za mało danych (0/2 kolejek),,,1
2525,Jakub Suchocki,jagiellonia białystok,BR,Motor Lublin,False,,,,,,,insufficient_data,Za mało danych (0/2 kolejek),,,1
2526,Sondre Liseth,górnik zabrze,NAP,Korona Kielce,False,,,,,,,insufficient_data,Za mało danych (0/2 kolejek),,,1
2527,Gisli Thordarson,lech poznań,POM,Wieczysta Kraków,False,,,,,,,insufficient_data,Za mało danych (0/2 kolejek),,,1
2529,Bright Ede,motor lublin,OBR,Jagiellonia Białystok,True,,,,,,,insufficient_data,Za mało danych (0/2 kolejek),,,1
2530,Franciszek Lewandowski,motor lublin,POM,Jagiellonia Białystok,True,,,,,,,insufficient_data,Za mało danych (0/2 kolejek),,,1
2531,Gašper Tratnik,motor lublin,BR,Jagiellonia Białystok,True,,,,,,,insufficient_data,Za mało danych (0/2 kolejek),,,1
2532,Akim Zedadka,piast gliwice,OBR,Wisła Kraków,True,,,,,,,insufficient_data,Za mało danych (0/2 kolejek),,,1
2533,Mateusz Bąk,pogoń szczecin,POM,Cracovia,False,,,,,,,insufficient_data,Za mało danych (0/2 kolejek),,,1
2534,Paulius Golubickas,radomiak radom,POM,GKS Katowice,False,,,,,,,insufficient_data,Za mało danych (0/2 kolejek),,,1
2535,Steve Kingué,radomiak radom,OBR,GKS Katowice,False,,,,,,,insufficient_data,Za mało danych (0/2 kolejek),,,1
2536,Pedro Perotti,radomiak radom,NAP,GKS Katowice,False,,,,,,,insufficient_data,Za mało danych (0/2 kolejek),,,1
2538,Marc Llinares,śląsk wrocław,OBR,Raków Częstochowa,True,,,,,,,insufficient_data,Za mało danych (0/2 kolejek),,,1
2539,Ludvig Fritzson,zagłębie lubin,POM,Legia Warszawa,False,,,,,,,insufficient_data,Za mało danych (0/2 kolejek),,,1
2540,Rafael Barbosa,radomiak radom,POM,GKS Katowice,False,,,,,,,insufficient_data,Za mało danych (0/2 kolejek),,,1
2541,Leon Flach,jagiellonia białystok,POM,Motor Lublin,False,,,,,,,insufficient_data,Za mało danych (0/2 kolejek),,,1
2542,Polydéfkis Volanákis,widzew łódź,OBR,Wisła Płock,False,,,,,,,insufficient_data,Za mało danych (0/2 kolejek),,,1
2543,Rasmus Carstensen,lech poznań,OBR,Wieczysta Kraków,False,,,,,,,insufficient_data,Za mało danych (0/2 kolejek),,,1
2544,Jonathan Júnior,radomiak radom,NAP,GKS Katowice,False,,,,,,,insufficient_data,Za mało danych (0/2 kolejek),,,1
2545,Hervé Matthys,motor lublin,OBR,Jagiellonia Białystok,True,,,,,,,insufficient_data,Za mało danych (0/2 kolejek),,,1
2546,Alexander Abrahamsson,zagłębie lubin,OBR,Legia Warszawa,False,,,,,,,insufficient_data,Za mało danych (0/2 kolejek),,,1
2547,Assad Al-Hamlawi,śląsk wrocław,NAP,Raków Częstochowa,True,,,,,,,insufficient_data,Za mało danych (0/2 kolejek),,,1
2548,Abbati Abdullahi,górnik zabrze,POM,Korona Kielce,False,,,,,,,insufficient_data,Za mało danych (0/2 kolejek),,,1
2549,Antonio Sefer,motor lublin,POM,Jagiellonia Białystok,True,,,,,,,insufficient_data,Za mało danych (0/2 kolejek),,,1
2550,Kamil Koczy,zagłębie lubin,POM,Legia Warszawa,False,,,,,,,insufficient_data,Za mało danych (0/2 kolejek),,,1
2551,Gierman Barkowskij,piast gliwice,NAP,Wisła Kraków,True,,,,,,,insufficient_data,Za mało danych (0/2 kolejek),,,1
2552,Konstantínos Sotiríou,korona kielce,OBR,Górnik Zabrze,True,,,,,,,insufficient_data,Za mało danych (0/2 kolejek),,,1
2553,Aleksander Wyganowski,legia warszawa,POM,Zagłębie Lubin,True,,,,,,,insufficient_data,Za mało danych (0/2 kolejek),,,1
2554,Leon Madej,widzew łódź,POM,Wisła Płock,False,,,,,,,insufficient_data,Za mało danych (0/2 kolejek),,,1
2555,Nikodem Stachowicz,widzew łódź,POM,Wisła Płock,False,,,,,,,insufficient_data,Za mało danych (0/2 kolejek),,,1
2556,Enzo Ebosse,jagiellonia białystok,OBR,Motor Lublin,False,,,,,,,insufficient_data,Za mało danych (0/2 kolejek),,,1
2557,Abdoul Tapsoba,radomiak radom,NAP,GKS Katowice,False,,,,,,,insufficient_data,Za mało danych (1/2 kolejek),,,1
2558,Ibrahima Seck,raków częstochowa,POM,Śląsk Wrocław,False,,,,,,,insufficient_data,Za mało danych (0/2 kolejek),,,1
2559,Dawid Mazurek,górnik zabrze,OBR,Korona Kielce,False,,,,,,,insufficient_data,Za mało danych (0/2 kolejek),,,1
2560,Konrad Ciszek,korona kielce,OBR,Górnik Zabrze,True,,,,,,,insufficient_data,Za mało danych (0/2 kolejek),,,1
2561,Michał Mikielewicz,korona kielce,BR,Górnik Zabrze,True,,,,,,,insufficient_data,Za mało danych (0/2 kolejek),,,1
2562,Bartosz Mazurek,jagiellonia białystok,POM,Motor Lublin,False,,,,,,,insufficient_data,Za mało danych (0/2 kolejek),,,1
2563,Dimítrios Rétsos,jagiellonia białystok,OBR,Motor Lublin,False,,,,,,,insufficient_data,Za mało danych (0/2 kolejek),,,1
2564,Kamil Sochań,zagłębie lubin,OBR,Legia Warszawa,False,,,,,,,insufficient_data,Za mało danych (0/2 kolejek),,,1
2565,Sammy Dudek,lech poznań,POM,Wieczysta Kraków,False,,,,,,,insufficient_data,Za mało danych (0/2 kolejek),,,1
2566,José Pozo,pogoń szczecin,POM,Cracovia,False,,,,,,,insufficient_data,Za mało danych (0/2 kolejek),,,1
2567,Thierry Gale,piast gliwice,NAP,Wisła Kraków,True,,,,,,,insufficient_data,Za mało danych (0/2 kolejek),,,1
2568,Ousmane Sow,górnik zabrze,NAP,Korona Kielce,False,,,,,,,insufficient_data,Za mało danych (0/2 kolejek),,,1
2569,Matúš Kmeť,górnik zabrze,OBR,Korona Kielce,False,,,,,,,insufficient_data,Za mało danych (0/2 kolejek),,,1
2570,Matija Marsenić,górnik zabrze,POM,Korona Kielce,False,,,,,,,insufficient_data,Za mało danych (0/2 kolejek),,,1
2571,Gustaw Henriksson,cracovia,OBR,Pogoń Szczecin,True,,,,,,,insufficient_data,Za mało danych (0/2 kolejek),,,1
2573,Oliwier Olewiński,legia warszawa,POM,Zagłębie Lubin,True,,,,,,,insufficient_data,Za mało danych (0/2 kolejek),,,1
2574,Pascal Mozie,legia warszawa,POM,Zagłębie Lubin,True,,,,,,,insufficient_data,Za mało danych (0/2 kolejek),,,1
2575,Filip Prebsl,górnik zabrze,POM,Korona Kielce,False,,,,,,,insufficient_data,Za mało danych (0/2 kolejek),,,1
2576,Mario González,lech poznań,NAP,Wieczysta Kraków,False,,,,,,,insufficient_data,Za mało danych (0/2 kolejek),,,1
2577,Josip Ćorluka,zagłębie lubin,OBR,Legia Warszawa,False,,,,,,,insufficient_data,Za mało danych (0/2 kolejek),,,1
2578,Szymon Rygiel,śląsk wrocław,OBR,Raków Częstochowa,True,,,,,,,insufficient_data,Za mało danych (0/2 kolejek),,,1
2579,Jakub Zawadzki,pogoń szczecin,OBR,Cracovia,False,,,,,,,insufficient_data,Za mało danych (0/2 kolejek),,,1
2580,Saad Agouzoul,radomiak radom,OBR,GKS Katowice,False,,,,,,,insufficient_data,Za mało danych (0/2 kolejek),,,1
2581,Peter Therkildsen,widzew łódź,OBR,Wisła Płock,False,,,,,,,insufficient_data,Za mało danych (0/2 kolejek),,,1
2582,Martin Minczew,cracovia,POM,Pogoń Szczecin,True,,,,,,,insufficient_data,Za mało danych (0/2 kolejek),,,1
2583,Renyer,pogoń szczecin,NAP,Cracovia,False,,,,,,,insufficient_data,Za mało danych (0/2 kolejek),,,1
2584,Henrik Udahl,śląsk wrocław,NAP,Raków Częstochowa,True,,,,,,,insufficient_data,Za mało danych (0/2 kolejek),,,1
2585,Luiz Gustavo Oliveira da Silva,pogoń szczecin,OBR,Cracovia,False,,,,,,,insufficient_data,Za mało danych (0/2 kolejek),,,1
2586,Benjamin Rojas,pogoń szczecin,OBR,Cracovia,False,,,,,,,insufficient_data,Za mało danych (0/2 kolejek),,,1
2587,Mateusz Kopczyński,piast gliwice,POM,Wisła Kraków,True,,,,,,,insufficient_data,Za mało danych (0/2 kolejek),,,1
2588,Mauro Perković,cracovia,OBR,Pogoń Szczecin,True,,,,,,,insufficient_data,Za mało danych (0/2 kolejek),,,1
2589,Renat Dadaşov,motor lublin,NAP,Jagiellonia Białystok,True,,,,,,,insufficient_data,Za mało danych (0/2 kolejek),,,1
2592,Szymon Kilianek,radomiak radom,OBR,GKS Katowice,False,,,,,,,insufficient_data,Za mało danych (0/2 kolejek),,,1
2593,Jean-Kévin Augustin,motor lublin,NAP,Jagiellonia Białystok,True,,,,,,,insufficient_data,Za mało danych (0/2 kolejek),,,1
2594,Justin Daniel,piast gliwice,POM,Wisła Kraków,True,,,,,,,insufficient_data,Za mało danych (0/2 kolejek),,,1
2595,Dawid Polak,cracovia,POM,Pogoń Szczecin,True,,,,,,,insufficient_data,Za mało danych (0/2 kolejek),,,1
2596,Jakub Kowalski,korona kielce,NAP,Górnik Zabrze,True,,,,,,,insufficient_data,Za mało danych (0/2 kolejek),,,1
2597,Kamil Nowogoński,zagłębie lubin,POM,Legia Warszawa,False,,,,,,,insufficient_data,Za mało danych (0/2 kolejek),,,1
2598,Adam Matysek,zagłębie lubin,BR,Legia Warszawa,False,,,,,,,insufficient_data,Za mało danych (0/2 kolejek),,,1
2599,Jakub Zieliński,legia warszawa,BR,Zagłębie Lubin,True,,,,,,,insufficient_data,Za mało danych (0/2 kolejek),,,1
2600,Radosław Szafrański,górnik zabrze,OBR,Korona Kielce,False,,,,,,,insufficient_data,Za mało danych (0/2 kolejek),,,1
2601,Filip Stojilković,cracovia,NAP,Pogoń Szczecin,True,,,,,,,insufficient_data,Za mało danych (0/2 kolejek),,,1
2616,Kamil Jakubczyk,korona kielce,POM,Górnik Zabrze,True,,,,,,,insufficient_data,Za mało danych (0/2 kolejek),,,1
2629,Morgan Faßbender,korona kielce,POM,Górnik Zabrze,True,,,,,,,insufficient_data,Za mało danych (0/2 kolejek),,,1
2636,Oskar Klon,wisła płock,BR,Widzew Łódź,True,,,,,,,insufficient_data,Za mało danych (0/2 kolejek),,,1
2637,Marcin Kamiński,wisła płock,OBR,Widzew Łódź,True,,,,,,,insufficient_data,Za mało danych (0/2 kolejek),,,1
2638,Aleksandre Kalandadze,wisła płock,OBR,Widzew Łódź,True,,,,,,,insufficient_data,Za mało danych (0/2 kolejek),,,1
2639,Andrias Edmundsson,wisła płock,OBR,Widzew Łódź,True,,,,,,,insufficient_data,Za mało danych (0/2 kolejek),,,1
2640,Marcus Haglind-Sangré,wisła płock,OBR,Widzew Łódź,True,,,,,,,insufficient_data,Za mało danych (0/2 kolejek),,,1
2641,Przemyslaw Misiak,wisła płock,OBR,Widzew Łódź,True,,,,,,,insufficient_data,Za mało danych (0/2 kolejek),,,1
2642,Marcin Więckowski,wisła płock,OBR,Widzew Łódź,True,,,,,,,insufficient_data,Za mało danych (0/2 kolejek),,,1
2643,Filip Zając,wisła płock,OBR,Widzew Łódź,True,,,,,,,insufficient_data,Za mało danych (0/2 kolejek),,,1
2644,Filip Łodziński,wisła płock,POM,Widzew Łódź,True,,,,,,,insufficient_data,Za mało danych (0/2 kolejek),,,1
2645,Kevin Custovic,wisła płock,POM,Widzew Łódź,True,,,,,,,insufficient_data,Za mało danych (0/2 kolejek),,,1
2646,Oskar Tomczyk,wisła płock,POM,Widzew Łódź,True,,,,,,,insufficient_data,Za mało danych (0/2 kolejek),,,1
2647,Jakub Serwach,wisła płock,POM,Widzew Łódź,True,,,,,,,insufficient_data,Za mało danych (0/2 kolejek),,,1
2648,Jakub Lejman,wisła płock,POM,Widzew Łódź,True,,,,,,,insufficient_data,Za mało danych (0/2 kolejek),,,1
2649,Jorge Jiménez,wisła płock,POM,Widzew Łódź,True,,,,,,,insufficient_data,Za mało danych (0/2 kolejek),,,1
2650,Iban Salvador,wisła płock,POM,Widzew Łódź,True,,,,,,,insufficient_data,Za mało danych (0/2 kolejek),,,1
2651,Maciej Famulak,wisła płock,POM,Widzew Łódź,True,,,,,,,insufficient_data,Za mało danych (0/2 kolejek),,,1
2652,Krystian Pomorski,wisła płock,POM,Widzew Łódź,True,,,,,,,insufficient_data,Za mało danych (0/2 kolejek),,,1
2653,Adrian Bielka,wisła płock,POM,Widzew Łódź,True,,,,,,,insufficient_data,Za mało danych (0/2 kolejek),,,1
2654,Amin Al-Hamawi,wisła płock,NAP,Widzew Łódź,True,,,,,,,insufficient_data,Za mało danych (0/2 kolejek),,,1
2655,Bastien Donio,górnik zabrze,POM,Korona Kielce,False,,,,,,,insufficient_data,Za mało danych (0/2 kolejek),,,1
2656,Natan Dzięgielewski,górnik zabrze,POM,Korona Kielce,False,,,,,,,insufficient_data,Za mało danych (0/2 kolejek),,,1
2657,Gabriel Barbosa,górnik zabrze,NAP,Korona Kielce,False,,,,,,,insufficient_data,Za mało danych (0/2 kolejek),,,1
2658,Young-jun Goh,górnik zabrze,POM,Korona Kielce,False,,,,,,,insufficient_data,Za mało danych (0/2 kolejek),,,1
2659,Marcel Łubik,wisła kraków,BR,Piast Gliwice,False,,,,,,,insufficient_data,Za mało danych (0/2 kolejek),,,1
2660,Thodorís Tsirigótis,górnik zabrze,NAP,Korona Kielce,False,,,,,,,insufficient_data,Za mało danych (0/2 kolejek),,,1
2661,Bernardo Vital,jagiellonia białystok,OBR,Motor Lublin,False,,,,,,,insufficient_data,Za mało danych (0/2 kolejek),,,1
2662,Yūki Kobayashi,jagiellonia białystok,OBR,Motor Lublin,False,,,,,,,insufficient_data,Za mało danych (0/2 kolejek),,,1
2663,Louka Prip,jagiellonia białystok,POM,Motor Lublin,False,,,,,,,insufficient_data,Za mało danych (0/2 kolejek),,,1
2664,Dimítris Rállis,jagiellonia białystok,NAP,Motor Lublin,False,,,,,,,insufficient_data,Za mało danych (0/2 kolejek),,,1
2665,Jakub Budnicki,korona kielce,OBR,Górnik Zabrze,True,,,,,,,insufficient_data,Za mało danych (0/2 kolejek),,,1
2666,Władimir Nikołow,korona kielce,NAP,Górnik Zabrze,True,,,,,,,insufficient_data,Za mało danych (0/2 kolejek),,,1
2667,Wiktor Popow,korona kielce,OBR,Górnik Zabrze,True,,,,,,,insufficient_data,Za mało danych (0/2 kolejek),,,1
2668,Tamar Svetlin,korona kielce,POM,Górnik Zabrze,True,,,,,,,insufficient_data,Za mało danych (0/2 kolejek),,,1
2669,Matus Vojtko,wieczysta kraków,OBR,Lech Poznań,True,,,,,,,insufficient_data,Za mało danych (1/2 kolejek),,,1
2670,Petar Stojanović,legia warszawa,OBR,Zagłębie Lubin,True,,,,,,,insufficient_data,Za mało danych (0/2 kolejek),,,1
2671,Karol Czubak,motor lublin,NAP,Jagiellonia Białystok,True,,,,,,,insufficient_data,Za mało danych (0/2 kolejek),,,1
2672,Florian Haxha,motor lublin,POM,Jagiellonia Białystok,True,,,,,,,insufficient_data,Za mało danych (0/2 kolejek),,,1
2673,Kacper Karasek,radomiak radom,POM,GKS Katowice,False,,,,,,,insufficient_data,Za mało danych (1/2 kolejek),,,1
2674,Mikolaj Kosior,motor lublin,NAP,Jagiellonia Białystok,True,,,,,,,insufficient_data,Za mało danych (0/2 kolejek),,,1
2675,Quentin Boisgard,piast gliwice,POM,Wisła Kraków,True,,,,,,,insufficient_data,Za mało danych (0/2 kolejek),,,1
2676,Emmanuel Twumasi,piast gliwice,OBR,Wisła Kraków,True,,,,,,,insufficient_data,Za mało danych (0/2 kolejek),,,1
2677,Musa Juwara,pogoń szczecin,POM,Cracovia,False,,,,,,,insufficient_data,Za mało danych (1/2 kolejek),,,1
2678,Marian Huja,pogoń szczecin,OBR,Cracovia,False,,,,,,,insufficient_data,Za mało danych (0/2 kolejek),,,1
2679,Paul Mukairu,pogoń szczecin,POM,Cracovia,False,,,,,,,insufficient_data,Za mało danych (1/2 kolejek),,,1
2680,Mor N'Diaye,pogoń szczecin,POM,Cracovia,False,,,,,,,insufficient_data,Za mało danych (0/2 kolejek),,,1
2681,Jérémy Blasco,radomiak radom,OBR,GKS Katowice,False,,,,,,,insufficient_data,Za mało danych (1/2 kolejek),,,1
2682,Laurindo Maria Aurélio,radomiak radom,NAP,GKS Katowice,False,,,,,,,insufficient_data,Za mało danych (0/2 kolejek),,,1
2683,Alex Niziołek,radomiak radom,NAP,GKS Katowice,False,,,,,,,insufficient_data,Za mało danych (0/2 kolejek),,,1
2684,Vasco Lopes,radomiak radom,POM,GKS Katowice,False,,,,,,,insufficient_data,Za mało danych (0/2 kolejek),,,1
2685,Apóstolos Konstantópoulos,jagiellonia białystok,OBR,Motor Lublin,False,,,,,,,insufficient_data,Za mało danych (0/2 kolejek),,,1
2686,Samuel Akere,widzew łódź,POM,Wisła Płock,False,,,,,,,insufficient_data,Za mało danych (0/2 kolejek),,,1
2687,Ángel Baena,widzew łódź,POM,Wisła Płock,False,,,,,,,insufficient_data,Za mało danych (0/2 kolejek),,,1
2688,Dion Gallapeni,wisła płock,OBR,Widzew Łódź,True,,,,,,,insufficient_data,Za mało danych (0/2 kolejek),,,1
2689,Lindon Selahi,widzew łódź,POM,Wisła Płock,False,,,,,,,insufficient_data,Za mało danych (0/2 kolejek),,,1
2690,Ricardo Visus,widzew łódź,OBR,Wisła Płock,False,,,,,,,insufficient_data,Za mało danych (0/2 kolejek),,,1
2691,Luka Lučić,zagłębie lubin,OBR,Legia Warszawa,False,,,,,,,insufficient_data,Za mało danych (0/2 kolejek),,,1
2692,Wojciech Szafranek,zagłębie lubin,NAP,Legia Warszawa,False,,,,,,,insufficient_data,Za mało danych (0/2 kolejek),,,1
2694,Alejandro Cantero,jagiellonia białystok,POM,Motor Lublin,False,,,,,,,insufficient_data,Za mało danych (0/2 kolejek),,,1
2695,Joao Pedro,radomiak radom,OBR,GKS Katowice,False,,,,,,,insufficient_data,Za mało danych (0/2 kolejek),,,1
2696,Mateusz Głowiński,korona kielce,NAP,Górnik Zabrze,True,,,,,,,insufficient_data,Za mało danych (0/2 kolejek),,,1
2697,Kacper Szymanek,motor lublin,POM,Jagiellonia Białystok,True,,,,,,,insufficient_data,Za mało danych (0/2 kolejek),,,1
2698,Leo Bengtsson,lech poznań,POM,Wieczysta Kraków,False,,,,,,,insufficient_data,Za mało danych (0/2 kolejek),,,1
2699,Ivo Rodrigues,motor lublin,POM,Jagiellonia Białystok,True,,,,,,,insufficient_data,Za mało danych (0/2 kolejek),,,1
2700,Paskal Meyer,motor lublin,OBR,Jagiellonia Białystok,True,,,,,,,insufficient_data,Za mało danych (0/2 kolejek),,,1
2701,Kacper Plichta,motor lublin,NAP,Jagiellonia Białystok,True,,,,,,,insufficient_data,Za mało danych (0/2 kolejek),,,1
2702,Stjepan Davidović,korona kielce,POM,Górnik Zabrze,True,,,,,,,insufficient_data,Za mało danych (0/2 kolejek),,,1
2703,Ibrahima Camará,radomiak radom,POM,GKS Katowice,False,,,,,,,insufficient_data,Za mało danych (1/2 kolejek),,,1
2704,Kamil Andrzejkiewicz,widzew łódź,NAP,Wisła Płock,False,,,,,,,insufficient_data,Za mało danych (0/2 kolejek),,,1
2705,Stanisław Pruszkowski,wisła płock,BR,Widzew Łódź,True,,,,,,,insufficient_data,Za mało danych (0/2 kolejek),,,1
2706,Patryk Kukulski,motor lublin,BR,Jagiellonia Białystok,True,,,,,,,insufficient_data,Za mało danych (0/2 kolejek),,,1
2707,Alejandro Pozo,jagiellonia białystok,POM,Motor Lublin,False,,,,,,,insufficient_data,Za mało danych (0/2 kolejek),,,1
2708,Mileta Rajović,legia warszawa,NAP,Zagłębie Lubin,True,,,,,,,insufficient_data,Za mało danych (1/2 kolejek),,,1
2712,Giánnis Niárchos,wisła płock,NAP,Widzew Łódź,True,,,,,,,insufficient_data,Za mało danych (0/2 kolejek),,,1
2715,Toki Hirosawa,jagiellonia białystok,POM,Motor Lublin,False,,,,,,,insufficient_data,Za mało danych (0/2 kolejek),,,1
2716,Timothy Ouma,lech poznań,POM,Wieczysta Kraków,False,,,,,,,insufficient_data,Za mało danych (0/2 kolejek),,,1
2717,Pablo Rodríguez,lech poznań,POM,Wieczysta Kraków,False,,,,,,,insufficient_data,Za mało danych (0/2 kolejek),,,1
2718,Antonio Heredia Antonin,korona kielce,NAP,Górnik Zabrze,True,,,,,,,insufficient_data,Za mało danych (0/2 kolejek),,,1
2719,Leandro Sanca,piast gliwice,POM,Wisła Kraków,True,,,,,,,insufficient_data,Za mało danych (0/2 kolejek),,,1
2720,Kuba Nawrocki,widzew łódź,POM,Wisła Płock,False,,,,,,,insufficient_data,Za mało danych (0/2 kolejek),,,1
2721,Bartosz Borowski,wisła płock,NAP,Widzew Łódź,True,,,,,,,insufficient_data,Za mało danych (0/2 kolejek),,,1
2722,Kacper Minuczyc,korona kielce,POM,Górnik Zabrze,True,,,,,,,insufficient_data,Za mało danych (0/2 kolejek),,,1
2723,Antoni Burkiewicz,raków częstochowa,POM,Śląsk Wrocław,False,,,,,,,insufficient_data,Za mało danych (0/2 kolejek),,,1
2724,Roberto Massimo,górnik zabrze,POM,Korona Kielce,False,,,,,,,insufficient_data,Za mało danych (0/2 kolejek),,,1
2725,Kamil Lubowiecki,piast gliwice,POM,Wisła Kraków,True,,,,,,,insufficient_data,Za mało danych (0/2 kolejek),,,1
2727,Natan Ława,pogoń szczecin,POM,Cracovia,False,,,,,,,insufficient_data,Za mało danych (1/2 kolejek),,,1
2728,Juande Rivas,piast gliwice,OBR,Wisła Kraków,True,,,,,,,insufficient_data,Za mało danych (0/2 kolejek),,,1
2729,Dijon Kameri,cracovia,POM,Pogoń Szczecin,True,,,,,,,insufficient_data,Za mało danych (0/2 kolejek),,,1
2731,Aziel Jackson,jagiellonia białystok,POM,Motor Lublin,False,,,,,,,insufficient_data,Za mało danych (0/2 kolejek),,,1
2732,Tonio Teklić,widzew łódź,POM,Wisła Płock,False,,,,,,,insufficient_data,Za mało danych (0/2 kolejek),,,1
2733,Luis Palma,lech poznań,POM,Wieczysta Kraków,False,,,,,,,insufficient_data,Za mało danych (0/2 kolejek),,,1
2734,Piotr Pietryga,górnik zabrze,BR,Korona Kielce,False,,,,,,,insufficient_data,Za mało danych (0/2 kolejek),,,1
2735,Miłosz Swatowski,gks katowice,POM,Radomiak Radom,True,,,,,,,insufficient_data,Za mało danych (0/2 kolejek),,,1
2736,Cyprian Popielec,zagłębie lubin,POM,Legia Warszawa,False,,,,,,,insufficient_data,Za mało danych (0/2 kolejek),,,1
2737,Marko Bulat,raków częstochowa,POM,Śląsk Wrocław,False,,,,,,,insufficient_data,Za mało danych (0/2 kolejek),,,1
2738,Kuba Bochniarz,pogoń szczecin,BR,Cracovia,False,,,,,,,insufficient_data,Za mało danych (0/2 kolejek),,,1
2739,Konrad Cymerys,cracovia,BR,Pogoń Szczecin,True,,,,,,,insufficient_data,Za mało danych (0/2 kolejek),,,1
2740,Quentin Lecoeuche,wisła płock,OBR,Widzew Łódź,True,,,,,,,insufficient_data,Za mało danych (0/2 kolejek),,,1
2741,Alex Peškovič,pogoń szczecin,BR,Cracovia,False,,,,,,,insufficient_data,Za mało danych (0/2 kolejek),,,1
2742,Kahveh Zahiroleslam,cracovia,NAP,Pogoń Szczecin,True,,,,,,,insufficient_data,Za mało danych (0/2 kolejek),,,1
2743,Elves Balde,radomiak radom,NAP,GKS Katowice,False,,,,,,,insufficient_data,Za mało danych (0/2 kolejek),,,1
2744,Stélios Andréou,widzew łódź,OBR,Wisła Płock,False,,,,,,,insufficient_data,Za mało danych (0/2 kolejek),,,1
2745,Mateusz Klich,cracovia,POM,Pogoń Szczecin,True,,,,,,,insufficient_data,Za mało danych (0/2 kolejek),,,1
2746,Matchoi Djaló,wisła płock,POM,Widzew Łódź,True,,,,,,,insufficient_data,Za mało danych (0/2 kolejek),,,1
2747,Hugo Vallejo,piast gliwice,POM,Wisła Kraków,True,,,,,,,insufficient_data,Za mało danych (0/2 kolejek),,,1
2748,Jesse Bosch,gks katowice,POM,Radomiak Radom,True,,,,,,,insufficient_data,Za mało danych (0/2 kolejek),,,1
2749,Henrique Arreiol,legia warszawa,POM,Zagłębie Lubin,True,,,,,,,insufficient_data,Za mało danych (1/2 kolejek),,,1
2750,Rafał Jakubowski,pogoń szczecin,OBR,Cracovia,False,,,,,,,insufficient_data,Za mało danych (0/2 kolejek),,,1
2751,Kacper Stanowski,pogoń szczecin,NAP,Cracovia,False,,,,,,,insufficient_data,Za mało danych (0/2 kolejek),,,1
2752,Slobodan Rubežić,korona kielce,OBR,Górnik Zabrze,True,,,,,,,insufficient_data,Za mało danych (0/2 kolejek),,,1
2753,Boško Šutalo,cracovia,OBR,Pogoń Szczecin,True,,,,,,,insufficient_data,Za mało danych (0/2 kolejek),,,1
2754,Oskar Klat,wisła płock,BR,Widzew Łódź,True,,,,,,,insufficient_data,Za mało danych (0/2 kolejek),,,1
2755,Romário Baró,radomiak radom,POM,GKS Katowice,False,,,,,,,insufficient_data,Za mało danych (0/2 kolejek),,,1
2757,Ermal Krasniqi,legia warszawa,POM,Zagłębie Lubin,True,,,,,,,insufficient_data,Za mało danych (0/2 kolejek),,,1
2758,Sam Greenwood,pogoń szczecin,POM,Cracovia,False,,,,,,,insufficient_data,Za mało danych (0/2 kolejek),,,1
2759,Eman Markovic,gks katowice,POM,Radomiak Radom,True,,,,,,,insufficient_data,Za mało danych (0/2 kolejek),,,1
2760,Tomás Tavares,wisła płock,OBR,Widzew Łódź,True,,,,,,,insufficient_data,Za mało danych (0/2 kolejek),,,1
2762,Youssuf Sylla,jagiellonia białystok,NAP,Motor Lublin,False,,,,,,,insufficient_data,Za mało danych (0/2 kolejek),,,1
2763,Brahim Traoré,cracovia,OBR,Pogoń Szczecin,True,,,,,,,insufficient_data,Za mało danych (0/2 kolejek),,,1
2765,Kamil Jakóbczyk,lech poznań,NAP,Wieczysta Kraków,False,,,,,,,insufficient_data,Za mało danych (0/2 kolejek),,,1
2766,Noah Weißhaupt,legia warszawa,POM,Zagłębie Lubin,True,,,,,,,insufficient_data,Za mało danych (0/2 kolejek),,,1
2767,Yannick Agnero,lech poznań,NAP,Wieczysta Kraków,False,,,,,,,insufficient_data,Za mało danych (0/2 kolejek),,,1
2769,Bogdan Mirčetić,raków częstochowa,POM,Śląsk Wrocław,False,,,,,,,insufficient_data,Za mało danych (0/2 kolejek),,,1
2770,Veljko Ilić,widzew łódź,BR,Wisła Płock,False,,,,,,,insufficient_data,Za mało danych (0/2 kolejek),,,1
2772,Sergio Lozano,jagiellonia białystok,POM,Motor Lublin,False,,,,,,,insufficient_data,Za mało danych (0/2 kolejek),,,1
2773,Pape Meïssa Ba,widzew łódź,NAP,Wisła Płock,False,,,,,,,insufficient_data,Za mało danych (0/2 kolejek),,,1
2774,Milan Aleksić,cracovia,POM,Pogoń Szczecin,True,,,,,,,insufficient_data,Za mało danych (0/2 kolejek),,,1
2775,Fábio Ronaldo,motor lublin,POM,Jagiellonia Białystok,True,,,,,,,insufficient_data,Za mało danych (0/2 kolejek),,,1
2776,Joshua Wilson-Esbrand,radomiak radom,OBR,GKS Katowice,False,,,,,,,insufficient_data,Za mało danych (0/2 kolejek),,,1
2777,Andy Pelmard,jagiellonia białystok,OBR,Motor Lublin,False,,,,,,,insufficient_data,Za mało danych (0/2 kolejek),,,1
2778,Mateusz Skoczylas,cracovia,POM,Pogoń Szczecin,True,,,,,,,insufficient_data,Za mało danych (0/2 kolejek),,,1
2779,Deni Jurić,wisła płock,NAP,Widzew Łódź,True,,,,,,,insufficient_data,Za mało danych (0/2 kolejek),,,1
2781,Žan Rogelj,wisła płock,OBR,Widzew Łódź,True,,,,,,,insufficient_data,Za mało danych (0/2 kolejek),,,1
2782,Gabriel Charpentier,cracovia,NAP,Pogoń Szczecin,True,,,,,,,insufficient_data,Za mało danych (0/2 kolejek),,,1
2783,Andi Zeqiri,widzew łódź,NAP,Wisła Płock,False,,,,,,,insufficient_data,Za mało danych (0/2 kolejek),,,1
2784,Benjamin Mendy,pogoń szczecin,OBR,Cracovia,False,,,,,,,insufficient_data,Za mało danych (0/2 kolejek),,,1
2785,Hussein Ali,pogoń szczecin,OBR,Cracovia,False,,,,,,,insufficient_data,Za mało danych (0/2 kolejek),,,1
2786,Antoni Bałabuch,górnik zabrze,BR,Korona Kielce,False,,,,,,,insufficient_data,Za mało danych (0/2 kolejek),,,1
2787,Adrian Damasiewicz,jagiellonia białystok,BR,Motor Lublin,False,,,,,,,insufficient_data,Za mało danych (0/2 kolejek),,,1
2788,Mateusz Leśniewski,wisła płock,POM,Widzew Łódź,True,,,,,,,insufficient_data,Za mało danych (0/2 kolejek),,,1
2789,Jakub Kokosiński,gks katowice,NAP,Radomiak Radom,True,,,,,,,insufficient_data,Za mało danych (0/2 kolejek),,,1
2791,Hubert Janyszka,lech poznań,OBR,Wieczysta Kraków,False,,,,,,,insufficient_data,Za mało danych (0/2 kolejek),,,1
2792,Maciej Kuczyński,jagiellonia białystok,NAP,Motor Lublin,False,,,,,,,insufficient_data,Za mało danych (0/2 kolejek),,,1
2793,Brandon Dominguès,górnik zabrze,POM,Korona Kielce,False,,,,,,,insufficient_data,Za mało danych (0/2 kolejek),,,1
2794,Lukáš Sadílek,górnik zabrze,POM,Korona Kielce,False,,,,,,,insufficient_data,Za mało danych (0/2 kolejek),,,1
2795,Bartłomiej Krasiewicz,jagiellonia białystok,OBR,Motor Lublin,False,,,,,,,insufficient_data,Za mało danych (0/2 kolejek),,,1
2796,Płamen Andrejew,lech poznań,BR,Wieczysta Kraków,False,,,,,,,insufficient_data,Za mało danych (0/2 kolejek),,,1
2798,Samuel Kováčik,legia warszawa,POM,Zagłębie Lubin,True,,,,,,,insufficient_data,Za mało danych (0/2 kolejek),,,1
2799,Osman Bukari,widzew łódź,POM,Wisła Płock,False,,,,,,,insufficient_data,Za mało danych (0/2 kolejek),,,1
2800,Christopher Cheng,widzew łódź,OBR,Wisła Płock,False,,,,,,,insufficient_data,Za mało danych (0/2 kolejek),,,1
2801,Bartłomiej Drągowski,widzew łódź,BR,Wisła Płock,False,,,,,,,insufficient_data,Za mało danych (0/2 kolejek),,,1
2803,Matwiej Bochno,wisła płock,OBR,Widzew Łódź,True,,,,,,,insufficient_data,Za mało danych (0/2 kolejek),,,1
2804,Borisław Rupanow,górnik zabrze,NAP,Korona Kielce,False,,,,,,,insufficient_data,Za mało danych (0/2 kolejek),,,1
2805,Otto Hindrich,legia warszawa,BR,Zagłębie Lubin,True,,,,,,,insufficient_data,Za mało danych (1/2 kolejek),,,1
2807,Kellyn Acosta,pogoń szczecin,POM,Cracovia,False,,,,,,,insufficient_data,Za mało danych (1/2 kolejek),,,1
2808,Mitja Ilenič,raków częstochowa,OBR,Śląsk Wrocław,False,,,,,,,insufficient_data,Za mało danych (0/2 kolejek),,,1
2809,Simon Gustafson,korona kielce,POM,Górnik Zabrze,True,,,,,,,insufficient_data,Za mało danych (0/2 kolejek),,,1
2811,Abraham Ojo,raków częstochowa,POM,Śląsk Wrocław,False,,,,,,,insufficient_data,Za mało danych (0/2 kolejek),,,1
2812,Mathias Dahl Sauer,górnik zabrze,POM,Korona Kielce,False,,,,,,,insufficient_data,Za mało danych (0/2 kolejek),,,1
2814,Isak Brusberg,raków częstochowa,NAP,Śląsk Wrocław,False,,,,,,,insufficient_data,Za mało danych (0/2 kolejek),,,1
2815,Guilherme Montóia,jagiellonia białystok,OBR,Motor Lublin,False,,,,,,,insufficient_data,Za mało danych (0/2 kolejek),,,1
2816,Paweł Dawidowicz,raków częstochowa,OBR,Śląsk Wrocław,False,,,,,,,insufficient_data,Za mało danych (0/2 kolejek),,,1
2817,Emil Kornvig,widzew łódź,POM,Wisła Płock,False,,,,,,,insufficient_data,Za mało danych (0/2 kolejek),,,1
2818,Mateusz Tabisz,cracovia,POM,Pogoń Szczecin,True,,,,,,,insufficient_data,Za mało danych (0/2 kolejek),,,1
2819,Samed Baždar,jagiellonia białystok,NAP,Motor Lublin,False,,,,,,,insufficient_data,Za mało danych (0/2 kolejek),,,1
2820,Beno Selan,cracovia,POM,Pogoń Szczecin,True,,,,,,,insufficient_data,Za mało danych (0/2 kolejek),,,1
2821,Attila Szalai,pogoń szczecin,OBR,Cracovia,False,,,,,,,insufficient_data,Za mało danych (1/2 kolejek),,,1
2822,Elton Fikaj,piast gliwice,OBR,Wisła Kraków,True,,,,,,,insufficient_data,Za mało danych (0/2 kolejek),,,1
2823,Jan Leszczyński,legia warszawa,OBR,Zagłębie Lubin,True,,,,,,,insufficient_data,Za mało danych (0/2 kolejek),,,1
2824,Adam Żabicki,radomiak radom,POM,GKS Katowice,False,,,,,,,insufficient_data,Za mało danych (0/2 kolejek),,,1
2825,Pau Sans,cracovia,POM,Pogoń Szczecin,True,,,,,,,insufficient_data,Za mało danych (0/2 kolejek),,,1
2826,Levente Szabó,zagłębie lubin,NAP,Legia Warszawa,False,,,,,,,insufficient_data,Za mało danych (0/2 kolejek),,,1
2827,Jakub Ligocki,zagłębie lubin,POM,Legia Warszawa,False,,,,,,,insufficient_data,Za mało danych (0/2 kolejek),,,1
2828,Seweryn Marek,zagłębie lubin,POM,Legia Warszawa,False,,,,,,,insufficient_data,Za mało danych (0/2 kolejek),,,1
2829,Maciej Urbański,zagłębie lubin,OBR,Legia Warszawa,False,,,,,,,insufficient_data,Za mało danych (0/2 kolejek),,,1
2830,Zachary Zalewski,jagiellonia białystok,POM,Motor Lublin,False,,,,,,,insufficient_data,Za mało danych (0/2 kolejek),,,1
2831,Oliwier Maziarz,piast gliwice,POM,Wisła Kraków,True,,,,,,,insufficient_data,Za mało danych (0/2 kolejek),,,1
2832,Jakub Grelich,piast gliwice,BR,Wisła Kraków,True,,,,,,,insufficient_data,Za mało danych (0/2 kolejek),,,1
2833,Mihael Mlinarić,zagłębie lubin,NAP,Legia Warszawa,False,,,,,,,insufficient_data,Za mało danych (0/2 kolejek),,,1
2834,Jerzy Napieraj,raków częstochowa,OBR,Śląsk Wrocław,False,,,,,,,insufficient_data,Za mało danych (0/2 kolejek),,,1
2835,Jacek Czapliński,pogoń szczecin,POM,Cracovia,False,,,,,,,insufficient_data,Za mało danych (0/2 kolejek),,,1
2836,Marin Karamarko,wisła płock,OBR,Widzew Łódź,True,,,,,,,insufficient_data,Za mało danych (0/2 kolejek),,,1
2837,Sebastian Rojek,pogoń szczecin,POM,Cracovia,False,,,,,,,insufficient_data,Za mało danych (0/2 kolejek),,,1
2838,Dominik Czeremski,raków częstochowa,BR,Śląsk Wrocław,False,,,,,,,insufficient_data,Za mało danych (0/2 kolejek),,,1
2839,Ivan Lima,piast gliwice,POM,Wisła Kraków,True,,,,,,,insufficient_data,Za mało danych (0/2 kolejek),,,1
2840,Salifou Soumah,radomiak radom,POM,GKS Katowice,False,,,,,,,insufficient_data,Za mało danych (0/2 kolejek),,,1
2841,Yvan Ikia Dimi,górnik zabrze,POM,Korona Kielce,False,,,,,,,insufficient_data,Za mało danych (0/2 kolejek),,,1
2842,Jean Batoum,cracovia,NAP,Pogoń Szczecin,True,,,,,,,insufficient_data,Za mało danych (0/2 kolejek),,,1
2843,Wiktor Żołneczko,raków częstochowa,BR,Śląsk Wrocław,False,,,,,,,insufficient_data,Za mało danych (0/2 kolejek),,,1
2844,Wojciech Szymczak,lech poznań,NAP,Wieczysta Kraków,False,,,,,,,insufficient_data,Za mało danych (0/2 kolejek),,,1
2845,Thomas Santos,motor lublin,OBR,Jagiellonia Białystok,True,,,,,,,insufficient_data,Za mało danych (0/2 kolejek),,,1
2846,Filip Čuić,pogoń szczecin,NAP,Cracovia,False,,,,,,,insufficient_data,Za mało danych (1/2 kolejek),,,1
2847,Mads Agger,pogoń szczecin,POM,Cracovia,False,,,,,,,insufficient_data,Za mało danych (1/2 kolejek),,,1
2848,Ondřej Zmrzlý,górnik zabrze,OBR,Korona Kielce,False,,,,,,,insufficient_data,Za mało danych (0/2 kolejek),,,1
2849,Kyriákos Savvídis,wisła płock,POM,Widzew Łódź,True,,,,,,,insufficient_data,Za mało danych (0/2 kolejek),,,1
2850,Oskar Markiewicz,radomiak radom,OBR,GKS Katowice,False,,,,,,,insufficient_data,Za mało danych (0/2 kolejek),,,1
2851,Marius Olsen,gks katowice,OBR,Radomiak Radom,True,,,,,,,insufficient_data,Za mało danych (0/2 kolejek),,,1
2852,Krystian Brzozowski,motor lublin,OBR,Jagiellonia Białystok,True,,,,,,,insufficient_data,Za mało danych (0/2 kolejek),,,1
2854,Adam Hańćko,korona kielce,POM,Górnik Zabrze,True,,,,,,,insufficient_data,Za mało danych (0/2 kolejek),,,1
2855,Wojciech Pańkowski,gks katowice,BR,Radomiak Radom,True,,,,,,,insufficient_data,Za mało danych (0/2 kolejek),,,1
2859,Nikodem Rogowski,wisła płock,OBR,Widzew Łódź,True,,,,,,,insufficient_data,Za mało danych (0/2 kolejek),,,1
2863,Jakub Stępak,wisła kraków,BR,Piast Gliwice,False,,,,,,,insufficient_data,Za mało danych (0/2 kolejek),,,1
2864,Patryk Letkiewicz,wisła kraków,BR,Piast Gliwice,False,,,,,,,insufficient_data,Za mało danych (0/2 kolejek),,,1
2865,Maxence Maisonneuve,wisła kraków,OBR,Piast Gliwice,False,,,,,,,insufficient_data,Za mało danych (0/2 kolejek),,,1
2866,Darijo Grujcic,wisła kraków,OBR,Piast Gliwice,False,,,,,,,insufficient_data,Za mało danych (0/2 kolejek),,,1
2867,Mariusz Kutwa,wisła kraków,OBR,Piast Gliwice,False,,,,,,,insufficient_data,Za mało danych (0/2 kolejek),,,1
2868,Kacper Skrobański,wisła kraków,OBR,Piast Gliwice,False,,,,,,,insufficient_data,Za mało danych (0/2 kolejek),,,1
2869,Jakub Krzyżanowski,wisła kraków,OBR,Piast Gliwice,False,,,,,,,insufficient_data,Za mało danych (0/2 kolejek),,,1
2870,Rafał Mikulec,wisła kraków,OBR,Piast Gliwice,False,,,,,,,insufficient_data,Za mało danych (0/2 kolejek),,,1
2871,Julian Lelieveld,wisła kraków,OBR,Piast Gliwice,False,,,,,,,insufficient_data,Za mało danych (0/2 kolejek),,,1
2872,Raoul Giger,wisła kraków,OBR,Piast Gliwice,False,,,,,,,insufficient_data,Za mało danych (0/2 kolejek),,,1
2873,Ervin Omic,wisła kraków,POM,Piast Gliwice,False,,,,,,,insufficient_data,Za mało danych (0/2 kolejek),,,1
2874,James Igbekeme,wisła kraków,POM,Piast Gliwice,False,,,,,,,insufficient_data,Za mało danych (0/2 kolejek),,,1
2875,Marc Carbó,wisła kraków,POM,Piast Gliwice,False,,,,,,,insufficient_data,Za mało danych (0/2 kolejek),,,1
2876,Wiktor Staszak,wisła kraków,POM,Piast Gliwice,False,,,,,,,insufficient_data,Za mało danych (0/2 kolejek),,,1
2877,Julius Ertlthaler,wisła kraków,POM,Piast Gliwice,False,,,,,,,insufficient_data,Za mało danych (0/2 kolejek),,,1
2878,Frederico Duarte,wisła kraków,POM,Piast Gliwice,False,,,,,,,insufficient_data,Za mało danych (0/2 kolejek),,,1
2879,Maciej Kuziemka,wisła kraków,POM,Piast Gliwice,False,,,,,,,insufficient_data,Za mało danych (0/2 kolejek),,,1
2880,Marko Bozic,wisła kraków,POM,Piast Gliwice,False,,,,,,,insufficient_data,Za mało danych (0/2 kolejek),,,1
2881,Ángel Rodado,wisła kraków,NAP,Piast Gliwice,False,,,,,,,insufficient_data,Za mało danych (0/2 kolejek),,,1
2882,Szymon Kawała,wisła kraków,NAP,Piast Gliwice,False,,,,,,,insufficient_data,Za mało danych (0/2 kolejek),,,1
2883,Irodotos Christodoulou,śląsk wrocław,OBR,Raków Częstochowa,True,,,,,,,insufficient_data,Za mało danych (0/2 kolejek),,,1
2884,Lamine Ba,śląsk wrocław,OBR,Raków Częstochowa,True,,,,,,,insufficient_data,Za mało danych (0/2 kolejek),,,1
2885,Marko Dijakovic,śląsk wrocław,OBR,Raków Częstochowa,True,,,,,,,insufficient_data,Za mało danych (0/2 kolejek),,,1
2886,Eniss Shabani,śląsk wrocław,POM,Raków Częstochowa,True,,,,,,,insufficient_data,Za mało danych (0/2 kolejek),,,1
2887,Jorge Yriarte,śląsk wrocław,POM,Raków Częstochowa,True,,,,,,,insufficient_data,Za mało danych (0/2 kolejek),,,1
2888,Dorian Markowski,śląsk wrocław,POM,Raków Częstochowa,True,,,,,,,insufficient_data,Za mało danych (0/2 kolejek),,,1
2889,Przemyslaw Mazan,śląsk wrocław,POM,Raków Częstochowa,True,,,,,,,insufficient_data,Za mało danych (0/2 kolejek),,,1
2890,Alex Timossi Andersson,śląsk wrocław,POM,Raków Częstochowa,True,,,,,,,insufficient_data,Za mało danych (0/2 kolejek),,,1
2891,Michał Rosiak,śląsk wrocław,POM,Raków Częstochowa,True,,,,,,,insufficient_data,Za mało danych (0/2 kolejek),,,1
2892,Luka Marjanac,śląsk wrocław,POM,Raków Częstochowa,True,,,,,,,insufficient_data,Za mało danych (0/2 kolejek),,,1
2893,Adam Ciućka,śląsk wrocław,POM,Raków Częstochowa,True,,,,,,,insufficient_data,Za mało danych (0/2 kolejek),,,1
2894,Malaly Dembélé,śląsk wrocław,NAP,Raków Częstochowa,True,,,,,,,insufficient_data,Za mało danych (0/2 kolejek),,,1
2895,Philipp Schulze,górnik zabrze,BR,Korona Kielce,False,,,,,,,insufficient_data,Za mało danych (0/2 kolejek),,,1
2896,Antoni Kustra,wieczysta kraków,BR,Lech Poznań,True,,,,,,,insufficient_data,Za mało danych (0/2 kolejek),,,1
2897,Duje Dujmovic,wieczysta kraków,OBR,Lech Poznań,True,,,,,,,insufficient_data,Za mało danych (1/2 kolejek),,,1
2898,Aleksandar Dermanovic,wieczysta kraków,OBR,Lech Poznań,True,,,,,,,insufficient_data,Za mało danych (1/2 kolejek),,,1
2899,Kacper Zagrodzki,wieczysta kraków,OBR,Lech Poznań,True,,,,,,,insufficient_data,Za mało danych (0/2 kolejek),,,1
2900,Nikola Knezevic,wieczysta kraków,POM,Lech Poznań,True,,,,,,,insufficient_data,Za mało danych (0/2 kolejek),,,1
2901,Tobias Christensen,wieczysta kraków,POM,Lech Poznań,True,,,,,,,insufficient_data,Za mało danych (1/2 kolejek),,,1
2902,Lucas Piazón,wieczysta kraków,POM,Lech Poznań,True,,,,,,,insufficient_data,Za mało danych (1/2 kolejek),,,1
2903,Petar Pusic,wieczysta kraków,POM,Lech Poznań,True,,,,,,,insufficient_data,Za mało danych (1/2 kolejek),,,1
2904,Christopher Lungoyi,wieczysta kraków,POM,Lech Poznań,True,,,,,,,insufficient_data,Za mało danych (0/2 kolejek),,,1
2905,Jacky Donkor,wieczysta kraków,POM,Lech Poznań,True,,,,,,,insufficient_data,Za mało danych (0/2 kolejek),,,1
2906,Stefan Feiertag,wieczysta kraków,NAP,Lech Poznań,True,,,,,,,insufficient_data,Za mało danych (1/2 kolejek),,,1
2907,Paulo Rafael Pereira Araujo,wieczysta kraków,NAP,Lech Poznań,True,,,,,,,insufficient_data,Za mało danych (1/2 kolejek),,,1
2908,Szymon Bartlewicz,gks katowice,POM,Radomiak Radom,True,,,,,,,insufficient_data,Za mało danych (0/2 kolejek),,,1
2909,Dominik Baumgartner,cracovia,OBR,Pogoń Szczecin,True,,,,,,,insufficient_data,Za mało danych (0/2 kolejek),,,1
2910,Bruno Durdov,górnik zabrze,POM,Korona Kielce,False,,,,,,,insufficient_data,Za mało danych (0/2 kolejek),,,1
2911,Gédéon Nongo,górnik zabrze,POM,Korona Kielce,False,,,,,,,insufficient_data,Za mało danych (0/2 kolejek),,,1
2912,Erik Prekop,górnik zabrze,NAP,Korona Kielce,False,,,,,,,insufficient_data,Za mało danych (0/2 kolejek),,,1
2913,Ksawery Semik,górnik zabrze,POM,Korona Kielce,False,,,,,,,insufficient_data,Za mało danych (0/2 kolejek),,,1
2914,Michał Synoś,górnik zabrze,OBR,Korona Kielce,False,,,,,,,insufficient_data,Za mało danych (0/2 kolejek),,,1
2915,Patryk Warczak,górnik zabrze,OBR,Korona Kielce,False,,,,,,,insufficient_data,Za mało danych (0/2 kolejek),,,1
2916,Marcel Kalemba,górnik zabrze,POM,Korona Kielce,False,,,,,,,insufficient_data,Za mało danych (0/2 kolejek),,,1
2917,Allahyar Sayyadmanesh,lech poznań,POM,Wieczysta Kraków,False,,,,,,,insufficient_data,Za mało danych (0/2 kolejek),,,1
2918,Terry Yegbe,lech poznań,OBR,Wieczysta Kraków,False,,,,,,,insufficient_data,Za mało danych (0/2 kolejek),,,1
2919,Robert Deziel,legia warszawa,OBR,Zagłębie Lubin,True,,,,,,,insufficient_data,Za mało danych (1/2 kolejek),,,1
2920,Makan Aïko,motor lublin,POM,Jagiellonia Białystok,True,,,,,,,insufficient_data,Za mało danych (0/2 kolejek),,,1
2921,Mihai Popa,motor lublin,BR,Jagiellonia Białystok,True,,,,,,,insufficient_data,Za mało danych (0/2 kolejek),,,1
2922,Artem Akatov,motor lublin,OBR,Jagiellonia Białystok,True,,,,,,,insufficient_data,Za mało danych (0/2 kolejek),,,1
2923,Marcel Złomańczuk,motor lublin,POM,Jagiellonia Białystok,True,,,,,,,insufficient_data,Za mało danych (0/2 kolejek),,,1
2924,Domen Gril,piast gliwice,BR,Wisła Kraków,True,,,,,,,insufficient_data,Za mało danych (0/2 kolejek),,,1
2925,Maciek Kucharski,piast gliwice,NAP,Wisła Kraków,True,,,,,,,insufficient_data,Za mało danych (0/2 kolejek),,,1
2926,Samuel Ntamack,piast gliwice,NAP,Wisła Kraków,True,,,,,,,insufficient_data,Za mało danych (0/2 kolejek),,,1
2927,Níkos Bótis,pogoń szczecin,BR,Cracovia,False,,,,,,,insufficient_data,Za mało danych (0/2 kolejek),,,1
2928,Fernand Gouré,radomiak radom,NAP,GKS Katowice,False,,,,,,,insufficient_data,Za mało danych (1/2 kolejek),,,1
2929,Manu,radomiak radom,NAP,GKS Katowice,False,,,,,,,insufficient_data,Za mało danych (0/2 kolejek),,,1
2930,Dieudonné Debohi,raków częstochowa,OBR,Śląsk Wrocław,False,,,,,,,insufficient_data,Za mało danych (0/2 kolejek),,,1
2931,Jakub Jendryka,raków częstochowa,OBR,Śląsk Wrocław,False,,,,,,,insufficient_data,Za mało danych (0/2 kolejek),,,1
2932,Tarik Karić,raków częstochowa,BR,Śląsk Wrocław,False,,,,,,,insufficient_data,Za mało danych (0/2 kolejek),,,1
2933,Oliwier Kwiatkowski,raków częstochowa,POM,Śląsk Wrocław,False,,,,,,,insufficient_data,Za mało danych (0/2 kolejek),,,1
2934,Ádin Molnár,raków częstochowa,POM,Śląsk Wrocław,False,,,,,,,insufficient_data,Za mało danych (0/2 kolejek),,,1
2935,Jurica Pršir,wisła płock,POM,Widzew Łódź,True,,,,,,,insufficient_data,Za mało danych (0/2 kolejek),,,1
2936,David Čolina,zagłębie lubin,OBR,Legia Warszawa,False,,,,,,,insufficient_data,Za mało danych (0/2 kolejek),,,1
2937,Paweł Kosmalski,zagłębie lubin,POM,Legia Warszawa,False,,,,,,,insufficient_data,Za mało danych (0/2 kolejek),,,1
2938,Szymon Łyczko,zagłębie lubin,POM,Legia Warszawa,False,,,,,,,insufficient_data,Za mało danych (0/2 kolejek),,,1
2939,Nik Prelec,jagiellonia białystok,NAP,Motor Lublin,False,,,,,,,insufficient_data,Za mało danych (0/2 kolejek),,,1
2940,Mario García,widzew łódź,OBR,Wisła Płock,False,,,,,,,insufficient_data,Za mało danych (0/2 kolejek),,,1
2941,Élie Youan,wisła kraków,POM,Piast Gliwice,False,,,,,,,insufficient_data,Za mało danych (0/2 kolejek),,,1
2942,Michal Ševčík,legia warszawa,POM,Zagłębie Lubin,True,,,,,,,insufficient_data,Za mało danych (0/2 kolejek),,,1
2943,Peter González,górnik zabrze,POM,Korona Kielce,False,,,,,,,insufficient_data,Za mało danych (0/2 kolejek),,,1
2944,Dominik Gregorski,motor lublin,NAP,Jagiellonia Białystok,True,,,,,,,insufficient_data,Za mało danych (0/2 kolejek),,,1
2945,Rodrigo Conceicao,jagiellonia białystok,OBR,Motor Lublin,False,,,,,,,insufficient_data,Za mało danych (0/2 kolejek),,,1
2946,Oliwier Pławiński,wisła kraków,POM,Piast Gliwice,False,,,,,,,insufficient_data,Za mało danych (0/2 kolejek),,,1
2947,Karol Tokarczyk,wisła kraków,POM,Piast Gliwice,False,,,,,,,insufficient_data,Za mało danych (0/2 kolejek),,,1
2948,Kacper Błaszkiewicz,wisła płock,NAP,Widzew Łódź,True,,,,,,,insufficient_data,Za mało danych (0/2 kolejek),,,1
2949,Oskar Dari,wisła płock,POM,Widzew Łódź,True,,,,,,,insufficient_data,Za mało danych (0/2 kolejek),,,1
2950,Szymon Wadas,wisła płock,BR,Widzew Łódź,True,,,,,,,insufficient_data,Za mało danych (0/2 kolejek),,,1
2951,Nikola Čavlina,wieczysta kraków,BR,Lech Poznań,True,,,,,,,insufficient_data,Za mało danych (0/2 kolejek),,,1
2952,Ché Nunnely,radomiak radom,POM,GKS Katowice,False,,,,,,,insufficient_data,Za mało danych (1/2 kolejek),,,1
2953,Yacine Bourhane,motor lublin,POM,Jagiellonia Białystok,True,,,,,,,insufficient_data,Za mało danych (0/2 kolejek),,,1
2954,Vincent Burlet,cracovia,OBR,Pogoń Szczecin,True,,,,,,,insufficient_data,Za mało danych (0/2 kolejek),,,1
2955,Igor Chmielewski,korona kielce,OBR,Górnik Zabrze,True,,,,,,,insufficient_data,Za mało danych (0/2 kolejek),,,1
2956,Kornel Toboła,korona kielce,NAP,Górnik Zabrze,True,,,,,,,insufficient_data,Za mało danych (0/2 kolejek),,,1
2957,Patryk Dziekoński,zagłębie lubin,POM,Legia Warszawa,False,,,,,,,insufficient_data,Za mało danych (0/2 kolejek),,,1
2958,Franciszek Nowak,zagłębie lubin,BR,Legia Warszawa,False,,,,,,,insufficient_data,Za mało danych (0/2 kolejek),,,1
2959,Filip Przybyłko,legia warszawa,POM,Zagłębie Lubin,True,,,,,,,insufficient_data,Za mało danych (0/2 kolejek),,,1
2960,Maksym Cymbulak,wisła kraków,POM,Piast Gliwice,False,,,,,,,insufficient_data,Za mało danych (0/2 kolejek),,,1
2961,Nikodem Całko,raków częstochowa,OBR,Śląsk Wrocław,False,,,,,,,insufficient_data,Za mało danych (0/2 kolejek),,,1
2962,Erik Mikanowicz,legia warszawa,POM,Zagłębie Lubin,True,,,,,,,insufficient_data,Za mało danych (0/2 kolejek),,,1
2963,Maximilian Dietz,górnik zabrze,OBR,Korona Kielce,False,,,,,,,insufficient_data,Za mało danych (0/2 kolejek),,,1
2964,Patryk Stechnij,wieczysta kraków,BR,Lech Poznań,True,,,,,,,insufficient_data,Za mało danych (0/2 kolejek),,,1
2965,Alex Marciniak,cracovia,POM,Pogoń Szczecin,True,,,,,,,insufficient_data,Za mało danych (0/2 kolejek),,,1
2966,Jeremy Agbonifo,jagiellonia białystok,POM,Motor Lublin,False,,,,,,,insufficient_data,Za mało danych (0/2 kolejek),,,1
2967,Jérémy Guillemenot,wisła kraków,NAP,Piast Gliwice,False,,,,,,,insufficient_data,Za mało danych (0/2 kolejek),,,1
2968,Adrian Żulewski,śląsk wrocław,OBR,Raków Częstochowa,True,,,,,,,insufficient_data,Za mało danych (0/2 kolejek),,,1
2969,Nicolas Dohojda,radomiak radom,POM,GKS Katowice,False,,,,,,,insufficient_data,Za mało danych (0/2 kolejek),,,1
2970,Konrad Kraska,motor lublin,POM,Jagiellonia Białystok,True,,,,,,,insufficient_data,Za mało danych (0/2 kolejek),,,1
2971,Paweł Pakieła,jagiellonia białystok,POM,Motor Lublin,False,,,,,,,insufficient_data,Za mało danych (0/2 kolejek),,,1
2972,Jakub Wilczek,cracovia,OBR,Pogoń Szczecin,True,,,,,,,insufficient_data,Za mało danych (0/2 kolejek),,,1
2973,Maksim Kononow,jagiellonia białystok,NAP,Motor Lublin,False,,,,,,,insufficient_data,Za mało danych (0/2 kolejek),,,1
2974,Tin Plavotić,motor lublin,POM,Jagiellonia Białystok,True,,,,,,,insufficient_data,Za mało danych (0/2 kolejek),,,1
2975,Andrzej Ossowski,pogoń szczecin,OBR,Cracovia,False,,,,,,,insufficient_data,Za mało danych (0/2 kolejek),,,1
2234,Ali Gholizadeh,lech poznań,POM,Wieczysta Kraków,False,0,,,,,,unavailable,⛔ Kontuzjowany — zawodnik niedostępny,True,Kontuzjowany,1
2768,Antonio Čolak,legia warszawa,NAP,Zagłębie Lubin,True,0,,,,,,unavailable,⛔ Kontuzjowany — zawodnik niedostępny,True,Kontuzjowany,1
2810,Carlos Isaac,widzew łódź,OBR,Wisła Płock,False,0,,,,,,unavailable,⛔ Kontuzjowany — zawodnik niedostępny,True,Kontuzjowany,1
705,Damian Rasak,gks katowice,POM,Radomiak Radom,True,0,,,,,,unavailable,⛔ Kontuzjowany — zawodnik niedostępny,True,Kontuzjowany,1
382,Dominik Hładun,zagłębie lubin,BR,Legia Warszawa,False,0,,,,,,unavailable,⛔ Kontuzjowany — zawodnik niedostępny,True,Kontuzjowany,1
790,František Plach,piast gliwice,BR,Wisła Kraków,True,0,,,,,,unavailable,⛔ Kontuzjowany — zawodnik niedostępny,True,Kontuzjowany,1
395,Jarosław Kubicki,górnik zabrze,POM,Korona Kielce,False,0,,,,,,unavailable,⛔ Kontuzjowany — zawodnik niedostępny,True,Kontuzjowany,1
2802,Lukas Lerager,widzew łódź,POM,Wisła Płock,False,0,,,,,,unavailable,⛔ Kontuzjowany — zawodnik niedostępny,True,Kontuzjowany,1
1435,Rafał Strączek,gks katowice,BR,Radomiak Radom,True,0,,,,,,unavailable,⛔ Kontuzjowany — zawodnik niedostępny,True,Kontuzjowany,1
2761,Rajmund Molnár,pogoń szczecin,NAP,Cracovia,False,0,,,,,,unavailable,⛔ Kontuzjowany — zawodnik niedostępny,True,Kontuzjowany,1
1737,Szymon Czyż,widzew łódź,POM,Wisła Płock,False,0,,,,,,unavailable,⛔ Kontuzjowany — zawodnik niedostępny,True,Kontuzjowany,1
2126,Wiktor Bogacz,cracovia,NAP,Pogoń Szczecin,True,0,,,,,,unavailable,⛔ Kontuzjowany — zawodnik niedostępny,True,Kontuzjowany,1
