player_id,name,team,position,popularity_pct,price,price_change,round,opponent,minutes,goals,assists,assist_lotto,yellow_cards,red_cards,points,played
86,Taras Romanczuk,Jagiellonia Białystok,Pomocnik,4%,1.9,,1,KOR (D),90,0,0,0,0,0,4,True
86,Taras Romanczuk,Jagiellonia Białystok,Pomocnik,4%,1.9,,2,MOT (W),90,0,0,0,0,0,3,True
86,Taras Romanczuk,Jagiellonia Białystok,Pomocnik,4%,1.9,,3,WID (D),0,0,0,0,0,0,0,False
86,Taras Romanczuk,Jagiellonia Białystok,Pomocnik,4%,1.9,,6,LPO (W),90,0,0,0,0,0,2,True
86,Taras Romanczuk,Jagiellonia Białystok,Pomocnik,4%,1.9,,6,RCZ (W),90,0,0,0,0,0,3,True
86,Taras Romanczuk,Jagiellonia Białystok,Pomocnik,4%,1.9,,7,ŚLA (D),0,0,0,0,0,0,0,False
86,Taras Romanczuk,Jagiellonia Białystok,Pomocnik,4%,1.9,,8,WIS (W),0,0,0,0,0,0,0,False
86,Taras Romanczuk,Jagiellonia Białystok,Pomocnik,4%,1.9,,9,LEG (D),0,0,0,0,0,0,0,False
86,Taras Romanczuk,Jagiellonia Białystok,Pomocnik,4%,1.9,,10,GÓR (D),0,0,0,0,0,0,0,False
86,Taras Romanczuk,Jagiellonia Białystok,Pomocnik,4%,1.9,,11,ZAG (W),0,0,0,0,0,0,0,False
86,Taras Romanczuk,Jagiellonia Białystok,Pomocnik,4%,1.9,,12,WPŁ (D),0,0,0,0,0,0,0,False
86,Taras Romanczuk,Jagiellonia Białystok,Pomocnik,4%,1.9,,13,WIE (W),0,0,0,0,0,0,0,False
86,Taras Romanczuk,Jagiellonia Białystok,Pomocnik,4%,1.9,,14,GKS (D),0,0,0,0,0,0,0,False
86,Taras Romanczuk,Jagiellonia Białystok,Pomocnik,4%,1.9,,15,CRA (W),0,0,0,0,0,0,0,False
86,Taras Romanczuk,Jagiellonia Białystok,Pomocnik,4%,1.9,,16,RAD (D),0,0,0,0,0,0,0,False
86,Taras Romanczuk,Jagiellonia Białystok,Pomocnik,4%,1.9,,17,PIA (W),0,0,0,0,0,0,0,False
86,Taras Romanczuk,Jagiellonia Białystok,Pomocnik,4%,1.9,,18,POG (D),0,0,0,0,0,0,0,False
86,Taras Romanczuk,Jagiellonia Białystok,Pomocnik,4%,1.9,,18,KOR (W),0,0,0,0,0,0,0,False
95,Karol Świderski,Widzew Łódź,Napastnik,18%,2.4,,1,MOT (D),25,0,0,0,0,0,1,True
95,Karol Świderski,Widzew Łódź,Napastnik,18%,2.4,,2,WPŁ (W),90,0,0,0,1,0,1,True
95,Karol Świderski,Widzew Łódź,Napastnik,18%,2.4,,3,JAG (W),90,0,0,0,0,0,3,True
95,Karol Świderski,Widzew Łódź,Napastnik,18%,2.4,,4,KOR (D),90,0,0,0,0,0,2,True
95,Karol Świderski,Widzew Łódź,Napastnik,18%,2.4,,5,ŚLA (W),45,0,1,0,0,0,5,True
95,Karol Świderski,Widzew Łódź,Napastnik,18%,2.4,,6,LPO (D),70,1,0,0,0,0,6,True
95,Karol Świderski,Widzew Łódź,Napastnik,18%,2.4,,7,RAD (D),90,0,0,0,0,0,2,True
95,Karol Świderski,Widzew Łódź,Napastnik,18%,2.4,,8,LEG (W),0,0,0,0,0,0,0,False
95,Karol Świderski,Widzew Łódź,Napastnik,18%,2.4,,9,WIE (D),0,0,0,0,0,0,0,False
95,Karol Świderski,Widzew Łódź,Napastnik,18%,2.4,,10,PIA (W),0,0,0,0,0,0,0,False
95,Karol Świderski,Widzew Łódź,Napastnik,18%,2.4,,11,WIS (D),0,0,0,0,0,0,0,False
95,Karol Świderski,Widzew Łódź,Napastnik,18%,2.4,,12,GÓR (D),0,0,0,0,0,0,0,False
95,Karol Świderski,Widzew Łódź,Napastnik,18%,2.4,,13,GKS (W),0,0,0,0,0,0,0,False
95,Karol Świderski,Widzew Łódź,Napastnik,18%,2.4,,14,POG (D),0,0,0,0,0,0,0,False
95,Karol Świderski,Widzew Łódź,Napastnik,18%,2.4,,15,RCZ (W),0,0,0,0,0,0,0,False
95,Karol Świderski,Widzew Łódź,Napastnik,18%,2.4,,16,ZAG (D),0,0,0,0,0,0,0,False
95,Karol Świderski,Widzew Łódź,Napastnik,18%,2.4,,17,CRA (W),0,0,0,0,0,0,0,False
95,Karol Świderski,Widzew Łódź,Napastnik,18%,2.4,,18,MOT (W),0,0,0,0,0,0,0,False
166,Rafał Janicki,Górnik Zabrze,Obrońca,15%,2.1,,1,ŚLA (D),90,0,0,0,0,0,3,True
166,Rafał Janicki,Górnik Zabrze,Obrońca,15%,2.1,,3,RAD (W),90,0,0,0,0,0,3,True
166,Rafał Janicki,Górnik Zabrze,Obrońca,15%,2.1,,4,WIS (D),90,0,0,1,0,0,5,True
166,Rafał Janicki,Górnik Zabrze,Obrońca,15%,2.1,,6,RCZ (W),90,1,1,0,0,0,13,True
166,Rafał Janicki,Górnik Zabrze,Obrońca,15%,2.1,,6,GKS (D),90,0,1,0,0,0,4,True
166,Rafał Janicki,Górnik Zabrze,Obrońca,15%,2.1,,7,CRA (W),90,0,0,0,1,0,5,True
166,Rafał Janicki,Górnik Zabrze,Obrońca,15%,2.1,,8,KOR (W),0,0,0,0,0,0,0,False
166,Rafał Janicki,Górnik Zabrze,Obrońca,15%,2.1,,8,LPO (D),0,0,0,0,0,0,0,False
166,Rafał Janicki,Górnik Zabrze,Obrońca,15%,2.1,,9,MOT (W),0,0,0,0,0,0,0,False
166,Rafał Janicki,Górnik Zabrze,Obrońca,15%,2.1,,10,JAG (W),0,0,0,0,0,0,0,False
166,Rafał Janicki,Górnik Zabrze,Obrońca,15%,2.1,,11,PIA (D),0,0,0,0,0,0,0,False
166,Rafał Janicki,Górnik Zabrze,Obrońca,15%,2.1,,12,WID (W),0,0,0,0,0,0,0,False
166,Rafał Janicki,Górnik Zabrze,Obrońca,15%,2.1,,13,LEG (D),0,0,0,0,0,0,0,False
166,Rafał Janicki,Górnik Zabrze,Obrońca,15%,2.1,,14,WIE (D),0,0,0,0,0,0,0,False
166,Rafał Janicki,Górnik Zabrze,Obrońca,15%,2.1,,15,ZAG (W),0,0,0,0,0,0,0,False
166,Rafał Janicki,Górnik Zabrze,Obrońca,15%,2.1,,16,WPŁ (D),0,0,0,0,0,0,0,False
166,Rafał Janicki,Górnik Zabrze,Obrońca,15%,2.1,,17,POG (W),0,0,0,0,0,0,0,False
166,Rafał Janicki,Górnik Zabrze,Obrońca,15%,2.1,,18,ŚLA (W),0,0,0,0,0,0,0,False
303,Mariusz Stępiński,Korona Kielce,Napastnik,13%,2.3,,1,JAG (W),67,0,0,0,0,0,2,True
303,Mariusz Stępiński,Korona Kielce,Napastnik,13%,2.3,,3,LEG (D),85,1,0,0,0,0,6,True
303,Mariusz Stępiński,Korona Kielce,Napastnik,13%,2.3,,4,WID (W),79,0,0,0,0,0,3,True
303,Mariusz Stępiński,Korona Kielce,Napastnik,13%,2.3,,5,MOT (D),90,1,0,0,0,0,6,True
303,Mariusz Stępiński,Korona Kielce,Napastnik,13%,2.3,,6,WPŁ (W),75,1,0,0,0,0,7,True
303,Mariusz Stępiński,Korona Kielce,Napastnik,13%,2.3,,7,WIS (D),67,0,0,0,0,0,2,True
303,Mariusz Stępiński,Korona Kielce,Napastnik,13%,2.3,,8,GÓR (D),0,0,0,0,0,0,0,False
303,Mariusz Stępiński,Korona Kielce,Napastnik,13%,2.3,,8,ŚLA (W),0,0,0,0,0,0,0,False
303,Mariusz Stępiński,Korona Kielce,Napastnik,13%,2.3,,9,RCZ (D),0,0,0,0,0,0,0,False
303,Mariusz Stępiński,Korona Kielce,Napastnik,13%,2.3,,10,POG (W),0,0,0,0,0,0,0,False
303,Mariusz Stępiński,Korona Kielce,Napastnik,13%,2.3,,11,LPO (W),0,0,0,0,0,0,0,False
303,Mariusz Stępiński,Korona Kielce,Napastnik,13%,2.3,,12,GKS (D),0,0,0,0,0,0,0,False
303,Mariusz Stępiński,Korona Kielce,Napastnik,13%,2.3,,13,ZAG (W),0,0,0,0,0,0,0,False
303,Mariusz Stępiński,Korona Kielce,Napastnik,13%,2.3,,14,RAD (D),0,0,0,0,0,0,0,False
303,Mariusz Stępiński,Korona Kielce,Napastnik,13%,2.3,,15,PIA (W),0,0,0,0,0,0,0,False
303,Mariusz Stępiński,Korona Kielce,Napastnik,13%,2.3,,16,CRA (D),0,0,0,0,0,0,0,False
303,Mariusz Stępiński,Korona Kielce,Napastnik,13%,2.3,,17,WIE (W),0,0,0,0,0,0,0,False
303,Mariusz Stępiński,Korona Kielce,Napastnik,13%,2.3,,18,JAG (D),0,0,0,0,0,0,0,False
374,Alan Uryga,Wisła Kraków,Obrońca,5%,1.6,,1,GKS (D),90,0,0,0,0,0,5,True
374,Alan Uryga,Wisła Kraków,Obrońca,5%,1.6,,2,PIA (W),90,0,0,0,0,0,-1,True
374,Alan Uryga,Wisła Kraków,Obrońca,5%,1.6,,3,WPŁ (D),90,0,1,0,1,0,7,True
374,Alan Uryga,Wisła Kraków,Obrońca,5%,1.6,,4,GÓR (W),90,0,0,0,1,0,0,True
374,Alan Uryga,Wisła Kraków,Obrońca,5%,1.6,,5,POG (W),90,0,0,0,0,0,1,True
374,Alan Uryga,Wisła Kraków,Obrońca,5%,1.6,,6,WIE (D),90,0,0,0,0,0,6,True
374,Alan Uryga,Wisła Kraków,Obrońca,5%,1.6,,7,KOR (W),90,1,0,0,0,0,8,True
374,Alan Uryga,Wisła Kraków,Obrońca,5%,1.6,,8,JAG (D),0,0,0,0,0,0,0,False
374,Alan Uryga,Wisła Kraków,Obrońca,5%,1.6,,9,ŚLA (D),0,0,0,0,0,0,0,False
374,Alan Uryga,Wisła Kraków,Obrońca,5%,1.6,,10,LEG (W),0,0,0,0,0,0,0,False
374,Alan Uryga,Wisła Kraków,Obrońca,5%,1.6,,11,WID (W),0,0,0,0,0,0,0,False
374,Alan Uryga,Wisła Kraków,Obrońca,5%,1.6,,12,RCZ (D),0,0,0,0,0,0,0,False
374,Alan Uryga,Wisła Kraków,Obrońca,5%,1.6,,13,LPO (W),0,0,0,0,0,0,0,False
374,Alan Uryga,Wisła Kraków,Obrońca,5%,1.6,,14,CRA (D),0,0,0,0,0,0,0,False
374,Alan Uryga,Wisła Kraków,Obrońca,5%,1.6,,15,RAD (W),0,0,0,0,0,0,0,False
374,Alan Uryga,Wisła Kraków,Obrońca,5%,1.6,,16,MOT (D),0,0,0,0,0,0,0,False
374,Alan Uryga,Wisła Kraków,Obrońca,5%,1.6,,17,ZAG (W),0,0,0,0,0,0,0,False
374,Alan Uryga,Wisła Kraków,Obrońca,5%,1.6,,18,GKS (W),0,0,0,0,0,0,0,False
480,Bartosz Nowak,GKS Katowice,Pomocnik,36%,3.4,,1,WIS (W),90,0,1,0,0,0,5,True
480,Bartosz Nowak,GKS Katowice,Pomocnik,36%,3.4,,2,RAD (D),90,1,0,0,0,0,9,True
480,Bartosz Nowak,GKS Katowice,Pomocnik,36%,3.4,,4,MOT (W),89,0,0,0,0,0,2,True
480,Bartosz Nowak,GKS Katowice,Pomocnik,36%,3.4,,5,WPŁ (D),90,0,3,0,0,0,14,True
480,Bartosz Nowak,GKS Katowice,Pomocnik,36%,3.4,,6,GÓR (W),90,0,1,0,0,0,6,True
480,Bartosz Nowak,GKS Katowice,Pomocnik,36%,3.4,,7,PIA (W),90,0,0,0,0,0,2,True
480,Bartosz Nowak,GKS Katowice,Pomocnik,36%,3.4,,8,ZAG (W),0,0,0,0,0,0,0,False
480,Bartosz Nowak,GKS Katowice,Pomocnik,36%,3.4,,9,CRA (D),0,0,0,0,0,0,0,False
480,Bartosz Nowak,GKS Katowice,Pomocnik,36%,3.4,,10,WIE (D),0,0,0,0,0,0,0,False
480,Bartosz Nowak,GKS Katowice,Pomocnik,36%,3.4,,10,RCZ (W),0,0,0,0,0,0,0,False
480,Bartosz Nowak,GKS Katowice,Pomocnik,36%,3.4,,11,POG (D),0,0,0,0,0,0,0,False
480,Bartosz Nowak,GKS Katowice,Pomocnik,36%,3.4,,12,KOR (W),0,0,0,0,0,0,0,False
480,Bartosz Nowak,GKS Katowice,Pomocnik,36%,3.4,,13,WID (D),0,0,0,0,0,0,0,False
480,Bartosz Nowak,GKS Katowice,Pomocnik,36%,3.4,,14,JAG (W),0,0,0,0,0,0,0,False
480,Bartosz Nowak,GKS Katowice,Pomocnik,36%,3.4,,15,LPO (D),0,0,0,0,0,0,0,False
480,Bartosz Nowak,GKS Katowice,Pomocnik,36%,3.4,,16,ŚLA (W),0,0,0,0,0,0,0,False
480,Bartosz Nowak,GKS Katowice,Pomocnik,36%,3.4,,17,LEG (D),0,0,0,0,0,0,0,False
480,Bartosz Nowak,GKS Katowice,Pomocnik,36%,3.4,,18,WIS (D),0,0,0,0,0,0,0,False
681,Michał Nalepa,Zagłębie Lubin,Obrońca,2%,1.7,,1,PIA (D),90,0,0,0,0,0,6,True
681,Michał Nalepa,Zagłębie Lubin,Obrońca,2%,1.7,,2,LEG (W),90,0,0,0,0,0,0,True
681,Michał Nalepa,Zagłębie Lubin,Obrońca,2%,1.7,,4,ŚLA (D),90,0,0,0,0,0,3,True
681,Michał Nalepa,Zagłębie Lubin,Obrońca,2%,1.7,,5,RAD (W),0,0,0,0,0,0,0,False
681,Michał Nalepa,Zagłębie Lubin,Obrońca,2%,1.7,,6,POG (D),0,0,0,0,0,0,0,False
681,Michał Nalepa,Zagłębie Lubin,Obrońca,2%,1.7,,7,WIE (W),0,0,0,0,0,0,0,False
681,Michał Nalepa,Zagłębie Lubin,Obrońca,2%,1.7,,8,RCZ (W),0,0,0,0,0,0,0,False
681,Michał Nalepa,Zagłębie Lubin,Obrońca,2%,1.7,,8,GKS (D),0,0,0,0,0,0,0,False
681,Michał Nalepa,Zagłębie Lubin,Obrońca,2%,1.7,,9,WPŁ (D),0,0,0,0,0,0,0,False
681,Michał Nalepa,Zagłębie Lubin,Obrońca,2%,1.7,,10,CRA (W),0,0,0,0,0,0,0,False
681,Michał Nalepa,Zagłębie Lubin,Obrońca,2%,1.7,,11,JAG (D),0,0,0,0,0,0,0,False
681,Michał Nalepa,Zagłębie Lubin,Obrońca,2%,1.7,,12,MOT (W),0,0,0,0,0,0,0,False
681,Michał Nalepa,Zagłębie Lubin,Obrońca,2%,1.7,,13,KOR (D),0,0,0,0,0,0,0,False
681,Michał Nalepa,Zagłębie Lubin,Obrońca,2%,1.7,,14,LPO (W),0,0,0,0,0,0,0,False
681,Michał Nalepa,Zagłębie Lubin,Obrońca,2%,1.7,,15,GÓR (D),0,0,0,0,0,0,0,False
681,Michał Nalepa,Zagłębie Lubin,Obrońca,2%,1.7,,16,WID (W),0,0,0,0,0,0,0,False
681,Michał Nalepa,Zagłębie Lubin,Obrońca,2%,1.7,,17,WIS (D),0,0,0,0,0,0,0,False
681,Michał Nalepa,Zagłębie Lubin,Obrońca,2%,1.7,,18,PIA (W),0,0,0,0,0,0,0,False
724,Zlatan Alomerović,Zagłębie Lubin,Bramkarz,2%,1.8,,1,PIA (D),90,0,0,2,0,0,6,True
724,Zlatan Alomerović,Zagłębie Lubin,Bramkarz,2%,1.8,,2,LEG (W),0,0,0,0,0,0,0,False
724,Zlatan Alomerović,Zagłębie Lubin,Bramkarz,2%,1.8,,4,ŚLA (D),90,0,0,1,0,0,3,True
724,Zlatan Alomerović,Zagłębie Lubin,Bramkarz,2%,1.8,,5,RAD (W),90,0,0,3,0,0,6,True
724,Zlatan Alomerović,Zagłębie Lubin,Bramkarz,2%,1.8,,6,POG (D),90,0,0,1,0,0,5,True
724,Zlatan Alomerović,Zagłębie Lubin,Bramkarz,2%,1.8,,7,WIE (W),0,0,0,0,0,0,0,False
724,Zlatan Alomerović,Zagłębie Lubin,Bramkarz,2%,1.8,,8,RCZ (W),0,0,0,0,0,0,0,False
724,Zlatan Alomerović,Zagłębie Lubin,Bramkarz,2%,1.8,,8,GKS (D),0,0,0,0,0,0,0,False
724,Zlatan Alomerović,Zagłębie Lubin,Bramkarz,2%,1.8,,9,WPŁ (D),0,0,0,0,0,0,0,False
724,Zlatan Alomerović,Zagłębie Lubin,Bramkarz,2%,1.8,,10,CRA (W),0,0,0,0,0,0,0,False
724,Zlatan Alomerović,Zagłębie Lubin,Bramkarz,2%,1.8,,11,JAG (D),0,0,0,0,0,0,0,False
724,Zlatan Alomerović,Zagłębie Lubin,Bramkarz,2%,1.8,,12,MOT (W),0,0,0,0,0,0,0,False
724,Zlatan Alomerović,Zagłębie Lubin,Bramkarz,2%,1.8,,13,KOR (D),0,0,0,0,0,0,0,False
724,Zlatan Alomerović,Zagłębie Lubin,Bramkarz,2%,1.8,,14,LPO (W),0,0,0,0,0,0,0,False
724,Zlatan Alomerović,Zagłębie Lubin,Bramkarz,2%,1.8,,15,GÓR (D),0,0,0,0,0,0,0,False
724,Zlatan Alomerović,Zagłębie Lubin,Bramkarz,2%,1.8,,16,WID (W),0,0,0,0,0,0,0,False
724,Zlatan Alomerović,Zagłębie Lubin,Bramkarz,2%,1.8,,17,WIS (D),0,0,0,0,0,0,0,False
724,Zlatan Alomerović,Zagłębie Lubin,Bramkarz,2%,1.8,,18,PIA (W),0,0,0,0,0,0,0,False
765,Jesús Imaz,Jagiellonia Białystok,Pomocnik,12%,3.5,,1,KOR (D),86,0,0,0,0,0,4,True
765,Jesús Imaz,Jagiellonia Białystok,Pomocnik,12%,3.5,,2,MOT (W),68,0,0,0,0,0,3,True
765,Jesús Imaz,Jagiellonia Białystok,Pomocnik,12%,3.5,,3,WID (D),90,0,0,0,0,0,2,True
765,Jesús Imaz,Jagiellonia Białystok,Pomocnik,12%,3.5,,6,LPO (W),0,0,0,0,0,0,0,False
765,Jesús Imaz,Jagiellonia Białystok,Pomocnik,12%,3.5,,6,RCZ (W),45,1,0,0,0,0,8,True
765,Jesús Imaz,Jagiellonia Białystok,Pomocnik,12%,3.5,,7,ŚLA (D),0,0,0,0,0,0,0,False
765,Jesús Imaz,Jagiellonia Białystok,Pomocnik,12%,3.5,,8,WIS (W),0,0,0,0,0,0,0,False
765,Jesús Imaz,Jagiellonia Białystok,Pomocnik,12%,3.5,,9,LEG (D),0,0,0,0,0,0,0,False
765,Jesús Imaz,Jagiellonia Białystok,Pomocnik,12%,3.5,,10,GÓR (D),0,0,0,0,0,0,0,False
765,Jesús Imaz,Jagiellonia Białystok,Pomocnik,12%,3.5,,11,ZAG (W),0,0,0,0,0,0,0,False
765,Jesús Imaz,Jagiellonia Białystok,Pomocnik,12%,3.5,,12,WPŁ (D),0,0,0,0,0,0,0,False
765,Jesús Imaz,Jagiellonia Białystok,Pomocnik,12%,3.5,,13,WIE (W),0,0,0,0,0,0,0,False
765,Jesús Imaz,Jagiellonia Białystok,Pomocnik,12%,3.5,,14,GKS (D),0,0,0,0,0,0,0,False
765,Jesús Imaz,Jagiellonia Białystok,Pomocnik,12%,3.5,,15,CRA (W),0,0,0,0,0,0,0,False
765,Jesús Imaz,Jagiellonia Białystok,Pomocnik,12%,3.5,,16,RAD (D),0,0,0,0,0,0,0,False
765,Jesús Imaz,Jagiellonia Białystok,Pomocnik,12%,3.5,,17,PIA (W),0,0,0,0,0,0,0,False
765,Jesús Imaz,Jagiellonia Białystok,Pomocnik,12%,3.5,,18,POG (D),0,0,0,0,0,0,0,False
765,Jesús Imaz,Jagiellonia Białystok,Pomocnik,12%,3.5,,18,KOR (W),0,0,0,0,0,0,0,False
774,Sebastian Bergier,Widzew Łódź,Napastnik,10%,2.2,,1,MOT (D),90,1,0,0,0,0,3,True
774,Sebastian Bergier,Widzew Łódź,Napastnik,10%,2.2,,2,WPŁ (W),66,0,0,0,0,0,2,True
774,Sebastian Bergier,Widzew Łódź,Napastnik,10%,2.2,,3,JAG (W),78,1,0,0,0,0,7,True
774,Sebastian Bergier,Widzew Łódź,Napastnik,10%,2.2,,4,KOR (D),90,0,0,0,1,0,1,True
774,Sebastian Bergier,Widzew Łódź,Napastnik,10%,2.2,,5,ŚLA (W),45,0,0,0,0,0,1,True
774,Sebastian Bergier,Widzew Łódź,Napastnik,10%,2.2,,6,LPO (D),20,0,0,0,0,0,1,True
774,Sebastian Bergier,Widzew Łódź,Napastnik,10%,2.2,,7,RAD (D),15,0,0,0,1,0,0,True
774,Sebastian Bergier,Widzew Łódź,Napastnik,10%,2.2,,8,LEG (W),0,0,0,0,0,0,0,False
774,Sebastian Bergier,Widzew Łódź,Napastnik,10%,2.2,,9,WIE (D),0,0,0,0,0,0,0,False
774,Sebastian Bergier,Widzew Łódź,Napastnik,10%,2.2,,10,PIA (W),0,0,0,0,0,0,0,False
774,Sebastian Bergier,Widzew Łódź,Napastnik,10%,2.2,,11,WIS (D),0,0,0,0,0,0,0,False
774,Sebastian Bergier,Widzew Łódź,Napastnik,10%,2.2,,12,GÓR (D),0,0,0,0,0,0,0,False
774,Sebastian Bergier,Widzew Łódź,Napastnik,10%,2.2,,13,GKS (W),0,0,0,0,0,0,0,False
774,Sebastian Bergier,Widzew Łódź,Napastnik,10%,2.2,,14,POG (D),0,0,0,0,0,0,0,False
774,Sebastian Bergier,Widzew Łódź,Napastnik,10%,2.2,,15,RCZ (W),0,0,0,0,0,0,0,False
774,Sebastian Bergier,Widzew Łódź,Napastnik,10%,2.2,,16,ZAG (D),0,0,0,0,0,0,0,False
774,Sebastian Bergier,Widzew Łódź,Napastnik,10%,2.2,,17,CRA (W),0,0,0,0,0,0,0,False
774,Sebastian Bergier,Widzew Łódź,Napastnik,10%,2.2,,18,MOT (W),0,0,0,0,0,0,0,False
827,Mateusz Grzybek,Zagłębie Lubin,Obrońca,5%,1.9,,1,PIA (D),89,0,1,0,0,0,10,True
827,Mateusz Grzybek,Zagłębie Lubin,Obrońca,5%,1.9,,2,LEG (W),0,0,0,0,0,0,0,False
827,Mateusz Grzybek,Zagłębie Lubin,Obrońca,5%,1.9,,4,ŚLA (D),90,0,0,0,0,0,3,True
827,Mateusz Grzybek,Zagłębie Lubin,Obrońca,5%,1.9,,5,RAD (W),90,0,0,0,1,0,4,True
827,Mateusz Grzybek,Zagłębie Lubin,Obrońca,5%,1.9,,6,POG (D),84,0,0,0,0,0,5,True
827,Mateusz Grzybek,Zagłębie Lubin,Obrońca,5%,1.9,,7,WIE (W),0,0,0,0,0,0,0,False
827,Mateusz Grzybek,Zagłębie Lubin,Obrońca,5%,1.9,,8,RCZ (W),0,0,0,0,0,0,0,False
827,Mateusz Grzybek,Zagłębie Lubin,Obrońca,5%,1.9,,8,GKS (D),0,0,0,0,0,0,0,False
827,Mateusz Grzybek,Zagłębie Lubin,Obrońca,5%,1.9,,9,WPŁ (D),0,0,0,0,0,0,0,False
827,Mateusz Grzybek,Zagłębie Lubin,Obrońca,5%,1.9,,10,CRA (W),0,0,0,0,0,0,0,False
827,Mateusz Grzybek,Zagłębie Lubin,Obrońca,5%,1.9,,11,JAG (D),0,0,0,0,0,0,0,False
827,Mateusz Grzybek,Zagłębie Lubin,Obrońca,5%,1.9,,12,MOT (W),0,0,0,0,0,0,0,False
827,Mateusz Grzybek,Zagłębie Lubin,Obrońca,5%,1.9,,13,KOR (D),0,0,0,0,0,0,0,False
827,Mateusz Grzybek,Zagłębie Lubin,Obrońca,5%,1.9,,14,LPO (W),0,0,0,0,0,0,0,False
827,Mateusz Grzybek,Zagłębie Lubin,Obrońca,5%,1.9,,15,GÓR (D),0,0,0,0,0,0,0,False
827,Mateusz Grzybek,Zagłębie Lubin,Obrońca,5%,1.9,,16,WID (W),0,0,0,0,0,0,0,False
827,Mateusz Grzybek,Zagłębie Lubin,Obrońca,5%,1.9,,17,WIS (D),0,0,0,0,0,0,0,False
827,Mateusz Grzybek,Zagłębie Lubin,Obrońca,5%,1.9,,18,PIA (W),0,0,0,0,0,0,0,False
860,Wiktor Długosz,Korona Kielce,Pomocnik,3%,1.8,,1,JAG (W),90,0,0,0,0,0,2,True
860,Wiktor Długosz,Korona Kielce,Pomocnik,3%,1.8,,3,LEG (D),90,0,1,0,0,0,5,True
860,Wiktor Długosz,Korona Kielce,Pomocnik,3%,1.8,,4,WID (W),89,0,1,0,1,0,5,True
860,Wiktor Długosz,Korona Kielce,Pomocnik,3%,1.8,,5,MOT (D),90,0,0,0,1,0,1,True
860,Wiktor Długosz,Korona Kielce,Pomocnik,3%,1.8,,6,WPŁ (W),90,0,2,0,0,0,11,True
860,Wiktor Długosz,Korona Kielce,Pomocnik,3%,1.8,,7,WIS (D),90,0,0,0,1,0,1,True
860,Wiktor Długosz,Korona Kielce,Pomocnik,3%,1.8,,8,GÓR (D),0,0,0,0,0,0,0,False
860,Wiktor Długosz,Korona Kielce,Pomocnik,3%,1.8,,8,ŚLA (W),0,0,0,0,0,0,0,False
860,Wiktor Długosz,Korona Kielce,Pomocnik,3%,1.8,,9,RCZ (D),0,0,0,0,0,0,0,False
860,Wiktor Długosz,Korona Kielce,Pomocnik,3%,1.8,,10,POG (W),0,0,0,0,0,0,0,False
860,Wiktor Długosz,Korona Kielce,Pomocnik,3%,1.8,,11,LPO (W),0,0,0,0,0,0,0,False
860,Wiktor Długosz,Korona Kielce,Pomocnik,3%,1.8,,12,GKS (D),0,0,0,0,0,0,0,False
860,Wiktor Długosz,Korona Kielce,Pomocnik,3%,1.8,,13,ZAG (W),0,0,0,0,0,0,0,False
860,Wiktor Długosz,Korona Kielce,Pomocnik,3%,1.8,,14,RAD (D),0,0,0,0,0,0,0,False
860,Wiktor Długosz,Korona Kielce,Pomocnik,3%,1.8,,15,PIA (W),0,0,0,0,0,0,0,False
860,Wiktor Długosz,Korona Kielce,Pomocnik,3%,1.8,,16,CRA (D),0,0,0,0,0,0,0,False
860,Wiktor Długosz,Korona Kielce,Pomocnik,3%,1.8,,17,WIE (W),0,0,0,0,0,0,0,False
860,Wiktor Długosz,Korona Kielce,Pomocnik,3%,1.8,,18,JAG (D),0,0,0,0,0,0,0,False
923,Rafał Augustyniak,Legia Warszawa,Obrońca,7%,1.9,,1,POG (W),90,0,0,0,0,0,6,True
923,Rafał Augustyniak,Legia Warszawa,Obrońca,7%,1.9,,2,ZAG (D),90,0,0,0,0,0,3,True
923,Rafał Augustyniak,Legia Warszawa,Obrońca,7%,1.9,,3,KOR (W),90,0,0,0,0,0,2,True
923,Rafał Augustyniak,Legia Warszawa,Obrońca,7%,1.9,,4,RAD (D),90,1,0,0,0,0,12,True
923,Rafał Augustyniak,Legia Warszawa,Obrońca,7%,1.9,,5,PIA (W),90,0,1,0,0,0,6,True
923,Rafał Augustyniak,Legia Warszawa,Obrońca,7%,1.9,,6,ŚLA (D),90,0,0,0,0,0,0,True
923,Rafał Augustyniak,Legia Warszawa,Obrońca,7%,1.9,,7,MOT (W),90,1,0,0,0,0,8,True
923,Rafał Augustyniak,Legia Warszawa,Obrońca,7%,1.9,,8,WID (D),0,0,0,0,0,0,0,False
923,Rafał Augustyniak,Legia Warszawa,Obrońca,7%,1.9,,9,JAG (W),0,0,0,0,0,0,0,False
923,Rafał Augustyniak,Legia Warszawa,Obrońca,7%,1.9,,10,WIS (D),0,0,0,0,0,0,0,False
923,Rafał Augustyniak,Legia Warszawa,Obrońca,7%,1.9,,11,CRA (W),0,0,0,0,0,0,0,False
923,Rafał Augustyniak,Legia Warszawa,Obrońca,7%,1.9,,12,LPO (D),0,0,0,0,0,0,0,False
923,Rafał Augustyniak,Legia Warszawa,Obrońca,7%,1.9,,13,GÓR (W),0,0,0,0,0,0,0,False
923,Rafał Augustyniak,Legia Warszawa,Obrońca,7%,1.9,,14,RCZ (D),0,0,0,0,0,0,0,False
923,Rafał Augustyniak,Legia Warszawa,Obrońca,7%,1.9,,15,WPŁ (W),0,0,0,0,0,0,0,False
923,Rafał Augustyniak,Legia Warszawa,Obrońca,7%,1.9,,16,WIE (D),0,0,0,0,0,0,0,False
923,Rafał Augustyniak,Legia Warszawa,Obrońca,7%,1.9,,17,GKS (W),0,0,0,0,0,0,0,False
923,Rafał Augustyniak,Legia Warszawa,Obrońca,7%,1.9,,18,POG (D),0,0,0,0,0,0,0,False
951,Arkadiusz Jędrych,GKS Katowice,Obrońca,13%,2.3,,1,WIS (W),90,0,0,0,0,0,1,True
951,Arkadiusz Jędrych,GKS Katowice,Obrońca,13%,2.3,,2,RAD (D),90,0,0,1,0,0,5,True
951,Arkadiusz Jędrych,GKS Katowice,Obrońca,13%,2.3,,4,MOT (W),90,0,0,0,0,0,2,True
951,Arkadiusz Jędrych,GKS Katowice,Obrońca,13%,2.3,,5,WPŁ (D),90,1,0,0,0,0,13,True
951,Arkadiusz Jędrych,GKS Katowice,Obrońca,13%,2.3,,6,GÓR (W),90,0,0,0,1,0,-1,True
951,Arkadiusz Jędrych,GKS Katowice,Obrońca,13%,2.3,,7,PIA (W),90,0,0,0,0,0,0,True
951,Arkadiusz Jędrych,GKS Katowice,Obrońca,13%,2.3,,8,ZAG (W),0,0,0,0,0,0,0,False
951,Arkadiusz Jędrych,GKS Katowice,Obrońca,13%,2.3,,9,CRA (D),0,0,0,0,0,0,0,False
951,Arkadiusz Jędrych,GKS Katowice,Obrońca,13%,2.3,,10,WIE (D),0,0,0,0,0,0,0,False
951,Arkadiusz Jędrych,GKS Katowice,Obrońca,13%,2.3,,10,RCZ (W),0,0,0,0,0,0,0,False
951,Arkadiusz Jędrych,GKS Katowice,Obrońca,13%,2.3,,11,POG (D),0,0,0,0,0,0,0,False
951,Arkadiusz Jędrych,GKS Katowice,Obrońca,13%,2.3,,12,KOR (W),0,0,0,0,0,0,0,False
951,Arkadiusz Jędrych,GKS Katowice,Obrońca,13%,2.3,,13,WID (D),0,0,0,0,0,0,0,False
951,Arkadiusz Jędrych,GKS Katowice,Obrońca,13%,2.3,,14,JAG (W),0,0,0,0,0,0,0,False
951,Arkadiusz Jędrych,GKS Katowice,Obrońca,13%,2.3,,15,LPO (D),0,0,0,0,0,0,0,False
951,Arkadiusz Jędrych,GKS Katowice,Obrońca,13%,2.3,,16,ŚLA (W),0,0,0,0,0,0,0,False
951,Arkadiusz Jędrych,GKS Katowice,Obrońca,13%,2.3,,17,LEG (D),0,0,0,0,0,0,0,False
951,Arkadiusz Jędrych,GKS Katowice,Obrońca,13%,2.3,,18,WIS (D),0,0,0,0,0,0,0,False
979,Oskar Repka,Raków Częstochowa,Pomocnik,3%,2.0,,1,WPŁ (D),90,0,0,0,0,0,2,True
979,Oskar Repka,Raków Częstochowa,Pomocnik,3%,2.0,,2,ŚLA (W),90,0,0,0,0,0,2,True
979,Oskar Repka,Raków Częstochowa,Pomocnik,3%,2.0,,4,CRA (W),90,0,0,0,0,0,2,True
979,Oskar Repka,Raków Częstochowa,Pomocnik,3%,2.0,,6,GÓR (D),0,0,0,0,0,0,0,False
979,Oskar Repka,Raków Częstochowa,Pomocnik,3%,2.0,,6,JAG (D),45,0,0,0,0,0,1,True
979,Oskar Repka,Raków Częstochowa,Pomocnik,3%,2.0,,7,LPO (W),90,0,0,0,0,0,2,True
979,Oskar Repka,Raków Częstochowa,Pomocnik,3%,2.0,,8,ZAG (D),0,0,0,0,0,0,0,False
979,Oskar Repka,Raków Częstochowa,Pomocnik,3%,2.0,,8,MOT (D),0,0,0,0,0,0,0,False
979,Oskar Repka,Raków Częstochowa,Pomocnik,3%,2.0,,9,KOR (W),0,0,0,0,0,0,0,False
979,Oskar Repka,Raków Częstochowa,Pomocnik,3%,2.0,,10,GKS (D),0,0,0,0,0,0,0,False
979,Oskar Repka,Raków Częstochowa,Pomocnik,3%,2.0,,11,WIE (W),0,0,0,0,0,0,0,False
979,Oskar Repka,Raków Częstochowa,Pomocnik,3%,2.0,,12,WIS (W),0,0,0,0,0,0,0,False
979,Oskar Repka,Raków Częstochowa,Pomocnik,3%,2.0,,13,POG (D),0,0,0,0,0,0,0,False
979,Oskar Repka,Raków Częstochowa,Pomocnik,3%,2.0,,14,LEG (W),0,0,0,0,0,0,0,False
979,Oskar Repka,Raków Częstochowa,Pomocnik,3%,2.0,,15,WID (D),0,0,0,0,0,0,0,False
979,Oskar Repka,Raków Częstochowa,Pomocnik,3%,2.0,,16,PIA (D),0,0,0,0,0,0,0,False
979,Oskar Repka,Raków Częstochowa,Pomocnik,3%,2.0,,17,RAD (W),0,0,0,0,0,0,0,False
979,Oskar Repka,Raków Częstochowa,Pomocnik,3%,2.0,,18,WPŁ (W),0,0,0,0,0,0,0,False
1026,Mateusz Lis,Lech Poznań,Bramkarz,17%,1.8,,1,CRA (D),90,0,0,1,0,0,5,True
1026,Mateusz Lis,Lech Poznań,Bramkarz,17%,1.8,,2,WIE (W),90,0,0,1,0,0,3,True
1026,Mateusz Lis,Lech Poznań,Bramkarz,17%,1.8,,3,PIA (D),90,0,0,3,0,0,7,True
1026,Mateusz Lis,Lech Poznań,Bramkarz,17%,1.8,,6,JAG (D),90,0,0,1,0,0,3,True
1026,Mateusz Lis,Lech Poznań,Bramkarz,17%,1.8,,6,WID (W),90,0,0,5,0,0,3,True
1026,Mateusz Lis,Lech Poznań,Bramkarz,17%,1.8,,7,RCZ (D),90,0,0,1,0,0,6,True
1026,Mateusz Lis,Lech Poznań,Bramkarz,17%,1.8,,8,GÓR (W),0,0,0,0,0,0,0,False
1026,Mateusz Lis,Lech Poznań,Bramkarz,17%,1.8,,9,RAD (D),0,0,0,0,0,0,0,False
1026,Mateusz Lis,Lech Poznań,Bramkarz,17%,1.8,,10,ŚLA (W),0,0,0,0,0,0,0,False
1026,Mateusz Lis,Lech Poznań,Bramkarz,17%,1.8,,11,KOR (D),0,0,0,0,0,0,0,False
1026,Mateusz Lis,Lech Poznań,Bramkarz,17%,1.8,,12,LEG (W),0,0,0,0,0,0,0,False
1026,Mateusz Lis,Lech Poznań,Bramkarz,17%,1.8,,13,WIS (D),0,0,0,0,0,0,0,False
1026,Mateusz Lis,Lech Poznań,Bramkarz,17%,1.8,,14,ZAG (D),0,0,0,0,0,0,0,False
1026,Mateusz Lis,Lech Poznań,Bramkarz,17%,1.8,,15,GKS (W),0,0,0,0,0,0,0,False
1026,Mateusz Lis,Lech Poznań,Bramkarz,17%,1.8,,16,POG (D),0,0,0,0,0,0,0,False
1026,Mateusz Lis,Lech Poznań,Bramkarz,17%,1.8,,17,MOT (W),0,0,0,0,0,0,0,False
1026,Mateusz Lis,Lech Poznań,Bramkarz,17%,1.8,,18,WPŁ (W),0,0,0,0,0,0,0,False
1026,Mateusz Lis,Lech Poznań,Bramkarz,17%,1.8,,18,CRA (W),0,0,0,0,0,0,0,False
1092,Piotr Samiec-Talar,Śląsk Wrocław,Pomocnik,35%,2.2,,1,GÓR (W),90,0,1,0,0,0,5,True
1092,Piotr Samiec-Talar,Śląsk Wrocław,Pomocnik,35%,2.2,,2,RCZ (D),90,1,0,0,0,0,9,True
1092,Piotr Samiec-Talar,Śląsk Wrocław,Pomocnik,35%,2.2,,3,CRA (D),90,0,0,0,0,0,3,True
1092,Piotr Samiec-Talar,Śląsk Wrocław,Pomocnik,35%,2.2,,4,ZAG (W),90,1,0,0,0,0,7,True
1092,Piotr Samiec-Talar,Śląsk Wrocław,Pomocnik,35%,2.2,,5,WID (D),90,0,2,0,0,0,9,True
1092,Piotr Samiec-Talar,Śląsk Wrocław,Pomocnik,35%,2.2,,6,LEG (W),90,1,0,0,0,0,8,True
1092,Piotr Samiec-Talar,Śląsk Wrocław,Pomocnik,35%,2.2,,7,JAG (W),0,0,0,0,0,0,0,False
1092,Piotr Samiec-Talar,Śląsk Wrocław,Pomocnik,35%,2.2,,8,KOR (D),0,0,0,0,0,0,0,False
1092,Piotr Samiec-Talar,Śląsk Wrocław,Pomocnik,35%,2.2,,9,WIS (W),0,0,0,0,0,0,0,False
1092,Piotr Samiec-Talar,Śląsk Wrocław,Pomocnik,35%,2.2,,10,LPO (D),0,0,0,0,0,0,0,False
1092,Piotr Samiec-Talar,Śląsk Wrocław,Pomocnik,35%,2.2,,11,MOT (W),0,0,0,0,0,0,0,False
1092,Piotr Samiec-Talar,Śląsk Wrocław,Pomocnik,35%,2.2,,12,WIE (D),0,0,0,0,0,0,0,False
1092,Piotr Samiec-Talar,Śląsk Wrocław,Pomocnik,35%,2.2,,13,RAD (W),0,0,0,0,0,0,0,False
1092,Piotr Samiec-Talar,Śląsk Wrocław,Pomocnik,35%,2.2,,14,PIA (D),0,0,0,0,0,0,0,False
1092,Piotr Samiec-Talar,Śląsk Wrocław,Pomocnik,35%,2.2,,15,POG (W),0,0,0,0,0,0,0,False
1092,Piotr Samiec-Talar,Śląsk Wrocław,Pomocnik,35%,2.2,,16,GKS (D),0,0,0,0,0,0,0,False
1092,Piotr Samiec-Talar,Śląsk Wrocław,Pomocnik,35%,2.2,,17,WPŁ (W),0,0,0,0,0,0,0,False
1092,Piotr Samiec-Talar,Śląsk Wrocław,Pomocnik,35%,2.2,,18,GÓR (D),0,0,0,0,0,0,0,False
1126,Kamil Piątkowski,Legia Warszawa,Obrońca,12%,2.0,,1,POG (W),90,0,0,0,0,0,6,True
1126,Kamil Piątkowski,Legia Warszawa,Obrońca,12%,2.0,,2,ZAG (D),90,0,0,0,0,0,3,True
1126,Kamil Piątkowski,Legia Warszawa,Obrońca,12%,2.0,,3,KOR (W),90,0,1,0,0,0,7,True
1126,Kamil Piątkowski,Legia Warszawa,Obrońca,12%,2.0,,4,RAD (D),90,0,0,0,0,0,6,True
1126,Kamil Piątkowski,Legia Warszawa,Obrońca,12%,2.0,,5,PIA (W),90,0,0,0,0,0,2,True
1126,Kamil Piątkowski,Legia Warszawa,Obrońca,12%,2.0,,6,ŚLA (D),90,0,0,0,0,0,2,True
1126,Kamil Piątkowski,Legia Warszawa,Obrońca,12%,2.0,,7,MOT (W),90,0,0,0,0,0,2,True
1126,Kamil Piątkowski,Legia Warszawa,Obrońca,12%,2.0,,8,WID (D),0,0,0,0,0,0,0,False
1126,Kamil Piątkowski,Legia Warszawa,Obrońca,12%,2.0,,9,JAG (W),0,0,0,0,0,0,0,False
1126,Kamil Piątkowski,Legia Warszawa,Obrońca,12%,2.0,,10,WIS (D),0,0,0,0,0,0,0,False
1126,Kamil Piątkowski,Legia Warszawa,Obrońca,12%,2.0,,11,CRA (W),0,0,0,0,0,0,0,False
1126,Kamil Piątkowski,Legia Warszawa,Obrońca,12%,2.0,,12,LPO (D),0,0,0,0,0,0,0,False
1126,Kamil Piątkowski,Legia Warszawa,Obrońca,12%,2.0,,13,GÓR (W),0,0,0,0,0,0,0,False
1126,Kamil Piątkowski,Legia Warszawa,Obrońca,12%,2.0,,14,RCZ (D),0,0,0,0,0,0,0,False
1126,Kamil Piątkowski,Legia Warszawa,Obrońca,12%,2.0,,15,WPŁ (W),0,0,0,0,0,0,0,False
1126,Kamil Piątkowski,Legia Warszawa,Obrońca,12%,2.0,,16,WIE (D),0,0,0,0,0,0,0,False
1126,Kamil Piątkowski,Legia Warszawa,Obrońca,12%,2.0,,17,GKS (W),0,0,0,0,0,0,0,False
1126,Kamil Piątkowski,Legia Warszawa,Obrońca,12%,2.0,,18,POG (D),0,0,0,0,0,0,0,False
1168,Patryk Makuch,Raków Częstochowa,Napastnik,12%,1.9,,1,WPŁ (D),90,1,0,0,0,0,7,True
1168,Patryk Makuch,Raków Częstochowa,Napastnik,12%,1.9,,2,ŚLA (W),85,0,0,0,0,0,2,True
1168,Patryk Makuch,Raków Częstochowa,Napastnik,12%,1.9,,4,CRA (W),66,1,0,0,0,0,6,True
1168,Patryk Makuch,Raków Częstochowa,Napastnik,12%,1.9,,6,GÓR (D),90,0,0,1,0,0,4,True
1168,Patryk Makuch,Raków Częstochowa,Napastnik,12%,1.9,,6,JAG (D),90,0,0,0,0,0,2,True
1168,Patryk Makuch,Raków Częstochowa,Napastnik,12%,1.9,,7,LPO (W),79,0,0,0,0,0,2,True
1168,Patryk Makuch,Raków Częstochowa,Napastnik,12%,1.9,,8,ZAG (D),0,0,0,0,0,0,0,False
1168,Patryk Makuch,Raków Częstochowa,Napastnik,12%,1.9,,8,MOT (D),0,0,0,0,0,0,0,False
1168,Patryk Makuch,Raków Częstochowa,Napastnik,12%,1.9,,9,KOR (W),0,0,0,0,0,0,0,False
1168,Patryk Makuch,Raków Częstochowa,Napastnik,12%,1.9,,10,GKS (D),0,0,0,0,0,0,0,False
1168,Patryk Makuch,Raków Częstochowa,Napastnik,12%,1.9,,11,WIE (W),0,0,0,0,0,0,0,False
1168,Patryk Makuch,Raków Częstochowa,Napastnik,12%,1.9,,12,WIS (W),0,0,0,0,0,0,0,False
1168,Patryk Makuch,Raków Częstochowa,Napastnik,12%,1.9,,13,POG (D),0,0,0,0,0,0,0,False
1168,Patryk Makuch,Raków Częstochowa,Napastnik,12%,1.9,,14,LEG (W),0,0,0,0,0,0,0,False
1168,Patryk Makuch,Raków Częstochowa,Napastnik,12%,1.9,,15,WID (D),0,0,0,0,0,0,0,False
1168,Patryk Makuch,Raków Częstochowa,Napastnik,12%,1.9,,16,PIA (D),0,0,0,0,0,0,0,False
1168,Patryk Makuch,Raków Częstochowa,Napastnik,12%,1.9,,17,RAD (W),0,0,0,0,0,0,0,False
1168,Patryk Makuch,Raków Częstochowa,Napastnik,12%,1.9,,18,WPŁ (W),0,0,0,0,0,0,0,False
1169,Mateusz Skrzypczak,Lech Poznań,Obrońca,1%,1.8,,1,CRA (D),0,0,0,0,0,0,0,False
1169,Mateusz Skrzypczak,Lech Poznań,Obrońca,1%,1.8,,2,WIE (W),90,0,0,0,0,0,3,True
1169,Mateusz Skrzypczak,Lech Poznań,Obrońca,1%,1.8,,3,PIA (D),90,0,0,0,0,0,6,True
1169,Mateusz Skrzypczak,Lech Poznań,Obrońca,1%,1.8,,6,JAG (D),90,0,0,0,0,0,3,True
1169,Mateusz Skrzypczak,Lech Poznań,Obrońca,1%,1.8,,6,WID (W),0,0,0,0,0,0,0,False
1169,Mateusz Skrzypczak,Lech Poznań,Obrońca,1%,1.8,,7,RCZ (D),45,0,0,0,1,0,2,True
1169,Mateusz Skrzypczak,Lech Poznań,Obrońca,1%,1.8,,8,GÓR (W),0,0,0,0,0,0,0,False
1169,Mateusz Skrzypczak,Lech Poznań,Obrońca,1%,1.8,,9,RAD (D),0,0,0,0,0,0,0,False
1169,Mateusz Skrzypczak,Lech Poznań,Obrońca,1%,1.8,,10,ŚLA (W),0,0,0,0,0,0,0,False
1169,Mateusz Skrzypczak,Lech Poznań,Obrońca,1%,1.8,,11,KOR (D),0,0,0,0,0,0,0,False
1169,Mateusz Skrzypczak,Lech Poznań,Obrońca,1%,1.8,,12,LEG (W),0,0,0,0,0,0,0,False
1169,Mateusz Skrzypczak,Lech Poznań,Obrońca,1%,1.8,,13,WIS (D),0,0,0,0,0,0,0,False
1169,Mateusz Skrzypczak,Lech Poznań,Obrońca,1%,1.8,,14,ZAG (D),0,0,0,0,0,0,0,False
1169,Mateusz Skrzypczak,Lech Poznań,Obrońca,1%,1.8,,15,GKS (W),0,0,0,0,0,0,0,False
1169,Mateusz Skrzypczak,Lech Poznań,Obrońca,1%,1.8,,16,POG (D),0,0,0,0,0,0,0,False
1169,Mateusz Skrzypczak,Lech Poznań,Obrońca,1%,1.8,,17,MOT (W),0,0,0,0,0,0,0,False
1169,Mateusz Skrzypczak,Lech Poznań,Obrońca,1%,1.8,,18,WPŁ (W),0,0,0,0,0,0,0,False
1169,Mateusz Skrzypczak,Lech Poznań,Obrońca,1%,1.8,,18,CRA (W),0,0,0,0,0,0,0,False
1192,Erik Janža,Górnik Zabrze,Obrońca,10%,2.2,,1,ŚLA (D),90,0,0,0,0,0,3,True
1192,Erik Janža,Górnik Zabrze,Obrońca,10%,2.2,,3,RAD (W),0,0,0,0,0,0,0,False
1192,Erik Janža,Górnik Zabrze,Obrońca,10%,2.2,,4,WIS (D),12,0,0,0,0,0,2,True
1192,Erik Janža,Górnik Zabrze,Obrońca,10%,2.2,,6,RCZ (W),90,0,1,0,0,0,7,True
1192,Erik Janža,Górnik Zabrze,Obrońca,10%,2.2,,6,GKS (D),90,0,0,0,0,0,0,True
1192,Erik Janža,Górnik Zabrze,Obrońca,10%,2.2,,7,CRA (W),90,0,0,0,0,0,6,True
1192,Erik Janža,Górnik Zabrze,Obrońca,10%,2.2,,8,KOR (W),0,0,0,0,0,0,0,False
1192,Erik Janža,Górnik Zabrze,Obrońca,10%,2.2,,8,LPO (D),0,0,0,0,0,0,0,False
1192,Erik Janža,Górnik Zabrze,Obrońca,10%,2.2,,9,MOT (W),0,0,0,0,0,0,0,False
1192,Erik Janža,Górnik Zabrze,Obrońca,10%,2.2,,10,JAG (W),0,0,0,0,0,0,0,False
1192,Erik Janža,Górnik Zabrze,Obrońca,10%,2.2,,11,PIA (D),0,0,0,0,0,0,0,False
1192,Erik Janža,Górnik Zabrze,Obrońca,10%,2.2,,12,WID (W),0,0,0,0,0,0,0,False
1192,Erik Janža,Górnik Zabrze,Obrońca,10%,2.2,,13,LEG (D),0,0,0,0,0,0,0,False
1192,Erik Janža,Górnik Zabrze,Obrońca,10%,2.2,,14,WIE (D),0,0,0,0,0,0,0,False
1192,Erik Janža,Górnik Zabrze,Obrońca,10%,2.2,,15,ZAG (W),0,0,0,0,0,0,0,False
1192,Erik Janža,Górnik Zabrze,Obrońca,10%,2.2,,16,WPŁ (D),0,0,0,0,0,0,0,False
1192,Erik Janža,Górnik Zabrze,Obrońca,10%,2.2,,17,POG (W),0,0,0,0,0,0,0,False
1192,Erik Janža,Górnik Zabrze,Obrońca,10%,2.2,,18,ŚLA (W),0,0,0,0,0,0,0,False
1225,Jan Grzesik,Radomiak Radom,Obrońca,23%,1.9,,1,WIE (D),90,1,1,0,0,0,14,True
1225,Jan Grzesik,Radomiak Radom,Obrońca,23%,1.9,,2,GKS (W),90,0,0,0,0,0,0,True
1225,Jan Grzesik,Radomiak Radom,Obrońca,23%,1.9,,3,GÓR (D),90,0,0,0,0,0,0,True
1225,Jan Grzesik,Radomiak Radom,Obrońca,23%,1.9,,4,LEG (W),90,0,0,0,0,0,-2,True
1225,Jan Grzesik,Radomiak Radom,Obrońca,23%,1.9,,5,ZAG (D),90,0,0,0,0,0,5,True
1225,Jan Grzesik,Radomiak Radom,Obrońca,23%,1.9,,6,CRA (D),90,0,0,0,0,0,3,True
1225,Jan Grzesik,Radomiak Radom,Obrońca,23%,1.9,,7,WID (W),90,0,0,0,0,0,5,True
1225,Jan Grzesik,Radomiak Radom,Obrońca,23%,1.9,,8,PIA (D),0,0,0,0,0,0,0,False
1225,Jan Grzesik,Radomiak Radom,Obrońca,23%,1.9,,9,LPO (W),0,0,0,0,0,0,0,False
1225,Jan Grzesik,Radomiak Radom,Obrońca,23%,1.9,,10,MOT (D),0,0,0,0,0,0,0,False
1225,Jan Grzesik,Radomiak Radom,Obrońca,23%,1.9,,11,WPŁ (W),0,0,0,0,0,0,0,False
1225,Jan Grzesik,Radomiak Radom,Obrońca,23%,1.9,,12,POG (W),0,0,0,0,0,0,0,False
1225,Jan Grzesik,Radomiak Radom,Obrońca,23%,1.9,,13,ŚLA (D),0,0,0,0,0,0,0,False
1225,Jan Grzesik,Radomiak Radom,Obrońca,23%,1.9,,14,KOR (W),0,0,0,0,0,0,0,False
1225,Jan Grzesik,Radomiak Radom,Obrońca,23%,1.9,,15,WIS (D),0,0,0,0,0,0,0,False
1225,Jan Grzesik,Radomiak Radom,Obrońca,23%,1.9,,16,JAG (W),0,0,0,0,0,0,0,False
1225,Jan Grzesik,Radomiak Radom,Obrońca,23%,1.9,,17,RCZ (D),0,0,0,0,0,0,0,False
1225,Jan Grzesik,Radomiak Radom,Obrońca,23%,1.9,,18,WIE (W),0,0,0,0,0,0,0,False
1280,Damian Michalski,Zagłębie Lubin,Obrońca,1%,1.8,,1,PIA (D),90,0,0,0,0,0,6,True
1280,Damian Michalski,Zagłębie Lubin,Obrońca,1%,1.8,,2,LEG (W),90,0,0,0,0,0,0,True
1280,Damian Michalski,Zagłębie Lubin,Obrońca,1%,1.8,,4,ŚLA (D),1,0,0,0,0,0,2,True
1280,Damian Michalski,Zagłębie Lubin,Obrońca,1%,1.8,,5,RAD (W),90,0,0,0,0,0,5,True
1280,Damian Michalski,Zagłębie Lubin,Obrońca,1%,1.8,,6,POG (D),90,0,0,0,0,0,5,True
1280,Damian Michalski,Zagłębie Lubin,Obrońca,1%,1.8,,7,WIE (W),0,0,0,0,0,0,0,False
1280,Damian Michalski,Zagłębie Lubin,Obrońca,1%,1.8,,8,RCZ (W),0,0,0,0,0,0,0,False
1280,Damian Michalski,Zagłębie Lubin,Obrońca,1%,1.8,,8,GKS (D),0,0,0,0,0,0,0,False
1280,Damian Michalski,Zagłębie Lubin,Obrońca,1%,1.8,,9,WPŁ (D),0,0,0,0,0,0,0,False
1280,Damian Michalski,Zagłębie Lubin,Obrońca,1%,1.8,,10,CRA (W),0,0,0,0,0,0,0,False
1280,Damian Michalski,Zagłębie Lubin,Obrońca,1%,1.8,,11,JAG (D),0,0,0,0,0,0,0,False
1280,Damian Michalski,Zagłębie Lubin,Obrońca,1%,1.8,,12,MOT (W),0,0,0,0,0,0,0,False
1280,Damian Michalski,Zagłębie Lubin,Obrońca,1%,1.8,,13,KOR (D),0,0,0,0,0,0,0,False
1280,Damian Michalski,Zagłębie Lubin,Obrońca,1%,1.8,,14,LPO (W),0,0,0,0,0,0,0,False
1280,Damian Michalski,Zagłębie Lubin,Obrońca,1%,1.8,,15,GÓR (D),0,0,0,0,0,0,0,False
1280,Damian Michalski,Zagłębie Lubin,Obrońca,1%,1.8,,16,WID (W),0,0,0,0,0,0,0,False
1280,Damian Michalski,Zagłębie Lubin,Obrońca,1%,1.8,,17,WIS (D),0,0,0,0,0,0,0,False
1280,Damian Michalski,Zagłębie Lubin,Obrońca,1%,1.8,,18,PIA (W),0,0,0,0,0,0,0,False
1299,Jean Carlos Silva,Raków Częstochowa,Obrońca,10%,2.1,,1,WPŁ (D),90,0,0,0,0,0,3,True
1299,Jean Carlos Silva,Raków Częstochowa,Obrońca,10%,2.1,,2,ŚLA (W),90,0,1,0,0,0,5,True
1299,Jean Carlos Silva,Raków Częstochowa,Obrońca,10%,2.1,,4,CRA (W),90,0,0,0,0,0,-1,True
1299,Jean Carlos Silva,Raków Częstochowa,Obrońca,10%,2.1,,6,GÓR (D),54,0,0,0,0,0,1,True
1299,Jean Carlos Silva,Raków Częstochowa,Obrońca,10%,2.1,,6,JAG (D),45,0,0,0,0,0,-1,True
1299,Jean Carlos Silva,Raków Częstochowa,Obrońca,10%,2.1,,7,LPO (W),90,0,0,0,0,0,2,True
1299,Jean Carlos Silva,Raków Częstochowa,Obrońca,10%,2.1,,8,ZAG (D),0,0,0,0,0,0,0,False
1299,Jean Carlos Silva,Raków Częstochowa,Obrońca,10%,2.1,,8,MOT (D),0,0,0,0,0,0,0,False
1299,Jean Carlos Silva,Raków Częstochowa,Obrońca,10%,2.1,,9,KOR (W),0,0,0,0,0,0,0,False
1299,Jean Carlos Silva,Raków Częstochowa,Obrońca,10%,2.1,,10,GKS (D),0,0,0,0,0,0,0,False
1299,Jean Carlos Silva,Raków Częstochowa,Obrońca,10%,2.1,,11,WIE (W),0,0,0,0,0,0,0,False
1299,Jean Carlos Silva,Raków Częstochowa,Obrońca,10%,2.1,,12,WIS (W),0,0,0,0,0,0,0,False
1299,Jean Carlos Silva,Raków Częstochowa,Obrońca,10%,2.1,,13,POG (D),0,0,0,0,0,0,0,False
1299,Jean Carlos Silva,Raków Częstochowa,Obrońca,10%,2.1,,14,LEG (W),0,0,0,0,0,0,0,False
1299,Jean Carlos Silva,Raków Częstochowa,Obrońca,10%,2.1,,15,WID (D),0,0,0,0,0,0,0,False
1299,Jean Carlos Silva,Raków Częstochowa,Obrońca,10%,2.1,,16,PIA (D),0,0,0,0,0,0,0,False
1299,Jean Carlos Silva,Raków Częstochowa,Obrońca,10%,2.1,,17,RAD (W),0,0,0,0,0,0,0,False
1299,Jean Carlos Silva,Raków Częstochowa,Obrońca,10%,2.1,,18,WPŁ (W),0,0,0,0,0,0,0,False
1319,Paweł Wszołek,Legia Warszawa,Obrońca,40%,2.2,,1,POG (W),90,0,1,0,0,0,11,True
1319,Paweł Wszołek,Legia Warszawa,Obrońca,40%,2.2,,2,ZAG (D),90,0,1,0,0,0,7,True
1319,Paweł Wszołek,Legia Warszawa,Obrońca,40%,2.2,,3,KOR (W),87,0,0,0,0,0,2,True
1319,Paweł Wszołek,Legia Warszawa,Obrońca,40%,2.2,,4,RAD (D),82,0,2,0,0,0,15,True
1319,Paweł Wszołek,Legia Warszawa,Obrońca,40%,2.2,,5,PIA (W),57,0,0,0,0,0,2,True
1319,Paweł Wszołek,Legia Warszawa,Obrońca,40%,2.2,,6,ŚLA (D),90,0,1,0,1,0,5,True
1319,Paweł Wszołek,Legia Warszawa,Obrońca,40%,2.2,,7,MOT (W),0,0,0,0,0,0,0,False
1319,Paweł Wszołek,Legia Warszawa,Obrońca,40%,2.2,,8,WID (D),0,0,0,0,0,0,0,False
1319,Paweł Wszołek,Legia Warszawa,Obrońca,40%,2.2,,9,JAG (W),0,0,0,0,0,0,0,False
1319,Paweł Wszołek,Legia Warszawa,Obrońca,40%,2.2,,10,WIS (D),0,0,0,0,0,0,0,False
1319,Paweł Wszołek,Legia Warszawa,Obrońca,40%,2.2,,11,CRA (W),0,0,0,0,0,0,0,False
1319,Paweł Wszołek,Legia Warszawa,Obrońca,40%,2.2,,12,LPO (D),0,0,0,0,0,0,0,False
1319,Paweł Wszołek,Legia Warszawa,Obrońca,40%,2.2,,13,GÓR (W),0,0,0,0,0,0,0,False
1319,Paweł Wszołek,Legia Warszawa,Obrońca,40%,2.2,,14,RCZ (D),0,0,0,0,0,0,0,False
1319,Paweł Wszołek,Legia Warszawa,Obrońca,40%,2.2,,15,WPŁ (W),0,0,0,0,0,0,0,False
1319,Paweł Wszołek,Legia Warszawa,Obrońca,40%,2.2,,16,WIE (D),0,0,0,0,0,0,0,False
1319,Paweł Wszołek,Legia Warszawa,Obrońca,40%,2.2,,17,GKS (W),0,0,0,0,0,0,0,False
1319,Paweł Wszołek,Legia Warszawa,Obrońca,40%,2.2,,18,POG (D),0,0,0,0,0,0,0,False
1327,Kacper Urbański,Górnik Zabrze,Pomocnik,25%,1.9,,1,ŚLA (D),90,0,0,1,0,0,5,True
1327,Kacper Urbański,Górnik Zabrze,Pomocnik,25%,1.9,,3,RAD (W),90,1,0,0,0,0,9,True
1327,Kacper Urbański,Górnik Zabrze,Pomocnik,25%,1.9,,4,WIS (D),78,0,0,0,0,0,3,True
1327,Kacper Urbański,Górnik Zabrze,Pomocnik,25%,1.9,,6,RCZ (W),90,0,0,0,1,0,2,True
1327,Kacper Urbański,Górnik Zabrze,Pomocnik,25%,1.9,,6,GKS (D),90,1,0,0,0,0,7,True
1327,Kacper Urbański,Górnik Zabrze,Pomocnik,25%,1.9,,7,CRA (W),89,1,0,0,0,0,9,True
1327,Kacper Urbański,Górnik Zabrze,Pomocnik,25%,1.9,,8,KOR (W),0,0,0,0,0,0,0,False
1327,Kacper Urbański,Górnik Zabrze,Pomocnik,25%,1.9,,8,LPO (D),0,0,0,0,0,0,0,False
1327,Kacper Urbański,Górnik Zabrze,Pomocnik,25%,1.9,,9,MOT (W),0,0,0,0,0,0,0,False
1327,Kacper Urbański,Górnik Zabrze,Pomocnik,25%,1.9,,10,JAG (W),0,0,0,0,0,0,0,False
1327,Kacper Urbański,Górnik Zabrze,Pomocnik,25%,1.9,,11,PIA (D),0,0,0,0,0,0,0,False
1327,Kacper Urbański,Górnik Zabrze,Pomocnik,25%,1.9,,12,WID (W),0,0,0,0,0,0,0,False
1327,Kacper Urbański,Górnik Zabrze,Pomocnik,25%,1.9,,13,LEG (D),0,0,0,0,0,0,0,False
1327,Kacper Urbański,Górnik Zabrze,Pomocnik,25%,1.9,,14,WIE (D),0,0,0,0,0,0,0,False
1327,Kacper Urbański,Górnik Zabrze,Pomocnik,25%,1.9,,15,ZAG (W),0,0,0,0,0,0,0,False
1327,Kacper Urbański,Górnik Zabrze,Pomocnik,25%,1.9,,16,WPŁ (D),0,0,0,0,0,0,0,False
1327,Kacper Urbański,Górnik Zabrze,Pomocnik,25%,1.9,,17,POG (W),0,0,0,0,0,0,0,False
1327,Kacper Urbański,Górnik Zabrze,Pomocnik,25%,1.9,,18,ŚLA (W),0,0,0,0,0,0,0,False
1341,Fran Tudor,Raków Częstochowa,Obrońca,4%,1.8,,1,WPŁ (D),90,0,0,0,1,0,0,True
1341,Fran Tudor,Raków Częstochowa,Obrońca,4%,1.8,,2,ŚLA (W),0,0,0,0,0,0,0,False
1341,Fran Tudor,Raków Częstochowa,Obrońca,4%,1.8,,4,CRA (W),0,0,0,0,0,0,0,False
1341,Fran Tudor,Raków Częstochowa,Obrońca,4%,1.8,,6,GÓR (D),90,0,0,0,1,0,0,True
1341,Fran Tudor,Raków Częstochowa,Obrońca,4%,1.8,,6,JAG (D),71,0,0,0,0,0,1,True
1341,Fran Tudor,Raków Częstochowa,Obrońca,4%,1.8,,7,LPO (W),79,0,0,0,1,0,1,True
1341,Fran Tudor,Raków Częstochowa,Obrońca,4%,1.8,,8,ZAG (D),0,0,0,0,0,0,0,False
1341,Fran Tudor,Raków Częstochowa,Obrońca,4%,1.8,,8,MOT (D),0,0,0,0,0,0,0,False
1341,Fran Tudor,Raków Częstochowa,Obrońca,4%,1.8,,9,KOR (W),0,0,0,0,0,0,0,False
1341,Fran Tudor,Raków Częstochowa,Obrońca,4%,1.8,,10,GKS (D),0,0,0,0,0,0,0,False
1341,Fran Tudor,Raków Częstochowa,Obrońca,4%,1.8,,11,WIE (W),0,0,0,0,0,0,0,False
1341,Fran Tudor,Raków Częstochowa,Obrońca,4%,1.8,,12,WIS (W),0,0,0,0,0,0,0,False
1341,Fran Tudor,Raków Częstochowa,Obrońca,4%,1.8,,13,POG (D),0,0,0,0,0,0,0,False
1341,Fran Tudor,Raków Częstochowa,Obrońca,4%,1.8,,14,LEG (W),0,0,0,0,0,0,0,False
1341,Fran Tudor,Raków Częstochowa,Obrońca,4%,1.8,,15,WID (D),0,0,0,0,0,0,0,False
1341,Fran Tudor,Raków Częstochowa,Obrońca,4%,1.8,,16,PIA (D),0,0,0,0,0,0,0,False
1341,Fran Tudor,Raków Częstochowa,Obrońca,4%,1.8,,17,RAD (W),0,0,0,0,0,0,0,False
1341,Fran Tudor,Raków Częstochowa,Obrońca,4%,1.8,,18,WPŁ (W),0,0,0,0,0,0,0,False
1400,Xavier Dziekoński,Korona Kielce,Bramkarz,6%,2.0,,1,JAG (W),90,0,0,4,0,0,3,True
1400,Xavier Dziekoński,Korona Kielce,Bramkarz,6%,2.0,,3,LEG (D),90,0,0,0,0,0,2,True
1400,Xavier Dziekoński,Korona Kielce,Bramkarz,6%,2.0,,4,WID (W),90,0,0,3,0,0,4,True
1400,Xavier Dziekoński,Korona Kielce,Bramkarz,6%,2.0,,5,MOT (D),90,0,0,0,0,0,2,True
1400,Xavier Dziekoński,Korona Kielce,Bramkarz,6%,2.0,,6,WPŁ (W),90,0,0,4,0,0,7,True
1400,Xavier Dziekoński,Korona Kielce,Bramkarz,6%,2.0,,7,WIS (D),90,0,0,3,0,0,3,True
1400,Xavier Dziekoński,Korona Kielce,Bramkarz,6%,2.0,,8,GÓR (D),0,0,0,0,0,0,0,False
1400,Xavier Dziekoński,Korona Kielce,Bramkarz,6%,2.0,,8,ŚLA (W),0,0,0,0,0,0,0,False
1400,Xavier Dziekoński,Korona Kielce,Bramkarz,6%,2.0,,9,RCZ (D),0,0,0,0,0,0,0,False
1400,Xavier Dziekoński,Korona Kielce,Bramkarz,6%,2.0,,10,POG (W),0,0,0,0,0,0,0,False
1400,Xavier Dziekoński,Korona Kielce,Bramkarz,6%,2.0,,11,LPO (W),0,0,0,0,0,0,0,False
1400,Xavier Dziekoński,Korona Kielce,Bramkarz,6%,2.0,,12,GKS (D),0,0,0,0,0,0,0,False
1400,Xavier Dziekoński,Korona Kielce,Bramkarz,6%,2.0,,13,ZAG (W),0,0,0,0,0,0,0,False
1400,Xavier Dziekoński,Korona Kielce,Bramkarz,6%,2.0,,14,RAD (D),0,0,0,0,0,0,0,False
1400,Xavier Dziekoński,Korona Kielce,Bramkarz,6%,2.0,,15,PIA (W),0,0,0,0,0,0,0,False
1400,Xavier Dziekoński,Korona Kielce,Bramkarz,6%,2.0,,16,CRA (D),0,0,0,0,0,0,0,False
1400,Xavier Dziekoński,Korona Kielce,Bramkarz,6%,2.0,,17,WIE (W),0,0,0,0,0,0,0,False
1400,Xavier Dziekoński,Korona Kielce,Bramkarz,6%,2.0,,18,JAG (D),0,0,0,0,0,0,0,False
1407,Radosław Seweryś,Korona Kielce,Obrońca,1%,0.7,,1,JAG (W),0,0,0,0,0,0,0,False
1407,Radosław Seweryś,Korona Kielce,Obrońca,1%,0.7,,3,LEG (D),0,0,0,0,0,0,0,False
1407,Radosław Seweryś,Korona Kielce,Obrońca,1%,0.7,,4,WID (W),0,0,0,0,0,0,0,False
1407,Radosław Seweryś,Korona Kielce,Obrońca,1%,0.7,,5,MOT (D),0,0,0,0,0,0,0,False
1407,Radosław Seweryś,Korona Kielce,Obrońca,1%,0.7,,6,WPŁ (W),0,0,0,0,0,0,0,False
1407,Radosław Seweryś,Korona Kielce,Obrońca,1%,0.7,,7,WIS (D),0,0,0,0,0,0,0,False
1407,Radosław Seweryś,Korona Kielce,Obrońca,1%,0.7,,8,GÓR (D),0,0,0,0,0,0,0,False
1407,Radosław Seweryś,Korona Kielce,Obrońca,1%,0.7,,8,ŚLA (W),0,0,0,0,0,0,0,False
1407,Radosław Seweryś,Korona Kielce,Obrońca,1%,0.7,,9,RCZ (D),0,0,0,0,0,0,0,False
1407,Radosław Seweryś,Korona Kielce,Obrońca,1%,0.7,,10,POG (W),0,0,0,0,0,0,0,False
1407,Radosław Seweryś,Korona Kielce,Obrońca,1%,0.7,,11,LPO (W),0,0,0,0,0,0,0,False
1407,Radosław Seweryś,Korona Kielce,Obrońca,1%,0.7,,12,GKS (D),0,0,0,0,0,0,0,False
1407,Radosław Seweryś,Korona Kielce,Obrońca,1%,0.7,,13,ZAG (W),0,0,0,0,0,0,0,False
1407,Radosław Seweryś,Korona Kielce,Obrońca,1%,0.7,,14,RAD (D),0,0,0,0,0,0,0,False
1407,Radosław Seweryś,Korona Kielce,Obrońca,1%,0.7,,15,PIA (W),0,0,0,0,0,0,0,False
1407,Radosław Seweryś,Korona Kielce,Obrońca,1%,0.7,,16,CRA (D),0,0,0,0,0,0,0,False
1407,Radosław Seweryś,Korona Kielce,Obrońca,1%,0.7,,17,WIE (W),0,0,0,0,0,0,0,False
1407,Radosław Seweryś,Korona Kielce,Obrońca,1%,0.7,,18,JAG (D),0,0,0,0,0,0,0,False
1455,Aleks Ławniczak,Zagłębie Lubin,Obrońca,2%,1.7,,1,PIA (D),90,0,0,0,0,0,6,True
1455,Aleks Ławniczak,Zagłębie Lubin,Obrońca,2%,1.7,,2,LEG (W),90,0,0,1,0,0,2,True
1455,Aleks Ławniczak,Zagłębie Lubin,Obrońca,2%,1.7,,4,ŚLA (D),90,0,0,0,0,0,3,True
1455,Aleks Ławniczak,Zagłębie Lubin,Obrońca,2%,1.7,,5,RAD (W),90,0,0,0,0,0,5,True
1455,Aleks Ławniczak,Zagłębie Lubin,Obrońca,2%,1.7,,6,POG (D),90,0,0,0,0,0,5,True
1455,Aleks Ławniczak,Zagłębie Lubin,Obrońca,2%,1.7,,7,WIE (W),0,0,0,0,0,0,0,False
1455,Aleks Ławniczak,Zagłębie Lubin,Obrońca,2%,1.7,,8,RCZ (W),0,0,0,0,0,0,0,False
1455,Aleks Ławniczak,Zagłębie Lubin,Obrońca,2%,1.7,,8,GKS (D),0,0,0,0,0,0,0,False
1455,Aleks Ławniczak,Zagłębie Lubin,Obrońca,2%,1.7,,9,WPŁ (D),0,0,0,0,0,0,0,False
1455,Aleks Ławniczak,Zagłębie Lubin,Obrońca,2%,1.7,,10,CRA (W),0,0,0,0,0,0,0,False
1455,Aleks Ławniczak,Zagłębie Lubin,Obrońca,2%,1.7,,11,JAG (D),0,0,0,0,0,0,0,False
1455,Aleks Ławniczak,Zagłębie Lubin,Obrońca,2%,1.7,,12,MOT (W),0,0,0,0,0,0,0,False
1455,Aleks Ławniczak,Zagłębie Lubin,Obrońca,2%,1.7,,13,KOR (D),0,0,0,0,0,0,0,False
1455,Aleks Ławniczak,Zagłębie Lubin,Obrońca,2%,1.7,,14,LPO (W),0,0,0,0,0,0,0,False
1455,Aleks Ławniczak,Zagłębie Lubin,Obrońca,2%,1.7,,15,GÓR (D),0,0,0,0,0,0,0,False
1455,Aleks Ławniczak,Zagłębie Lubin,Obrońca,2%,1.7,,16,WID (W),0,0,0,0,0,0,0,False
1455,Aleks Ławniczak,Zagłębie Lubin,Obrońca,2%,1.7,,17,WIS (D),0,0,0,0,0,0,0,False
1455,Aleks Ławniczak,Zagłębie Lubin,Obrońca,2%,1.7,,18,PIA (W),0,0,0,0,0,0,0,False
1464,Kajetan Szmyt,Jagiellonia Białystok,Pomocnik,11%,2.1,,1,KOR (D),86,0,0,0,0,0,4,True
1464,Kajetan Szmyt,Jagiellonia Białystok,Pomocnik,11%,2.1,,2,MOT (W),87,0,1,0,0,0,6,True
1464,Kajetan Szmyt,Jagiellonia Białystok,Pomocnik,11%,2.1,,3,WID (D),90,0,0,0,0,0,2,True
1464,Kajetan Szmyt,Jagiellonia Białystok,Pomocnik,11%,2.1,,6,LPO (W),31,0,0,0,0,0,1,True
1464,Kajetan Szmyt,Jagiellonia Białystok,Pomocnik,11%,2.1,,6,RCZ (W),69,0,0,0,0,0,3,True
1464,Kajetan Szmyt,Jagiellonia Białystok,Pomocnik,11%,2.1,,7,ŚLA (D),0,0,0,0,0,0,0,False
1464,Kajetan Szmyt,Jagiellonia Białystok,Pomocnik,11%,2.1,,8,WIS (W),0,0,0,0,0,0,0,False
1464,Kajetan Szmyt,Jagiellonia Białystok,Pomocnik,11%,2.1,,9,LEG (D),0,0,0,0,0,0,0,False
1464,Kajetan Szmyt,Jagiellonia Białystok,Pomocnik,11%,2.1,,10,GÓR (D),0,0,0,0,0,0,0,False
1464,Kajetan Szmyt,Jagiellonia Białystok,Pomocnik,11%,2.1,,11,ZAG (W),0,0,0,0,0,0,0,False
1464,Kajetan Szmyt,Jagiellonia Białystok,Pomocnik,11%,2.1,,12,WPŁ (D),0,0,0,0,0,0,0,False
1464,Kajetan Szmyt,Jagiellonia Białystok,Pomocnik,11%,2.1,,13,WIE (W),0,0,0,0,0,0,0,False
1464,Kajetan Szmyt,Jagiellonia Białystok,Pomocnik,11%,2.1,,14,GKS (D),0,0,0,0,0,0,0,False
1464,Kajetan Szmyt,Jagiellonia Białystok,Pomocnik,11%,2.1,,15,CRA (W),0,0,0,0,0,0,0,False
1464,Kajetan Szmyt,Jagiellonia Białystok,Pomocnik,11%,2.1,,16,RAD (D),0,0,0,0,0,0,0,False
1464,Kajetan Szmyt,Jagiellonia Białystok,Pomocnik,11%,2.1,,17,PIA (W),0,0,0,0,0,0,0,False
1464,Kajetan Szmyt,Jagiellonia Białystok,Pomocnik,11%,2.1,,18,POG (D),0,0,0,0,0,0,0,False
1464,Kajetan Szmyt,Jagiellonia Białystok,Pomocnik,11%,2.1,,18,KOR (W),0,0,0,0,0,0,0,False
1490,Kacper Trelowski,Raków Częstochowa,Bramkarz,6%,1.8,,1,WPŁ (D),0,0,0,0,0,0,0,False
1490,Kacper Trelowski,Raków Częstochowa,Bramkarz,6%,1.8,,2,ŚLA (W),90,0,0,3,0,0,2,True
1490,Kacper Trelowski,Raków Częstochowa,Bramkarz,6%,1.8,,4,CRA (W),90,0,0,6,0,0,7,True
1490,Kacper Trelowski,Raków Częstochowa,Bramkarz,6%,1.8,,6,GÓR (D),90,0,0,0,0,0,1,True
1490,Kacper Trelowski,Raków Częstochowa,Bramkarz,6%,1.8,,6,JAG (D),90,0,0,6,0,0,0,True
1490,Kacper Trelowski,Raków Częstochowa,Bramkarz,6%,1.8,,7,LPO (W),90,0,0,5,0,0,3,True
1490,Kacper Trelowski,Raków Częstochowa,Bramkarz,6%,1.8,,8,ZAG (D),0,0,0,0,0,0,0,False
1490,Kacper Trelowski,Raków Częstochowa,Bramkarz,6%,1.8,,8,MOT (D),0,0,0,0,0,0,0,False
1490,Kacper Trelowski,Raków Częstochowa,Bramkarz,6%,1.8,,9,KOR (W),0,0,0,0,0,0,0,False
1490,Kacper Trelowski,Raków Częstochowa,Bramkarz,6%,1.8,,10,GKS (D),0,0,0,0,0,0,0,False
1490,Kacper Trelowski,Raków Częstochowa,Bramkarz,6%,1.8,,11,WIE (W),0,0,0,0,0,0,0,False
1490,Kacper Trelowski,Raków Częstochowa,Bramkarz,6%,1.8,,12,WIS (W),0,0,0,0,0,0,0,False
1490,Kacper Trelowski,Raków Częstochowa,Bramkarz,6%,1.8,,13,POG (D),0,0,0,0,0,0,0,False
1490,Kacper Trelowski,Raków Częstochowa,Bramkarz,6%,1.8,,14,LEG (W),0,0,0,0,0,0,0,False
1490,Kacper Trelowski,Raków Częstochowa,Bramkarz,6%,1.8,,15,WID (D),0,0,0,0,0,0,0,False
1490,Kacper Trelowski,Raków Częstochowa,Bramkarz,6%,1.8,,16,PIA (D),0,0,0,0,0,0,0,False
1490,Kacper Trelowski,Raków Częstochowa,Bramkarz,6%,1.8,,17,RAD (W),0,0,0,0,0,0,0,False
1490,Kacper Trelowski,Raków Częstochowa,Bramkarz,6%,1.8,,18,WPŁ (W),0,0,0,0,0,0,0,False
1507,Łukasz Zjawiński,Legia Warszawa,Napastnik,28%,2.2,,1,POG (W),81,0,0,0,0,0,3,True
1507,Łukasz Zjawiński,Legia Warszawa,Napastnik,28%,2.2,,2,ZAG (D),81,1,0,0,0,0,8,True
1507,Łukasz Zjawiński,Legia Warszawa,Napastnik,28%,2.2,,3,KOR (W),67,1,0,0,0,0,6,True
1507,Łukasz Zjawiński,Legia Warszawa,Napastnik,28%,2.2,,4,RAD (D),71,0,0,1,0,0,5,True
1507,Łukasz Zjawiński,Legia Warszawa,Napastnik,28%,2.2,,5,PIA (W),81,1,0,0,0,0,6,True
1507,Łukasz Zjawiński,Legia Warszawa,Napastnik,28%,2.2,,6,ŚLA (D),90,0,0,0,0,0,2,True
1507,Łukasz Zjawiński,Legia Warszawa,Napastnik,28%,2.2,,7,MOT (W),19,0,0,0,0,0,2,True
1507,Łukasz Zjawiński,Legia Warszawa,Napastnik,28%,2.2,,8,WID (D),0,0,0,0,0,0,0,False
1507,Łukasz Zjawiński,Legia Warszawa,Napastnik,28%,2.2,,9,JAG (W),0,0,0,0,0,0,0,False
1507,Łukasz Zjawiński,Legia Warszawa,Napastnik,28%,2.2,,10,WIS (D),0,0,0,0,0,0,0,False
1507,Łukasz Zjawiński,Legia Warszawa,Napastnik,28%,2.2,,11,CRA (W),0,0,0,0,0,0,0,False
1507,Łukasz Zjawiński,Legia Warszawa,Napastnik,28%,2.2,,12,LPO (D),0,0,0,0,0,0,0,False
1507,Łukasz Zjawiński,Legia Warszawa,Napastnik,28%,2.2,,13,GÓR (W),0,0,0,0,0,0,0,False
1507,Łukasz Zjawiński,Legia Warszawa,Napastnik,28%,2.2,,14,RCZ (D),0,0,0,0,0,0,0,False
1507,Łukasz Zjawiński,Legia Warszawa,Napastnik,28%,2.2,,15,WPŁ (W),0,0,0,0,0,0,0,False
1507,Łukasz Zjawiński,Legia Warszawa,Napastnik,28%,2.2,,16,WIE (D),0,0,0,0,0,0,0,False
1507,Łukasz Zjawiński,Legia Warszawa,Napastnik,28%,2.2,,17,GKS (W),0,0,0,0,0,0,0,False
1507,Łukasz Zjawiński,Legia Warszawa,Napastnik,28%,2.2,,18,POG (D),0,0,0,0,0,0,0,False
1521,Bartosz Kapustka,Legia Warszawa,Pomocnik,11%,1.9,,1,POG (W),81,0,0,0,0,0,4,True
1521,Bartosz Kapustka,Legia Warszawa,Pomocnik,11%,1.9,,2,ZAG (D),90,0,0,0,0,0,3,True
1521,Bartosz Kapustka,Legia Warszawa,Pomocnik,11%,1.9,,3,KOR (W),87,0,0,0,0,0,2,True
1521,Bartosz Kapustka,Legia Warszawa,Pomocnik,11%,1.9,,4,RAD (D),90,2,0,0,1,0,14,True
1521,Bartosz Kapustka,Legia Warszawa,Pomocnik,11%,1.9,,5,PIA (W),90,0,0,0,0,0,2,True
1521,Bartosz Kapustka,Legia Warszawa,Pomocnik,11%,1.9,,6,ŚLA (D),88,0,0,0,0,0,1,True
1521,Bartosz Kapustka,Legia Warszawa,Pomocnik,11%,1.9,,7,MOT (W),90,0,0,0,1,0,2,True
1521,Bartosz Kapustka,Legia Warszawa,Pomocnik,11%,1.9,,8,WID (D),0,0,0,0,0,0,0,False
1521,Bartosz Kapustka,Legia Warszawa,Pomocnik,11%,1.9,,9,JAG (W),0,0,0,0,0,0,0,False
1521,Bartosz Kapustka,Legia Warszawa,Pomocnik,11%,1.9,,10,WIS (D),0,0,0,0,0,0,0,False
1521,Bartosz Kapustka,Legia Warszawa,Pomocnik,11%,1.9,,11,CRA (W),0,0,0,0,0,0,0,False
1521,Bartosz Kapustka,Legia Warszawa,Pomocnik,11%,1.9,,12,LPO (D),0,0,0,0,0,0,0,False
1521,Bartosz Kapustka,Legia Warszawa,Pomocnik,11%,1.9,,13,GÓR (W),0,0,0,0,0,0,0,False
1521,Bartosz Kapustka,Legia Warszawa,Pomocnik,11%,1.9,,14,RCZ (D),0,0,0,0,0,0,0,False
1521,Bartosz Kapustka,Legia Warszawa,Pomocnik,11%,1.9,,15,WPŁ (W),0,0,0,0,0,0,0,False
1521,Bartosz Kapustka,Legia Warszawa,Pomocnik,11%,1.9,,16,WIE (D),0,0,0,0,0,0,0,False
1521,Bartosz Kapustka,Legia Warszawa,Pomocnik,11%,1.9,,17,GKS (W),0,0,0,0,0,0,0,False
1521,Bartosz Kapustka,Legia Warszawa,Pomocnik,11%,1.9,,18,POG (D),0,0,0,0,0,0,0,False
1529,Mariusz Fornalczyk,Widzew Łódź,Pomocnik,15%,1.9,,1,MOT (D),89,1,0,0,0,0,7,True
1529,Mariusz Fornalczyk,Widzew Łódź,Pomocnik,15%,1.9,,2,WPŁ (W),73,0,0,0,0,0,3,True
1529,Mariusz Fornalczyk,Widzew Łódź,Pomocnik,15%,1.9,,3,JAG (W),77,0,0,0,1,0,3,True
1529,Mariusz Fornalczyk,Widzew Łódź,Pomocnik,15%,1.9,,4,KOR (D),45,0,0,0,0,0,2,True
1529,Mariusz Fornalczyk,Widzew Łódź,Pomocnik,15%,1.9,,5,ŚLA (W),11,0,0,0,0,0,2,True
1529,Mariusz Fornalczyk,Widzew Łódź,Pomocnik,15%,1.9,,6,LPO (D),81,1,1,0,0,0,11,True
1529,Mariusz Fornalczyk,Widzew Łódź,Pomocnik,15%,1.9,,7,RAD (D),75,0,0,0,0,0,3,True
1529,Mariusz Fornalczyk,Widzew Łódź,Pomocnik,15%,1.9,,8,LEG (W),0,0,0,0,0,0,0,False
1529,Mariusz Fornalczyk,Widzew Łódź,Pomocnik,15%,1.9,,9,WIE (D),0,0,0,0,0,0,0,False
1529,Mariusz Fornalczyk,Widzew Łódź,Pomocnik,15%,1.9,,10,PIA (W),0,0,0,0,0,0,0,False
1529,Mariusz Fornalczyk,Widzew Łódź,Pomocnik,15%,1.9,,11,WIS (D),0,0,0,0,0,0,0,False
1529,Mariusz Fornalczyk,Widzew Łódź,Pomocnik,15%,1.9,,12,GÓR (D),0,0,0,0,0,0,0,False
1529,Mariusz Fornalczyk,Widzew Łódź,Pomocnik,15%,1.9,,13,GKS (W),0,0,0,0,0,0,0,False
1529,Mariusz Fornalczyk,Widzew Łódź,Pomocnik,15%,1.9,,14,POG (D),0,0,0,0,0,0,0,False
1529,Mariusz Fornalczyk,Widzew Łódź,Pomocnik,15%,1.9,,15,RCZ (W),0,0,0,0,0,0,0,False
1529,Mariusz Fornalczyk,Widzew Łódź,Pomocnik,15%,1.9,,16,ZAG (D),0,0,0,0,0,0,0,False
1529,Mariusz Fornalczyk,Widzew Łódź,Pomocnik,15%,1.9,,17,CRA (W),0,0,0,0,0,0,0,False
1529,Mariusz Fornalczyk,Widzew Łódź,Pomocnik,15%,1.9,,18,MOT (W),0,0,0,0,0,0,0,False
1540,Norbert Wojtuszek,Jagiellonia Białystok,Obrońca,18%,1.9,,1,KOR (D),90,0,0,0,0,0,6,True
1540,Norbert Wojtuszek,Jagiellonia Białystok,Obrońca,18%,1.9,,2,MOT (W),90,0,0,0,0,0,3,True
1540,Norbert Wojtuszek,Jagiellonia Białystok,Obrońca,18%,1.9,,3,WID (D),79,0,0,0,0,0,1,True
1540,Norbert Wojtuszek,Jagiellonia Białystok,Obrońca,18%,1.9,,6,LPO (W),90,0,0,0,0,0,1,True
1540,Norbert Wojtuszek,Jagiellonia Białystok,Obrońca,18%,1.9,,6,RCZ (W),90,0,0,0,0,0,2,True
1540,Norbert Wojtuszek,Jagiellonia Białystok,Obrońca,18%,1.9,,7,ŚLA (D),0,0,0,0,0,0,0,False
1540,Norbert Wojtuszek,Jagiellonia Białystok,Obrońca,18%,1.9,,8,WIS (W),0,0,0,0,0,0,0,False
1540,Norbert Wojtuszek,Jagiellonia Białystok,Obrońca,18%,1.9,,9,LEG (D),0,0,0,0,0,0,0,False
1540,Norbert Wojtuszek,Jagiellonia Białystok,Obrońca,18%,1.9,,10,GÓR (D),0,0,0,0,0,0,0,False
1540,Norbert Wojtuszek,Jagiellonia Białystok,Obrońca,18%,1.9,,11,ZAG (W),0,0,0,0,0,0,0,False
1540,Norbert Wojtuszek,Jagiellonia Białystok,Obrońca,18%,1.9,,12,WPŁ (D),0,0,0,0,0,0,0,False
1540,Norbert Wojtuszek,Jagiellonia Białystok,Obrońca,18%,1.9,,13,WIE (W),0,0,0,0,0,0,0,False
1540,Norbert Wojtuszek,Jagiellonia Białystok,Obrońca,18%,1.9,,14,GKS (D),0,0,0,0,0,0,0,False
1540,Norbert Wojtuszek,Jagiellonia Białystok,Obrońca,18%,1.9,,15,CRA (W),0,0,0,0,0,0,0,False
1540,Norbert Wojtuszek,Jagiellonia Białystok,Obrońca,18%,1.9,,16,RAD (D),0,0,0,0,0,0,0,False
1540,Norbert Wojtuszek,Jagiellonia Białystok,Obrońca,18%,1.9,,17,PIA (W),0,0,0,0,0,0,0,False
1540,Norbert Wojtuszek,Jagiellonia Białystok,Obrońca,18%,1.9,,18,POG (D),0,0,0,0,0,0,0,False
1540,Norbert Wojtuszek,Jagiellonia Białystok,Obrońca,18%,1.9,,18,KOR (W),0,0,0,0,0,0,0,False
1712,Joel Pereira,Lech Poznań,Obrońca,8%,2.1,,1,CRA (D),26,0,0,0,0,0,1,True
1712,Joel Pereira,Lech Poznań,Obrońca,8%,2.1,,2,WIE (W),90,0,0,0,1,0,2,True
1712,Joel Pereira,Lech Poznań,Obrońca,8%,2.1,,3,PIA (D),90,0,0,0,0,0,6,True
1712,Joel Pereira,Lech Poznań,Obrońca,8%,2.1,,6,JAG (D),90,0,1,0,0,0,7,True
1712,Joel Pereira,Lech Poznań,Obrońca,8%,2.1,,6,WID (W),90,0,0,0,0,0,2,True
1712,Joel Pereira,Lech Poznań,Obrońca,8%,2.1,,7,RCZ (D),90,0,0,0,0,0,6,True
1712,Joel Pereira,Lech Poznań,Obrońca,8%,2.1,,8,GÓR (W),0,0,0,0,0,0,0,False
1712,Joel Pereira,Lech Poznań,Obrońca,8%,2.1,,9,RAD (D),0,0,0,0,0,0,0,False
1712,Joel Pereira,Lech Poznań,Obrońca,8%,2.1,,10,ŚLA (W),0,0,0,0,0,0,0,False
1712,Joel Pereira,Lech Poznań,Obrońca,8%,2.1,,11,KOR (D),0,0,0,0,0,0,0,False
1712,Joel Pereira,Lech Poznań,Obrońca,8%,2.1,,12,LEG (W),0,0,0,0,0,0,0,False
1712,Joel Pereira,Lech Poznań,Obrońca,8%,2.1,,13,WIS (D),0,0,0,0,0,0,0,False
1712,Joel Pereira,Lech Poznań,Obrońca,8%,2.1,,14,ZAG (D),0,0,0,0,0,0,0,False
1712,Joel Pereira,Lech Poznań,Obrońca,8%,2.1,,15,GKS (W),0,0,0,0,0,0,0,False
1712,Joel Pereira,Lech Poznań,Obrońca,8%,2.1,,16,POG (D),0,0,0,0,0,0,0,False
1712,Joel Pereira,Lech Poznań,Obrońca,8%,2.1,,17,MOT (W),0,0,0,0,0,0,0,False
1712,Joel Pereira,Lech Poznań,Obrońca,8%,2.1,,18,WPŁ (W),0,0,0,0,0,0,0,False
1712,Joel Pereira,Lech Poznań,Obrońca,8%,2.1,,18,CRA (W),0,0,0,0,0,0,0,False
1725,Mahir Emreli,Raków Częstochowa,Napastnik,9%,2.3,,1,WPŁ (D),56,0,0,0,0,0,2,True
1725,Mahir Emreli,Raków Częstochowa,Napastnik,9%,2.3,,2,ŚLA (W),73,1,0,0,0,0,6,True
1725,Mahir Emreli,Raków Częstochowa,Napastnik,9%,2.3,,4,CRA (W),90,0,1,0,0,0,5,True
1725,Mahir Emreli,Raków Częstochowa,Napastnik,9%,2.3,,6,GÓR (D),90,1,0,0,0,0,6,True
1725,Mahir Emreli,Raków Częstochowa,Napastnik,9%,2.3,,6,JAG (D),90,1,0,0,0,0,6,True
1725,Mahir Emreli,Raków Częstochowa,Napastnik,9%,2.3,,7,LPO (W),90,0,0,0,1,0,1,True
1725,Mahir Emreli,Raków Częstochowa,Napastnik,9%,2.3,,8,ZAG (D),0,0,0,0,0,0,0,False
1725,Mahir Emreli,Raków Częstochowa,Napastnik,9%,2.3,,8,MOT (D),0,0,0,0,0,0,0,False
1725,Mahir Emreli,Raków Częstochowa,Napastnik,9%,2.3,,9,KOR (W),0,0,0,0,0,0,0,False
1725,Mahir Emreli,Raków Częstochowa,Napastnik,9%,2.3,,10,GKS (D),0,0,0,0,0,0,0,False
1725,Mahir Emreli,Raków Częstochowa,Napastnik,9%,2.3,,11,WIE (W),0,0,0,0,0,0,0,False
1725,Mahir Emreli,Raków Częstochowa,Napastnik,9%,2.3,,12,WIS (W),0,0,0,0,0,0,0,False
1725,Mahir Emreli,Raków Częstochowa,Napastnik,9%,2.3,,13,POG (D),0,0,0,0,0,0,0,False
1725,Mahir Emreli,Raków Częstochowa,Napastnik,9%,2.3,,14,LEG (W),0,0,0,0,0,0,0,False
1725,Mahir Emreli,Raków Częstochowa,Napastnik,9%,2.3,,15,WID (D),0,0,0,0,0,0,0,False
1725,Mahir Emreli,Raków Częstochowa,Napastnik,9%,2.3,,16,PIA (D),0,0,0,0,0,0,0,False
1725,Mahir Emreli,Raków Częstochowa,Napastnik,9%,2.3,,17,RAD (W),0,0,0,0,0,0,0,False
1725,Mahir Emreli,Raków Częstochowa,Napastnik,9%,2.3,,18,WPŁ (W),0,0,0,0,0,0,0,False
1795,Sławomir Abramowicz,Jagiellonia Białystok,Bramkarz,13%,2.0,,1,KOR (D),90,0,0,1,0,0,6,True
1795,Sławomir Abramowicz,Jagiellonia Białystok,Bramkarz,13%,2.0,,2,MOT (W),90,0,0,5,0,0,4,True
1795,Sławomir Abramowicz,Jagiellonia Białystok,Bramkarz,13%,2.0,,3,WID (D),90,0,0,1,0,0,1,True
1795,Sławomir Abramowicz,Jagiellonia Białystok,Bramkarz,13%,2.0,,6,LPO (W),90,0,0,4,0,0,2,True
1795,Sławomir Abramowicz,Jagiellonia Białystok,Bramkarz,13%,2.0,,6,RCZ (W),90,0,0,2,0,0,2,True
1795,Sławomir Abramowicz,Jagiellonia Białystok,Bramkarz,13%,2.0,,7,ŚLA (D),0,0,0,0,0,0,0,False
1795,Sławomir Abramowicz,Jagiellonia Białystok,Bramkarz,13%,2.0,,8,WIS (W),0,0,0,0,0,0,0,False
1795,Sławomir Abramowicz,Jagiellonia Białystok,Bramkarz,13%,2.0,,9,LEG (D),0,0,0,0,0,0,0,False
1795,Sławomir Abramowicz,Jagiellonia Białystok,Bramkarz,13%,2.0,,10,GÓR (D),0,0,0,0,0,0,0,False
1795,Sławomir Abramowicz,Jagiellonia Białystok,Bramkarz,13%,2.0,,11,ZAG (W),0,0,0,0,0,0,0,False
1795,Sławomir Abramowicz,Jagiellonia Białystok,Bramkarz,13%,2.0,,12,WPŁ (D),0,0,0,0,0,0,0,False
1795,Sławomir Abramowicz,Jagiellonia Białystok,Bramkarz,13%,2.0,,13,WIE (W),0,0,0,0,0,0,0,False
1795,Sławomir Abramowicz,Jagiellonia Białystok,Bramkarz,13%,2.0,,14,GKS (D),0,0,0,0,0,0,0,False
1795,Sławomir Abramowicz,Jagiellonia Białystok,Bramkarz,13%,2.0,,15,CRA (W),0,0,0,0,0,0,0,False
1795,Sławomir Abramowicz,Jagiellonia Białystok,Bramkarz,13%,2.0,,16,RAD (D),0,0,0,0,0,0,0,False
1795,Sławomir Abramowicz,Jagiellonia Białystok,Bramkarz,13%,2.0,,17,PIA (W),0,0,0,0,0,0,0,False
1795,Sławomir Abramowicz,Jagiellonia Białystok,Bramkarz,13%,2.0,,18,POG (D),0,0,0,0,0,0,0,False
1795,Sławomir Abramowicz,Jagiellonia Białystok,Bramkarz,13%,2.0,,18,KOR (W),0,0,0,0,0,0,0,False
1831,Antoni Mikułko,Wieczysta Kraków,Bramkarz,2%,1.7,,1,RAD (W),90,0,0,2,0,0,1,True
1831,Antoni Mikułko,Wieczysta Kraków,Bramkarz,2%,1.7,,2,LPO (D),90,0,0,5,0,0,2,True
1831,Antoni Mikułko,Wieczysta Kraków,Bramkarz,2%,1.7,,4,PIA (W),90,0,0,3,0,0,2,True
1831,Antoni Mikułko,Wieczysta Kraków,Bramkarz,2%,1.7,,5,CRA (W),90,0,0,3,0,0,1,True
1831,Antoni Mikułko,Wieczysta Kraków,Bramkarz,2%,1.7,,6,WIS (W),0,0,0,0,0,0,0,False
1831,Antoni Mikułko,Wieczysta Kraków,Bramkarz,2%,1.7,,7,ZAG (D),0,0,0,0,0,0,0,False
1831,Antoni Mikułko,Wieczysta Kraków,Bramkarz,2%,1.7,,8,POG (W),0,0,0,0,0,0,0,False
1831,Antoni Mikułko,Wieczysta Kraków,Bramkarz,2%,1.7,,9,WID (W),0,0,0,0,0,0,0,False
1831,Antoni Mikułko,Wieczysta Kraków,Bramkarz,2%,1.7,,10,GKS (W),0,0,0,0,0,0,0,False
1831,Antoni Mikułko,Wieczysta Kraków,Bramkarz,2%,1.7,,10,WPŁ (D),0,0,0,0,0,0,0,False
1831,Antoni Mikułko,Wieczysta Kraków,Bramkarz,2%,1.7,,11,RCZ (D),0,0,0,0,0,0,0,False
1831,Antoni Mikułko,Wieczysta Kraków,Bramkarz,2%,1.7,,12,ŚLA (W),0,0,0,0,0,0,0,False
1831,Antoni Mikułko,Wieczysta Kraków,Bramkarz,2%,1.7,,13,JAG (D),0,0,0,0,0,0,0,False
1831,Antoni Mikułko,Wieczysta Kraków,Bramkarz,2%,1.7,,14,GÓR (W),0,0,0,0,0,0,0,False
1831,Antoni Mikułko,Wieczysta Kraków,Bramkarz,2%,1.7,,15,MOT (D),0,0,0,0,0,0,0,False
1831,Antoni Mikułko,Wieczysta Kraków,Bramkarz,2%,1.7,,16,LEG (W),0,0,0,0,0,0,0,False
1831,Antoni Mikułko,Wieczysta Kraków,Bramkarz,2%,1.7,,17,KOR (D),0,0,0,0,0,0,0,False
1831,Antoni Mikułko,Wieczysta Kraków,Bramkarz,2%,1.7,,18,RAD (D),0,0,0,0,0,0,0,False
1853,Bogdan Racovițan,Raków Częstochowa,Obrońca,2%,1.8,,1,WPŁ (D),90,0,0,0,0,0,1,True
1853,Bogdan Racovițan,Raków Częstochowa,Obrońca,2%,1.8,,2,ŚLA (W),90,0,0,0,1,0,0,True
1853,Bogdan Racovițan,Raków Częstochowa,Obrońca,2%,1.8,,4,CRA (W),90,0,0,0,0,0,1,True
1853,Bogdan Racovițan,Raków Częstochowa,Obrońca,2%,1.8,,6,GÓR (D),90,0,0,0,0,0,1,True
1853,Bogdan Racovițan,Raków Częstochowa,Obrońca,2%,1.8,,6,JAG (D),90,0,0,0,0,0,-2,True
1853,Bogdan Racovițan,Raków Częstochowa,Obrońca,2%,1.8,,7,LPO (W),90,0,0,0,0,0,2,True
1853,Bogdan Racovițan,Raków Częstochowa,Obrońca,2%,1.8,,8,ZAG (D),0,0,0,0,0,0,0,False
1853,Bogdan Racovițan,Raków Częstochowa,Obrońca,2%,1.8,,8,MOT (D),0,0,0,0,0,0,0,False
1853,Bogdan Racovițan,Raków Częstochowa,Obrońca,2%,1.8,,9,KOR (W),0,0,0,0,0,0,0,False
1853,Bogdan Racovițan,Raków Częstochowa,Obrońca,2%,1.8,,10,GKS (D),0,0,0,0,0,0,0,False
1853,Bogdan Racovițan,Raków Częstochowa,Obrońca,2%,1.8,,11,WIE (W),0,0,0,0,0,0,0,False
1853,Bogdan Racovițan,Raków Częstochowa,Obrońca,2%,1.8,,12,WIS (W),0,0,0,0,0,0,0,False
1853,Bogdan Racovițan,Raków Częstochowa,Obrońca,2%,1.8,,13,POG (D),0,0,0,0,0,0,0,False
1853,Bogdan Racovițan,Raków Częstochowa,Obrońca,2%,1.8,,14,LEG (W),0,0,0,0,0,0,0,False
1853,Bogdan Racovițan,Raków Częstochowa,Obrońca,2%,1.8,,15,WID (D),0,0,0,0,0,0,0,False
1853,Bogdan Racovițan,Raków Częstochowa,Obrońca,2%,1.8,,16,PIA (D),0,0,0,0,0,0,0,False
1853,Bogdan Racovițan,Raków Częstochowa,Obrońca,2%,1.8,,17,RAD (W),0,0,0,0,0,0,0,False
1853,Bogdan Racovițan,Raków Częstochowa,Obrońca,2%,1.8,,18,WPŁ (W),0,0,0,0,0,0,0,False
1880,Ilja Szkurin,GKS Katowice,Napastnik,20%,2.3,,1,WIS (W),61,0,0,0,0,0,2,True
1880,Ilja Szkurin,GKS Katowice,Napastnik,20%,2.3,,2,RAD (D),89,1,1,0,0,0,11,True
1880,Ilja Szkurin,GKS Katowice,Napastnik,20%,2.3,,4,MOT (W),90,0,0,0,0,0,2,True
1880,Ilja Szkurin,GKS Katowice,Napastnik,20%,2.3,,5,WPŁ (D),82,1,0,0,0,0,9,True
1880,Ilja Szkurin,GKS Katowice,Napastnik,20%,2.3,,6,GÓR (W),90,3,0,0,0,0,16,True
1880,Ilja Szkurin,GKS Katowice,Napastnik,20%,2.3,,7,PIA (W),90,0,0,0,0,0,2,True
1880,Ilja Szkurin,GKS Katowice,Napastnik,20%,2.3,,8,ZAG (W),0,0,0,0,0,0,0,False
1880,Ilja Szkurin,GKS Katowice,Napastnik,20%,2.3,,9,CRA (D),0,0,0,0,0,0,0,False
1880,Ilja Szkurin,GKS Katowice,Napastnik,20%,2.3,,10,WIE (D),0,0,0,0,0,0,0,False
1880,Ilja Szkurin,GKS Katowice,Napastnik,20%,2.3,,10,RCZ (W),0,0,0,0,0,0,0,False
1880,Ilja Szkurin,GKS Katowice,Napastnik,20%,2.3,,11,POG (D),0,0,0,0,0,0,0,False
1880,Ilja Szkurin,GKS Katowice,Napastnik,20%,2.3,,12,KOR (W),0,0,0,0,0,0,0,False
1880,Ilja Szkurin,GKS Katowice,Napastnik,20%,2.3,,13,WID (D),0,0,0,0,0,0,0,False
1880,Ilja Szkurin,GKS Katowice,Napastnik,20%,2.3,,14,JAG (W),0,0,0,0,0,0,0,False
1880,Ilja Szkurin,GKS Katowice,Napastnik,20%,2.3,,15,LPO (D),0,0,0,0,0,0,0,False
1880,Ilja Szkurin,GKS Katowice,Napastnik,20%,2.3,,16,ŚLA (W),0,0,0,0,0,0,0,False
1880,Ilja Szkurin,GKS Katowice,Napastnik,20%,2.3,,17,LEG (D),0,0,0,0,0,0,0,False
1880,Ilja Szkurin,GKS Katowice,Napastnik,20%,2.3,,18,WIS (D),0,0,0,0,0,0,0,False
1909,Rafał Adamski,Legia Warszawa,Napastnik,8%,2.0,,1,POG (W),0,0,0,0,0,0,0,False
1909,Rafał Adamski,Legia Warszawa,Napastnik,8%,2.0,,2,ZAG (D),21,1,0,0,0,0,6,True
1909,Rafał Adamski,Legia Warszawa,Napastnik,8%,2.0,,3,KOR (W),90,0,0,0,1,0,1,True
1909,Rafał Adamski,Legia Warszawa,Napastnik,8%,2.0,,4,RAD (D),56,1,0,0,0,0,7,True
1909,Rafał Adamski,Legia Warszawa,Napastnik,8%,2.0,,5,PIA (W),90,0,0,0,0,0,2,True
1909,Rafał Adamski,Legia Warszawa,Napastnik,8%,2.0,,6,ŚLA (D),13,1,0,0,0,0,5,True
1909,Rafał Adamski,Legia Warszawa,Napastnik,8%,2.0,,7,MOT (W),24,0,0,0,1,0,1,True
1909,Rafał Adamski,Legia Warszawa,Napastnik,8%,2.0,,8,WID (D),0,0,0,0,0,0,0,False
1909,Rafał Adamski,Legia Warszawa,Napastnik,8%,2.0,,9,JAG (W),0,0,0,0,0,0,0,False
1909,Rafał Adamski,Legia Warszawa,Napastnik,8%,2.0,,10,WIS (D),0,0,0,0,0,0,0,False
1909,Rafał Adamski,Legia Warszawa,Napastnik,8%,2.0,,11,CRA (W),0,0,0,0,0,0,0,False
1909,Rafał Adamski,Legia Warszawa,Napastnik,8%,2.0,,12,LPO (D),0,0,0,0,0,0,0,False
1909,Rafał Adamski,Legia Warszawa,Napastnik,8%,2.0,,13,GÓR (W),0,0,0,0,0,0,0,False
1909,Rafał Adamski,Legia Warszawa,Napastnik,8%,2.0,,14,RCZ (D),0,0,0,0,0,0,0,False
1909,Rafał Adamski,Legia Warszawa,Napastnik,8%,2.0,,15,WPŁ (W),0,0,0,0,0,0,0,False
1909,Rafał Adamski,Legia Warszawa,Napastnik,8%,2.0,,16,WIE (D),0,0,0,0,0,0,0,False
1909,Rafał Adamski,Legia Warszawa,Napastnik,8%,2.0,,17,GKS (W),0,0,0,0,0,0,0,False
1909,Rafał Adamski,Legia Warszawa,Napastnik,8%,2.0,,18,POG (D),0,0,0,0,0,0,0,False
1925,Gabriel Kobylak,GKS Katowice,Bramkarz,2%,1.7,,1,WIS (W),90,0,0,1,0,0,1,True
1925,Gabriel Kobylak,GKS Katowice,Bramkarz,2%,1.7,,2,RAD (D),90,0,0,1,0,0,3,True
1925,Gabriel Kobylak,GKS Katowice,Bramkarz,2%,1.7,,4,MOT (W),90,0,0,4,0,0,3,True
1925,Gabriel Kobylak,GKS Katowice,Bramkarz,2%,1.7,,5,WPŁ (D),90,0,0,5,0,0,7,True
1925,Gabriel Kobylak,GKS Katowice,Bramkarz,2%,1.7,,6,GÓR (W),90,0,0,3,0,0,3,True
1925,Gabriel Kobylak,GKS Katowice,Bramkarz,2%,1.7,,7,PIA (W),90,0,0,4,0,0,1,True
1925,Gabriel Kobylak,GKS Katowice,Bramkarz,2%,1.7,,8,ZAG (W),0,0,0,0,0,0,0,False
1925,Gabriel Kobylak,GKS Katowice,Bramkarz,2%,1.7,,9,CRA (D),0,0,0,0,0,0,0,False
1925,Gabriel Kobylak,GKS Katowice,Bramkarz,2%,1.7,,10,WIE (D),0,0,0,0,0,0,0,False
1925,Gabriel Kobylak,GKS Katowice,Bramkarz,2%,1.7,,10,RCZ (W),0,0,0,0,0,0,0,False
1925,Gabriel Kobylak,GKS Katowice,Bramkarz,2%,1.7,,11,POG (D),0,0,0,0,0,0,0,False
1925,Gabriel Kobylak,GKS Katowice,Bramkarz,2%,1.7,,12,KOR (W),0,0,0,0,0,0,0,False
1925,Gabriel Kobylak,GKS Katowice,Bramkarz,2%,1.7,,13,WID (D),0,0,0,0,0,0,0,False
1925,Gabriel Kobylak,GKS Katowice,Bramkarz,2%,1.7,,14,JAG (W),0,0,0,0,0,0,0,False
1925,Gabriel Kobylak,GKS Katowice,Bramkarz,2%,1.7,,15,LPO (D),0,0,0,0,0,0,0,False
1925,Gabriel Kobylak,GKS Katowice,Bramkarz,2%,1.7,,16,ŚLA (W),0,0,0,0,0,0,0,False
1925,Gabriel Kobylak,GKS Katowice,Bramkarz,2%,1.7,,17,LEG (D),0,0,0,0,0,0,0,False
1925,Gabriel Kobylak,GKS Katowice,Bramkarz,2%,1.7,,18,WIS (D),0,0,0,0,0,0,0,False
1928,Stratos Svarnas,Raków Częstochowa,Obrońca,2%,2.1,,1,WPŁ (D),24,0,0,0,0,0,2,True
1928,Stratos Svarnas,Raków Częstochowa,Obrońca,2%,2.1,,2,ŚLA (W),0,0,0,0,0,0,0,False
1928,Stratos Svarnas,Raków Częstochowa,Obrońca,2%,2.1,,4,CRA (W),0,0,0,0,0,0,0,False
1928,Stratos Svarnas,Raków Częstochowa,Obrońca,2%,2.1,,6,GÓR (D),45,0,0,0,0,0,1,True
1928,Stratos Svarnas,Raków Częstochowa,Obrońca,2%,2.1,,6,JAG (D),0,0,0,0,0,0,0,False
1928,Stratos Svarnas,Raków Częstochowa,Obrońca,2%,2.1,,7,LPO (W),76,0,0,0,0,0,2,True
1928,Stratos Svarnas,Raków Częstochowa,Obrońca,2%,2.1,,8,ZAG (D),0,0,0,0,0,0,0,False
1928,Stratos Svarnas,Raków Częstochowa,Obrońca,2%,2.1,,8,MOT (D),0,0,0,0,0,0,0,False
1928,Stratos Svarnas,Raków Częstochowa,Obrońca,2%,2.1,,9,KOR (W),0,0,0,0,0,0,0,False
1928,Stratos Svarnas,Raków Częstochowa,Obrońca,2%,2.1,,10,GKS (D),0,0,0,0,0,0,0,False
1928,Stratos Svarnas,Raków Częstochowa,Obrońca,2%,2.1,,11,WIE (W),0,0,0,0,0,0,0,False
1928,Stratos Svarnas,Raków Częstochowa,Obrońca,2%,2.1,,12,WIS (W),0,0,0,0,0,0,0,False
1928,Stratos Svarnas,Raków Częstochowa,Obrońca,2%,2.1,,13,POG (D),0,0,0,0,0,0,0,False
1928,Stratos Svarnas,Raków Częstochowa,Obrońca,2%,2.1,,14,LEG (W),0,0,0,0,0,0,0,False
1928,Stratos Svarnas,Raków Częstochowa,Obrońca,2%,2.1,,15,WID (D),0,0,0,0,0,0,0,False
1928,Stratos Svarnas,Raków Częstochowa,Obrońca,2%,2.1,,16,PIA (D),0,0,0,0,0,0,0,False
1928,Stratos Svarnas,Raków Częstochowa,Obrońca,2%,2.1,,17,RAD (W),0,0,0,0,0,0,0,False
1928,Stratos Svarnas,Raków Częstochowa,Obrońca,2%,2.1,,18,WPŁ (W),0,0,0,0,0,0,0,False
1931,Steve Kapuadi,Widzew Łódź,Obrońca,8%,1.9,,1,MOT (D),0,0,0,0,0,0,0,False
1931,Steve Kapuadi,Widzew Łódź,Obrońca,8%,1.9,,2,WPŁ (W),90,0,0,0,0,0,5,True
1931,Steve Kapuadi,Widzew Łódź,Obrońca,8%,1.9,,3,JAG (W),90,0,0,0,1,0,5,True
1931,Steve Kapuadi,Widzew Łódź,Obrońca,8%,1.9,,4,KOR (D),90,1,0,0,0,0,7,True
1931,Steve Kapuadi,Widzew Łódź,Obrońca,8%,1.9,,5,ŚLA (W),90,0,0,0,1,0,-4,True
1931,Steve Kapuadi,Widzew Łódź,Obrońca,8%,1.9,,6,LPO (D),90,0,1,0,0,0,4,True
1931,Steve Kapuadi,Widzew Łódź,Obrońca,8%,1.9,,7,RAD (D),90,0,0,0,0,0,5,True
1931,Steve Kapuadi,Widzew Łódź,Obrońca,8%,1.9,,8,LEG (W),0,0,0,0,0,0,0,False
1931,Steve Kapuadi,Widzew Łódź,Obrońca,8%,1.9,,9,WIE (D),0,0,0,0,0,0,0,False
1931,Steve Kapuadi,Widzew Łódź,Obrońca,8%,1.9,,10,PIA (W),0,0,0,0,0,0,0,False
1931,Steve Kapuadi,Widzew Łódź,Obrońca,8%,1.9,,11,WIS (D),0,0,0,0,0,0,0,False
1931,Steve Kapuadi,Widzew Łódź,Obrońca,8%,1.9,,12,GÓR (D),0,0,0,0,0,0,0,False
1931,Steve Kapuadi,Widzew Łódź,Obrońca,8%,1.9,,13,GKS (W),0,0,0,0,0,0,0,False
1931,Steve Kapuadi,Widzew Łódź,Obrońca,8%,1.9,,14,POG (D),0,0,0,0,0,0,0,False
1931,Steve Kapuadi,Widzew Łódź,Obrońca,8%,1.9,,15,RCZ (W),0,0,0,0,0,0,0,False
1931,Steve Kapuadi,Widzew Łódź,Obrońca,8%,1.9,,16,ZAG (D),0,0,0,0,0,0,0,False
1931,Steve Kapuadi,Widzew Łódź,Obrońca,8%,1.9,,17,CRA (W),0,0,0,0,0,0,0,False
1931,Steve Kapuadi,Widzew Łódź,Obrońca,8%,1.9,,18,MOT (W),0,0,0,0,0,0,0,False
1987,Jordi Sánchez,Wisła Kraków,Napastnik,45%,2.0,,1,GKS (D),67,1,0,0,0,0,8,True
1987,Jordi Sánchez,Wisła Kraków,Napastnik,45%,2.0,,2,PIA (W),90,2,0,0,0,0,11,True
1987,Jordi Sánchez,Wisła Kraków,Napastnik,45%,2.0,,3,WPŁ (D),90,1,0,0,0,0,8,True
1987,Jordi Sánchez,Wisła Kraków,Napastnik,45%,2.0,,4,GÓR (W),90,1,0,0,0,0,6,True
1987,Jordi Sánchez,Wisła Kraków,Napastnik,45%,2.0,,5,POG (W),81,0,0,0,1,0,1,True
1987,Jordi Sánchez,Wisła Kraków,Napastnik,45%,2.0,,6,WIE (D),73,1,0,0,0,0,8,True
1987,Jordi Sánchez,Wisła Kraków,Napastnik,45%,2.0,,7,KOR (W),90,0,1,0,1,0,4,True
1987,Jordi Sánchez,Wisła Kraków,Napastnik,45%,2.0,,8,JAG (D),0,0,0,0,0,0,0,False
1987,Jordi Sánchez,Wisła Kraków,Napastnik,45%,2.0,,9,ŚLA (D),0,0,0,0,0,0,0,False
1987,Jordi Sánchez,Wisła Kraków,Napastnik,45%,2.0,,10,LEG (W),0,0,0,0,0,0,0,False
1987,Jordi Sánchez,Wisła Kraków,Napastnik,45%,2.0,,11,WID (W),0,0,0,0,0,0,0,False
1987,Jordi Sánchez,Wisła Kraków,Napastnik,45%,2.0,,12,RCZ (D),0,0,0,0,0,0,0,False
1987,Jordi Sánchez,Wisła Kraków,Napastnik,45%,2.0,,13,LPO (W),0,0,0,0,0,0,0,False
1987,Jordi Sánchez,Wisła Kraków,Napastnik,45%,2.0,,14,CRA (D),0,0,0,0,0,0,0,False
1987,Jordi Sánchez,Wisła Kraków,Napastnik,45%,2.0,,15,RAD (W),0,0,0,0,0,0,0,False
1987,Jordi Sánchez,Wisła Kraków,Napastnik,45%,2.0,,16,MOT (D),0,0,0,0,0,0,0,False
1987,Jordi Sánchez,Wisła Kraków,Napastnik,45%,2.0,,17,ZAG (W),0,0,0,0,0,0,0,False
1987,Jordi Sánchez,Wisła Kraków,Napastnik,45%,2.0,,18,GKS (W),0,0,0,0,0,0,0,False
2000,Lisandro Semedo,Wieczysta Kraków,Pomocnik,1%,1.8,,1,RAD (W),68,0,0,0,0,0,2,True
2000,Lisandro Semedo,Wieczysta Kraków,Pomocnik,1%,1.8,,2,LPO (D),90,0,0,0,0,0,2,True
2000,Lisandro Semedo,Wieczysta Kraków,Pomocnik,1%,1.8,,4,PIA (W),60,0,0,0,0,0,3,True
2000,Lisandro Semedo,Wieczysta Kraków,Pomocnik,1%,1.8,,5,CRA (W),85,1,0,0,0,0,7,True
2000,Lisandro Semedo,Wieczysta Kraków,Pomocnik,1%,1.8,,6,WIS (W),75,0,0,0,0,0,2,True
2000,Lisandro Semedo,Wieczysta Kraków,Pomocnik,1%,1.8,,7,ZAG (D),0,0,0,0,0,0,0,False
2000,Lisandro Semedo,Wieczysta Kraków,Pomocnik,1%,1.8,,8,POG (W),0,0,0,0,0,0,0,False
2000,Lisandro Semedo,Wieczysta Kraków,Pomocnik,1%,1.8,,9,WID (W),0,0,0,0,0,0,0,False
2000,Lisandro Semedo,Wieczysta Kraków,Pomocnik,1%,1.8,,10,GKS (W),0,0,0,0,0,0,0,False
2000,Lisandro Semedo,Wieczysta Kraków,Pomocnik,1%,1.8,,10,WPŁ (D),0,0,0,0,0,0,0,False
2000,Lisandro Semedo,Wieczysta Kraków,Pomocnik,1%,1.8,,11,RCZ (D),0,0,0,0,0,0,0,False
2000,Lisandro Semedo,Wieczysta Kraków,Pomocnik,1%,1.8,,12,ŚLA (W),0,0,0,0,0,0,0,False
2000,Lisandro Semedo,Wieczysta Kraków,Pomocnik,1%,1.8,,13,JAG (D),0,0,0,0,0,0,0,False
2000,Lisandro Semedo,Wieczysta Kraków,Pomocnik,1%,1.8,,14,GÓR (W),0,0,0,0,0,0,0,False
2000,Lisandro Semedo,Wieczysta Kraków,Pomocnik,1%,1.8,,15,MOT (D),0,0,0,0,0,0,0,False
2000,Lisandro Semedo,Wieczysta Kraków,Pomocnik,1%,1.8,,16,LEG (W),0,0,0,0,0,0,0,False
2000,Lisandro Semedo,Wieczysta Kraków,Pomocnik,1%,1.8,,17,KOR (D),0,0,0,0,0,0,0,False
2000,Lisandro Semedo,Wieczysta Kraków,Pomocnik,1%,1.8,,18,RAD (D),0,0,0,0,0,0,0,False
2002,Léo Borges,Pogoń Szczecin,Obrońca,9%,1.7,,1,LEG (D),90,0,0,0,1,0,1,True
2002,Léo Borges,Pogoń Szczecin,Obrońca,9%,1.7,,2,CRA (W),90,1,0,0,0,0,13,True
2002,Léo Borges,Pogoń Szczecin,Obrońca,9%,1.7,,3,MOT (D),66,0,0,0,0,0,3,True
2002,Léo Borges,Pogoń Szczecin,Obrońca,9%,1.7,,5,WIS (D),90,0,0,0,0,0,1,True
2002,Léo Borges,Pogoń Szczecin,Obrońca,9%,1.7,,6,ZAG (W),90,0,0,0,0,0,6,True
2002,Léo Borges,Pogoń Szczecin,Obrońca,9%,1.7,,7,WPŁ (D),0,0,0,0,0,0,0,False
2002,Léo Borges,Pogoń Szczecin,Obrońca,9%,1.7,,8,WIE (D),0,0,0,0,0,0,0,False
2002,Léo Borges,Pogoń Szczecin,Obrońca,9%,1.7,,9,PIA (W),0,0,0,0,0,0,0,False
2002,Léo Borges,Pogoń Szczecin,Obrońca,9%,1.7,,10,KOR (D),0,0,0,0,0,0,0,False
2002,Léo Borges,Pogoń Szczecin,Obrońca,9%,1.7,,11,GKS (W),0,0,0,0,0,0,0,False
2002,Léo Borges,Pogoń Szczecin,Obrońca,9%,1.7,,12,RAD (D),0,0,0,0,0,0,0,False
2002,Léo Borges,Pogoń Szczecin,Obrońca,9%,1.7,,13,RCZ (W),0,0,0,0,0,0,0,False
2002,Léo Borges,Pogoń Szczecin,Obrońca,9%,1.7,,14,WID (W),0,0,0,0,0,0,0,False
2002,Léo Borges,Pogoń Szczecin,Obrońca,9%,1.7,,15,ŚLA (D),0,0,0,0,0,0,0,False
2002,Léo Borges,Pogoń Szczecin,Obrońca,9%,1.7,,16,LPO (W),0,0,0,0,0,0,0,False
2002,Léo Borges,Pogoń Szczecin,Obrońca,9%,1.7,,17,GÓR (D),0,0,0,0,0,0,0,False
2002,Léo Borges,Pogoń Szczecin,Obrońca,9%,1.7,,18,JAG (W),0,0,0,0,0,0,0,False
2002,Léo Borges,Pogoń Szczecin,Obrońca,9%,1.7,,18,LEG (W),0,0,0,0,0,0,0,False
2007,Michał Matys,Zagłębie Lubin,Bramkarz,7%,0.7,,1,PIA (D),0,0,0,0,0,0,0,False
2007,Michał Matys,Zagłębie Lubin,Bramkarz,7%,0.7,,2,LEG (W),0,0,0,0,0,0,0,False
2007,Michał Matys,Zagłębie Lubin,Bramkarz,7%,0.7,,4,ŚLA (D),0,0,0,0,0,0,0,False
2007,Michał Matys,Zagłębie Lubin,Bramkarz,7%,0.7,,5,RAD (W),0,0,0,0,0,0,0,False
2007,Michał Matys,Zagłębie Lubin,Bramkarz,7%,0.7,,6,POG (D),0,0,0,0,0,0,0,False
2007,Michał Matys,Zagłębie Lubin,Bramkarz,7%,0.7,,7,WIE (W),0,0,0,0,0,0,0,False
2007,Michał Matys,Zagłębie Lubin,Bramkarz,7%,0.7,,8,RCZ (W),0,0,0,0,0,0,0,False
2007,Michał Matys,Zagłębie Lubin,Bramkarz,7%,0.7,,8,GKS (D),0,0,0,0,0,0,0,False
2007,Michał Matys,Zagłębie Lubin,Bramkarz,7%,0.7,,9,WPŁ (D),0,0,0,0,0,0,0,False
2007,Michał Matys,Zagłębie Lubin,Bramkarz,7%,0.7,,10,CRA (W),0,0,0,0,0,0,0,False
2007,Michał Matys,Zagłębie Lubin,Bramkarz,7%,0.7,,11,JAG (D),0,0,0,0,0,0,0,False
2007,Michał Matys,Zagłębie Lubin,Bramkarz,7%,0.7,,12,MOT (W),0,0,0,0,0,0,0,False
2007,Michał Matys,Zagłębie Lubin,Bramkarz,7%,0.7,,13,KOR (D),0,0,0,0,0,0,0,False
2007,Michał Matys,Zagłębie Lubin,Bramkarz,7%,0.7,,14,LPO (W),0,0,0,0,0,0,0,False
2007,Michał Matys,Zagłębie Lubin,Bramkarz,7%,0.7,,15,GÓR (D),0,0,0,0,0,0,0,False
2007,Michał Matys,Zagłębie Lubin,Bramkarz,7%,0.7,,16,WID (W),0,0,0,0,0,0,0,False
2007,Michał Matys,Zagłębie Lubin,Bramkarz,7%,0.7,,17,WIS (D),0,0,0,0,0,0,0,False
2007,Michał Matys,Zagłębie Lubin,Bramkarz,7%,0.7,,18,PIA (W),0,0,0,0,0,0,0,False
2053,Sebastian Madejski,Cracovia,Bramkarz,6%,1.8,,1,LPO (W),90,0,0,7,0,0,7,True
2053,Sebastian Madejski,Cracovia,Bramkarz,6%,1.8,,2,POG (D),90,0,0,2,0,0,1,True
2053,Sebastian Madejski,Cracovia,Bramkarz,6%,1.8,,3,ŚLA (W),90,0,0,1,0,0,5,True
2053,Sebastian Madejski,Cracovia,Bramkarz,6%,1.8,,4,RCZ (D),90,0,0,3,0,0,4,True
2053,Sebastian Madejski,Cracovia,Bramkarz,6%,1.8,,5,WIE (D),90,0,0,2,0,0,2,True
2053,Sebastian Madejski,Cracovia,Bramkarz,6%,1.8,,6,RAD (W),90,0,0,3,0,0,2,True
2053,Sebastian Madejski,Cracovia,Bramkarz,6%,1.8,,7,GÓR (D),90,0,0,5,0,0,3,True
2053,Sebastian Madejski,Cracovia,Bramkarz,6%,1.8,,8,WPŁ (W),0,0,0,0,0,0,0,False
2053,Sebastian Madejski,Cracovia,Bramkarz,6%,1.8,,9,GKS (W),0,0,0,0,0,0,0,False
2053,Sebastian Madejski,Cracovia,Bramkarz,6%,1.8,,10,ZAG (D),0,0,0,0,0,0,0,False
2053,Sebastian Madejski,Cracovia,Bramkarz,6%,1.8,,11,LEG (D),0,0,0,0,0,0,0,False
2053,Sebastian Madejski,Cracovia,Bramkarz,6%,1.8,,12,PIA (W),0,0,0,0,0,0,0,False
2053,Sebastian Madejski,Cracovia,Bramkarz,6%,1.8,,13,MOT (D),0,0,0,0,0,0,0,False
2053,Sebastian Madejski,Cracovia,Bramkarz,6%,1.8,,14,WIS (W),0,0,0,0,0,0,0,False
2053,Sebastian Madejski,Cracovia,Bramkarz,6%,1.8,,15,JAG (D),0,0,0,0,0,0,0,False
2053,Sebastian Madejski,Cracovia,Bramkarz,6%,1.8,,16,KOR (W),0,0,0,0,0,0,0,False
2053,Sebastian Madejski,Cracovia,Bramkarz,6%,1.8,,17,WID (D),0,0,0,0,0,0,0,False
2053,Sebastian Madejski,Cracovia,Bramkarz,6%,1.8,,18,LPO (D),0,0,0,0,0,0,0,False
2104,Michal Sáček,Górnik Zabrze,Obrońca,3%,1.8,,1,ŚLA (D),0,0,0,0,0,0,0,False
2104,Michal Sáček,Górnik Zabrze,Obrońca,3%,1.8,,3,RAD (W),90,0,0,0,0,0,3,True
2104,Michal Sáček,Górnik Zabrze,Obrońca,3%,1.8,,4,WIS (D),89,0,0,0,0,0,3,True
2104,Michal Sáček,Górnik Zabrze,Obrońca,3%,1.8,,6,RCZ (W),90,0,0,0,0,0,3,True
2104,Michal Sáček,Górnik Zabrze,Obrońca,3%,1.8,,6,GKS (D),90,0,0,0,0,0,0,True
2104,Michal Sáček,Górnik Zabrze,Obrońca,3%,1.8,,7,CRA (W),90,0,0,0,1,0,5,True
2104,Michal Sáček,Górnik Zabrze,Obrońca,3%,1.8,,8,KOR (W),0,0,0,0,0,0,0,False
2104,Michal Sáček,Górnik Zabrze,Obrońca,3%,1.8,,8,LPO (D),0,0,0,0,0,0,0,False
2104,Michal Sáček,Górnik Zabrze,Obrońca,3%,1.8,,9,MOT (W),0,0,0,0,0,0,0,False
2104,Michal Sáček,Górnik Zabrze,Obrońca,3%,1.8,,10,JAG (W),0,0,0,0,0,0,0,False
2104,Michal Sáček,Górnik Zabrze,Obrońca,3%,1.8,,11,PIA (D),0,0,0,0,0,0,0,False
2104,Michal Sáček,Górnik Zabrze,Obrońca,3%,1.8,,12,WID (W),0,0,0,0,0,0,0,False
2104,Michal Sáček,Górnik Zabrze,Obrońca,3%,1.8,,13,LEG (D),0,0,0,0,0,0,0,False
2104,Michal Sáček,Górnik Zabrze,Obrońca,3%,1.8,,14,WIE (D),0,0,0,0,0,0,0,False
2104,Michal Sáček,Górnik Zabrze,Obrońca,3%,1.8,,15,ZAG (W),0,0,0,0,0,0,0,False
2104,Michal Sáček,Górnik Zabrze,Obrońca,3%,1.8,,16,WPŁ (D),0,0,0,0,0,0,0,False
2104,Michal Sáček,Górnik Zabrze,Obrońca,3%,1.8,,17,POG (W),0,0,0,0,0,0,0,False
2104,Michal Sáček,Górnik Zabrze,Obrońca,3%,1.8,,18,ŚLA (W),0,0,0,0,0,0,0,False
2123,Michał Gurgul,Lech Poznań,Obrońca,17%,2.3,,1,CRA (D),90,0,0,0,0,0,5,True
2123,Michał Gurgul,Lech Poznań,Obrońca,17%,2.3,,2,WIE (W),45,0,0,0,0,0,2,True
2123,Michał Gurgul,Lech Poznań,Obrońca,17%,2.3,,3,PIA (D),90,0,0,0,0,0,6,True
2123,Michał Gurgul,Lech Poznań,Obrońca,17%,2.3,,6,JAG (D),90,0,1,0,0,0,7,True
2123,Michał Gurgul,Lech Poznań,Obrońca,17%,2.3,,6,WID (W),90,0,0,0,0,0,2,True
2123,Michał Gurgul,Lech Poznań,Obrońca,17%,2.3,,7,RCZ (D),90,0,0,0,1,0,5,True
2123,Michał Gurgul,Lech Poznań,Obrońca,17%,2.3,,8,GÓR (W),0,0,0,0,0,0,0,False
2123,Michał Gurgul,Lech Poznań,Obrońca,17%,2.3,,9,RAD (D),0,0,0,0,0,0,0,False
2123,Michał Gurgul,Lech Poznań,Obrońca,17%,2.3,,10,ŚLA (W),0,0,0,0,0,0,0,False
2123,Michał Gurgul,Lech Poznań,Obrońca,17%,2.3,,11,KOR (D),0,0,0,0,0,0,0,False
2123,Michał Gurgul,Lech Poznań,Obrońca,17%,2.3,,12,LEG (W),0,0,0,0,0,0,0,False
2123,Michał Gurgul,Lech Poznań,Obrońca,17%,2.3,,13,WIS (D),0,0,0,0,0,0,0,False
2123,Michał Gurgul,Lech Poznań,Obrońca,17%,2.3,,14,ZAG (D),0,0,0,0,0,0,0,False
2123,Michał Gurgul,Lech Poznań,Obrońca,17%,2.3,,15,GKS (W),0,0,0,0,0,0,0,False
2123,Michał Gurgul,Lech Poznań,Obrońca,17%,2.3,,16,POG (D),0,0,0,0,0,0,0,False
2123,Michał Gurgul,Lech Poznań,Obrońca,17%,2.3,,17,MOT (W),0,0,0,0,0,0,0,False
2123,Michał Gurgul,Lech Poznań,Obrońca,17%,2.3,,18,WPŁ (W),0,0,0,0,0,0,0,False
2123,Michał Gurgul,Lech Poznań,Obrońca,17%,2.3,,18,CRA (W),0,0,0,0,0,0,0,False
2163,Marcel Pięczek,Korona Kielce,Obrońca,5%,1.8,,1,JAG (W),90,0,0,0,0,0,2,True
2163,Marcel Pięczek,Korona Kielce,Obrońca,5%,1.8,,3,LEG (D),90,0,0,0,0,0,2,True
2163,Marcel Pięczek,Korona Kielce,Obrońca,5%,1.8,,4,WID (W),90,0,1,0,0,0,8,True
2163,Marcel Pięczek,Korona Kielce,Obrońca,5%,1.8,,5,MOT (D),90,0,0,0,0,0,2,True
2163,Marcel Pięczek,Korona Kielce,Obrońca,5%,1.8,,6,WPŁ (W),90,0,0,0,0,0,6,True
2163,Marcel Pięczek,Korona Kielce,Obrońca,5%,1.8,,7,WIS (D),0,0,0,0,0,0,0,False
2163,Marcel Pięczek,Korona Kielce,Obrońca,5%,1.8,,8,GÓR (D),0,0,0,0,0,0,0,False
2163,Marcel Pięczek,Korona Kielce,Obrońca,5%,1.8,,8,ŚLA (W),0,0,0,0,0,0,0,False
2163,Marcel Pięczek,Korona Kielce,Obrońca,5%,1.8,,9,RCZ (D),0,0,0,0,0,0,0,False
2163,Marcel Pięczek,Korona Kielce,Obrońca,5%,1.8,,10,POG (W),0,0,0,0,0,0,0,False
2163,Marcel Pięczek,Korona Kielce,Obrońca,5%,1.8,,11,LPO (W),0,0,0,0,0,0,0,False
2163,Marcel Pięczek,Korona Kielce,Obrońca,5%,1.8,,12,GKS (D),0,0,0,0,0,0,0,False
2163,Marcel Pięczek,Korona Kielce,Obrońca,5%,1.8,,13,ZAG (W),0,0,0,0,0,0,0,False
2163,Marcel Pięczek,Korona Kielce,Obrońca,5%,1.8,,14,RAD (D),0,0,0,0,0,0,0,False
2163,Marcel Pięczek,Korona Kielce,Obrońca,5%,1.8,,15,PIA (W),0,0,0,0,0,0,0,False
2163,Marcel Pięczek,Korona Kielce,Obrońca,5%,1.8,,16,CRA (D),0,0,0,0,0,0,0,False
2163,Marcel Pięczek,Korona Kielce,Obrońca,5%,1.8,,17,WIE (W),0,0,0,0,0,0,0,False
2163,Marcel Pięczek,Korona Kielce,Obrońca,5%,1.8,,18,JAG (D),0,0,0,0,0,0,0,False
2198,Jan Krzywański,Widzew Łódź,Bramkarz,1%,0.8,,1,MOT (D),0,0,0,0,0,0,0,False
2198,Jan Krzywański,Widzew Łódź,Bramkarz,1%,0.8,,2,WPŁ (W),0,0,0,0,0,0,0,False
2198,Jan Krzywański,Widzew Łódź,Bramkarz,1%,0.8,,3,JAG (W),0,0,0,0,0,0,0,False
2198,Jan Krzywański,Widzew Łódź,Bramkarz,1%,0.8,,4,KOR (D),0,0,0,0,0,0,0,False
2198,Jan Krzywański,Widzew Łódź,Bramkarz,1%,0.8,,5,ŚLA (W),0,0,0,0,0,0,0,False
2198,Jan Krzywański,Widzew Łódź,Bramkarz,1%,0.8,,6,LPO (D),0,0,0,0,0,0,0,False
2198,Jan Krzywański,Widzew Łódź,Bramkarz,1%,0.8,,7,RAD (D),0,0,0,0,0,0,0,False
2198,Jan Krzywański,Widzew Łódź,Bramkarz,1%,0.8,,8,LEG (W),0,0,0,0,0,0,0,False
2198,Jan Krzywański,Widzew Łódź,Bramkarz,1%,0.8,,9,WIE (D),0,0,0,0,0,0,0,False
2198,Jan Krzywański,Widzew Łódź,Bramkarz,1%,0.8,,10,PIA (W),0,0,0,0,0,0,0,False
2198,Jan Krzywański,Widzew Łódź,Bramkarz,1%,0.8,,11,WIS (D),0,0,0,0,0,0,0,False
2198,Jan Krzywański,Widzew Łódź,Bramkarz,1%,0.8,,12,GÓR (D),0,0,0,0,0,0,0,False
2198,Jan Krzywański,Widzew Łódź,Bramkarz,1%,0.8,,13,GKS (W),0,0,0,0,0,0,0,False
2198,Jan Krzywański,Widzew Łódź,Bramkarz,1%,0.8,,14,POG (D),0,0,0,0,0,0,0,False
2198,Jan Krzywański,Widzew Łódź,Bramkarz,1%,0.8,,15,RCZ (W),0,0,0,0,0,0,0,False
2198,Jan Krzywański,Widzew Łódź,Bramkarz,1%,0.8,,16,ZAG (D),0,0,0,0,0,0,0,False
2198,Jan Krzywański,Widzew Łódź,Bramkarz,1%,0.8,,17,CRA (W),0,0,0,0,0,0,0,False
2198,Jan Krzywański,Widzew Łódź,Bramkarz,1%,0.8,,18,MOT (W),0,0,0,0,0,0,0,False
2214,Efthýmios Kouloúris,Wieczysta Kraków,Napastnik,3%,2.7,,5,CRA (W),0,0,0,0,0,0,0,False
2214,Efthýmios Kouloúris,Wieczysta Kraków,Napastnik,3%,2.7,,6,WIS (W),90,0,0,0,0,0,2,True
2214,Efthýmios Kouloúris,Wieczysta Kraków,Napastnik,3%,2.7,,7,ZAG (D),0,0,0,0,0,0,0,False
2214,Efthýmios Kouloúris,Wieczysta Kraków,Napastnik,3%,2.7,,8,POG (W),0,0,0,0,0,0,0,False
2214,Efthýmios Kouloúris,Wieczysta Kraków,Napastnik,3%,2.7,,9,WID (W),0,0,0,0,0,0,0,False
2214,Efthýmios Kouloúris,Wieczysta Kraków,Napastnik,3%,2.7,,10,GKS (W),0,0,0,0,0,0,0,False
2214,Efthýmios Kouloúris,Wieczysta Kraków,Napastnik,3%,2.7,,10,WPŁ (D),0,0,0,0,0,0,0,False
2214,Efthýmios Kouloúris,Wieczysta Kraków,Napastnik,3%,2.7,,11,RCZ (D),0,0,0,0,0,0,0,False
2214,Efthýmios Kouloúris,Wieczysta Kraków,Napastnik,3%,2.7,,12,ŚLA (W),0,0,0,0,0,0,0,False
2214,Efthýmios Kouloúris,Wieczysta Kraków,Napastnik,3%,2.7,,13,JAG (D),0,0,0,0,0,0,0,False
2214,Efthýmios Kouloúris,Wieczysta Kraków,Napastnik,3%,2.7,,14,GÓR (W),0,0,0,0,0,0,0,False
2214,Efthýmios Kouloúris,Wieczysta Kraków,Napastnik,3%,2.7,,15,MOT (D),0,0,0,0,0,0,0,False
2214,Efthýmios Kouloúris,Wieczysta Kraków,Napastnik,3%,2.7,,16,LEG (W),0,0,0,0,0,0,0,False
2214,Efthýmios Kouloúris,Wieczysta Kraków,Napastnik,3%,2.7,,17,KOR (D),0,0,0,0,0,0,0,False
2214,Efthýmios Kouloúris,Wieczysta Kraków,Napastnik,3%,2.7,,18,RAD (D),0,0,0,0,0,0,0,False
2225,Fran Álvarez,Widzew Łódź,Pomocnik,9%,2.0,,1,MOT (D),90,0,0,0,0,0,2,True
2225,Fran Álvarez,Widzew Łódź,Pomocnik,9%,2.0,,2,WPŁ (W),90,0,0,0,1,0,2,True
2225,Fran Álvarez,Widzew Łódź,Pomocnik,9%,2.0,,3,JAG (W),90,1,0,0,0,0,9,True
2225,Fran Álvarez,Widzew Łódź,Pomocnik,9%,2.0,,4,KOR (D),84,0,0,0,0,0,2,True
2225,Fran Álvarez,Widzew Łódź,Pomocnik,9%,2.0,,5,ŚLA (W),90,1,0,0,0,0,7,True
2225,Fran Álvarez,Widzew Łódź,Pomocnik,9%,2.0,,6,LPO (D),86,0,0,0,0,0,2,True
2225,Fran Álvarez,Widzew Łódź,Pomocnik,9%,2.0,,7,RAD (D),90,0,0,0,1,0,2,True
2225,Fran Álvarez,Widzew Łódź,Pomocnik,9%,2.0,,8,LEG (W),0,0,0,0,0,0,0,False
2225,Fran Álvarez,Widzew Łódź,Pomocnik,9%,2.0,,9,WIE (D),0,0,0,0,0,0,0,False
2225,Fran Álvarez,Widzew Łódź,Pomocnik,9%,2.0,,10,PIA (W),0,0,0,0,0,0,0,False
2225,Fran Álvarez,Widzew Łódź,Pomocnik,9%,2.0,,11,WIS (D),0,0,0,0,0,0,0,False
2225,Fran Álvarez,Widzew Łódź,Pomocnik,9%,2.0,,12,GÓR (D),0,0,0,0,0,0,0,False
2225,Fran Álvarez,Widzew Łódź,Pomocnik,9%,2.0,,13,GKS (W),0,0,0,0,0,0,0,False
2225,Fran Álvarez,Widzew Łódź,Pomocnik,9%,2.0,,14,POG (D),0,0,0,0,0,0,0,False
2225,Fran Álvarez,Widzew Łódź,Pomocnik,9%,2.0,,15,RCZ (W),0,0,0,0,0,0,0,False
2225,Fran Álvarez,Widzew Łódź,Pomocnik,9%,2.0,,16,ZAG (D),0,0,0,0,0,0,0,False
2225,Fran Álvarez,Widzew Łódź,Pomocnik,9%,2.0,,17,CRA (W),0,0,0,0,0,0,0,False
2225,Fran Álvarez,Widzew Łódź,Pomocnik,9%,2.0,,18,MOT (W),0,0,0,0,0,0,0,False
2250,Dawid Rychta,Piast Gliwice,Bramkarz,3%,0.7,,1,ZAG (W),0,0,0,0,0,0,0,False
2250,Dawid Rychta,Piast Gliwice,Bramkarz,3%,0.7,,2,WIS (D),0,0,0,0,0,0,0,False
2250,Dawid Rychta,Piast Gliwice,Bramkarz,3%,0.7,,3,LPO (W),0,0,0,0,0,0,0,False
2250,Dawid Rychta,Piast Gliwice,Bramkarz,3%,0.7,,4,WIE (D),0,0,0,0,0,0,0,False
2250,Dawid Rychta,Piast Gliwice,Bramkarz,3%,0.7,,5,LEG (D),0,0,0,0,0,0,0,False
2250,Dawid Rychta,Piast Gliwice,Bramkarz,3%,0.7,,6,MOT (W),0,0,0,0,0,0,0,False
2250,Dawid Rychta,Piast Gliwice,Bramkarz,3%,0.7,,7,GKS (D),0,0,0,0,0,0,0,False
2250,Dawid Rychta,Piast Gliwice,Bramkarz,3%,0.7,,8,RAD (W),0,0,0,0,0,0,0,False
2250,Dawid Rychta,Piast Gliwice,Bramkarz,3%,0.7,,9,POG (D),0,0,0,0,0,0,0,False
2250,Dawid Rychta,Piast Gliwice,Bramkarz,3%,0.7,,10,WID (D),0,0,0,0,0,0,0,False
2250,Dawid Rychta,Piast Gliwice,Bramkarz,3%,0.7,,11,GÓR (W),0,0,0,0,0,0,0,False
2250,Dawid Rychta,Piast Gliwice,Bramkarz,3%,0.7,,12,CRA (D),0,0,0,0,0,0,0,False
2250,Dawid Rychta,Piast Gliwice,Bramkarz,3%,0.7,,13,WPŁ (W),0,0,0,0,0,0,0,False
2250,Dawid Rychta,Piast Gliwice,Bramkarz,3%,0.7,,14,ŚLA (W),0,0,0,0,0,0,0,False
2250,Dawid Rychta,Piast Gliwice,Bramkarz,3%,0.7,,15,KOR (D),0,0,0,0,0,0,0,False
2250,Dawid Rychta,Piast Gliwice,Bramkarz,3%,0.7,,16,RCZ (W),0,0,0,0,0,0,0,False
2250,Dawid Rychta,Piast Gliwice,Bramkarz,3%,0.7,,17,JAG (D),0,0,0,0,0,0,0,False
2250,Dawid Rychta,Piast Gliwice,Bramkarz,3%,0.7,,18,ZAG (D),0,0,0,0,0,0,0,False
2286,Valentin Cojocaru,Pogoń Szczecin,Bramkarz,6%,1.8,,1,LEG (D),90,0,0,5,0,0,3,True
2286,Valentin Cojocaru,Pogoń Szczecin,Bramkarz,6%,1.8,,2,CRA (W),90,0,0,7,0,0,8,True
2286,Valentin Cojocaru,Pogoń Szczecin,Bramkarz,6%,1.8,,3,MOT (D),90,0,0,3,0,0,4,True
2286,Valentin Cojocaru,Pogoń Szczecin,Bramkarz,6%,1.8,,5,WIS (D),90,0,0,2,0,0,1,True
2286,Valentin Cojocaru,Pogoń Szczecin,Bramkarz,6%,1.8,,6,ZAG (W),90,0,0,6,1,0,6,True
2286,Valentin Cojocaru,Pogoń Szczecin,Bramkarz,6%,1.8,,7,WPŁ (D),0,0,0,0,0,0,0,False
2286,Valentin Cojocaru,Pogoń Szczecin,Bramkarz,6%,1.8,,8,WIE (D),0,0,0,0,0,0,0,False
2286,Valentin Cojocaru,Pogoń Szczecin,Bramkarz,6%,1.8,,9,PIA (W),0,0,0,0,0,0,0,False
2286,Valentin Cojocaru,Pogoń Szczecin,Bramkarz,6%,1.8,,10,KOR (D),0,0,0,0,0,0,0,False
2286,Valentin Cojocaru,Pogoń Szczecin,Bramkarz,6%,1.8,,11,GKS (W),0,0,0,0,0,0,0,False
2286,Valentin Cojocaru,Pogoń Szczecin,Bramkarz,6%,1.8,,12,RAD (D),0,0,0,0,0,0,0,False
2286,Valentin Cojocaru,Pogoń Szczecin,Bramkarz,6%,1.8,,13,RCZ (W),0,0,0,0,0,0,0,False
2286,Valentin Cojocaru,Pogoń Szczecin,Bramkarz,6%,1.8,,14,WID (W),0,0,0,0,0,0,0,False
2286,Valentin Cojocaru,Pogoń Szczecin,Bramkarz,6%,1.8,,15,ŚLA (D),0,0,0,0,0,0,0,False
2286,Valentin Cojocaru,Pogoń Szczecin,Bramkarz,6%,1.8,,16,LPO (W),0,0,0,0,0,0,0,False
2286,Valentin Cojocaru,Pogoń Szczecin,Bramkarz,6%,1.8,,17,GÓR (D),0,0,0,0,0,0,0,False
2286,Valentin Cojocaru,Pogoń Szczecin,Bramkarz,6%,1.8,,18,JAG (W),0,0,0,0,0,0,0,False
2286,Valentin Cojocaru,Pogoń Szczecin,Bramkarz,6%,1.8,,18,LEG (W),0,0,0,0,0,0,0,False
2295,Daniel Bąk,Korona Kielce,Napastnik,3%,0.7,,1,JAG (W),23,0,0,0,0,0,1,True
2295,Daniel Bąk,Korona Kielce,Napastnik,3%,0.7,,3,LEG (D),5,0,0,0,0,0,1,True
2295,Daniel Bąk,Korona Kielce,Napastnik,3%,0.7,,4,WID (W),11,0,0,0,0,0,2,True
2295,Daniel Bąk,Korona Kielce,Napastnik,3%,0.7,,5,MOT (D),2,0,0,0,0,0,1,True
2295,Daniel Bąk,Korona Kielce,Napastnik,3%,0.7,,6,WPŁ (W),15,0,0,0,0,0,2,True
2295,Daniel Bąk,Korona Kielce,Napastnik,3%,0.7,,7,WIS (D),23,0,0,0,0,0,1,True
2295,Daniel Bąk,Korona Kielce,Napastnik,3%,0.7,,8,GÓR (D),0,0,0,0,0,0,0,False
2295,Daniel Bąk,Korona Kielce,Napastnik,3%,0.7,,8,ŚLA (W),0,0,0,0,0,0,0,False
2295,Daniel Bąk,Korona Kielce,Napastnik,3%,0.7,,9,RCZ (D),0,0,0,0,0,0,0,False
2295,Daniel Bąk,Korona Kielce,Napastnik,3%,0.7,,10,POG (W),0,0,0,0,0,0,0,False
2295,Daniel Bąk,Korona Kielce,Napastnik,3%,0.7,,11,LPO (W),0,0,0,0,0,0,0,False
2295,Daniel Bąk,Korona Kielce,Napastnik,3%,0.7,,12,GKS (D),0,0,0,0,0,0,0,False
2295,Daniel Bąk,Korona Kielce,Napastnik,3%,0.7,,13,ZAG (W),0,0,0,0,0,0,0,False
2295,Daniel Bąk,Korona Kielce,Napastnik,3%,0.7,,14,RAD (D),0,0,0,0,0,0,0,False
2295,Daniel Bąk,Korona Kielce,Napastnik,3%,0.7,,15,PIA (W),0,0,0,0,0,0,0,False
2295,Daniel Bąk,Korona Kielce,Napastnik,3%,0.7,,16,CRA (D),0,0,0,0,0,0,0,False
2295,Daniel Bąk,Korona Kielce,Napastnik,3%,0.7,,17,WIE (W),0,0,0,0,0,0,0,False
2295,Daniel Bąk,Korona Kielce,Napastnik,3%,0.7,,18,JAG (D),0,0,0,0,0,0,0,False
2304,Bartosz Głogowski,Śląsk Wrocław,Bramkarz,1%,0.7,,1,GÓR (W),0,0,0,0,0,0,0,False
2304,Bartosz Głogowski,Śląsk Wrocław,Bramkarz,1%,0.7,,2,RCZ (D),0,0,0,0,0,0,0,False
2304,Bartosz Głogowski,Śląsk Wrocław,Bramkarz,1%,0.7,,3,CRA (D),0,0,0,0,0,0,0,False
2304,Bartosz Głogowski,Śląsk Wrocław,Bramkarz,1%,0.7,,4,ZAG (W),0,0,0,0,0,0,0,False
2304,Bartosz Głogowski,Śląsk Wrocław,Bramkarz,1%,0.7,,5,WID (D),0,0,0,0,0,0,0,False
2304,Bartosz Głogowski,Śląsk Wrocław,Bramkarz,1%,0.7,,6,LEG (W),0,0,0,0,0,0,0,False
2304,Bartosz Głogowski,Śląsk Wrocław,Bramkarz,1%,0.7,,7,JAG (W),0,0,0,0,0,0,0,False
2304,Bartosz Głogowski,Śląsk Wrocław,Bramkarz,1%,0.7,,8,KOR (D),0,0,0,0,0,0,0,False
2304,Bartosz Głogowski,Śląsk Wrocław,Bramkarz,1%,0.7,,9,WIS (W),0,0,0,0,0,0,0,False
2304,Bartosz Głogowski,Śląsk Wrocław,Bramkarz,1%,0.7,,10,LPO (D),0,0,0,0,0,0,0,False
2304,Bartosz Głogowski,Śląsk Wrocław,Bramkarz,1%,0.7,,11,MOT (W),0,0,0,0,0,0,0,False
2304,Bartosz Głogowski,Śląsk Wrocław,Bramkarz,1%,0.7,,12,WIE (D),0,0,0,0,0,0,0,False
2304,Bartosz Głogowski,Śląsk Wrocław,Bramkarz,1%,0.7,,13,RAD (W),0,0,0,0,0,0,0,False
2304,Bartosz Głogowski,Śląsk Wrocław,Bramkarz,1%,0.7,,14,PIA (D),0,0,0,0,0,0,0,False
2304,Bartosz Głogowski,Śląsk Wrocław,Bramkarz,1%,0.7,,15,POG (W),0,0,0,0,0,0,0,False
2304,Bartosz Głogowski,Śląsk Wrocław,Bramkarz,1%,0.7,,16,GKS (D),0,0,0,0,0,0,0,False
2304,Bartosz Głogowski,Śląsk Wrocław,Bramkarz,1%,0.7,,17,WPŁ (W),0,0,0,0,0,0,0,False
2304,Bartosz Głogowski,Śląsk Wrocław,Bramkarz,1%,0.7,,18,GÓR (D),0,0,0,0,0,0,0,False
2306,Tobiasz Mras,Wieczysta Kraków,Pomocnik,4%,0.7,,1,RAD (W),22,0,0,0,0,0,1,True
2306,Tobiasz Mras,Wieczysta Kraków,Pomocnik,4%,0.7,,2,LPO (D),0,0,0,0,0,0,0,False
2306,Tobiasz Mras,Wieczysta Kraków,Pomocnik,4%,0.7,,4,PIA (W),73,0,0,0,0,0,3,True
2306,Tobiasz Mras,Wieczysta Kraków,Pomocnik,4%,0.7,,5,CRA (W),66,0,0,0,0,0,2,True
2306,Tobiasz Mras,Wieczysta Kraków,Pomocnik,4%,0.7,,6,WIS (W),0,0,0,0,0,0,0,False
2306,Tobiasz Mras,Wieczysta Kraków,Pomocnik,4%,0.7,,7,ZAG (D),0,0,0,0,0,0,0,False
2306,Tobiasz Mras,Wieczysta Kraków,Pomocnik,4%,0.7,,8,POG (W),0,0,0,0,0,0,0,False
2306,Tobiasz Mras,Wieczysta Kraków,Pomocnik,4%,0.7,,9,WID (W),0,0,0,0,0,0,0,False
2306,Tobiasz Mras,Wieczysta Kraków,Pomocnik,4%,0.7,,10,GKS (W),0,0,0,0,0,0,0,False
2306,Tobiasz Mras,Wieczysta Kraków,Pomocnik,4%,0.7,,10,WPŁ (D),0,0,0,0,0,0,0,False
2306,Tobiasz Mras,Wieczysta Kraków,Pomocnik,4%,0.7,,11,RCZ (D),0,0,0,0,0,0,0,False
2306,Tobiasz Mras,Wieczysta Kraków,Pomocnik,4%,0.7,,12,ŚLA (W),0,0,0,0,0,0,0,False
2306,Tobiasz Mras,Wieczysta Kraków,Pomocnik,4%,0.7,,13,JAG (D),0,0,0,0,0,0,0,False
2306,Tobiasz Mras,Wieczysta Kraków,Pomocnik,4%,0.7,,14,GÓR (W),0,0,0,0,0,0,0,False
2306,Tobiasz Mras,Wieczysta Kraków,Pomocnik,4%,0.7,,15,MOT (D),0,0,0,0,0,0,0,False
2306,Tobiasz Mras,Wieczysta Kraków,Pomocnik,4%,0.7,,16,LEG (W),0,0,0,0,0,0,0,False
2306,Tobiasz Mras,Wieczysta Kraków,Pomocnik,4%,0.7,,17,KOR (D),0,0,0,0,0,0,0,False
2306,Tobiasz Mras,Wieczysta Kraków,Pomocnik,4%,0.7,,18,RAD (D),0,0,0,0,0,0,0,False
2325,Erick Otieno,Raków Częstochowa,Obrońca,1%,1.8,,1,WPŁ (D),56,0,0,0,0,0,1,True
2325,Erick Otieno,Raków Częstochowa,Obrońca,1%,1.8,,2,ŚLA (W),90,0,0,0,0,0,1,True
2325,Erick Otieno,Raków Częstochowa,Obrońca,1%,1.8,,4,CRA (W),33,0,0,0,0,0,1,True
2325,Erick Otieno,Raków Częstochowa,Obrońca,1%,1.8,,6,GÓR (D),0,0,0,0,0,0,0,False
2325,Erick Otieno,Raków Częstochowa,Obrońca,1%,1.8,,6,JAG (D),0,0,0,0,0,0,0,False
2325,Erick Otieno,Raków Częstochowa,Obrońca,1%,1.8,,7,LPO (W),0,0,0,0,0,0,0,False
2325,Erick Otieno,Raków Częstochowa,Obrońca,1%,1.8,,8,ZAG (D),0,0,0,0,0,0,0,False
2325,Erick Otieno,Raków Częstochowa,Obrońca,1%,1.8,,8,MOT (D),0,0,0,0,0,0,0,False
2325,Erick Otieno,Raków Częstochowa,Obrońca,1%,1.8,,9,KOR (W),0,0,0,0,0,0,0,False
2325,Erick Otieno,Raków Częstochowa,Obrońca,1%,1.8,,10,GKS (D),0,0,0,0,0,0,0,False
2325,Erick Otieno,Raków Częstochowa,Obrońca,1%,1.8,,11,WIE (W),0,0,0,0,0,0,0,False
2325,Erick Otieno,Raków Częstochowa,Obrońca,1%,1.8,,12,WIS (W),0,0,0,0,0,0,0,False
2325,Erick Otieno,Raków Częstochowa,Obrońca,1%,1.8,,13,POG (D),0,0,0,0,0,0,0,False
2325,Erick Otieno,Raków Częstochowa,Obrońca,1%,1.8,,14,LEG (W),0,0,0,0,0,0,0,False
2325,Erick Otieno,Raków Częstochowa,Obrońca,1%,1.8,,15,WID (D),0,0,0,0,0,0,0,False
2325,Erick Otieno,Raków Częstochowa,Obrońca,1%,1.8,,16,PIA (D),0,0,0,0,0,0,0,False
2325,Erick Otieno,Raków Częstochowa,Obrońca,1%,1.8,,17,RAD (W),0,0,0,0,0,0,0,False
2325,Erick Otieno,Raków Częstochowa,Obrońca,1%,1.8,,18,WPŁ (W),0,0,0,0,0,0,0,False
2366,Konrad Golonka,Cracovia,Bramkarz,3%,0.7,,1,LPO (W),0,0,0,0,0,0,0,False
2366,Konrad Golonka,Cracovia,Bramkarz,3%,0.7,,2,POG (D),0,0,0,0,0,0,0,False
2366,Konrad Golonka,Cracovia,Bramkarz,3%,0.7,,3,ŚLA (W),0,0,0,0,0,0,0,False
2366,Konrad Golonka,Cracovia,Bramkarz,3%,0.7,,4,RCZ (D),0,0,0,0,0,0,0,False
2366,Konrad Golonka,Cracovia,Bramkarz,3%,0.7,,5,WIE (D),0,0,0,0,0,0,0,False
2366,Konrad Golonka,Cracovia,Bramkarz,3%,0.7,,6,RAD (W),0,0,0,0,0,0,0,False
2366,Konrad Golonka,Cracovia,Bramkarz,3%,0.7,,7,GÓR (D),0,0,0,0,0,0,0,False
2366,Konrad Golonka,Cracovia,Bramkarz,3%,0.7,,8,WPŁ (W),0,0,0,0,0,0,0,False
2366,Konrad Golonka,Cracovia,Bramkarz,3%,0.7,,9,GKS (W),0,0,0,0,0,0,0,False
2366,Konrad Golonka,Cracovia,Bramkarz,3%,0.7,,10,ZAG (D),0,0,0,0,0,0,0,False
2366,Konrad Golonka,Cracovia,Bramkarz,3%,0.7,,11,LEG (D),0,0,0,0,0,0,0,False
2366,Konrad Golonka,Cracovia,Bramkarz,3%,0.7,,12,PIA (W),0,0,0,0,0,0,0,False
2366,Konrad Golonka,Cracovia,Bramkarz,3%,0.7,,13,MOT (D),0,0,0,0,0,0,0,False
2366,Konrad Golonka,Cracovia,Bramkarz,3%,0.7,,14,WIS (W),0,0,0,0,0,0,0,False
2366,Konrad Golonka,Cracovia,Bramkarz,3%,0.7,,15,JAG (D),0,0,0,0,0,0,0,False
2366,Konrad Golonka,Cracovia,Bramkarz,3%,0.7,,16,KOR (W),0,0,0,0,0,0,0,False
2366,Konrad Golonka,Cracovia,Bramkarz,3%,0.7,,17,WID (D),0,0,0,0,0,0,0,False
2366,Konrad Golonka,Cracovia,Bramkarz,3%,0.7,,18,LPO (D),0,0,0,0,0,0,0,False
2367,Wojciech Mońka,Lech Poznań,Obrońca,19%,2.1,,1,CRA (D),90,0,0,0,0,0,5,True
2367,Wojciech Mońka,Lech Poznań,Obrońca,19%,2.1,,2,WIE (W),90,0,0,0,0,0,3,True
2367,Wojciech Mońka,Lech Poznań,Obrońca,19%,2.1,,3,PIA (D),90,0,0,0,0,0,6,True
2367,Wojciech Mońka,Lech Poznań,Obrońca,19%,2.1,,6,JAG (D),90,0,0,0,0,0,3,True
2367,Wojciech Mońka,Lech Poznań,Obrońca,19%,2.1,,6,WID (W),90,0,0,0,0,0,2,True
2367,Wojciech Mońka,Lech Poznań,Obrońca,19%,2.1,,7,RCZ (D),90,0,0,0,1,0,5,True
2367,Wojciech Mońka,Lech Poznań,Obrońca,19%,2.1,,8,GÓR (W),0,0,0,0,0,0,0,False
2367,Wojciech Mońka,Lech Poznań,Obrońca,19%,2.1,,9,RAD (D),0,0,0,0,0,0,0,False
2367,Wojciech Mońka,Lech Poznań,Obrońca,19%,2.1,,10,ŚLA (W),0,0,0,0,0,0,0,False
2367,Wojciech Mońka,Lech Poznań,Obrońca,19%,2.1,,11,KOR (D),0,0,0,0,0,0,0,False
2367,Wojciech Mońka,Lech Poznań,Obrońca,19%,2.1,,12,LEG (W),0,0,0,0,0,0,0,False
2367,Wojciech Mońka,Lech Poznań,Obrońca,19%,2.1,,13,WIS (D),0,0,0,0,0,0,0,False
2367,Wojciech Mońka,Lech Poznań,Obrońca,19%,2.1,,14,ZAG (D),0,0,0,0,0,0,0,False
2367,Wojciech Mońka,Lech Poznań,Obrońca,19%,2.1,,15,GKS (W),0,0,0,0,0,0,0,False
2367,Wojciech Mońka,Lech Poznań,Obrońca,19%,2.1,,16,POG (D),0,0,0,0,0,0,0,False
2367,Wojciech Mońka,Lech Poznań,Obrońca,19%,2.1,,17,MOT (W),0,0,0,0,0,0,0,False
2367,Wojciech Mońka,Lech Poznań,Obrońca,19%,2.1,,18,WPŁ (W),0,0,0,0,0,0,0,False
2367,Wojciech Mońka,Lech Poznań,Obrońca,19%,2.1,,18,CRA (W),0,0,0,0,0,0,0,False
2384,Borja Galán,GKS Katowice,Obrońca,1%,1.8,,1,WIS (W),82,0,0,0,0,0,1,True
2384,Borja Galán,GKS Katowice,Obrońca,1%,1.8,,2,RAD (D),31,0,0,0,1,0,1,True
2384,Borja Galán,GKS Katowice,Obrońca,1%,1.8,,4,MOT (W),19,0,0,0,0,0,1,True
2384,Borja Galán,GKS Katowice,Obrońca,1%,1.8,,5,WPŁ (D),74,0,1,0,0,0,10,True
2384,Borja Galán,GKS Katowice,Obrońca,1%,1.8,,6,GÓR (W),40,0,0,0,0,0,3,True
2384,Borja Galán,GKS Katowice,Obrońca,1%,1.8,,7,PIA (W),0,0,0,0,0,0,0,False
2384,Borja Galán,GKS Katowice,Obrońca,1%,1.8,,8,ZAG (W),0,0,0,0,0,0,0,False
2384,Borja Galán,GKS Katowice,Obrońca,1%,1.8,,9,CRA (D),0,0,0,0,0,0,0,False
2384,Borja Galán,GKS Katowice,Obrońca,1%,1.8,,10,WIE (D),0,0,0,0,0,0,0,False
2384,Borja Galán,GKS Katowice,Obrońca,1%,1.8,,10,RCZ (W),0,0,0,0,0,0,0,False
2384,Borja Galán,GKS Katowice,Obrońca,1%,1.8,,11,POG (D),0,0,0,0,0,0,0,False
2384,Borja Galán,GKS Katowice,Obrońca,1%,1.8,,12,KOR (W),0,0,0,0,0,0,0,False
2384,Borja Galán,GKS Katowice,Obrońca,1%,1.8,,13,WID (D),0,0,0,0,0,0,0,False
2384,Borja Galán,GKS Katowice,Obrońca,1%,1.8,,14,JAG (W),0,0,0,0,0,0,0,False
2384,Borja Galán,GKS Katowice,Obrońca,1%,1.8,,15,LPO (D),0,0,0,0,0,0,0,False
2384,Borja Galán,GKS Katowice,Obrońca,1%,1.8,,16,ŚLA (W),0,0,0,0,0,0,0,False
2384,Borja Galán,GKS Katowice,Obrońca,1%,1.8,,17,LEG (D),0,0,0,0,0,0,0,False
2384,Borja Galán,GKS Katowice,Obrońca,1%,1.8,,18,WIS (D),0,0,0,0,0,0,0,False
2387,José Manuel Josema,Górnik Zabrze,Obrońca,2%,1.8,,1,ŚLA (D),90,0,0,0,1,0,2,True
2387,José Manuel Josema,Górnik Zabrze,Obrońca,2%,1.8,,3,RAD (W),0,0,0,0,0,0,0,False
2387,José Manuel Josema,Górnik Zabrze,Obrońca,2%,1.8,,4,WIS (D),90,0,0,0,0,0,3,True
2387,José Manuel Josema,Górnik Zabrze,Obrońca,2%,1.8,,6,RCZ (W),90,0,0,0,0,0,3,True
2387,José Manuel Josema,Górnik Zabrze,Obrońca,2%,1.8,,6,GKS (D),90,1,0,0,0,0,6,True
2387,José Manuel Josema,Górnik Zabrze,Obrońca,2%,1.8,,7,CRA (W),90,0,0,0,1,0,5,True
2387,José Manuel Josema,Górnik Zabrze,Obrońca,2%,1.8,,8,KOR (W),0,0,0,0,0,0,0,False
2387,José Manuel Josema,Górnik Zabrze,Obrońca,2%,1.8,,8,LPO (D),0,0,0,0,0,0,0,False
2387,José Manuel Josema,Górnik Zabrze,Obrońca,2%,1.8,,9,MOT (W),0,0,0,0,0,0,0,False
2387,José Manuel Josema,Górnik Zabrze,Obrońca,2%,1.8,,10,JAG (W),0,0,0,0,0,0,0,False
2387,José Manuel Josema,Górnik Zabrze,Obrońca,2%,1.8,,11,PIA (D),0,0,0,0,0,0,0,False
2387,José Manuel Josema,Górnik Zabrze,Obrońca,2%,1.8,,12,WID (W),0,0,0,0,0,0,0,False
2387,José Manuel Josema,Górnik Zabrze,Obrońca,2%,1.8,,13,LEG (D),0,0,0,0,0,0,0,False
2387,José Manuel Josema,Górnik Zabrze,Obrońca,2%,1.8,,14,WIE (D),0,0,0,0,0,0,0,False
2387,José Manuel Josema,Górnik Zabrze,Obrońca,2%,1.8,,15,ZAG (W),0,0,0,0,0,0,0,False
2387,José Manuel Josema,Górnik Zabrze,Obrońca,2%,1.8,,16,WPŁ (D),0,0,0,0,0,0,0,False
2387,José Manuel Josema,Górnik Zabrze,Obrońca,2%,1.8,,17,POG (W),0,0,0,0,0,0,0,False
2387,José Manuel Josema,Górnik Zabrze,Obrońca,2%,1.8,,18,ŚLA (W),0,0,0,0,0,0,0,False
2389,Lamine Diaby-Fadiga,Raków Częstochowa,Pomocnik,1%,2.0,,1,WPŁ (D),0,0,0,0,0,0,0,False
2389,Lamine Diaby-Fadiga,Raków Częstochowa,Pomocnik,1%,2.0,,2,ŚLA (W),0,0,0,0,0,0,0,False
2389,Lamine Diaby-Fadiga,Raków Częstochowa,Pomocnik,1%,2.0,,4,CRA (W),24,0,0,0,0,0,1,True
2389,Lamine Diaby-Fadiga,Raków Częstochowa,Pomocnik,1%,2.0,,6,GÓR (D),45,0,0,0,0,1,-2,True
2389,Lamine Diaby-Fadiga,Raków Częstochowa,Pomocnik,1%,2.0,,6,JAG (D),28,0,0,0,0,0,1,True
2389,Lamine Diaby-Fadiga,Raków Częstochowa,Pomocnik,1%,2.0,,7,LPO (W),0,0,0,0,0,0,0,False
2389,Lamine Diaby-Fadiga,Raków Częstochowa,Pomocnik,1%,2.0,,8,ZAG (D),0,0,0,0,0,0,0,False
2389,Lamine Diaby-Fadiga,Raków Częstochowa,Pomocnik,1%,2.0,,8,MOT (D),0,0,0,0,0,0,0,False
2389,Lamine Diaby-Fadiga,Raków Częstochowa,Pomocnik,1%,2.0,,9,KOR (W),0,0,0,0,0,0,0,False
2389,Lamine Diaby-Fadiga,Raków Częstochowa,Pomocnik,1%,2.0,,10,GKS (D),0,0,0,0,0,0,0,False
2389,Lamine Diaby-Fadiga,Raków Częstochowa,Pomocnik,1%,2.0,,11,WIE (W),0,0,0,0,0,0,0,False
2389,Lamine Diaby-Fadiga,Raków Częstochowa,Pomocnik,1%,2.0,,12,WIS (W),0,0,0,0,0,0,0,False
2389,Lamine Diaby-Fadiga,Raków Częstochowa,Pomocnik,1%,2.0,,13,POG (D),0,0,0,0,0,0,0,False
2389,Lamine Diaby-Fadiga,Raków Częstochowa,Pomocnik,1%,2.0,,14,LEG (W),0,0,0,0,0,0,0,False
2389,Lamine Diaby-Fadiga,Raków Częstochowa,Pomocnik,1%,2.0,,15,WID (D),0,0,0,0,0,0,0,False
2389,Lamine Diaby-Fadiga,Raków Częstochowa,Pomocnik,1%,2.0,,16,PIA (D),0,0,0,0,0,0,0,False
2389,Lamine Diaby-Fadiga,Raków Częstochowa,Pomocnik,1%,2.0,,17,RAD (W),0,0,0,0,0,0,0,False
2389,Lamine Diaby-Fadiga,Raków Częstochowa,Pomocnik,1%,2.0,,18,WPŁ (W),0,0,0,0,0,0,0,False
2406,Maksym Chłań,Górnik Zabrze,Pomocnik,17%,2.5,,1,ŚLA (D),64,0,0,0,0,0,3,True
2406,Maksym Chłań,Górnik Zabrze,Pomocnik,17%,2.5,,3,RAD (W),80,0,0,0,0,0,3,True
2406,Maksym Chłań,Górnik Zabrze,Pomocnik,17%,2.5,,4,WIS (D),89,1,0,0,0,0,8,True
2406,Maksym Chłań,Górnik Zabrze,Pomocnik,17%,2.5,,6,RCZ (W),89,0,0,0,0,0,3,True
2406,Maksym Chłań,Górnik Zabrze,Pomocnik,17%,2.5,,6,GKS (D),90,0,0,0,0,0,2,True
2406,Maksym Chłań,Górnik Zabrze,Pomocnik,17%,2.5,,7,CRA (W),86,0,0,0,0,0,4,True
2406,Maksym Chłań,Górnik Zabrze,Pomocnik,17%,2.5,,8,KOR (W),0,0,0,0,0,0,0,False
2406,Maksym Chłań,Górnik Zabrze,Pomocnik,17%,2.5,,8,LPO (D),0,0,0,0,0,0,0,False
2406,Maksym Chłań,Górnik Zabrze,Pomocnik,17%,2.5,,9,MOT (W),0,0,0,0,0,0,0,False
2406,Maksym Chłań,Górnik Zabrze,Pomocnik,17%,2.5,,10,JAG (W),0,0,0,0,0,0,0,False
2406,Maksym Chłań,Górnik Zabrze,Pomocnik,17%,2.5,,11,PIA (D),0,0,0,0,0,0,0,False
2406,Maksym Chłań,Górnik Zabrze,Pomocnik,17%,2.5,,12,WID (W),0,0,0,0,0,0,0,False
2406,Maksym Chłań,Górnik Zabrze,Pomocnik,17%,2.5,,13,LEG (D),0,0,0,0,0,0,0,False
2406,Maksym Chłań,Górnik Zabrze,Pomocnik,17%,2.5,,14,WIE (D),0,0,0,0,0,0,0,False
2406,Maksym Chłań,Górnik Zabrze,Pomocnik,17%,2.5,,15,ZAG (W),0,0,0,0,0,0,0,False
2406,Maksym Chłań,Górnik Zabrze,Pomocnik,17%,2.5,,16,WPŁ (D),0,0,0,0,0,0,0,False
2406,Maksym Chłań,Górnik Zabrze,Pomocnik,17%,2.5,,17,POG (W),0,0,0,0,0,0,0,False
2406,Maksym Chłań,Górnik Zabrze,Pomocnik,17%,2.5,,18,ŚLA (W),0,0,0,0,0,0,0,False
2423,Mbaye N'Diaye,Motor Lublin,Pomocnik,22%,2.4,,1,WID (W),83,1,0,0,0,0,8,True
2423,Mbaye N'Diaye,Motor Lublin,Pomocnik,22%,2.4,,2,JAG (D),90,0,1,0,0,0,5,True
2423,Mbaye N'Diaye,Motor Lublin,Pomocnik,22%,2.4,,3,POG (W),90,0,0,0,0,0,2,True
2423,Mbaye N'Diaye,Motor Lublin,Pomocnik,22%,2.4,,4,GKS (D),89,0,1,0,0,0,8,True
2423,Mbaye N'Diaye,Motor Lublin,Pomocnik,22%,2.4,,5,KOR (W),85,0,0,0,1,0,1,True
2423,Mbaye N'Diaye,Motor Lublin,Pomocnik,22%,2.4,,6,PIA (D),90,0,0,0,0,0,2,True
2423,Mbaye N'Diaye,Motor Lublin,Pomocnik,22%,2.4,,7,LEG (D),90,0,1,0,0,0,5,True
2423,Mbaye N'Diaye,Motor Lublin,Pomocnik,22%,2.4,,8,RCZ (W),0,0,0,0,0,0,0,False
2423,Mbaye N'Diaye,Motor Lublin,Pomocnik,22%,2.4,,9,GÓR (D),0,0,0,0,0,0,0,False
2423,Mbaye N'Diaye,Motor Lublin,Pomocnik,22%,2.4,,10,RAD (W),0,0,0,0,0,0,0,False
2423,Mbaye N'Diaye,Motor Lublin,Pomocnik,22%,2.4,,11,ŚLA (D),0,0,0,0,0,0,0,False
2423,Mbaye N'Diaye,Motor Lublin,Pomocnik,22%,2.4,,12,ZAG (D),0,0,0,0,0,0,0,False
2423,Mbaye N'Diaye,Motor Lublin,Pomocnik,22%,2.4,,13,CRA (W),0,0,0,0,0,0,0,False
2423,Mbaye N'Diaye,Motor Lublin,Pomocnik,22%,2.4,,14,WPŁ (D),0,0,0,0,0,0,0,False
2423,Mbaye N'Diaye,Motor Lublin,Pomocnik,22%,2.4,,15,WIE (W),0,0,0,0,0,0,0,False
2423,Mbaye N'Diaye,Motor Lublin,Pomocnik,22%,2.4,,16,WIS (W),0,0,0,0,0,0,0,False
2423,Mbaye N'Diaye,Motor Lublin,Pomocnik,22%,2.4,,17,LPO (D),0,0,0,0,0,0,0,False
2423,Mbaye N'Diaye,Motor Lublin,Pomocnik,22%,2.4,,18,WID (D),0,0,0,0,0,0,0,False
2431,Rúben Vinagre,Legia Warszawa,Obrońca,37%,2.0,,1,POG (W),88,0,0,0,0,0,6,True
2431,Rúben Vinagre,Legia Warszawa,Obrońca,37%,2.0,,2,ZAG (D),90,1,0,0,0,0,10,True
2431,Rúben Vinagre,Legia Warszawa,Obrońca,37%,2.0,,3,KOR (W),90,0,0,0,0,0,2,True
2431,Rúben Vinagre,Legia Warszawa,Obrońca,37%,2.0,,4,RAD (D),90,0,1,0,0,0,11,True
2431,Rúben Vinagre,Legia Warszawa,Obrońca,37%,2.0,,5,PIA (W),89,0,0,0,0,0,2,True
2431,Rúben Vinagre,Legia Warszawa,Obrońca,37%,2.0,,6,ŚLA (D),90,0,0,0,0,0,2,True
2431,Rúben Vinagre,Legia Warszawa,Obrońca,37%,2.0,,7,MOT (W),90,0,1,0,0,0,6,True
2431,Rúben Vinagre,Legia Warszawa,Obrońca,37%,2.0,,8,WID (D),0,0,0,0,0,0,0,False
2431,Rúben Vinagre,Legia Warszawa,Obrońca,37%,2.0,,9,JAG (W),0,0,0,0,0,0,0,False
2431,Rúben Vinagre,Legia Warszawa,Obrońca,37%,2.0,,10,WIS (D),0,0,0,0,0,0,0,False
2431,Rúben Vinagre,Legia Warszawa,Obrońca,37%,2.0,,11,CRA (W),0,0,0,0,0,0,0,False
2431,Rúben Vinagre,Legia Warszawa,Obrońca,37%,2.0,,12,LPO (D),0,0,0,0,0,0,0,False
2431,Rúben Vinagre,Legia Warszawa,Obrońca,37%,2.0,,13,GÓR (W),0,0,0,0,0,0,0,False
2431,Rúben Vinagre,Legia Warszawa,Obrońca,37%,2.0,,14,RCZ (D),0,0,0,0,0,0,0,False
2431,Rúben Vinagre,Legia Warszawa,Obrońca,37%,2.0,,15,WPŁ (W),0,0,0,0,0,0,0,False
2431,Rúben Vinagre,Legia Warszawa,Obrońca,37%,2.0,,16,WIE (D),0,0,0,0,0,0,0,False
2431,Rúben Vinagre,Legia Warszawa,Obrońca,37%,2.0,,17,GKS (W),0,0,0,0,0,0,0,False
2431,Rúben Vinagre,Legia Warszawa,Obrońca,37%,2.0,,18,POG (D),0,0,0,0,0,0,0,False
2454,Pau Resta,GKS Katowice,Obrońca,1%,1.9,,1,WIS (W),90,0,0,0,1,0,0,True
2454,Pau Resta,GKS Katowice,Obrońca,1%,1.9,,2,RAD (D),90,0,0,0,0,0,3,True
2454,Pau Resta,GKS Katowice,Obrońca,1%,1.9,,4,MOT (W),45,0,0,0,0,0,1,True
2454,Pau Resta,GKS Katowice,Obrońca,1%,1.9,,5,WPŁ (D),90,1,0,0,0,0,13,True
2454,Pau Resta,GKS Katowice,Obrońca,1%,1.9,,6,GÓR (W),90,0,0,0,0,0,2,True
2454,Pau Resta,GKS Katowice,Obrońca,1%,1.9,,7,PIA (W),90,0,0,0,0,0,0,True
2454,Pau Resta,GKS Katowice,Obrońca,1%,1.9,,8,ZAG (W),0,0,0,0,0,0,0,False
2454,Pau Resta,GKS Katowice,Obrońca,1%,1.9,,9,CRA (D),0,0,0,0,0,0,0,False
2454,Pau Resta,GKS Katowice,Obrońca,1%,1.9,,10,WIE (D),0,0,0,0,0,0,0,False
2454,Pau Resta,GKS Katowice,Obrońca,1%,1.9,,10,RCZ (W),0,0,0,0,0,0,0,False
2454,Pau Resta,GKS Katowice,Obrońca,1%,1.9,,11,POG (D),0,0,0,0,0,0,0,False
2454,Pau Resta,GKS Katowice,Obrońca,1%,1.9,,12,KOR (W),0,0,0,0,0,0,0,False
2454,Pau Resta,GKS Katowice,Obrońca,1%,1.9,,13,WID (D),0,0,0,0,0,0,0,False
2454,Pau Resta,GKS Katowice,Obrońca,1%,1.9,,14,JAG (W),0,0,0,0,0,0,0,False
2454,Pau Resta,GKS Katowice,Obrońca,1%,1.9,,15,LPO (D),0,0,0,0,0,0,0,False
2454,Pau Resta,GKS Katowice,Obrońca,1%,1.9,,16,ŚLA (W),0,0,0,0,0,0,0,False
2454,Pau Resta,GKS Katowice,Obrońca,1%,1.9,,17,LEG (D),0,0,0,0,0,0,0,False
2454,Pau Resta,GKS Katowice,Obrońca,1%,1.9,,18,WIS (D),0,0,0,0,0,0,0,False
2477,Marcel Reguła,Zagłębie Lubin,Pomocnik,12%,2.1,,1,PIA (D),89,1,0,0,0,0,9,True
2477,Marcel Reguła,Zagłębie Lubin,Pomocnik,12%,2.1,,2,LEG (W),83,0,0,0,0,0,2,True
2477,Marcel Reguła,Zagłębie Lubin,Pomocnik,12%,2.1,,4,ŚLA (D),89,0,0,0,1,0,2,True
2477,Marcel Reguła,Zagłębie Lubin,Pomocnik,12%,2.1,,5,RAD (W),90,0,0,0,0,0,3,True
2477,Marcel Reguła,Zagłębie Lubin,Pomocnik,12%,2.1,,6,POG (D),90,0,0,0,0,0,3,True
2477,Marcel Reguła,Zagłębie Lubin,Pomocnik,12%,2.1,,7,WIE (W),0,0,0,0,0,0,0,False
2477,Marcel Reguła,Zagłębie Lubin,Pomocnik,12%,2.1,,8,RCZ (W),0,0,0,0,0,0,0,False
2477,Marcel Reguła,Zagłębie Lubin,Pomocnik,12%,2.1,,8,GKS (D),0,0,0,0,0,0,0,False
2477,Marcel Reguła,Zagłębie Lubin,Pomocnik,12%,2.1,,9,WPŁ (D),0,0,0,0,0,0,0,False
2477,Marcel Reguła,Zagłębie Lubin,Pomocnik,12%,2.1,,10,CRA (W),0,0,0,0,0,0,0,False
2477,Marcel Reguła,Zagłębie Lubin,Pomocnik,12%,2.1,,11,JAG (D),0,0,0,0,0,0,0,False
2477,Marcel Reguła,Zagłębie Lubin,Pomocnik,12%,2.1,,12,MOT (W),0,0,0,0,0,0,0,False
2477,Marcel Reguła,Zagłębie Lubin,Pomocnik,12%,2.1,,13,KOR (D),0,0,0,0,0,0,0,False
2477,Marcel Reguła,Zagłębie Lubin,Pomocnik,12%,2.1,,14,LPO (W),0,0,0,0,0,0,0,False
2477,Marcel Reguła,Zagłębie Lubin,Pomocnik,12%,2.1,,15,GÓR (D),0,0,0,0,0,0,0,False
2477,Marcel Reguła,Zagłębie Lubin,Pomocnik,12%,2.1,,16,WID (W),0,0,0,0,0,0,0,False
2477,Marcel Reguła,Zagłębie Lubin,Pomocnik,12%,2.1,,17,WIS (D),0,0,0,0,0,0,0,False
2477,Marcel Reguła,Zagłębie Lubin,Pomocnik,12%,2.1,,18,PIA (W),0,0,0,0,0,0,0,False
2481,Ajdin Hasić,Cracovia,Pomocnik,16%,2.3,,1,LPO (W),89,0,0,0,1,0,2,True
2481,Ajdin Hasić,Cracovia,Pomocnik,16%,2.3,,2,POG (D),90,0,0,0,0,0,2,True
2481,Ajdin Hasić,Cracovia,Pomocnik,16%,2.3,,3,ŚLA (W),90,0,0,0,0,0,3,True
2481,Ajdin Hasić,Cracovia,Pomocnik,16%,2.3,,4,RCZ (D),84,1,0,0,0,0,6,True
2481,Ajdin Hasić,Cracovia,Pomocnik,16%,2.3,,5,WIE (D),90,2,0,0,0,0,14,True
2481,Ajdin Hasić,Cracovia,Pomocnik,16%,2.3,,6,RAD (W),90,0,1,0,0,0,5,True
2481,Ajdin Hasić,Cracovia,Pomocnik,16%,2.3,,7,GÓR (D),90,0,0,0,0,0,2,True
2481,Ajdin Hasić,Cracovia,Pomocnik,16%,2.3,,8,WPŁ (W),0,0,0,0,0,0,0,False
2481,Ajdin Hasić,Cracovia,Pomocnik,16%,2.3,,9,GKS (W),0,0,0,0,0,0,0,False
2481,Ajdin Hasić,Cracovia,Pomocnik,16%,2.3,,10,ZAG (D),0,0,0,0,0,0,0,False
2481,Ajdin Hasić,Cracovia,Pomocnik,16%,2.3,,11,LEG (D),0,0,0,0,0,0,0,False
2481,Ajdin Hasić,Cracovia,Pomocnik,16%,2.3,,12,PIA (W),0,0,0,0,0,0,0,False
2481,Ajdin Hasić,Cracovia,Pomocnik,16%,2.3,,13,MOT (D),0,0,0,0,0,0,0,False
2481,Ajdin Hasić,Cracovia,Pomocnik,16%,2.3,,14,WIS (W),0,0,0,0,0,0,0,False
2481,Ajdin Hasić,Cracovia,Pomocnik,16%,2.3,,15,JAG (D),0,0,0,0,0,0,0,False
2481,Ajdin Hasić,Cracovia,Pomocnik,16%,2.3,,16,KOR (W),0,0,0,0,0,0,0,False
2481,Ajdin Hasić,Cracovia,Pomocnik,16%,2.3,,17,WID (D),0,0,0,0,0,0,0,False
2481,Ajdin Hasić,Cracovia,Pomocnik,16%,2.3,,18,LPO (D),0,0,0,0,0,0,0,False
2491,Maciej Wojciechowski,Pogoń Szczecin,Pomocnik,3%,0.8,,1,LEG (D),0,0,0,0,0,0,0,False
2491,Maciej Wojciechowski,Pogoń Szczecin,Pomocnik,3%,0.8,,2,CRA (W),60,0,0,0,0,0,4,True
2491,Maciej Wojciechowski,Pogoń Szczecin,Pomocnik,3%,0.8,,3,MOT (D),57,0,0,0,0,0,3,True
2491,Maciej Wojciechowski,Pogoń Szczecin,Pomocnik,3%,0.8,,5,WIS (D),83,0,1,0,0,0,6,True
2491,Maciej Wojciechowski,Pogoń Szczecin,Pomocnik,3%,0.8,,6,ZAG (W),74,0,0,0,0,0,3,True
2491,Maciej Wojciechowski,Pogoń Szczecin,Pomocnik,3%,0.8,,7,WPŁ (D),0,0,0,0,0,0,0,False
2491,Maciej Wojciechowski,Pogoń Szczecin,Pomocnik,3%,0.8,,8,WIE (D),0,0,0,0,0,0,0,False
2491,Maciej Wojciechowski,Pogoń Szczecin,Pomocnik,3%,0.8,,9,PIA (W),0,0,0,0,0,0,0,False
2491,Maciej Wojciechowski,Pogoń Szczecin,Pomocnik,3%,0.8,,10,KOR (D),0,0,0,0,0,0,0,False
2491,Maciej Wojciechowski,Pogoń Szczecin,Pomocnik,3%,0.8,,11,GKS (W),0,0,0,0,0,0,0,False
2491,Maciej Wojciechowski,Pogoń Szczecin,Pomocnik,3%,0.8,,12,RAD (D),0,0,0,0,0,0,0,False
2491,Maciej Wojciechowski,Pogoń Szczecin,Pomocnik,3%,0.8,,13,RCZ (W),0,0,0,0,0,0,0,False
2491,Maciej Wojciechowski,Pogoń Szczecin,Pomocnik,3%,0.8,,14,WID (W),0,0,0,0,0,0,0,False
2491,Maciej Wojciechowski,Pogoń Szczecin,Pomocnik,3%,0.8,,15,ŚLA (D),0,0,0,0,0,0,0,False
2491,Maciej Wojciechowski,Pogoń Szczecin,Pomocnik,3%,0.8,,16,LPO (W),0,0,0,0,0,0,0,False
2491,Maciej Wojciechowski,Pogoń Szczecin,Pomocnik,3%,0.8,,17,GÓR (D),0,0,0,0,0,0,0,False
2491,Maciej Wojciechowski,Pogoń Szczecin,Pomocnik,3%,0.8,,18,JAG (W),0,0,0,0,0,0,0,False
2491,Maciej Wojciechowski,Pogoń Szczecin,Pomocnik,3%,0.8,,18,LEG (W),0,0,0,0,0,0,0,False
2498,Patrik Wålemark,Lech Poznań,Pomocnik,24%,2.3,,1,CRA (D),82,0,0,0,0,0,3,True
2498,Patrik Wålemark,Lech Poznań,Pomocnik,24%,2.3,,2,WIE (W),45,0,0,0,0,0,3,True
2498,Patrik Wålemark,Lech Poznań,Pomocnik,24%,2.3,,3,PIA (D),61,0,0,0,0,0,4,True
2498,Patrik Wålemark,Lech Poznań,Pomocnik,24%,2.3,,6,JAG (D),83,0,0,0,1,0,2,True
2498,Patrik Wålemark,Lech Poznań,Pomocnik,24%,2.3,,6,WID (W),88,0,2,0,0,0,10,True
2498,Patrik Wålemark,Lech Poznań,Pomocnik,24%,2.3,,7,RCZ (D),45,0,0,0,0,0,2,True
2498,Patrik Wålemark,Lech Poznań,Pomocnik,24%,2.3,,8,GÓR (W),0,0,0,0,0,0,0,False
2498,Patrik Wålemark,Lech Poznań,Pomocnik,24%,2.3,,9,RAD (D),0,0,0,0,0,0,0,False
2498,Patrik Wålemark,Lech Poznań,Pomocnik,24%,2.3,,10,ŚLA (W),0,0,0,0,0,0,0,False
2498,Patrik Wålemark,Lech Poznań,Pomocnik,24%,2.3,,11,KOR (D),0,0,0,0,0,0,0,False
2498,Patrik Wålemark,Lech Poznań,Pomocnik,24%,2.3,,12,LEG (W),0,0,0,0,0,0,0,False
2498,Patrik Wålemark,Lech Poznań,Pomocnik,24%,2.3,,13,WIS (D),0,0,0,0,0,0,0,False
2498,Patrik Wålemark,Lech Poznań,Pomocnik,24%,2.3,,14,ZAG (D),0,0,0,0,0,0,0,False
2498,Patrik Wålemark,Lech Poznań,Pomocnik,24%,2.3,,15,GKS (W),0,0,0,0,0,0,0,False
2498,Patrik Wålemark,Lech Poznań,Pomocnik,24%,2.3,,16,POG (D),0,0,0,0,0,0,0,False
2498,Patrik Wålemark,Lech Poznań,Pomocnik,24%,2.3,,17,MOT (W),0,0,0,0,0,0,0,False
2498,Patrik Wålemark,Lech Poznań,Pomocnik,24%,2.3,,18,WPŁ (W),0,0,0,0,0,0,0,False
2498,Patrik Wålemark,Lech Poznań,Pomocnik,24%,2.3,,18,CRA (W),0,0,0,0,0,0,0,False
2517,Adam Basse,Raków Częstochowa,Napastnik,3%,0.7,,1,WPŁ (D),8,0,0,0,0,0,1,True
2517,Adam Basse,Raków Częstochowa,Napastnik,3%,0.7,,2,ŚLA (W),5,0,0,0,0,0,1,True
2517,Adam Basse,Raków Częstochowa,Napastnik,3%,0.7,,4,CRA (W),0,0,0,0,0,0,0,False
2517,Adam Basse,Raków Częstochowa,Napastnik,3%,0.7,,6,GÓR (D),29,0,0,0,0,0,1,True
2517,Adam Basse,Raków Częstochowa,Napastnik,3%,0.7,,6,JAG (D),0,0,0,0,0,0,0,False
2517,Adam Basse,Raków Częstochowa,Napastnik,3%,0.7,,7,LPO (W),45,0,0,0,0,0,2,True
2517,Adam Basse,Raków Częstochowa,Napastnik,3%,0.7,,8,ZAG (D),0,0,0,0,0,0,0,False
2517,Adam Basse,Raków Częstochowa,Napastnik,3%,0.7,,8,MOT (D),0,0,0,0,0,0,0,False
2517,Adam Basse,Raków Częstochowa,Napastnik,3%,0.7,,9,KOR (W),0,0,0,0,0,0,0,False
2517,Adam Basse,Raków Częstochowa,Napastnik,3%,0.7,,10,GKS (D),0,0,0,0,0,0,0,False
2517,Adam Basse,Raków Częstochowa,Napastnik,3%,0.7,,11,WIE (W),0,0,0,0,0,0,0,False
2517,Adam Basse,Raków Częstochowa,Napastnik,3%,0.7,,12,WIS (W),0,0,0,0,0,0,0,False
2517,Adam Basse,Raków Częstochowa,Napastnik,3%,0.7,,13,POG (D),0,0,0,0,0,0,0,False
2517,Adam Basse,Raków Częstochowa,Napastnik,3%,0.7,,14,LEG (W),0,0,0,0,0,0,0,False
2517,Adam Basse,Raków Częstochowa,Napastnik,3%,0.7,,15,WID (D),0,0,0,0,0,0,0,False
2517,Adam Basse,Raków Częstochowa,Napastnik,3%,0.7,,16,PIA (D),0,0,0,0,0,0,0,False
2517,Adam Basse,Raków Częstochowa,Napastnik,3%,0.7,,17,RAD (W),0,0,0,0,0,0,0,False
2517,Adam Basse,Raków Częstochowa,Napastnik,3%,0.7,,18,WPŁ (W),0,0,0,0,0,0,0,False
2560,Konrad Ciszek,Korona Kielce,Obrońca,3%,0.9,,1,JAG (W),6,0,0,0,0,0,1,True
2560,Konrad Ciszek,Korona Kielce,Obrońca,3%,0.9,,3,LEG (D),0,0,0,0,0,0,0,False
2560,Konrad Ciszek,Korona Kielce,Obrońca,3%,0.9,,4,WID (W),0,0,0,0,0,0,0,False
2560,Konrad Ciszek,Korona Kielce,Obrońca,3%,0.9,,5,MOT (D),0,0,0,0,0,0,0,False
2560,Konrad Ciszek,Korona Kielce,Obrońca,3%,0.9,,6,WPŁ (W),5,0,0,0,0,0,2,True
2560,Konrad Ciszek,Korona Kielce,Obrońca,3%,0.9,,7,WIS (D),58,0,0,0,0,0,2,True
2560,Konrad Ciszek,Korona Kielce,Obrońca,3%,0.9,,8,GÓR (D),0,0,0,0,0,0,0,False
2560,Konrad Ciszek,Korona Kielce,Obrońca,3%,0.9,,8,ŚLA (W),0,0,0,0,0,0,0,False
2560,Konrad Ciszek,Korona Kielce,Obrońca,3%,0.9,,9,RCZ (D),0,0,0,0,0,0,0,False
2560,Konrad Ciszek,Korona Kielce,Obrońca,3%,0.9,,10,POG (W),0,0,0,0,0,0,0,False
2560,Konrad Ciszek,Korona Kielce,Obrońca,3%,0.9,,11,LPO (W),0,0,0,0,0,0,0,False
2560,Konrad Ciszek,Korona Kielce,Obrońca,3%,0.9,,12,GKS (D),0,0,0,0,0,0,0,False
2560,Konrad Ciszek,Korona Kielce,Obrońca,3%,0.9,,13,ZAG (W),0,0,0,0,0,0,0,False
2560,Konrad Ciszek,Korona Kielce,Obrońca,3%,0.9,,14,RAD (D),0,0,0,0,0,0,0,False
2560,Konrad Ciszek,Korona Kielce,Obrońca,3%,0.9,,15,PIA (W),0,0,0,0,0,0,0,False
2560,Konrad Ciszek,Korona Kielce,Obrońca,3%,0.9,,16,CRA (D),0,0,0,0,0,0,0,False
2560,Konrad Ciszek,Korona Kielce,Obrońca,3%,0.9,,17,WIE (W),0,0,0,0,0,0,0,False
2560,Konrad Ciszek,Korona Kielce,Obrońca,3%,0.9,,18,JAG (D),0,0,0,0,0,0,0,False
2561,Michał Mikielewicz,Korona Kielce,Bramkarz,4%,0.7,,1,JAG (W),0,0,0,0,0,0,0,False
2561,Michał Mikielewicz,Korona Kielce,Bramkarz,4%,0.7,,3,LEG (D),0,0,0,0,0,0,0,False
2561,Michał Mikielewicz,Korona Kielce,Bramkarz,4%,0.7,,4,WID (W),0,0,0,0,0,0,0,False
2561,Michał Mikielewicz,Korona Kielce,Bramkarz,4%,0.7,,5,MOT (D),0,0,0,0,0,0,0,False
2561,Michał Mikielewicz,Korona Kielce,Bramkarz,4%,0.7,,6,WPŁ (W),0,0,0,0,0,0,0,False
2561,Michał Mikielewicz,Korona Kielce,Bramkarz,4%,0.7,,7,WIS (D),0,0,0,0,0,0,0,False
2561,Michał Mikielewicz,Korona Kielce,Bramkarz,4%,0.7,,8,GÓR (D),0,0,0,0,0,0,0,False
2561,Michał Mikielewicz,Korona Kielce,Bramkarz,4%,0.7,,8,ŚLA (W),0,0,0,0,0,0,0,False
2561,Michał Mikielewicz,Korona Kielce,Bramkarz,4%,0.7,,9,RCZ (D),0,0,0,0,0,0,0,False
2561,Michał Mikielewicz,Korona Kielce,Bramkarz,4%,0.7,,10,POG (W),0,0,0,0,0,0,0,False
2561,Michał Mikielewicz,Korona Kielce,Bramkarz,4%,0.7,,11,LPO (W),0,0,0,0,0,0,0,False
2561,Michał Mikielewicz,Korona Kielce,Bramkarz,4%,0.7,,12,GKS (D),0,0,0,0,0,0,0,False
2561,Michał Mikielewicz,Korona Kielce,Bramkarz,4%,0.7,,13,ZAG (W),0,0,0,0,0,0,0,False
2561,Michał Mikielewicz,Korona Kielce,Bramkarz,4%,0.7,,14,RAD (D),0,0,0,0,0,0,0,False
2561,Michał Mikielewicz,Korona Kielce,Bramkarz,4%,0.7,,15,PIA (W),0,0,0,0,0,0,0,False
2561,Michał Mikielewicz,Korona Kielce,Bramkarz,4%,0.7,,16,CRA (D),0,0,0,0,0,0,0,False
2561,Michał Mikielewicz,Korona Kielce,Bramkarz,4%,0.7,,17,WIE (W),0,0,0,0,0,0,0,False
2561,Michał Mikielewicz,Korona Kielce,Bramkarz,4%,0.7,,18,JAG (D),0,0,0,0,0,0,0,False
2577,Josip Ćorluka,Zagłębie Lubin,Obrońca,5%,1.8,,1,PIA (D),90,0,0,0,0,0,6,True
2577,Josip Ćorluka,Zagłębie Lubin,Obrońca,5%,1.8,,2,LEG (W),90,0,0,0,0,0,0,True
2577,Josip Ćorluka,Zagłębie Lubin,Obrońca,5%,1.8,,4,ŚLA (D),90,1,1,0,0,0,14,True
2577,Josip Ćorluka,Zagłębie Lubin,Obrońca,5%,1.8,,5,RAD (W),45,0,0,0,0,0,2,True
2577,Josip Ćorluka,Zagłębie Lubin,Obrońca,5%,1.8,,6,POG (D),0,0,0,0,0,0,0,False
2577,Josip Ćorluka,Zagłębie Lubin,Obrońca,5%,1.8,,7,WIE (W),0,0,0,0,0,0,0,False
2577,Josip Ćorluka,Zagłębie Lubin,Obrońca,5%,1.8,,8,RCZ (W),0,0,0,0,0,0,0,False
2577,Josip Ćorluka,Zagłębie Lubin,Obrońca,5%,1.8,,8,GKS (D),0,0,0,0,0,0,0,False
2577,Josip Ćorluka,Zagłębie Lubin,Obrońca,5%,1.8,,9,WPŁ (D),0,0,0,0,0,0,0,False
2577,Josip Ćorluka,Zagłębie Lubin,Obrońca,5%,1.8,,10,CRA (W),0,0,0,0,0,0,0,False
2577,Josip Ćorluka,Zagłębie Lubin,Obrońca,5%,1.8,,11,JAG (D),0,0,0,0,0,0,0,False
2577,Josip Ćorluka,Zagłębie Lubin,Obrońca,5%,1.8,,12,MOT (W),0,0,0,0,0,0,0,False
2577,Josip Ćorluka,Zagłębie Lubin,Obrońca,5%,1.8,,13,KOR (D),0,0,0,0,0,0,0,False
2577,Josip Ćorluka,Zagłębie Lubin,Obrońca,5%,1.8,,14,LPO (W),0,0,0,0,0,0,0,False
2577,Josip Ćorluka,Zagłębie Lubin,Obrońca,5%,1.8,,15,GÓR (D),0,0,0,0,0,0,0,False
2577,Josip Ćorluka,Zagłębie Lubin,Obrońca,5%,1.8,,16,WID (W),0,0,0,0,0,0,0,False
2577,Josip Ćorluka,Zagłębie Lubin,Obrońca,5%,1.8,,17,WIS (D),0,0,0,0,0,0,0,False
2577,Josip Ćorluka,Zagłębie Lubin,Obrońca,5%,1.8,,18,PIA (W),0,0,0,0,0,0,0,False
2579,Jakub Zawadzki,Pogoń Szczecin,Obrońca,2%,0.7,,1,LEG (D),0,0,0,0,0,0,0,False
2579,Jakub Zawadzki,Pogoń Szczecin,Obrońca,2%,0.7,,2,CRA (W),0,0,0,0,0,0,0,False
2579,Jakub Zawadzki,Pogoń Szczecin,Obrońca,2%,0.7,,3,MOT (D),0,0,0,0,0,0,0,False
2579,Jakub Zawadzki,Pogoń Szczecin,Obrońca,2%,0.7,,5,WIS (D),0,0,0,0,0,0,0,False
2579,Jakub Zawadzki,Pogoń Szczecin,Obrońca,2%,0.7,,6,ZAG (W),0,0,0,0,0,0,0,False
2579,Jakub Zawadzki,Pogoń Szczecin,Obrońca,2%,0.7,,7,WPŁ (D),0,0,0,0,0,0,0,False
2579,Jakub Zawadzki,Pogoń Szczecin,Obrońca,2%,0.7,,8,WIE (D),0,0,0,0,0,0,0,False
2579,Jakub Zawadzki,Pogoń Szczecin,Obrońca,2%,0.7,,9,PIA (W),0,0,0,0,0,0,0,False
2579,Jakub Zawadzki,Pogoń Szczecin,Obrońca,2%,0.7,,10,KOR (D),0,0,0,0,0,0,0,False
2579,Jakub Zawadzki,Pogoń Szczecin,Obrońca,2%,0.7,,11,GKS (W),0,0,0,0,0,0,0,False
2579,Jakub Zawadzki,Pogoń Szczecin,Obrońca,2%,0.7,,12,RAD (D),0,0,0,0,0,0,0,False
2579,Jakub Zawadzki,Pogoń Szczecin,Obrońca,2%,0.7,,13,RCZ (W),0,0,0,0,0,0,0,False
2579,Jakub Zawadzki,Pogoń Szczecin,Obrońca,2%,0.7,,14,WID (W),0,0,0,0,0,0,0,False
2579,Jakub Zawadzki,Pogoń Szczecin,Obrońca,2%,0.7,,15,ŚLA (D),0,0,0,0,0,0,0,False
2579,Jakub Zawadzki,Pogoń Szczecin,Obrońca,2%,0.7,,16,LPO (W),0,0,0,0,0,0,0,False
2579,Jakub Zawadzki,Pogoń Szczecin,Obrońca,2%,0.7,,17,GÓR (D),0,0,0,0,0,0,0,False
2579,Jakub Zawadzki,Pogoń Szczecin,Obrońca,2%,0.7,,18,JAG (W),0,0,0,0,0,0,0,False
2579,Jakub Zawadzki,Pogoń Szczecin,Obrońca,2%,0.7,,18,LEG (W),0,0,0,0,0,0,0,False
2587,Mateusz Kopczyński,Piast Gliwice,Pomocnik,0%,0.7,,1,ZAG (W),0,0,0,0,0,0,0,False
2587,Mateusz Kopczyński,Piast Gliwice,Pomocnik,0%,0.7,,2,WIS (D),0,0,0,0,0,0,0,False
2587,Mateusz Kopczyński,Piast Gliwice,Pomocnik,0%,0.7,,3,LPO (W),0,0,0,0,0,0,0,False
2587,Mateusz Kopczyński,Piast Gliwice,Pomocnik,0%,0.7,,4,WIE (D),0,0,0,0,0,0,0,False
2587,Mateusz Kopczyński,Piast Gliwice,Pomocnik,0%,0.7,,5,LEG (D),0,0,0,0,0,0,0,False
2587,Mateusz Kopczyński,Piast Gliwice,Pomocnik,0%,0.7,,6,MOT (W),0,0,0,0,0,0,0,False
2587,Mateusz Kopczyński,Piast Gliwice,Pomocnik,0%,0.7,,7,GKS (D),0,0,0,0,0,0,0,False
2587,Mateusz Kopczyński,Piast Gliwice,Pomocnik,0%,0.7,,8,RAD (W),0,0,0,0,0,0,0,False
2587,Mateusz Kopczyński,Piast Gliwice,Pomocnik,0%,0.7,,9,POG (D),0,0,0,0,0,0,0,False
2587,Mateusz Kopczyński,Piast Gliwice,Pomocnik,0%,0.7,,10,WID (D),0,0,0,0,0,0,0,False
2587,Mateusz Kopczyński,Piast Gliwice,Pomocnik,0%,0.7,,11,GÓR (W),0,0,0,0,0,0,0,False
2587,Mateusz Kopczyński,Piast Gliwice,Pomocnik,0%,0.7,,12,CRA (D),0,0,0,0,0,0,0,False
2587,Mateusz Kopczyński,Piast Gliwice,Pomocnik,0%,0.7,,13,WPŁ (W),0,0,0,0,0,0,0,False
2587,Mateusz Kopczyński,Piast Gliwice,Pomocnik,0%,0.7,,14,ŚLA (W),0,0,0,0,0,0,0,False
2587,Mateusz Kopczyński,Piast Gliwice,Pomocnik,0%,0.7,,15,KOR (D),0,0,0,0,0,0,0,False
2587,Mateusz Kopczyński,Piast Gliwice,Pomocnik,0%,0.7,,16,RCZ (W),0,0,0,0,0,0,0,False
2587,Mateusz Kopczyński,Piast Gliwice,Pomocnik,0%,0.7,,17,JAG (D),0,0,0,0,0,0,0,False
2587,Mateusz Kopczyński,Piast Gliwice,Pomocnik,0%,0.7,,18,ZAG (D),0,0,0,0,0,0,0,False
2588,Mauro Perković,Cracovia,Obrońca,3%,1.8,,1,LPO (W),90,0,0,0,0,0,5,True
2588,Mauro Perković,Cracovia,Obrońca,3%,1.8,,2,POG (D),90,0,0,0,0,0,1,True
2588,Mauro Perković,Cracovia,Obrońca,3%,1.8,,3,ŚLA (W),76,0,0,0,0,0,5,True
2588,Mauro Perković,Cracovia,Obrońca,3%,1.8,,4,RCZ (D),90,0,0,0,0,0,3,True
2588,Mauro Perković,Cracovia,Obrońca,3%,1.8,,5,WIE (D),90,1,0,0,0,0,8,True
2588,Mauro Perković,Cracovia,Obrońca,3%,1.8,,6,RAD (W),90,0,0,0,0,0,-1,True
2588,Mauro Perković,Cracovia,Obrońca,3%,1.8,,7,GÓR (D),90,0,0,0,0,0,2,True
2588,Mauro Perković,Cracovia,Obrońca,3%,1.8,,8,WPŁ (W),0,0,0,0,0,0,0,False
2588,Mauro Perković,Cracovia,Obrońca,3%,1.8,,9,GKS (W),0,0,0,0,0,0,0,False
2588,Mauro Perković,Cracovia,Obrońca,3%,1.8,,10,ZAG (D),0,0,0,0,0,0,0,False
2588,Mauro Perković,Cracovia,Obrońca,3%,1.8,,11,LEG (D),0,0,0,0,0,0,0,False
2588,Mauro Perković,Cracovia,Obrońca,3%,1.8,,12,PIA (W),0,0,0,0,0,0,0,False
2588,Mauro Perković,Cracovia,Obrońca,3%,1.8,,13,MOT (D),0,0,0,0,0,0,0,False
2588,Mauro Perković,Cracovia,Obrońca,3%,1.8,,14,WIS (W),0,0,0,0,0,0,0,False
2588,Mauro Perković,Cracovia,Obrońca,3%,1.8,,15,JAG (D),0,0,0,0,0,0,0,False
2588,Mauro Perković,Cracovia,Obrońca,3%,1.8,,16,KOR (W),0,0,0,0,0,0,0,False
2588,Mauro Perković,Cracovia,Obrońca,3%,1.8,,17,WID (D),0,0,0,0,0,0,0,False
2588,Mauro Perković,Cracovia,Obrońca,3%,1.8,,18,LPO (D),0,0,0,0,0,0,0,False
2592,Szymon Kilianek,Radomiak Radom,Obrońca,1%,0.7,,1,WIE (D),0,0,0,0,0,0,0,False
2592,Szymon Kilianek,Radomiak Radom,Obrońca,1%,0.7,,2,GKS (W),0,0,0,0,0,0,0,False
2592,Szymon Kilianek,Radomiak Radom,Obrońca,1%,0.7,,3,GÓR (D),0,0,0,0,0,0,0,False
2592,Szymon Kilianek,Radomiak Radom,Obrońca,1%,0.7,,4,LEG (W),0,0,0,0,0,0,0,False
2592,Szymon Kilianek,Radomiak Radom,Obrońca,1%,0.7,,5,ZAG (D),0,0,0,0,0,0,0,False
2592,Szymon Kilianek,Radomiak Radom,Obrońca,1%,0.7,,6,CRA (D),0,0,0,0,0,0,0,False
2592,Szymon Kilianek,Radomiak Radom,Obrońca,1%,0.7,,7,WID (W),0,0,0,0,0,0,0,False
2592,Szymon Kilianek,Radomiak Radom,Obrońca,1%,0.7,,8,PIA (D),0,0,0,0,0,0,0,False
2592,Szymon Kilianek,Radomiak Radom,Obrońca,1%,0.7,,9,LPO (W),0,0,0,0,0,0,0,False
2592,Szymon Kilianek,Radomiak Radom,Obrońca,1%,0.7,,10,MOT (D),0,0,0,0,0,0,0,False
2592,Szymon Kilianek,Radomiak Radom,Obrońca,1%,0.7,,11,WPŁ (W),0,0,0,0,0,0,0,False
2592,Szymon Kilianek,Radomiak Radom,Obrońca,1%,0.7,,12,POG (W),0,0,0,0,0,0,0,False
2592,Szymon Kilianek,Radomiak Radom,Obrońca,1%,0.7,,13,ŚLA (D),0,0,0,0,0,0,0,False
2592,Szymon Kilianek,Radomiak Radom,Obrońca,1%,0.7,,14,KOR (W),0,0,0,0,0,0,0,False
2592,Szymon Kilianek,Radomiak Radom,Obrońca,1%,0.7,,15,WIS (D),0,0,0,0,0,0,0,False
2592,Szymon Kilianek,Radomiak Radom,Obrońca,1%,0.7,,16,JAG (W),0,0,0,0,0,0,0,False
2592,Szymon Kilianek,Radomiak Radom,Obrońca,1%,0.7,,17,RCZ (D),0,0,0,0,0,0,0,False
2592,Szymon Kilianek,Radomiak Radom,Obrońca,1%,0.7,,18,WIE (W),0,0,0,0,0,0,0,False
2629,Morgan Faßbender,Korona Kielce,Pomocnik,14%,1.8,,1,JAG (W),1,0,0,0,0,0,1,True
2629,Morgan Faßbender,Korona Kielce,Pomocnik,14%,1.8,,3,LEG (D),90,0,0,0,0,0,2,True
2629,Morgan Faßbender,Korona Kielce,Pomocnik,14%,1.8,,4,WID (W),88,2,0,0,0,0,14,True
2629,Morgan Faßbender,Korona Kielce,Pomocnik,14%,1.8,,5,MOT (D),90,0,0,0,1,0,1,True
2629,Morgan Faßbender,Korona Kielce,Pomocnik,14%,1.8,,6,WPŁ (W),85,1,0,0,0,0,9,True
2629,Morgan Faßbender,Korona Kielce,Pomocnik,14%,1.8,,7,WIS (D),58,0,0,0,0,0,2,True
2629,Morgan Faßbender,Korona Kielce,Pomocnik,14%,1.8,,8,GÓR (D),0,0,0,0,0,0,0,False
2629,Morgan Faßbender,Korona Kielce,Pomocnik,14%,1.8,,8,ŚLA (W),0,0,0,0,0,0,0,False
2629,Morgan Faßbender,Korona Kielce,Pomocnik,14%,1.8,,9,RCZ (D),0,0,0,0,0,0,0,False
2629,Morgan Faßbender,Korona Kielce,Pomocnik,14%,1.8,,10,POG (W),0,0,0,0,0,0,0,False
2629,Morgan Faßbender,Korona Kielce,Pomocnik,14%,1.8,,11,LPO (W),0,0,0,0,0,0,0,False
2629,Morgan Faßbender,Korona Kielce,Pomocnik,14%,1.8,,12,GKS (D),0,0,0,0,0,0,0,False
2629,Morgan Faßbender,Korona Kielce,Pomocnik,14%,1.8,,13,ZAG (W),0,0,0,0,0,0,0,False
2629,Morgan Faßbender,Korona Kielce,Pomocnik,14%,1.8,,14,RAD (D),0,0,0,0,0,0,0,False
2629,Morgan Faßbender,Korona Kielce,Pomocnik,14%,1.8,,15,PIA (W),0,0,0,0,0,0,0,False
2629,Morgan Faßbender,Korona Kielce,Pomocnik,14%,1.8,,16,CRA (D),0,0,0,0,0,0,0,False
2629,Morgan Faßbender,Korona Kielce,Pomocnik,14%,1.8,,17,WIE (W),0,0,0,0,0,0,0,False
2629,Morgan Faßbender,Korona Kielce,Pomocnik,14%,1.8,,18,JAG (D),0,0,0,0,0,0,0,False
2637,Marcin Kamiński,Wisła Płock,Obrońca,2%,1.8,,1,RCZ (W),90,0,0,0,0,0,3,True
2637,Marcin Kamiński,Wisła Płock,Obrońca,2%,1.8,,2,WID (D),90,0,0,0,0,0,5,True
2637,Marcin Kamiński,Wisła Płock,Obrońca,2%,1.8,,3,WIS (W),90,0,0,0,0,0,1,True
2637,Marcin Kamiński,Wisła Płock,Obrońca,2%,1.8,,5,GKS (W),90,0,0,0,0,0,-2,True
2637,Marcin Kamiński,Wisła Płock,Obrońca,2%,1.8,,6,KOR (D),90,0,0,0,0,0,1,True
2637,Marcin Kamiński,Wisła Płock,Obrońca,2%,1.8,,7,POG (W),0,0,0,0,0,0,0,False
2637,Marcin Kamiński,Wisła Płock,Obrońca,2%,1.8,,8,CRA (D),0,0,0,0,0,0,0,False
2637,Marcin Kamiński,Wisła Płock,Obrońca,2%,1.8,,9,ZAG (W),0,0,0,0,0,0,0,False
2637,Marcin Kamiński,Wisła Płock,Obrońca,2%,1.8,,10,WIE (W),0,0,0,0,0,0,0,False
2637,Marcin Kamiński,Wisła Płock,Obrońca,2%,1.8,,11,RAD (D),0,0,0,0,0,0,0,False
2637,Marcin Kamiński,Wisła Płock,Obrońca,2%,1.8,,12,JAG (W),0,0,0,0,0,0,0,False
2637,Marcin Kamiński,Wisła Płock,Obrońca,2%,1.8,,13,PIA (D),0,0,0,0,0,0,0,False
2637,Marcin Kamiński,Wisła Płock,Obrońca,2%,1.8,,14,MOT (W),0,0,0,0,0,0,0,False
2637,Marcin Kamiński,Wisła Płock,Obrońca,2%,1.8,,15,LEG (D),0,0,0,0,0,0,0,False
2637,Marcin Kamiński,Wisła Płock,Obrońca,2%,1.8,,16,GÓR (W),0,0,0,0,0,0,0,False
2637,Marcin Kamiński,Wisła Płock,Obrońca,2%,1.8,,17,ŚLA (D),0,0,0,0,0,0,0,False
2637,Marcin Kamiński,Wisła Płock,Obrońca,2%,1.8,,18,LPO (D),0,0,0,0,0,0,0,False
2637,Marcin Kamiński,Wisła Płock,Obrońca,2%,1.8,,18,RCZ (D),0,0,0,0,0,0,0,False
2659,Marcel Łubik,Wisła Kraków,Bramkarz,10%,1.8,,1,GKS (D),90,0,0,3,0,0,4,True
2659,Marcel Łubik,Wisła Kraków,Bramkarz,10%,1.8,,2,PIA (W),90,0,0,4,0,0,0,True
2659,Marcel Łubik,Wisła Kraków,Bramkarz,10%,1.8,,3,WPŁ (D),90,0,0,6,0,0,5,True
2659,Marcel Łubik,Wisła Kraków,Bramkarz,10%,1.8,,4,GÓR (W),90,0,0,3,0,0,2,True
2659,Marcel Łubik,Wisła Kraków,Bramkarz,10%,1.8,,5,POG (W),90,0,0,6,0,0,3,True
2659,Marcel Łubik,Wisła Kraków,Bramkarz,10%,1.8,,6,WIE (D),90,0,0,4,0,0,7,True
2659,Marcel Łubik,Wisła Kraków,Bramkarz,10%,1.8,,7,KOR (W),90,0,0,4,0,0,3,True
2659,Marcel Łubik,Wisła Kraków,Bramkarz,10%,1.8,,8,JAG (D),0,0,0,0,0,0,0,False
2659,Marcel Łubik,Wisła Kraków,Bramkarz,10%,1.8,,9,ŚLA (D),0,0,0,0,0,0,0,False
2659,Marcel Łubik,Wisła Kraków,Bramkarz,10%,1.8,,10,LEG (W),0,0,0,0,0,0,0,False
2659,Marcel Łubik,Wisła Kraków,Bramkarz,10%,1.8,,11,WID (W),0,0,0,0,0,0,0,False
2659,Marcel Łubik,Wisła Kraków,Bramkarz,10%,1.8,,12,RCZ (D),0,0,0,0,0,0,0,False
2659,Marcel Łubik,Wisła Kraków,Bramkarz,10%,1.8,,13,LPO (W),0,0,0,0,0,0,0,False
2659,Marcel Łubik,Wisła Kraków,Bramkarz,10%,1.8,,14,CRA (D),0,0,0,0,0,0,0,False
2659,Marcel Łubik,Wisła Kraków,Bramkarz,10%,1.8,,15,RAD (W),0,0,0,0,0,0,0,False
2659,Marcel Łubik,Wisła Kraków,Bramkarz,10%,1.8,,16,MOT (D),0,0,0,0,0,0,0,False
2659,Marcel Łubik,Wisła Kraków,Bramkarz,10%,1.8,,17,ZAG (W),0,0,0,0,0,0,0,False
2659,Marcel Łubik,Wisła Kraków,Bramkarz,10%,1.8,,18,GKS (W),0,0,0,0,0,0,0,False
2661,Bernardo Vital,Jagiellonia Białystok,Obrońca,2%,1.9,,1,KOR (D),90,0,0,0,0,0,6,True
2661,Bernardo Vital,Jagiellonia Białystok,Obrońca,2%,1.9,,2,MOT (W),90,0,0,0,1,0,2,True
2661,Bernardo Vital,Jagiellonia Białystok,Obrońca,2%,1.9,,3,WID (D),90,0,0,0,0,0,1,True
2661,Bernardo Vital,Jagiellonia Białystok,Obrońca,2%,1.9,,6,LPO (W),90,0,1,0,0,0,5,True
2661,Bernardo Vital,Jagiellonia Białystok,Obrońca,2%,1.9,,6,RCZ (W),0,0,0,0,0,0,0,False
2661,Bernardo Vital,Jagiellonia Białystok,Obrońca,2%,1.9,,7,ŚLA (D),0,0,0,0,0,0,0,False
2661,Bernardo Vital,Jagiellonia Białystok,Obrońca,2%,1.9,,8,WIS (W),0,0,0,0,0,0,0,False
2661,Bernardo Vital,Jagiellonia Białystok,Obrońca,2%,1.9,,9,LEG (D),0,0,0,0,0,0,0,False
2661,Bernardo Vital,Jagiellonia Białystok,Obrońca,2%,1.9,,10,GÓR (D),0,0,0,0,0,0,0,False
2661,Bernardo Vital,Jagiellonia Białystok,Obrońca,2%,1.9,,11,ZAG (W),0,0,0,0,0,0,0,False
2661,Bernardo Vital,Jagiellonia Białystok,Obrońca,2%,1.9,,12,WPŁ (D),0,0,0,0,0,0,0,False
2661,Bernardo Vital,Jagiellonia Białystok,Obrońca,2%,1.9,,13,WIE (W),0,0,0,0,0,0,0,False
2661,Bernardo Vital,Jagiellonia Białystok,Obrońca,2%,1.9,,14,GKS (D),0,0,0,0,0,0,0,False
2661,Bernardo Vital,Jagiellonia Białystok,Obrońca,2%,1.9,,15,CRA (W),0,0,0,0,0,0,0,False
2661,Bernardo Vital,Jagiellonia Białystok,Obrońca,2%,1.9,,16,RAD (D),0,0,0,0,0,0,0,False
2661,Bernardo Vital,Jagiellonia Białystok,Obrońca,2%,1.9,,17,PIA (W),0,0,0,0,0,0,0,False
2661,Bernardo Vital,Jagiellonia Białystok,Obrońca,2%,1.9,,18,POG (D),0,0,0,0,0,0,0,False
2661,Bernardo Vital,Jagiellonia Białystok,Obrońca,2%,1.9,,18,KOR (W),0,0,0,0,0,0,0,False
2662,Yūki Kobayashi,Jagiellonia Białystok,Obrońca,6%,1.7,,1,KOR (D),90,0,0,0,0,0,6,True
2662,Yūki Kobayashi,Jagiellonia Białystok,Obrońca,6%,1.7,,2,MOT (W),90,0,0,0,0,0,3,True
2662,Yūki Kobayashi,Jagiellonia Białystok,Obrońca,6%,1.7,,3,WID (D),45,0,0,0,0,0,2,True
2662,Yūki Kobayashi,Jagiellonia Białystok,Obrońca,6%,1.7,,6,LPO (W),45,1,0,0,0,0,8,True
2662,Yūki Kobayashi,Jagiellonia Białystok,Obrońca,6%,1.7,,6,RCZ (W),90,0,0,0,0,0,2,True
2662,Yūki Kobayashi,Jagiellonia Białystok,Obrońca,6%,1.7,,7,ŚLA (D),0,0,0,0,0,0,0,False
2662,Yūki Kobayashi,Jagiellonia Białystok,Obrońca,6%,1.7,,8,WIS (W),0,0,0,0,0,0,0,False
2662,Yūki Kobayashi,Jagiellonia Białystok,Obrońca,6%,1.7,,9,LEG (D),0,0,0,0,0,0,0,False
2662,Yūki Kobayashi,Jagiellonia Białystok,Obrońca,6%,1.7,,10,GÓR (D),0,0,0,0,0,0,0,False
2662,Yūki Kobayashi,Jagiellonia Białystok,Obrońca,6%,1.7,,11,ZAG (W),0,0,0,0,0,0,0,False
2662,Yūki Kobayashi,Jagiellonia Białystok,Obrońca,6%,1.7,,12,WPŁ (D),0,0,0,0,0,0,0,False
2662,Yūki Kobayashi,Jagiellonia Białystok,Obrońca,6%,1.7,,13,WIE (W),0,0,0,0,0,0,0,False
2662,Yūki Kobayashi,Jagiellonia Białystok,Obrońca,6%,1.7,,14,GKS (D),0,0,0,0,0,0,0,False
2662,Yūki Kobayashi,Jagiellonia Białystok,Obrońca,6%,1.7,,15,CRA (W),0,0,0,0,0,0,0,False
2662,Yūki Kobayashi,Jagiellonia Białystok,Obrońca,6%,1.7,,16,RAD (D),0,0,0,0,0,0,0,False
2662,Yūki Kobayashi,Jagiellonia Białystok,Obrońca,6%,1.7,,17,PIA (W),0,0,0,0,0,0,0,False
2662,Yūki Kobayashi,Jagiellonia Białystok,Obrońca,6%,1.7,,18,POG (D),0,0,0,0,0,0,0,False
2662,Yūki Kobayashi,Jagiellonia Białystok,Obrońca,6%,1.7,,18,KOR (W),0,0,0,0,0,0,0,False
2671,Karol Czubak,Motor Lublin,Napastnik,29%,3.0,,1,WID (W),90,0,0,0,0,0,2,True
2671,Karol Czubak,Motor Lublin,Napastnik,29%,3.0,,2,JAG (D),90,1,0,0,0,0,6,True
2671,Karol Czubak,Motor Lublin,Napastnik,29%,3.0,,3,POG (W),90,0,0,0,0,0,2,True
2671,Karol Czubak,Motor Lublin,Napastnik,29%,3.0,,4,GKS (D),89,1,0,0,0,0,7,True
2671,Karol Czubak,Motor Lublin,Napastnik,29%,3.0,,5,KOR (W),90,1,0,0,0,0,6,True
2671,Karol Czubak,Motor Lublin,Napastnik,29%,3.0,,6,PIA (D),90,0,0,0,0,0,2,True
2671,Karol Czubak,Motor Lublin,Napastnik,29%,3.0,,7,LEG (D),90,2,0,0,0,0,10,True
2671,Karol Czubak,Motor Lublin,Napastnik,29%,3.0,,8,RCZ (W),0,0,0,0,0,0,0,False
2671,Karol Czubak,Motor Lublin,Napastnik,29%,3.0,,9,GÓR (D),0,0,0,0,0,0,0,False
2671,Karol Czubak,Motor Lublin,Napastnik,29%,3.0,,10,RAD (W),0,0,0,0,0,0,0,False
2671,Karol Czubak,Motor Lublin,Napastnik,29%,3.0,,11,ŚLA (D),0,0,0,0,0,0,0,False
2671,Karol Czubak,Motor Lublin,Napastnik,29%,3.0,,12,ZAG (D),0,0,0,0,0,0,0,False
2671,Karol Czubak,Motor Lublin,Napastnik,29%,3.0,,13,CRA (W),0,0,0,0,0,0,0,False
2671,Karol Czubak,Motor Lublin,Napastnik,29%,3.0,,14,WPŁ (D),0,0,0,0,0,0,0,False
2671,Karol Czubak,Motor Lublin,Napastnik,29%,3.0,,15,WIE (W),0,0,0,0,0,0,0,False
2671,Karol Czubak,Motor Lublin,Napastnik,29%,3.0,,16,WIS (W),0,0,0,0,0,0,0,False
2671,Karol Czubak,Motor Lublin,Napastnik,29%,3.0,,17,LPO (D),0,0,0,0,0,0,0,False
2671,Karol Czubak,Motor Lublin,Napastnik,29%,3.0,,18,WID (D),0,0,0,0,0,0,0,False
2676,Emmanuel Twumasi,Piast Gliwice,Obrońca,0%,1.7,,1,ZAG (W),3,0,0,0,0,0,1,True
2676,Emmanuel Twumasi,Piast Gliwice,Obrońca,0%,1.7,,2,WIS (D),32,0,1,0,0,0,6,True
2676,Emmanuel Twumasi,Piast Gliwice,Obrońca,0%,1.7,,3,LPO (W),34,0,0,0,1,0,-2,True
2676,Emmanuel Twumasi,Piast Gliwice,Obrońca,0%,1.7,,4,WIE (D),16,0,1,0,0,0,5,True
2676,Emmanuel Twumasi,Piast Gliwice,Obrońca,0%,1.7,,5,LEG (D),90,0,0,0,0,0,2,True
2676,Emmanuel Twumasi,Piast Gliwice,Obrońca,0%,1.7,,6,MOT (W),90,0,0,0,0,0,6,True
2676,Emmanuel Twumasi,Piast Gliwice,Obrońca,0%,1.7,,7,GKS (D),90,0,0,0,0,0,6,True
2676,Emmanuel Twumasi,Piast Gliwice,Obrońca,0%,1.7,,8,RAD (W),0,0,0,0,0,0,0,False
2676,Emmanuel Twumasi,Piast Gliwice,Obrońca,0%,1.7,,9,POG (D),0,0,0,0,0,0,0,False
2676,Emmanuel Twumasi,Piast Gliwice,Obrońca,0%,1.7,,10,WID (D),0,0,0,0,0,0,0,False
2676,Emmanuel Twumasi,Piast Gliwice,Obrońca,0%,1.7,,11,GÓR (W),0,0,0,0,0,0,0,False
2676,Emmanuel Twumasi,Piast Gliwice,Obrońca,0%,1.7,,12,CRA (D),0,0,0,0,0,0,0,False
2676,Emmanuel Twumasi,Piast Gliwice,Obrońca,0%,1.7,,13,WPŁ (W),0,0,0,0,0,0,0,False
2676,Emmanuel Twumasi,Piast Gliwice,Obrońca,0%,1.7,,14,ŚLA (W),0,0,0,0,0,0,0,False
2676,Emmanuel Twumasi,Piast Gliwice,Obrońca,0%,1.7,,15,KOR (D),0,0,0,0,0,0,0,False
2676,Emmanuel Twumasi,Piast Gliwice,Obrońca,0%,1.7,,16,RCZ (W),0,0,0,0,0,0,0,False
2676,Emmanuel Twumasi,Piast Gliwice,Obrońca,0%,1.7,,17,JAG (D),0,0,0,0,0,0,0,False
2676,Emmanuel Twumasi,Piast Gliwice,Obrońca,0%,1.7,,18,ZAG (D),0,0,0,0,0,0,0,False
2679,Paul Mukairu,Pogoń Szczecin,Pomocnik,10%,2.1,,1,LEG (D),89,0,0,0,0,0,2,True
2679,Paul Mukairu,Pogoń Szczecin,Pomocnik,10%,2.1,,2,CRA (W),90,1,1,0,0,0,13,True
2679,Paul Mukairu,Pogoń Szczecin,Pomocnik,10%,2.1,,3,MOT (D),80,0,0,0,0,0,3,True
2679,Paul Mukairu,Pogoń Szczecin,Pomocnik,10%,2.1,,5,WIS (D),72,0,0,0,0,0,2,True
2679,Paul Mukairu,Pogoń Szczecin,Pomocnik,10%,2.1,,6,ZAG (W),89,0,0,0,0,0,3,True
2679,Paul Mukairu,Pogoń Szczecin,Pomocnik,10%,2.1,,7,WPŁ (D),0,0,0,0,0,0,0,False
2679,Paul Mukairu,Pogoń Szczecin,Pomocnik,10%,2.1,,8,WIE (D),0,0,0,0,0,0,0,False
2679,Paul Mukairu,Pogoń Szczecin,Pomocnik,10%,2.1,,9,PIA (W),0,0,0,0,0,0,0,False
2679,Paul Mukairu,Pogoń Szczecin,Pomocnik,10%,2.1,,10,KOR (D),0,0,0,0,0,0,0,False
2679,Paul Mukairu,Pogoń Szczecin,Pomocnik,10%,2.1,,11,GKS (W),0,0,0,0,0,0,0,False
2679,Paul Mukairu,Pogoń Szczecin,Pomocnik,10%,2.1,,12,RAD (D),0,0,0,0,0,0,0,False
2679,Paul Mukairu,Pogoń Szczecin,Pomocnik,10%,2.1,,13,RCZ (W),0,0,0,0,0,0,0,False
2679,Paul Mukairu,Pogoń Szczecin,Pomocnik,10%,2.1,,14,WID (W),0,0,0,0,0,0,0,False
2679,Paul Mukairu,Pogoń Szczecin,Pomocnik,10%,2.1,,15,ŚLA (D),0,0,0,0,0,0,0,False
2679,Paul Mukairu,Pogoń Szczecin,Pomocnik,10%,2.1,,16,LPO (W),0,0,0,0,0,0,0,False
2679,Paul Mukairu,Pogoń Szczecin,Pomocnik,10%,2.1,,17,GÓR (D),0,0,0,0,0,0,0,False
2679,Paul Mukairu,Pogoń Szczecin,Pomocnik,10%,2.1,,18,JAG (W),0,0,0,0,0,0,0,False
2679,Paul Mukairu,Pogoń Szczecin,Pomocnik,10%,2.1,,18,LEG (W),0,0,0,0,0,0,0,False
2701,Kacper Plichta,Motor Lublin,Napastnik,1%,0.7,,1,WID (W),0,0,0,0,0,0,0,False
2701,Kacper Plichta,Motor Lublin,Napastnik,1%,0.7,,2,JAG (D),0,0,0,0,0,0,0,False
2701,Kacper Plichta,Motor Lublin,Napastnik,1%,0.7,,3,POG (W),0,0,0,0,0,0,0,False
2701,Kacper Plichta,Motor Lublin,Napastnik,1%,0.7,,4,GKS (D),0,0,0,0,0,0,0,False
2701,Kacper Plichta,Motor Lublin,Napastnik,1%,0.7,,5,KOR (W),0,0,0,0,0,0,0,False
2701,Kacper Plichta,Motor Lublin,Napastnik,1%,0.7,,6,PIA (D),0,0,0,0,0,0,0,False
2701,Kacper Plichta,Motor Lublin,Napastnik,1%,0.7,,7,LEG (D),0,0,0,0,0,0,0,False
2701,Kacper Plichta,Motor Lublin,Napastnik,1%,0.7,,8,RCZ (W),0,0,0,0,0,0,0,False
2701,Kacper Plichta,Motor Lublin,Napastnik,1%,0.7,,9,GÓR (D),0,0,0,0,0,0,0,False
2701,Kacper Plichta,Motor Lublin,Napastnik,1%,0.7,,10,RAD (W),0,0,0,0,0,0,0,False
2701,Kacper Plichta,Motor Lublin,Napastnik,1%,0.7,,11,ŚLA (D),0,0,0,0,0,0,0,False
2701,Kacper Plichta,Motor Lublin,Napastnik,1%,0.7,,12,ZAG (D),0,0,0,0,0,0,0,False
2701,Kacper Plichta,Motor Lublin,Napastnik,1%,0.7,,13,CRA (W),0,0,0,0,0,0,0,False
2701,Kacper Plichta,Motor Lublin,Napastnik,1%,0.7,,14,WPŁ (D),0,0,0,0,0,0,0,False
2701,Kacper Plichta,Motor Lublin,Napastnik,1%,0.7,,15,WIE (W),0,0,0,0,0,0,0,False
2701,Kacper Plichta,Motor Lublin,Napastnik,1%,0.7,,16,WIS (W),0,0,0,0,0,0,0,False
2701,Kacper Plichta,Motor Lublin,Napastnik,1%,0.7,,17,LPO (D),0,0,0,0,0,0,0,False
2701,Kacper Plichta,Motor Lublin,Napastnik,1%,0.7,,18,WID (D),0,0,0,0,0,0,0,False
2706,Patryk Kukulski,Motor Lublin,Bramkarz,2%,0.7,,1,WID (W),0,0,0,0,0,0,0,False
2706,Patryk Kukulski,Motor Lublin,Bramkarz,2%,0.7,,2,JAG (D),0,0,0,0,0,0,0,False
2706,Patryk Kukulski,Motor Lublin,Bramkarz,2%,0.7,,3,POG (W),0,0,0,0,0,0,0,False
2706,Patryk Kukulski,Motor Lublin,Bramkarz,2%,0.7,,4,GKS (D),0,0,0,0,0,0,0,False
2706,Patryk Kukulski,Motor Lublin,Bramkarz,2%,0.7,,5,KOR (W),0,0,0,0,0,0,0,False
2706,Patryk Kukulski,Motor Lublin,Bramkarz,2%,0.7,,6,PIA (D),0,0,0,0,0,0,0,False
2706,Patryk Kukulski,Motor Lublin,Bramkarz,2%,0.7,,7,LEG (D),0,0,0,0,0,0,0,False
2706,Patryk Kukulski,Motor Lublin,Bramkarz,2%,0.7,,8,RCZ (W),0,0,0,0,0,0,0,False
2706,Patryk Kukulski,Motor Lublin,Bramkarz,2%,0.7,,9,GÓR (D),0,0,0,0,0,0,0,False
2706,Patryk Kukulski,Motor Lublin,Bramkarz,2%,0.7,,10,RAD (W),0,0,0,0,0,0,0,False
2706,Patryk Kukulski,Motor Lublin,Bramkarz,2%,0.7,,11,ŚLA (D),0,0,0,0,0,0,0,False
2706,Patryk Kukulski,Motor Lublin,Bramkarz,2%,0.7,,12,ZAG (D),0,0,0,0,0,0,0,False
2706,Patryk Kukulski,Motor Lublin,Bramkarz,2%,0.7,,13,CRA (W),0,0,0,0,0,0,0,False
2706,Patryk Kukulski,Motor Lublin,Bramkarz,2%,0.7,,14,WPŁ (D),0,0,0,0,0,0,0,False
2706,Patryk Kukulski,Motor Lublin,Bramkarz,2%,0.7,,15,WIE (W),0,0,0,0,0,0,0,False
2706,Patryk Kukulski,Motor Lublin,Bramkarz,2%,0.7,,16,WIS (W),0,0,0,0,0,0,0,False
2706,Patryk Kukulski,Motor Lublin,Bramkarz,2%,0.7,,17,LPO (D),0,0,0,0,0,0,0,False
2706,Patryk Kukulski,Motor Lublin,Bramkarz,2%,0.7,,18,WID (D),0,0,0,0,0,0,0,False
2717,Pablo Rodríguez,Lech Poznań,Pomocnik,5%,2.1,,1,CRA (D),75,0,0,0,0,0,3,True
2717,Pablo Rodríguez,Lech Poznań,Pomocnik,5%,2.1,,2,WIE (W),78,0,1,0,0,0,5,True
2717,Pablo Rodríguez,Lech Poznań,Pomocnik,5%,2.1,,3,PIA (D),45,0,1,0,0,0,5,True
2717,Pablo Rodríguez,Lech Poznań,Pomocnik,5%,2.1,,6,JAG (D),73,1,0,0,0,0,8,True
2717,Pablo Rodríguez,Lech Poznań,Pomocnik,5%,2.1,,6,WID (W),75,0,0,0,0,0,3,True
2717,Pablo Rodríguez,Lech Poznań,Pomocnik,5%,2.1,,7,RCZ (D),90,0,1,0,0,0,7,True
2717,Pablo Rodríguez,Lech Poznań,Pomocnik,5%,2.1,,8,GÓR (W),0,0,0,0,0,0,0,False
2717,Pablo Rodríguez,Lech Poznań,Pomocnik,5%,2.1,,9,RAD (D),0,0,0,0,0,0,0,False
2717,Pablo Rodríguez,Lech Poznań,Pomocnik,5%,2.1,,10,ŚLA (W),0,0,0,0,0,0,0,False
2717,Pablo Rodríguez,Lech Poznań,Pomocnik,5%,2.1,,11,KOR (D),0,0,0,0,0,0,0,False
2717,Pablo Rodríguez,Lech Poznań,Pomocnik,5%,2.1,,12,LEG (W),0,0,0,0,0,0,0,False
2717,Pablo Rodríguez,Lech Poznań,Pomocnik,5%,2.1,,13,WIS (D),0,0,0,0,0,0,0,False
2717,Pablo Rodríguez,Lech Poznań,Pomocnik,5%,2.1,,14,ZAG (D),0,0,0,0,0,0,0,False
2717,Pablo Rodríguez,Lech Poznań,Pomocnik,5%,2.1,,15,GKS (W),0,0,0,0,0,0,0,False
2717,Pablo Rodríguez,Lech Poznań,Pomocnik,5%,2.1,,16,POG (D),0,0,0,0,0,0,0,False
2717,Pablo Rodríguez,Lech Poznań,Pomocnik,5%,2.1,,17,MOT (W),0,0,0,0,0,0,0,False
2717,Pablo Rodríguez,Lech Poznań,Pomocnik,5%,2.1,,18,WPŁ (W),0,0,0,0,0,0,0,False
2717,Pablo Rodríguez,Lech Poznań,Pomocnik,5%,2.1,,18,CRA (W),0,0,0,0,0,0,0,False
2733,Luis Palma,Lech Poznań,Pomocnik,13%,3.5,,1,CRA (D),25,0,0,0,0,0,1,True
2733,Luis Palma,Lech Poznań,Pomocnik,13%,3.5,,2,WIE (W),77,0,1,0,0,0,6,True
2733,Luis Palma,Lech Poznań,Pomocnik,13%,3.5,,3,PIA (D),81,0,1,0,0,0,8,True
2733,Luis Palma,Lech Poznań,Pomocnik,13%,3.5,,6,JAG (D),72,0,0,0,0,0,3,True
2733,Luis Palma,Lech Poznań,Pomocnik,13%,3.5,,6,WID (W),22,1,0,0,1,0,6,True
2733,Luis Palma,Lech Poznań,Pomocnik,13%,3.5,,7,RCZ (D),45,0,0,0,0,0,3,True
2733,Luis Palma,Lech Poznań,Pomocnik,13%,3.5,,8,GÓR (W),0,0,0,0,0,0,0,False
2733,Luis Palma,Lech Poznań,Pomocnik,13%,3.5,,9,RAD (D),0,0,0,0,0,0,0,False
2733,Luis Palma,Lech Poznań,Pomocnik,13%,3.5,,10,ŚLA (W),0,0,0,0,0,0,0,False
2733,Luis Palma,Lech Poznań,Pomocnik,13%,3.5,,11,KOR (D),0,0,0,0,0,0,0,False
2733,Luis Palma,Lech Poznań,Pomocnik,13%,3.5,,12,LEG (W),0,0,0,0,0,0,0,False
2733,Luis Palma,Lech Poznań,Pomocnik,13%,3.5,,13,WIS (D),0,0,0,0,0,0,0,False
2733,Luis Palma,Lech Poznań,Pomocnik,13%,3.5,,14,ZAG (D),0,0,0,0,0,0,0,False
2733,Luis Palma,Lech Poznań,Pomocnik,13%,3.5,,15,GKS (W),0,0,0,0,0,0,0,False
2733,Luis Palma,Lech Poznań,Pomocnik,13%,3.5,,16,POG (D),0,0,0,0,0,0,0,False
2733,Luis Palma,Lech Poznań,Pomocnik,13%,3.5,,17,MOT (W),0,0,0,0,0,0,0,False
2733,Luis Palma,Lech Poznań,Pomocnik,13%,3.5,,18,WPŁ (W),0,0,0,0,0,0,0,False
2733,Luis Palma,Lech Poznań,Pomocnik,13%,3.5,,18,CRA (W),0,0,0,0,0,0,0,False
2741,Alex Peškovič,Pogoń Szczecin,Bramkarz,4%,0.7,,1,LEG (D),0,0,0,0,0,0,0,False
2741,Alex Peškovič,Pogoń Szczecin,Bramkarz,4%,0.7,,2,CRA (W),0,0,0,0,0,0,0,False
2741,Alex Peškovič,Pogoń Szczecin,Bramkarz,4%,0.7,,3,MOT (D),0,0,0,0,0,0,0,False
2741,Alex Peškovič,Pogoń Szczecin,Bramkarz,4%,0.7,,5,WIS (D),0,0,0,0,0,0,0,False
2741,Alex Peškovič,Pogoń Szczecin,Bramkarz,4%,0.7,,6,ZAG (W),0,0,0,0,0,0,0,False
2741,Alex Peškovič,Pogoń Szczecin,Bramkarz,4%,0.7,,7,WPŁ (D),0,0,0,0,0,0,0,False
2741,Alex Peškovič,Pogoń Szczecin,Bramkarz,4%,0.7,,8,WIE (D),0,0,0,0,0,0,0,False
2741,Alex Peškovič,Pogoń Szczecin,Bramkarz,4%,0.7,,9,PIA (W),0,0,0,0,0,0,0,False
2741,Alex Peškovič,Pogoń Szczecin,Bramkarz,4%,0.7,,10,KOR (D),0,0,0,0,0,0,0,False
2741,Alex Peškovič,Pogoń Szczecin,Bramkarz,4%,0.7,,11,GKS (W),0,0,0,0,0,0,0,False
2741,Alex Peškovič,Pogoń Szczecin,Bramkarz,4%,0.7,,12,RAD (D),0,0,0,0,0,0,0,False
2741,Alex Peškovič,Pogoń Szczecin,Bramkarz,4%,0.7,,13,RCZ (W),0,0,0,0,0,0,0,False
2741,Alex Peškovič,Pogoń Szczecin,Bramkarz,4%,0.7,,14,WID (W),0,0,0,0,0,0,0,False
2741,Alex Peškovič,Pogoń Szczecin,Bramkarz,4%,0.7,,15,ŚLA (D),0,0,0,0,0,0,0,False
2741,Alex Peškovič,Pogoń Szczecin,Bramkarz,4%,0.7,,16,LPO (W),0,0,0,0,0,0,0,False
2741,Alex Peškovič,Pogoń Szczecin,Bramkarz,4%,0.7,,17,GÓR (D),0,0,0,0,0,0,0,False
2741,Alex Peškovič,Pogoń Szczecin,Bramkarz,4%,0.7,,18,JAG (W),0,0,0,0,0,0,0,False
2741,Alex Peškovič,Pogoń Szczecin,Bramkarz,4%,0.7,,18,LEG (W),0,0,0,0,0,0,0,False
2752,Slobodan Rubežić,Korona Kielce,Obrońca,0%,1.7,,1,JAG (W),0,0,0,0,0,0,0,False
2752,Slobodan Rubežić,Korona Kielce,Obrońca,0%,1.7,,3,LEG (D),90,0,0,0,0,0,2,True
2752,Slobodan Rubežić,Korona Kielce,Obrońca,0%,1.7,,4,WID (W),90,0,0,0,0,0,3,True
2752,Slobodan Rubežić,Korona Kielce,Obrońca,0%,1.7,,5,MOT (D),90,0,0,0,1,0,1,True
2752,Slobodan Rubežić,Korona Kielce,Obrońca,0%,1.7,,6,WPŁ (W),90,0,0,0,0,0,6,True
2752,Slobodan Rubežić,Korona Kielce,Obrońca,0%,1.7,,7,WIS (D),90,0,0,0,1,0,1,True
2752,Slobodan Rubežić,Korona Kielce,Obrońca,0%,1.7,,8,GÓR (D),0,0,0,0,0,0,0,False
2752,Slobodan Rubežić,Korona Kielce,Obrońca,0%,1.7,,8,ŚLA (W),0,0,0,0,0,0,0,False
2752,Slobodan Rubežić,Korona Kielce,Obrońca,0%,1.7,,9,RCZ (D),0,0,0,0,0,0,0,False
2752,Slobodan Rubežić,Korona Kielce,Obrońca,0%,1.7,,10,POG (W),0,0,0,0,0,0,0,False
2752,Slobodan Rubežić,Korona Kielce,Obrońca,0%,1.7,,11,LPO (W),0,0,0,0,0,0,0,False
2752,Slobodan Rubežić,Korona Kielce,Obrońca,0%,1.7,,12,GKS (D),0,0,0,0,0,0,0,False
2752,Slobodan Rubežić,Korona Kielce,Obrońca,0%,1.7,,13,ZAG (W),0,0,0,0,0,0,0,False
2752,Slobodan Rubežić,Korona Kielce,Obrońca,0%,1.7,,14,RAD (D),0,0,0,0,0,0,0,False
2752,Slobodan Rubežić,Korona Kielce,Obrońca,0%,1.7,,15,PIA (W),0,0,0,0,0,0,0,False
2752,Slobodan Rubežić,Korona Kielce,Obrońca,0%,1.7,,16,CRA (D),0,0,0,0,0,0,0,False
2752,Slobodan Rubežić,Korona Kielce,Obrońca,0%,1.7,,17,WIE (W),0,0,0,0,0,0,0,False
2752,Slobodan Rubežić,Korona Kielce,Obrońca,0%,1.7,,18,JAG (D),0,0,0,0,0,0,0,False
2759,Eman Markovic,GKS Katowice,Pomocnik,3%,2.1,,1,WIS (W),90,0,0,0,0,0,2,True
2759,Eman Markovic,GKS Katowice,Pomocnik,3%,2.1,,2,RAD (D),59,0,0,0,0,0,3,True
2759,Eman Markovic,GKS Katowice,Pomocnik,3%,2.1,,4,MOT (W),1,0,0,0,0,0,1,True
2759,Eman Markovic,GKS Katowice,Pomocnik,3%,2.1,,5,WPŁ (D),74,1,0,0,0,0,9,True
2759,Eman Markovic,GKS Katowice,Pomocnik,3%,2.1,,6,GÓR (W),89,0,0,1,0,0,5,True
2759,Eman Markovic,GKS Katowice,Pomocnik,3%,2.1,,7,PIA (W),59,0,0,0,1,0,1,True
2759,Eman Markovic,GKS Katowice,Pomocnik,3%,2.1,,8,ZAG (W),0,0,0,0,0,0,0,False
2759,Eman Markovic,GKS Katowice,Pomocnik,3%,2.1,,9,CRA (D),0,0,0,0,0,0,0,False
2759,Eman Markovic,GKS Katowice,Pomocnik,3%,2.1,,10,WIE (D),0,0,0,0,0,0,0,False
2759,Eman Markovic,GKS Katowice,Pomocnik,3%,2.1,,10,RCZ (W),0,0,0,0,0,0,0,False
2759,Eman Markovic,GKS Katowice,Pomocnik,3%,2.1,,11,POG (D),0,0,0,0,0,0,0,False
2759,Eman Markovic,GKS Katowice,Pomocnik,3%,2.1,,12,KOR (W),0,0,0,0,0,0,0,False
2759,Eman Markovic,GKS Katowice,Pomocnik,3%,2.1,,13,WID (D),0,0,0,0,0,0,0,False
2759,Eman Markovic,GKS Katowice,Pomocnik,3%,2.1,,14,JAG (W),0,0,0,0,0,0,0,False
2759,Eman Markovic,GKS Katowice,Pomocnik,3%,2.1,,15,LPO (D),0,0,0,0,0,0,0,False
2759,Eman Markovic,GKS Katowice,Pomocnik,3%,2.1,,16,ŚLA (W),0,0,0,0,0,0,0,False
2759,Eman Markovic,GKS Katowice,Pomocnik,3%,2.1,,17,LEG (D),0,0,0,0,0,0,0,False
2759,Eman Markovic,GKS Katowice,Pomocnik,3%,2.1,,18,WIS (D),0,0,0,0,0,0,0,False
2767,Yannick Agnero,Lech Poznań,Napastnik,5%,1.8,,1,CRA (D),15,0,0,0,0,0,1,True
2767,Yannick Agnero,Lech Poznań,Napastnik,5%,1.8,,2,WIE (W),90,1,0,0,0,0,7,True
2767,Yannick Agnero,Lech Poznań,Napastnik,5%,1.8,,3,PIA (D),61,0,0,0,0,0,3,True
2767,Yannick Agnero,Lech Poznań,Napastnik,5%,1.8,,6,JAG (D),26,0,0,0,0,0,2,True
2767,Yannick Agnero,Lech Poznań,Napastnik,5%,1.8,,6,WID (W),68,0,0,0,0,0,3,True
2767,Yannick Agnero,Lech Poznań,Napastnik,5%,1.8,,7,RCZ (D),54,0,0,0,0,0,3,True
2767,Yannick Agnero,Lech Poznań,Napastnik,5%,1.8,,8,GÓR (W),0,0,0,0,0,0,0,False
2767,Yannick Agnero,Lech Poznań,Napastnik,5%,1.8,,9,RAD (D),0,0,0,0,0,0,0,False
2767,Yannick Agnero,Lech Poznań,Napastnik,5%,1.8,,10,ŚLA (W),0,0,0,0,0,0,0,False
2767,Yannick Agnero,Lech Poznań,Napastnik,5%,1.8,,11,KOR (D),0,0,0,0,0,0,0,False
2767,Yannick Agnero,Lech Poznań,Napastnik,5%,1.8,,12,LEG (W),0,0,0,0,0,0,0,False
2767,Yannick Agnero,Lech Poznań,Napastnik,5%,1.8,,13,WIS (D),0,0,0,0,0,0,0,False
2767,Yannick Agnero,Lech Poznań,Napastnik,5%,1.8,,14,ZAG (D),0,0,0,0,0,0,0,False
2767,Yannick Agnero,Lech Poznań,Napastnik,5%,1.8,,15,GKS (W),0,0,0,0,0,0,0,False
2767,Yannick Agnero,Lech Poznań,Napastnik,5%,1.8,,16,POG (D),0,0,0,0,0,0,0,False
2767,Yannick Agnero,Lech Poznań,Napastnik,5%,1.8,,17,MOT (W),0,0,0,0,0,0,0,False
2767,Yannick Agnero,Lech Poznań,Napastnik,5%,1.8,,18,WPŁ (W),0,0,0,0,0,0,0,False
2767,Yannick Agnero,Lech Poznań,Napastnik,5%,1.8,,18,CRA (W),0,0,0,0,0,0,0,False
2772,Sergio Lozano,Jagiellonia Białystok,Pomocnik,4%,1.9,,1,KOR (D),17,0,1,0,0,0,5,True
2772,Sergio Lozano,Jagiellonia Białystok,Pomocnik,4%,1.9,,2,MOT (W),87,1,0,0,0,0,8,True
2772,Sergio Lozano,Jagiellonia Białystok,Pomocnik,4%,1.9,,3,WID (D),23,0,0,0,0,0,1,True
2772,Sergio Lozano,Jagiellonia Białystok,Pomocnik,4%,1.9,,6,LPO (W),59,0,0,0,0,0,2,True
2772,Sergio Lozano,Jagiellonia Białystok,Pomocnik,4%,1.9,,6,RCZ (W),45,0,0,0,0,0,2,True
2772,Sergio Lozano,Jagiellonia Białystok,Pomocnik,4%,1.9,,7,ŚLA (D),0,0,0,0,0,0,0,False
2772,Sergio Lozano,Jagiellonia Białystok,Pomocnik,4%,1.9,,8,WIS (W),0,0,0,0,0,0,0,False
2772,Sergio Lozano,Jagiellonia Białystok,Pomocnik,4%,1.9,,9,LEG (D),0,0,0,0,0,0,0,False
2772,Sergio Lozano,Jagiellonia Białystok,Pomocnik,4%,1.9,,10,GÓR (D),0,0,0,0,0,0,0,False
2772,Sergio Lozano,Jagiellonia Białystok,Pomocnik,4%,1.9,,11,ZAG (W),0,0,0,0,0,0,0,False
2772,Sergio Lozano,Jagiellonia Białystok,Pomocnik,4%,1.9,,12,WPŁ (D),0,0,0,0,0,0,0,False
2772,Sergio Lozano,Jagiellonia Białystok,Pomocnik,4%,1.9,,13,WIE (W),0,0,0,0,0,0,0,False
2772,Sergio Lozano,Jagiellonia Białystok,Pomocnik,4%,1.9,,14,GKS (D),0,0,0,0,0,0,0,False
2772,Sergio Lozano,Jagiellonia Białystok,Pomocnik,4%,1.9,,15,CRA (W),0,0,0,0,0,0,0,False
2772,Sergio Lozano,Jagiellonia Białystok,Pomocnik,4%,1.9,,16,RAD (D),0,0,0,0,0,0,0,False
2772,Sergio Lozano,Jagiellonia Białystok,Pomocnik,4%,1.9,,17,PIA (W),0,0,0,0,0,0,0,False
2772,Sergio Lozano,Jagiellonia Białystok,Pomocnik,4%,1.9,,18,POG (D),0,0,0,0,0,0,0,False
2772,Sergio Lozano,Jagiellonia Białystok,Pomocnik,4%,1.9,,18,KOR (W),0,0,0,0,0,0,0,False
2789,Jakub Kokosiński,GKS Katowice,Napastnik,1%,1.0,,1,WIS (W),0,0,0,0,0,0,0,False
2789,Jakub Kokosiński,GKS Katowice,Napastnik,1%,1.0,,2,RAD (D),1,0,0,0,0,0,2,True
2789,Jakub Kokosiński,GKS Katowice,Napastnik,1%,1.0,,4,MOT (W),0,0,0,0,0,0,0,False
2789,Jakub Kokosiński,GKS Katowice,Napastnik,1%,1.0,,5,WPŁ (D),8,1,0,0,0,0,6,True
2789,Jakub Kokosiński,GKS Katowice,Napastnik,1%,1.0,,6,GÓR (W),0,0,0,0,0,0,0,False
2789,Jakub Kokosiński,GKS Katowice,Napastnik,1%,1.0,,7,PIA (W),7,0,0,0,0,0,1,True
2789,Jakub Kokosiński,GKS Katowice,Napastnik,1%,1.0,,8,ZAG (W),0,0,0,0,0,0,0,False
2789,Jakub Kokosiński,GKS Katowice,Napastnik,1%,1.0,,9,CRA (D),0,0,0,0,0,0,0,False
2789,Jakub Kokosiński,GKS Katowice,Napastnik,1%,1.0,,10,WIE (D),0,0,0,0,0,0,0,False
2789,Jakub Kokosiński,GKS Katowice,Napastnik,1%,1.0,,10,RCZ (W),0,0,0,0,0,0,0,False
2789,Jakub Kokosiński,GKS Katowice,Napastnik,1%,1.0,,11,POG (D),0,0,0,0,0,0,0,False
2789,Jakub Kokosiński,GKS Katowice,Napastnik,1%,1.0,,12,KOR (W),0,0,0,0,0,0,0,False
2789,Jakub Kokosiński,GKS Katowice,Napastnik,1%,1.0,,13,WID (D),0,0,0,0,0,0,0,False
2789,Jakub Kokosiński,GKS Katowice,Napastnik,1%,1.0,,14,JAG (W),0,0,0,0,0,0,0,False
2789,Jakub Kokosiński,GKS Katowice,Napastnik,1%,1.0,,15,LPO (D),0,0,0,0,0,0,0,False
2789,Jakub Kokosiński,GKS Katowice,Napastnik,1%,1.0,,16,ŚLA (W),0,0,0,0,0,0,0,False
2789,Jakub Kokosiński,GKS Katowice,Napastnik,1%,1.0,,17,LEG (D),0,0,0,0,0,0,0,False
2789,Jakub Kokosiński,GKS Katowice,Napastnik,1%,1.0,,18,WIS (D),0,0,0,0,0,0,0,False
2801,Bartłomiej Drągowski,Widzew Łódź,Bramkarz,18%,1.8,,1,MOT (D),90,0,0,3,0,0,2,True
2801,Bartłomiej Drągowski,Widzew Łódź,Bramkarz,18%,1.8,,2,WPŁ (W),90,0,0,1,0,0,5,True
2801,Bartłomiej Drągowski,Widzew Łódź,Bramkarz,18%,1.8,,3,JAG (W),90,0,0,5,0,0,8,True
2801,Bartłomiej Drągowski,Widzew Łódź,Bramkarz,18%,1.8,,4,KOR (D),90,0,0,4,0,0,2,True
2801,Bartłomiej Drągowski,Widzew Łódź,Bramkarz,18%,1.8,,5,ŚLA (W),90,0,0,3,0,0,1,True
2801,Bartłomiej Drągowski,Widzew Łódź,Bramkarz,18%,1.8,,6,LPO (D),90,0,0,6,0,0,2,True
2801,Bartłomiej Drągowski,Widzew Łódź,Bramkarz,18%,1.8,,7,RAD (D),90,0,0,3,0,0,6,True
2801,Bartłomiej Drągowski,Widzew Łódź,Bramkarz,18%,1.8,,8,LEG (W),0,0,0,0,0,0,0,False
2801,Bartłomiej Drągowski,Widzew Łódź,Bramkarz,18%,1.8,,9,WIE (D),0,0,0,0,0,0,0,False
2801,Bartłomiej Drągowski,Widzew Łódź,Bramkarz,18%,1.8,,10,PIA (W),0,0,0,0,0,0,0,False
2801,Bartłomiej Drągowski,Widzew Łódź,Bramkarz,18%,1.8,,11,WIS (D),0,0,0,0,0,0,0,False
2801,Bartłomiej Drągowski,Widzew Łódź,Bramkarz,18%,1.8,,12,GÓR (D),0,0,0,0,0,0,0,False
2801,Bartłomiej Drągowski,Widzew Łódź,Bramkarz,18%,1.8,,13,GKS (W),0,0,0,0,0,0,0,False
2801,Bartłomiej Drągowski,Widzew Łódź,Bramkarz,18%,1.8,,14,POG (D),0,0,0,0,0,0,0,False
2801,Bartłomiej Drągowski,Widzew Łódź,Bramkarz,18%,1.8,,15,RCZ (W),0,0,0,0,0,0,0,False
2801,Bartłomiej Drągowski,Widzew Łódź,Bramkarz,18%,1.8,,16,ZAG (D),0,0,0,0,0,0,0,False
2801,Bartłomiej Drągowski,Widzew Łódź,Bramkarz,18%,1.8,,17,CRA (W),0,0,0,0,0,0,0,False
2801,Bartłomiej Drągowski,Widzew Łódź,Bramkarz,18%,1.8,,18,MOT (W),0,0,0,0,0,0,0,False
2805,Otto Hindrich,Legia Warszawa,Bramkarz,33%,1.9,,1,POG (W),90,0,0,4,0,0,8,True
2805,Otto Hindrich,Legia Warszawa,Bramkarz,33%,1.9,,2,ZAG (D),90,0,0,1,0,0,3,True
2805,Otto Hindrich,Legia Warszawa,Bramkarz,33%,1.9,,3,KOR (W),90,0,0,2,0,0,2,True
2805,Otto Hindrich,Legia Warszawa,Bramkarz,33%,1.9,,4,RAD (D),90,0,0,2,0,0,6,True
2805,Otto Hindrich,Legia Warszawa,Bramkarz,33%,1.9,,5,PIA (W),90,0,0,2,0,0,2,True
2805,Otto Hindrich,Legia Warszawa,Bramkarz,33%,1.9,,6,ŚLA (D),90,0,0,5,0,0,4,True
2805,Otto Hindrich,Legia Warszawa,Bramkarz,33%,1.9,,7,MOT (W),90,0,0,4,0,0,3,True
2805,Otto Hindrich,Legia Warszawa,Bramkarz,33%,1.9,,8,WID (D),0,0,0,0,0,0,0,False
2805,Otto Hindrich,Legia Warszawa,Bramkarz,33%,1.9,,9,JAG (W),0,0,0,0,0,0,0,False
2805,Otto Hindrich,Legia Warszawa,Bramkarz,33%,1.9,,10,WIS (D),0,0,0,0,0,0,0,False
2805,Otto Hindrich,Legia Warszawa,Bramkarz,33%,1.9,,11,CRA (W),0,0,0,0,0,0,0,False
2805,Otto Hindrich,Legia Warszawa,Bramkarz,33%,1.9,,12,LPO (D),0,0,0,0,0,0,0,False
2805,Otto Hindrich,Legia Warszawa,Bramkarz,33%,1.9,,13,GÓR (W),0,0,0,0,0,0,0,False
2805,Otto Hindrich,Legia Warszawa,Bramkarz,33%,1.9,,14,RCZ (D),0,0,0,0,0,0,0,False
2805,Otto Hindrich,Legia Warszawa,Bramkarz,33%,1.9,,15,WPŁ (W),0,0,0,0,0,0,0,False
2805,Otto Hindrich,Legia Warszawa,Bramkarz,33%,1.9,,16,WIE (D),0,0,0,0,0,0,0,False
2805,Otto Hindrich,Legia Warszawa,Bramkarz,33%,1.9,,17,GKS (W),0,0,0,0,0,0,0,False
2805,Otto Hindrich,Legia Warszawa,Bramkarz,33%,1.9,,18,POG (D),0,0,0,0,0,0,0,False
2815,Guilherme Montóia,Jagiellonia Białystok,Obrońca,1%,1.8,,1,KOR (D),90,0,0,0,0,0,6,True
2815,Guilherme Montóia,Jagiellonia Białystok,Obrońca,1%,1.8,,2,MOT (W),90,0,0,0,1,0,2,True
2815,Guilherme Montóia,Jagiellonia Białystok,Obrońca,1%,1.8,,3,WID (D),90,0,0,0,1,0,0,True
2815,Guilherme Montóia,Jagiellonia Białystok,Obrońca,1%,1.8,,6,LPO (W),45,0,0,0,0,0,1,True
2815,Guilherme Montóia,Jagiellonia Białystok,Obrońca,1%,1.8,,6,RCZ (W),90,1,0,0,0,0,8,True
2815,Guilherme Montóia,Jagiellonia Białystok,Obrońca,1%,1.8,,7,ŚLA (D),0,0,0,0,0,0,0,False
2815,Guilherme Montóia,Jagiellonia Białystok,Obrońca,1%,1.8,,8,WIS (W),0,0,0,0,0,0,0,False
2815,Guilherme Montóia,Jagiellonia Białystok,Obrońca,1%,1.8,,9,LEG (D),0,0,0,0,0,0,0,False
2815,Guilherme Montóia,Jagiellonia Białystok,Obrońca,1%,1.8,,10,GÓR (D),0,0,0,0,0,0,0,False
2815,Guilherme Montóia,Jagiellonia Białystok,Obrońca,1%,1.8,,11,ZAG (W),0,0,0,0,0,0,0,False
2815,Guilherme Montóia,Jagiellonia Białystok,Obrońca,1%,1.8,,12,WPŁ (D),0,0,0,0,0,0,0,False
2815,Guilherme Montóia,Jagiellonia Białystok,Obrońca,1%,1.8,,13,WIE (W),0,0,0,0,0,0,0,False
2815,Guilherme Montóia,Jagiellonia Białystok,Obrońca,1%,1.8,,14,GKS (D),0,0,0,0,0,0,0,False
2815,Guilherme Montóia,Jagiellonia Białystok,Obrońca,1%,1.8,,15,CRA (W),0,0,0,0,0,0,0,False
2815,Guilherme Montóia,Jagiellonia Białystok,Obrońca,1%,1.8,,16,RAD (D),0,0,0,0,0,0,0,False
2815,Guilherme Montóia,Jagiellonia Białystok,Obrońca,1%,1.8,,17,PIA (W),0,0,0,0,0,0,0,False
2815,Guilherme Montóia,Jagiellonia Białystok,Obrońca,1%,1.8,,18,POG (D),0,0,0,0,0,0,0,False
2815,Guilherme Montóia,Jagiellonia Białystok,Obrońca,1%,1.8,,18,KOR (W),0,0,0,0,0,0,0,False
2821,Attila Szalai,Pogoń Szczecin,Obrońca,7%,1.9,,1,LEG (D),90,0,0,0,0,0,2,True
2821,Attila Szalai,Pogoń Szczecin,Obrońca,7%,1.9,,2,CRA (W),79,0,0,0,0,0,6,True
2821,Attila Szalai,Pogoń Szczecin,Obrońca,7%,1.9,,3,MOT (D),90,1,0,0,0,0,10,True
2821,Attila Szalai,Pogoń Szczecin,Obrońca,7%,1.9,,5,WIS (D),0,0,0,0,0,0,0,False
2821,Attila Szalai,Pogoń Szczecin,Obrońca,7%,1.9,,6,ZAG (W),90,0,0,0,0,0,5,True
2821,Attila Szalai,Pogoń Szczecin,Obrońca,7%,1.9,,7,WPŁ (D),0,0,0,0,0,0,0,False
2821,Attila Szalai,Pogoń Szczecin,Obrońca,7%,1.9,,8,WIE (D),0,0,0,0,0,0,0,False
2821,Attila Szalai,Pogoń Szczecin,Obrońca,7%,1.9,,9,PIA (W),0,0,0,0,0,0,0,False
2821,Attila Szalai,Pogoń Szczecin,Obrońca,7%,1.9,,10,KOR (D),0,0,0,0,0,0,0,False
2821,Attila Szalai,Pogoń Szczecin,Obrońca,7%,1.9,,11,GKS (W),0,0,0,0,0,0,0,False
2821,Attila Szalai,Pogoń Szczecin,Obrońca,7%,1.9,,12,RAD (D),0,0,0,0,0,0,0,False
2821,Attila Szalai,Pogoń Szczecin,Obrońca,7%,1.9,,13,RCZ (W),0,0,0,0,0,0,0,False
2821,Attila Szalai,Pogoń Szczecin,Obrońca,7%,1.9,,14,WID (W),0,0,0,0,0,0,0,False
2821,Attila Szalai,Pogoń Szczecin,Obrońca,7%,1.9,,15,ŚLA (D),0,0,0,0,0,0,0,False
2821,Attila Szalai,Pogoń Szczecin,Obrońca,7%,1.9,,16,LPO (W),0,0,0,0,0,0,0,False
2821,Attila Szalai,Pogoń Szczecin,Obrońca,7%,1.9,,17,GÓR (D),0,0,0,0,0,0,0,False
2821,Attila Szalai,Pogoń Szczecin,Obrońca,7%,1.9,,18,JAG (W),0,0,0,0,0,0,0,False
2821,Attila Szalai,Pogoń Szczecin,Obrońca,7%,1.9,,18,LEG (W),0,0,0,0,0,0,0,False
2829,Maciej Urbański,Zagłębie Lubin,Obrońca,12%,0.7,,1,PIA (D),0,0,0,0,0,0,0,False
2829,Maciej Urbański,Zagłębie Lubin,Obrońca,12%,0.7,,2,LEG (W),0,0,0,0,0,0,0,False
2829,Maciej Urbański,Zagłębie Lubin,Obrońca,12%,0.7,,4,ŚLA (D),0,0,0,0,0,0,0,False
2829,Maciej Urbański,Zagłębie Lubin,Obrońca,12%,0.7,,5,RAD (W),0,0,0,0,0,0,0,False
2829,Maciej Urbański,Zagłębie Lubin,Obrońca,12%,0.7,,6,POG (D),0,0,0,0,0,0,0,False
2829,Maciej Urbański,Zagłębie Lubin,Obrońca,12%,0.7,,7,WIE (W),0,0,0,0,0,0,0,False
2829,Maciej Urbański,Zagłębie Lubin,Obrońca,12%,0.7,,8,RCZ (W),0,0,0,0,0,0,0,False
2829,Maciej Urbański,Zagłębie Lubin,Obrońca,12%,0.7,,8,GKS (D),0,0,0,0,0,0,0,False
2829,Maciej Urbański,Zagłębie Lubin,Obrońca,12%,0.7,,9,WPŁ (D),0,0,0,0,0,0,0,False
2829,Maciej Urbański,Zagłębie Lubin,Obrońca,12%,0.7,,10,CRA (W),0,0,0,0,0,0,0,False
2829,Maciej Urbański,Zagłębie Lubin,Obrońca,12%,0.7,,11,JAG (D),0,0,0,0,0,0,0,False
2829,Maciej Urbański,Zagłębie Lubin,Obrońca,12%,0.7,,12,MOT (W),0,0,0,0,0,0,0,False
2829,Maciej Urbański,Zagłębie Lubin,Obrońca,12%,0.7,,13,KOR (D),0,0,0,0,0,0,0,False
2829,Maciej Urbański,Zagłębie Lubin,Obrońca,12%,0.7,,14,LPO (W),0,0,0,0,0,0,0,False
2829,Maciej Urbański,Zagłębie Lubin,Obrońca,12%,0.7,,15,GÓR (D),0,0,0,0,0,0,0,False
2829,Maciej Urbański,Zagłębie Lubin,Obrońca,12%,0.7,,16,WID (W),0,0,0,0,0,0,0,False
2829,Maciej Urbański,Zagłębie Lubin,Obrońca,12%,0.7,,17,WIS (D),0,0,0,0,0,0,0,False
2829,Maciej Urbański,Zagłębie Lubin,Obrońca,12%,0.7,,18,PIA (W),0,0,0,0,0,0,0,False
2830,Zachary Zalewski,Jagiellonia Białystok,Pomocnik,4%,0.7,,1,KOR (D),0,0,0,0,0,0,0,False
2830,Zachary Zalewski,Jagiellonia Białystok,Pomocnik,4%,0.7,,2,MOT (W),0,0,0,0,0,0,0,False
2830,Zachary Zalewski,Jagiellonia Białystok,Pomocnik,4%,0.7,,3,WID (D),11,0,0,0,0,0,1,True
2830,Zachary Zalewski,Jagiellonia Białystok,Pomocnik,4%,0.7,,6,LPO (W),0,0,0,0,0,0,0,False
2830,Zachary Zalewski,Jagiellonia Białystok,Pomocnik,4%,0.7,,6,RCZ (W),0,0,0,0,0,0,0,False
2830,Zachary Zalewski,Jagiellonia Białystok,Pomocnik,4%,0.7,,7,ŚLA (D),0,0,0,0,0,0,0,False
2830,Zachary Zalewski,Jagiellonia Białystok,Pomocnik,4%,0.7,,8,WIS (W),0,0,0,0,0,0,0,False
2830,Zachary Zalewski,Jagiellonia Białystok,Pomocnik,4%,0.7,,9,LEG (D),0,0,0,0,0,0,0,False
2830,Zachary Zalewski,Jagiellonia Białystok,Pomocnik,4%,0.7,,10,GÓR (D),0,0,0,0,0,0,0,False
2830,Zachary Zalewski,Jagiellonia Białystok,Pomocnik,4%,0.7,,11,ZAG (W),0,0,0,0,0,0,0,False
2830,Zachary Zalewski,Jagiellonia Białystok,Pomocnik,4%,0.7,,12,WPŁ (D),0,0,0,0,0,0,0,False
2830,Zachary Zalewski,Jagiellonia Białystok,Pomocnik,4%,0.7,,13,WIE (W),0,0,0,0,0,0,0,False
2830,Zachary Zalewski,Jagiellonia Białystok,Pomocnik,4%,0.7,,14,GKS (D),0,0,0,0,0,0,0,False
2830,Zachary Zalewski,Jagiellonia Białystok,Pomocnik,4%,0.7,,15,CRA (W),0,0,0,0,0,0,0,False
2830,Zachary Zalewski,Jagiellonia Białystok,Pomocnik,4%,0.7,,16,RAD (D),0,0,0,0,0,0,0,False
2830,Zachary Zalewski,Jagiellonia Białystok,Pomocnik,4%,0.7,,17,PIA (W),0,0,0,0,0,0,0,False
2830,Zachary Zalewski,Jagiellonia Białystok,Pomocnik,4%,0.7,,18,POG (D),0,0,0,0,0,0,0,False
2830,Zachary Zalewski,Jagiellonia Białystok,Pomocnik,4%,0.7,,18,KOR (W),0,0,0,0,0,0,0,False
2832,Jakub Grelich,Piast Gliwice,Bramkarz,4%,0.7,,1,ZAG (W),0,0,0,0,0,0,0,False
2832,Jakub Grelich,Piast Gliwice,Bramkarz,4%,0.7,,2,WIS (D),0,0,0,0,0,0,0,False
2832,Jakub Grelich,Piast Gliwice,Bramkarz,4%,0.7,,3,LPO (W),0,0,0,0,0,0,0,False
2832,Jakub Grelich,Piast Gliwice,Bramkarz,4%,0.7,,4,WIE (D),0,0,0,0,0,0,0,False
2832,Jakub Grelich,Piast Gliwice,Bramkarz,4%,0.7,,5,LEG (D),0,0,0,0,0,0,0,False
2832,Jakub Grelich,Piast Gliwice,Bramkarz,4%,0.7,,6,MOT (W),0,0,0,0,0,0,0,False
2832,Jakub Grelich,Piast Gliwice,Bramkarz,4%,0.7,,7,GKS (D),0,0,0,0,0,0,0,False
2832,Jakub Grelich,Piast Gliwice,Bramkarz,4%,0.7,,8,RAD (W),0,0,0,0,0,0,0,False
2832,Jakub Grelich,Piast Gliwice,Bramkarz,4%,0.7,,9,POG (D),0,0,0,0,0,0,0,False
2832,Jakub Grelich,Piast Gliwice,Bramkarz,4%,0.7,,10,WID (D),0,0,0,0,0,0,0,False
2832,Jakub Grelich,Piast Gliwice,Bramkarz,4%,0.7,,11,GÓR (W),0,0,0,0,0,0,0,False
2832,Jakub Grelich,Piast Gliwice,Bramkarz,4%,0.7,,12,CRA (D),0,0,0,0,0,0,0,False
2832,Jakub Grelich,Piast Gliwice,Bramkarz,4%,0.7,,13,WPŁ (W),0,0,0,0,0,0,0,False
2832,Jakub Grelich,Piast Gliwice,Bramkarz,4%,0.7,,14,ŚLA (W),0,0,0,0,0,0,0,False
2832,Jakub Grelich,Piast Gliwice,Bramkarz,4%,0.7,,15,KOR (D),0,0,0,0,0,0,0,False
2832,Jakub Grelich,Piast Gliwice,Bramkarz,4%,0.7,,16,RCZ (W),0,0,0,0,0,0,0,False
2832,Jakub Grelich,Piast Gliwice,Bramkarz,4%,0.7,,17,JAG (D),0,0,0,0,0,0,0,False
2832,Jakub Grelich,Piast Gliwice,Bramkarz,4%,0.7,,18,ZAG (D),0,0,0,0,0,0,0,False
2834,Jerzy Napieraj,Raków Częstochowa,Obrońca,2%,0.9,,1,WPŁ (D),66,0,0,0,0,0,0,True
2834,Jerzy Napieraj,Raków Częstochowa,Obrońca,2%,0.9,,2,ŚLA (W),0,0,0,0,0,0,0,False
2834,Jerzy Napieraj,Raków Częstochowa,Obrońca,2%,0.9,,4,CRA (W),90,0,0,0,0,0,1,True
2834,Jerzy Napieraj,Raków Częstochowa,Obrońca,2%,0.9,,6,GÓR (D),0,0,0,0,0,0,0,False
2834,Jerzy Napieraj,Raków Częstochowa,Obrońca,2%,0.9,,6,JAG (D),0,0,0,0,0,0,0,False
2834,Jerzy Napieraj,Raków Częstochowa,Obrońca,2%,0.9,,7,LPO (W),0,0,0,0,0,0,0,False
2834,Jerzy Napieraj,Raków Częstochowa,Obrońca,2%,0.9,,8,ZAG (D),0,0,0,0,0,0,0,False
2834,Jerzy Napieraj,Raków Częstochowa,Obrońca,2%,0.9,,8,MOT (D),0,0,0,0,0,0,0,False
2834,Jerzy Napieraj,Raków Częstochowa,Obrońca,2%,0.9,,9,KOR (W),0,0,0,0,0,0,0,False
2834,Jerzy Napieraj,Raków Częstochowa,Obrońca,2%,0.9,,10,GKS (D),0,0,0,0,0,0,0,False
2834,Jerzy Napieraj,Raków Częstochowa,Obrońca,2%,0.9,,11,WIE (W),0,0,0,0,0,0,0,False
2834,Jerzy Napieraj,Raków Częstochowa,Obrońca,2%,0.9,,12,WIS (W),0,0,0,0,0,0,0,False
2834,Jerzy Napieraj,Raków Częstochowa,Obrońca,2%,0.9,,13,POG (D),0,0,0,0,0,0,0,False
2834,Jerzy Napieraj,Raków Częstochowa,Obrońca,2%,0.9,,14,LEG (W),0,0,0,0,0,0,0,False
2834,Jerzy Napieraj,Raków Częstochowa,Obrońca,2%,0.9,,15,WID (D),0,0,0,0,0,0,0,False
2834,Jerzy Napieraj,Raków Częstochowa,Obrońca,2%,0.9,,16,PIA (D),0,0,0,0,0,0,0,False
2834,Jerzy Napieraj,Raków Częstochowa,Obrońca,2%,0.9,,17,RAD (W),0,0,0,0,0,0,0,False
2834,Jerzy Napieraj,Raków Częstochowa,Obrońca,2%,0.9,,18,WPŁ (W),0,0,0,0,0,0,0,False
2841,Yvan Ikia Dimi,Górnik Zabrze,Pomocnik,2%,1.7,,1,ŚLA (D),89,1,0,0,0,0,8,True
2841,Yvan Ikia Dimi,Górnik Zabrze,Pomocnik,2%,1.7,,3,RAD (W),10,0,0,0,0,0,2,True
2841,Yvan Ikia Dimi,Górnik Zabrze,Pomocnik,2%,1.7,,4,WIS (D),0,0,0,0,0,0,0,False
2841,Yvan Ikia Dimi,Górnik Zabrze,Pomocnik,2%,1.7,,6,RCZ (W),79,0,0,0,0,0,3,True
2841,Yvan Ikia Dimi,Górnik Zabrze,Pomocnik,2%,1.7,,6,GKS (D),1,0,0,0,0,0,1,True
2841,Yvan Ikia Dimi,Górnik Zabrze,Pomocnik,2%,1.7,,7,CRA (W),62,0,0,0,0,0,4,True
2841,Yvan Ikia Dimi,Górnik Zabrze,Pomocnik,2%,1.7,,8,KOR (W),0,0,0,0,0,0,0,False
2841,Yvan Ikia Dimi,Górnik Zabrze,Pomocnik,2%,1.7,,8,LPO (D),0,0,0,0,0,0,0,False
2841,Yvan Ikia Dimi,Górnik Zabrze,Pomocnik,2%,1.7,,9,MOT (W),0,0,0,0,0,0,0,False
2841,Yvan Ikia Dimi,Górnik Zabrze,Pomocnik,2%,1.7,,10,JAG (W),0,0,0,0,0,0,0,False
2841,Yvan Ikia Dimi,Górnik Zabrze,Pomocnik,2%,1.7,,11,PIA (D),0,0,0,0,0,0,0,False
2841,Yvan Ikia Dimi,Górnik Zabrze,Pomocnik,2%,1.7,,12,WID (W),0,0,0,0,0,0,0,False
2841,Yvan Ikia Dimi,Górnik Zabrze,Pomocnik,2%,1.7,,13,LEG (D),0,0,0,0,0,0,0,False
2841,Yvan Ikia Dimi,Górnik Zabrze,Pomocnik,2%,1.7,,14,WIE (D),0,0,0,0,0,0,0,False
2841,Yvan Ikia Dimi,Górnik Zabrze,Pomocnik,2%,1.7,,15,ZAG (W),0,0,0,0,0,0,0,False
2841,Yvan Ikia Dimi,Górnik Zabrze,Pomocnik,2%,1.7,,16,WPŁ (D),0,0,0,0,0,0,0,False
2841,Yvan Ikia Dimi,Górnik Zabrze,Pomocnik,2%,1.7,,17,POG (W),0,0,0,0,0,0,0,False
2841,Yvan Ikia Dimi,Górnik Zabrze,Pomocnik,2%,1.7,,18,ŚLA (W),0,0,0,0,0,0,0,False
2843,Wiktor Żołneczko,Raków Częstochowa,Bramkarz,6%,0.7,,1,WPŁ (D),90,0,0,1,0,0,1,True
2843,Wiktor Żołneczko,Raków Częstochowa,Bramkarz,6%,0.7,,2,ŚLA (W),0,0,0,0,0,0,0,False
2843,Wiktor Żołneczko,Raków Częstochowa,Bramkarz,6%,0.7,,4,CRA (W),0,0,0,0,0,0,0,False
2843,Wiktor Żołneczko,Raków Częstochowa,Bramkarz,6%,0.7,,6,GÓR (D),0,0,0,0,0,0,0,False
2843,Wiktor Żołneczko,Raków Częstochowa,Bramkarz,6%,0.7,,6,JAG (D),0,0,0,0,0,0,0,False
2843,Wiktor Żołneczko,Raków Częstochowa,Bramkarz,6%,0.7,,7,LPO (W),0,0,0,0,0,0,0,False
2843,Wiktor Żołneczko,Raków Częstochowa,Bramkarz,6%,0.7,,8,ZAG (D),0,0,0,0,0,0,0,False
2843,Wiktor Żołneczko,Raków Częstochowa,Bramkarz,6%,0.7,,8,MOT (D),0,0,0,0,0,0,0,False
2843,Wiktor Żołneczko,Raków Częstochowa,Bramkarz,6%,0.7,,9,KOR (W),0,0,0,0,0,0,0,False
2843,Wiktor Żołneczko,Raków Częstochowa,Bramkarz,6%,0.7,,10,GKS (D),0,0,0,0,0,0,0,False
2843,Wiktor Żołneczko,Raków Częstochowa,Bramkarz,6%,0.7,,11,WIE (W),0,0,0,0,0,0,0,False
2843,Wiktor Żołneczko,Raków Częstochowa,Bramkarz,6%,0.7,,12,WIS (W),0,0,0,0,0,0,0,False
2843,Wiktor Żołneczko,Raków Częstochowa,Bramkarz,6%,0.7,,13,POG (D),0,0,0,0,0,0,0,False
2843,Wiktor Żołneczko,Raków Częstochowa,Bramkarz,6%,0.7,,14,LEG (W),0,0,0,0,0,0,0,False
2843,Wiktor Żołneczko,Raków Częstochowa,Bramkarz,6%,0.7,,15,WID (D),0,0,0,0,0,0,0,False
2843,Wiktor Żołneczko,Raków Częstochowa,Bramkarz,6%,0.7,,16,PIA (D),0,0,0,0,0,0,0,False
2843,Wiktor Żołneczko,Raków Częstochowa,Bramkarz,6%,0.7,,17,RAD (W),0,0,0,0,0,0,0,False
2843,Wiktor Żołneczko,Raków Częstochowa,Bramkarz,6%,0.7,,18,WPŁ (W),0,0,0,0,0,0,0,False
2850,Oskar Markiewicz,Radomiak Radom,Obrońca,3%,0.7,,1,WIE (D),0,0,0,0,0,0,0,False
2850,Oskar Markiewicz,Radomiak Radom,Obrońca,3%,0.7,,2,GKS (W),0,0,0,0,0,0,0,False
2850,Oskar Markiewicz,Radomiak Radom,Obrońca,3%,0.7,,3,GÓR (D),0,0,0,0,0,0,0,False
2850,Oskar Markiewicz,Radomiak Radom,Obrońca,3%,0.7,,4,LEG (W),0,0,0,0,0,0,0,False
2850,Oskar Markiewicz,Radomiak Radom,Obrońca,3%,0.7,,5,ZAG (D),0,0,0,0,0,0,0,False
2850,Oskar Markiewicz,Radomiak Radom,Obrońca,3%,0.7,,6,CRA (D),0,0,0,0,0,0,0,False
2850,Oskar Markiewicz,Radomiak Radom,Obrońca,3%,0.7,,7,WID (W),0,0,0,0,0,0,0,False
2850,Oskar Markiewicz,Radomiak Radom,Obrońca,3%,0.7,,8,PIA (D),0,0,0,0,0,0,0,False
2850,Oskar Markiewicz,Radomiak Radom,Obrońca,3%,0.7,,9,LPO (W),0,0,0,0,0,0,0,False
2850,Oskar Markiewicz,Radomiak Radom,Obrońca,3%,0.7,,10,MOT (D),0,0,0,0,0,0,0,False
2850,Oskar Markiewicz,Radomiak Radom,Obrońca,3%,0.7,,11,WPŁ (W),0,0,0,0,0,0,0,False
2850,Oskar Markiewicz,Radomiak Radom,Obrońca,3%,0.7,,12,POG (W),0,0,0,0,0,0,0,False
2850,Oskar Markiewicz,Radomiak Radom,Obrońca,3%,0.7,,13,ŚLA (D),0,0,0,0,0,0,0,False
2850,Oskar Markiewicz,Radomiak Radom,Obrońca,3%,0.7,,14,KOR (W),0,0,0,0,0,0,0,False
2850,Oskar Markiewicz,Radomiak Radom,Obrońca,3%,0.7,,15,WIS (D),0,0,0,0,0,0,0,False
2850,Oskar Markiewicz,Radomiak Radom,Obrońca,3%,0.7,,16,JAG (W),0,0,0,0,0,0,0,False
2850,Oskar Markiewicz,Radomiak Radom,Obrońca,3%,0.7,,17,RCZ (D),0,0,0,0,0,0,0,False
2850,Oskar Markiewicz,Radomiak Radom,Obrońca,3%,0.7,,18,WIE (W),0,0,0,0,0,0,0,False
2852,Krystian Brzozowski,Motor Lublin,Obrońca,2%,0.7,,1,WID (W),0,0,0,0,0,0,0,False
2852,Krystian Brzozowski,Motor Lublin,Obrońca,2%,0.7,,2,JAG (D),0,0,0,0,0,0,0,False
2852,Krystian Brzozowski,Motor Lublin,Obrońca,2%,0.7,,3,POG (W),0,0,0,0,0,0,0,False
2852,Krystian Brzozowski,Motor Lublin,Obrońca,2%,0.7,,4,GKS (D),0,0,0,0,0,0,0,False
2852,Krystian Brzozowski,Motor Lublin,Obrońca,2%,0.7,,5,KOR (W),0,0,0,0,0,0,0,False
2852,Krystian Brzozowski,Motor Lublin,Obrońca,2%,0.7,,6,PIA (D),0,0,0,0,0,0,0,False
2852,Krystian Brzozowski,Motor Lublin,Obrońca,2%,0.7,,7,LEG (D),0,0,0,0,0,0,0,False
2852,Krystian Brzozowski,Motor Lublin,Obrońca,2%,0.7,,8,RCZ (W),0,0,0,0,0,0,0,False
2852,Krystian Brzozowski,Motor Lublin,Obrońca,2%,0.7,,9,GÓR (D),0,0,0,0,0,0,0,False
2852,Krystian Brzozowski,Motor Lublin,Obrońca,2%,0.7,,10,RAD (W),0,0,0,0,0,0,0,False
2852,Krystian Brzozowski,Motor Lublin,Obrońca,2%,0.7,,11,ŚLA (D),0,0,0,0,0,0,0,False
2852,Krystian Brzozowski,Motor Lublin,Obrońca,2%,0.7,,12,ZAG (D),0,0,0,0,0,0,0,False
2852,Krystian Brzozowski,Motor Lublin,Obrońca,2%,0.7,,13,CRA (W),0,0,0,0,0,0,0,False
2852,Krystian Brzozowski,Motor Lublin,Obrońca,2%,0.7,,14,WPŁ (D),0,0,0,0,0,0,0,False
2852,Krystian Brzozowski,Motor Lublin,Obrońca,2%,0.7,,15,WIE (W),0,0,0,0,0,0,0,False
2852,Krystian Brzozowski,Motor Lublin,Obrońca,2%,0.7,,16,WIS (W),0,0,0,0,0,0,0,False
2852,Krystian Brzozowski,Motor Lublin,Obrońca,2%,0.7,,17,LPO (D),0,0,0,0,0,0,0,False
2852,Krystian Brzozowski,Motor Lublin,Obrońca,2%,0.7,,18,WID (D),0,0,0,0,0,0,0,False
2859,Nikodem Rogowski,Wisła Płock,Obrońca,2%,0.7,,1,RCZ (W),0,0,0,0,0,0,0,False
2859,Nikodem Rogowski,Wisła Płock,Obrońca,2%,0.7,,2,WID (D),0,0,0,0,0,0,0,False
2859,Nikodem Rogowski,Wisła Płock,Obrońca,2%,0.7,,3,WIS (W),0,0,0,0,0,0,0,False
2859,Nikodem Rogowski,Wisła Płock,Obrońca,2%,0.7,,5,GKS (W),0,0,0,0,0,0,0,False
2859,Nikodem Rogowski,Wisła Płock,Obrońca,2%,0.7,,6,KOR (D),0,0,0,0,0,0,0,False
2859,Nikodem Rogowski,Wisła Płock,Obrońca,2%,0.7,,7,POG (W),0,0,0,0,0,0,0,False
2859,Nikodem Rogowski,Wisła Płock,Obrońca,2%,0.7,,8,CRA (D),0,0,0,0,0,0,0,False
2859,Nikodem Rogowski,Wisła Płock,Obrońca,2%,0.7,,9,ZAG (W),0,0,0,0,0,0,0,False
2859,Nikodem Rogowski,Wisła Płock,Obrońca,2%,0.7,,10,WIE (W),0,0,0,0,0,0,0,False
2859,Nikodem Rogowski,Wisła Płock,Obrońca,2%,0.7,,11,RAD (D),0,0,0,0,0,0,0,False
2859,Nikodem Rogowski,Wisła Płock,Obrońca,2%,0.7,,12,JAG (W),0,0,0,0,0,0,0,False
2859,Nikodem Rogowski,Wisła Płock,Obrońca,2%,0.7,,13,PIA (D),0,0,0,0,0,0,0,False
2859,Nikodem Rogowski,Wisła Płock,Obrońca,2%,0.7,,14,MOT (W),0,0,0,0,0,0,0,False
2859,Nikodem Rogowski,Wisła Płock,Obrońca,2%,0.7,,15,LEG (D),0,0,0,0,0,0,0,False
2859,Nikodem Rogowski,Wisła Płock,Obrońca,2%,0.7,,16,GÓR (W),0,0,0,0,0,0,0,False
2859,Nikodem Rogowski,Wisła Płock,Obrońca,2%,0.7,,17,ŚLA (D),0,0,0,0,0,0,0,False
2859,Nikodem Rogowski,Wisła Płock,Obrońca,2%,0.7,,18,LPO (D),0,0,0,0,0,0,0,False
2859,Nikodem Rogowski,Wisła Płock,Obrońca,2%,0.7,,18,RCZ (D),0,0,0,0,0,0,0,False
2863,Jakub Stępak,Wisła Kraków,Bramkarz,2%,0.7,,1,GKS (D),0,0,0,0,0,0,0,False
2863,Jakub Stępak,Wisła Kraków,Bramkarz,2%,0.7,,2,PIA (W),0,0,0,0,0,0,0,False
2863,Jakub Stępak,Wisła Kraków,Bramkarz,2%,0.7,,3,WPŁ (D),0,0,0,0,0,0,0,False
2863,Jakub Stępak,Wisła Kraków,Bramkarz,2%,0.7,,4,GÓR (W),0,0,0,0,0,0,0,False
2863,Jakub Stępak,Wisła Kraków,Bramkarz,2%,0.7,,5,POG (W),0,0,0,0,0,0,0,False
2863,Jakub Stępak,Wisła Kraków,Bramkarz,2%,0.7,,6,WIE (D),0,0,0,0,0,0,0,False
2863,Jakub Stępak,Wisła Kraków,Bramkarz,2%,0.7,,7,KOR (W),0,0,0,0,0,0,0,False
2863,Jakub Stępak,Wisła Kraków,Bramkarz,2%,0.7,,8,JAG (D),0,0,0,0,0,0,0,False
2863,Jakub Stępak,Wisła Kraków,Bramkarz,2%,0.7,,9,ŚLA (D),0,0,0,0,0,0,0,False
2863,Jakub Stępak,Wisła Kraków,Bramkarz,2%,0.7,,10,LEG (W),0,0,0,0,0,0,0,False
2863,Jakub Stępak,Wisła Kraków,Bramkarz,2%,0.7,,11,WID (W),0,0,0,0,0,0,0,False
2863,Jakub Stępak,Wisła Kraków,Bramkarz,2%,0.7,,12,RCZ (D),0,0,0,0,0,0,0,False
2863,Jakub Stępak,Wisła Kraków,Bramkarz,2%,0.7,,13,LPO (W),0,0,0,0,0,0,0,False
2863,Jakub Stępak,Wisła Kraków,Bramkarz,2%,0.7,,14,CRA (D),0,0,0,0,0,0,0,False
2863,Jakub Stępak,Wisła Kraków,Bramkarz,2%,0.7,,15,RAD (W),0,0,0,0,0,0,0,False
2863,Jakub Stępak,Wisła Kraków,Bramkarz,2%,0.7,,16,MOT (D),0,0,0,0,0,0,0,False
2863,Jakub Stępak,Wisła Kraków,Bramkarz,2%,0.7,,17,ZAG (W),0,0,0,0,0,0,0,False
2863,Jakub Stępak,Wisła Kraków,Bramkarz,2%,0.7,,18,GKS (W),0,0,0,0,0,0,0,False
2880,Marko Bozic,Wisła Kraków,Pomocnik,20%,1.9,,1,GKS (D),82,1,0,0,0,0,8,True
2880,Marko Bozic,Wisła Kraków,Pomocnik,20%,1.9,,2,PIA (W),73,1,1,0,0,0,7,True
2880,Marko Bozic,Wisła Kraków,Pomocnik,20%,1.9,,3,WPŁ (D),63,0,0,0,0,0,3,True
2880,Marko Bozic,Wisła Kraków,Pomocnik,20%,1.9,,4,GÓR (W),72,0,0,0,0,0,2,True
2880,Marko Bozic,Wisła Kraków,Pomocnik,20%,1.9,,5,POG (W),90,0,0,1,0,0,5,True
2880,Marko Bozic,Wisła Kraków,Pomocnik,20%,1.9,,6,WIE (D),73,0,0,0,1,0,3,True
2880,Marko Bozic,Wisła Kraków,Pomocnik,20%,1.9,,7,KOR (W),73,0,0,0,0,0,2,True
2880,Marko Bozic,Wisła Kraków,Pomocnik,20%,1.9,,8,JAG (D),0,0,0,0,0,0,0,False
2880,Marko Bozic,Wisła Kraków,Pomocnik,20%,1.9,,9,ŚLA (D),0,0,0,0,0,0,0,False
2880,Marko Bozic,Wisła Kraków,Pomocnik,20%,1.9,,10,LEG (W),0,0,0,0,0,0,0,False
2880,Marko Bozic,Wisła Kraków,Pomocnik,20%,1.9,,11,WID (W),0,0,0,0,0,0,0,False
2880,Marko Bozic,Wisła Kraków,Pomocnik,20%,1.9,,12,RCZ (D),0,0,0,0,0,0,0,False
2880,Marko Bozic,Wisła Kraków,Pomocnik,20%,1.9,,13,LPO (W),0,0,0,0,0,0,0,False
2880,Marko Bozic,Wisła Kraków,Pomocnik,20%,1.9,,14,CRA (D),0,0,0,0,0,0,0,False
2880,Marko Bozic,Wisła Kraków,Pomocnik,20%,1.9,,15,RAD (W),0,0,0,0,0,0,0,False
2880,Marko Bozic,Wisła Kraków,Pomocnik,20%,1.9,,16,MOT (D),0,0,0,0,0,0,0,False
2880,Marko Bozic,Wisła Kraków,Pomocnik,20%,1.9,,17,ZAG (W),0,0,0,0,0,0,0,False
2880,Marko Bozic,Wisła Kraków,Pomocnik,20%,1.9,,18,GKS (W),0,0,0,0,0,0,0,False
2895,Philipp Schulze,Górnik Zabrze,Bramkarz,6%,1.7,,1,ŚLA (D),90,0,0,1,0,0,3,True
2895,Philipp Schulze,Górnik Zabrze,Bramkarz,6%,1.7,,3,RAD (W),90,0,0,3,1,0,1,True
2895,Philipp Schulze,Górnik Zabrze,Bramkarz,6%,1.7,,4,WIS (D),90,0,0,4,0,0,4,True
2895,Philipp Schulze,Górnik Zabrze,Bramkarz,6%,1.7,,6,RCZ (W),90,0,0,2,0,0,3,True
2895,Philipp Schulze,Górnik Zabrze,Bramkarz,6%,1.7,,6,GKS (D),90,0,0,5,0,0,1,True
2895,Philipp Schulze,Górnik Zabrze,Bramkarz,6%,1.7,,7,CRA (W),90,0,0,2,0,0,6,True
2895,Philipp Schulze,Górnik Zabrze,Bramkarz,6%,1.7,,8,KOR (W),0,0,0,0,0,0,0,False
2895,Philipp Schulze,Górnik Zabrze,Bramkarz,6%,1.7,,8,LPO (D),0,0,0,0,0,0,0,False
2895,Philipp Schulze,Górnik Zabrze,Bramkarz,6%,1.7,,9,MOT (W),0,0,0,0,0,0,0,False
2895,Philipp Schulze,Górnik Zabrze,Bramkarz,6%,1.7,,10,JAG (W),0,0,0,0,0,0,0,False
2895,Philipp Schulze,Górnik Zabrze,Bramkarz,6%,1.7,,11,PIA (D),0,0,0,0,0,0,0,False
2895,Philipp Schulze,Górnik Zabrze,Bramkarz,6%,1.7,,12,WID (W),0,0,0,0,0,0,0,False
2895,Philipp Schulze,Górnik Zabrze,Bramkarz,6%,1.7,,13,LEG (D),0,0,0,0,0,0,0,False
2895,Philipp Schulze,Górnik Zabrze,Bramkarz,6%,1.7,,14,WIE (D),0,0,0,0,0,0,0,False
2895,Philipp Schulze,Górnik Zabrze,Bramkarz,6%,1.7,,15,ZAG (W),0,0,0,0,0,0,0,False
2895,Philipp Schulze,Górnik Zabrze,Bramkarz,6%,1.7,,16,WPŁ (D),0,0,0,0,0,0,0,False
2895,Philipp Schulze,Górnik Zabrze,Bramkarz,6%,1.7,,17,POG (W),0,0,0,0,0,0,0,False
2895,Philipp Schulze,Górnik Zabrze,Bramkarz,6%,1.7,,18,ŚLA (W),0,0,0,0,0,0,0,False
2896,Antoni Kustra,Wieczysta Kraków,Bramkarz,5%,0.7,,1,RAD (W),0,0,0,0,0,0,0,False
2896,Antoni Kustra,Wieczysta Kraków,Bramkarz,5%,0.7,,2,LPO (D),0,0,0,0,0,0,0,False
2896,Antoni Kustra,Wieczysta Kraków,Bramkarz,5%,0.7,,4,PIA (W),0,0,0,0,0,0,0,False
2896,Antoni Kustra,Wieczysta Kraków,Bramkarz,5%,0.7,,5,CRA (W),0,0,0,0,0,0,0,False
2896,Antoni Kustra,Wieczysta Kraków,Bramkarz,5%,0.7,,6,WIS (W),0,0,0,0,0,0,0,False
2896,Antoni Kustra,Wieczysta Kraków,Bramkarz,5%,0.7,,7,ZAG (D),0,0,0,0,0,0,0,False
2896,Antoni Kustra,Wieczysta Kraków,Bramkarz,5%,0.7,,8,POG (W),0,0,0,0,0,0,0,False
2896,Antoni Kustra,Wieczysta Kraków,Bramkarz,5%,0.7,,9,WID (W),0,0,0,0,0,0,0,False
2896,Antoni Kustra,Wieczysta Kraków,Bramkarz,5%,0.7,,10,GKS (W),0,0,0,0,0,0,0,False
2896,Antoni Kustra,Wieczysta Kraków,Bramkarz,5%,0.7,,10,WPŁ (D),0,0,0,0,0,0,0,False
2896,Antoni Kustra,Wieczysta Kraków,Bramkarz,5%,0.7,,11,RCZ (D),0,0,0,0,0,0,0,False
2896,Antoni Kustra,Wieczysta Kraków,Bramkarz,5%,0.7,,12,ŚLA (W),0,0,0,0,0,0,0,False
2896,Antoni Kustra,Wieczysta Kraków,Bramkarz,5%,0.7,,13,JAG (D),0,0,0,0,0,0,0,False
2896,Antoni Kustra,Wieczysta Kraków,Bramkarz,5%,0.7,,14,GÓR (W),0,0,0,0,0,0,0,False
2896,Antoni Kustra,Wieczysta Kraków,Bramkarz,5%,0.7,,15,MOT (D),0,0,0,0,0,0,0,False
2896,Antoni Kustra,Wieczysta Kraków,Bramkarz,5%,0.7,,16,LEG (W),0,0,0,0,0,0,0,False
2896,Antoni Kustra,Wieczysta Kraków,Bramkarz,5%,0.7,,17,KOR (D),0,0,0,0,0,0,0,False
2896,Antoni Kustra,Wieczysta Kraków,Bramkarz,5%,0.7,,18,RAD (D),0,0,0,0,0,0,0,False
2899,Kacper Zagrodzki,Wieczysta Kraków,Obrońca,4%,0.7,,1,RAD (W),0,0,0,0,0,0,0,False
2899,Kacper Zagrodzki,Wieczysta Kraków,Obrońca,4%,0.7,,2,LPO (D),0,0,0,0,0,0,0,False
2899,Kacper Zagrodzki,Wieczysta Kraków,Obrońca,4%,0.7,,4,PIA (W),0,0,0,0,0,0,0,False
2899,Kacper Zagrodzki,Wieczysta Kraków,Obrońca,4%,0.7,,5,CRA (W),0,0,0,0,0,0,0,False
2899,Kacper Zagrodzki,Wieczysta Kraków,Obrońca,4%,0.7,,6,WIS (W),0,0,0,0,0,0,0,False
2899,Kacper Zagrodzki,Wieczysta Kraków,Obrońca,4%,0.7,,7,ZAG (D),0,0,0,0,0,0,0,False
2899,Kacper Zagrodzki,Wieczysta Kraków,Obrońca,4%,0.7,,8,POG (W),0,0,0,0,0,0,0,False
2899,Kacper Zagrodzki,Wieczysta Kraków,Obrońca,4%,0.7,,9,WID (W),0,0,0,0,0,0,0,False
2899,Kacper Zagrodzki,Wieczysta Kraków,Obrońca,4%,0.7,,10,GKS (W),0,0,0,0,0,0,0,False
2899,Kacper Zagrodzki,Wieczysta Kraków,Obrońca,4%,0.7,,10,WPŁ (D),0,0,0,0,0,0,0,False
2899,Kacper Zagrodzki,Wieczysta Kraków,Obrońca,4%,0.7,,11,RCZ (D),0,0,0,0,0,0,0,False
2899,Kacper Zagrodzki,Wieczysta Kraków,Obrońca,4%,0.7,,12,ŚLA (W),0,0,0,0,0,0,0,False
2899,Kacper Zagrodzki,Wieczysta Kraków,Obrońca,4%,0.7,,13,JAG (D),0,0,0,0,0,0,0,False
2899,Kacper Zagrodzki,Wieczysta Kraków,Obrońca,4%,0.7,,14,GÓR (W),0,0,0,0,0,0,0,False
2899,Kacper Zagrodzki,Wieczysta Kraków,Obrońca,4%,0.7,,15,MOT (D),0,0,0,0,0,0,0,False
2899,Kacper Zagrodzki,Wieczysta Kraków,Obrońca,4%,0.7,,16,LEG (W),0,0,0,0,0,0,0,False
2899,Kacper Zagrodzki,Wieczysta Kraków,Obrońca,4%,0.7,,17,KOR (D),0,0,0,0,0,0,0,False
2899,Kacper Zagrodzki,Wieczysta Kraków,Obrońca,4%,0.7,,18,RAD (D),0,0,0,0,0,0,0,False
2901,Tobias Christensen,Wieczysta Kraków,Pomocnik,7%,1.9,,1,RAD (W),23,0,0,0,0,0,1,True
2901,Tobias Christensen,Wieczysta Kraków,Pomocnik,7%,1.9,,2,LPO (D),61,0,0,0,1,0,1,True
2901,Tobias Christensen,Wieczysta Kraków,Pomocnik,7%,1.9,,4,PIA (W),82,3,0,1,0,0,21,True
2901,Tobias Christensen,Wieczysta Kraków,Pomocnik,7%,1.9,,5,CRA (W),85,0,0,0,0,0,2,True
2901,Tobias Christensen,Wieczysta Kraków,Pomocnik,7%,1.9,,6,WIS (W),90,0,0,0,0,0,2,True
2901,Tobias Christensen,Wieczysta Kraków,Pomocnik,7%,1.9,,7,ZAG (D),0,0,0,0,0,0,0,False
2901,Tobias Christensen,Wieczysta Kraków,Pomocnik,7%,1.9,,8,POG (W),0,0,0,0,0,0,0,False
2901,Tobias Christensen,Wieczysta Kraków,Pomocnik,7%,1.9,,9,WID (W),0,0,0,0,0,0,0,False
2901,Tobias Christensen,Wieczysta Kraków,Pomocnik,7%,1.9,,10,GKS (W),0,0,0,0,0,0,0,False
2901,Tobias Christensen,Wieczysta Kraków,Pomocnik,7%,1.9,,10,WPŁ (D),0,0,0,0,0,0,0,False
2901,Tobias Christensen,Wieczysta Kraków,Pomocnik,7%,1.9,,11,RCZ (D),0,0,0,0,0,0,0,False
2901,Tobias Christensen,Wieczysta Kraków,Pomocnik,7%,1.9,,12,ŚLA (W),0,0,0,0,0,0,0,False
2901,Tobias Christensen,Wieczysta Kraków,Pomocnik,7%,1.9,,13,JAG (D),0,0,0,0,0,0,0,False
2901,Tobias Christensen,Wieczysta Kraków,Pomocnik,7%,1.9,,14,GÓR (W),0,0,0,0,0,0,0,False
2901,Tobias Christensen,Wieczysta Kraków,Pomocnik,7%,1.9,,15,MOT (D),0,0,0,0,0,0,0,False
2901,Tobias Christensen,Wieczysta Kraków,Pomocnik,7%,1.9,,16,LEG (W),0,0,0,0,0,0,0,False
2901,Tobias Christensen,Wieczysta Kraków,Pomocnik,7%,1.9,,17,KOR (D),0,0,0,0,0,0,0,False
2901,Tobias Christensen,Wieczysta Kraków,Pomocnik,7%,1.9,,18,RAD (D),0,0,0,0,0,0,0,False
2917,Allahyar Sayyadmanesh,Lech Poznań,Pomocnik,20%,2.2,,1,CRA (D),8,0,0,0,0,0,1,True
2917,Allahyar Sayyadmanesh,Lech Poznań,Pomocnik,20%,2.2,,2,WIE (W),61,1,0,0,0,0,8,True
2917,Allahyar Sayyadmanesh,Lech Poznań,Pomocnik,20%,2.2,,3,PIA (D),29,1,0,0,0,0,7,True
2917,Allahyar Sayyadmanesh,Lech Poznań,Pomocnik,20%,2.2,,6,JAG (D),64,0,0,0,0,0,3,True
2917,Allahyar Sayyadmanesh,Lech Poznań,Pomocnik,20%,2.2,,6,WID (W),90,1,0,0,0,0,8,True
2917,Allahyar Sayyadmanesh,Lech Poznań,Pomocnik,20%,2.2,,7,RCZ (D),68,0,0,0,0,0,4,True
2917,Allahyar Sayyadmanesh,Lech Poznań,Pomocnik,20%,2.2,,8,GÓR (W),0,0,0,0,0,0,0,False
2917,Allahyar Sayyadmanesh,Lech Poznań,Pomocnik,20%,2.2,,9,RAD (D),0,0,0,0,0,0,0,False
2917,Allahyar Sayyadmanesh,Lech Poznań,Pomocnik,20%,2.2,,10,ŚLA (W),0,0,0,0,0,0,0,False
2917,Allahyar Sayyadmanesh,Lech Poznań,Pomocnik,20%,2.2,,11,KOR (D),0,0,0,0,0,0,0,False
2917,Allahyar Sayyadmanesh,Lech Poznań,Pomocnik,20%,2.2,,12,LEG (W),0,0,0,0,0,0,0,False
2917,Allahyar Sayyadmanesh,Lech Poznań,Pomocnik,20%,2.2,,13,WIS (D),0,0,0,0,0,0,0,False
2917,Allahyar Sayyadmanesh,Lech Poznań,Pomocnik,20%,2.2,,14,ZAG (D),0,0,0,0,0,0,0,False
2917,Allahyar Sayyadmanesh,Lech Poznań,Pomocnik,20%,2.2,,15,GKS (W),0,0,0,0,0,0,0,False
2917,Allahyar Sayyadmanesh,Lech Poznań,Pomocnik,20%,2.2,,16,POG (D),0,0,0,0,0,0,0,False
2917,Allahyar Sayyadmanesh,Lech Poznań,Pomocnik,20%,2.2,,17,MOT (W),0,0,0,0,0,0,0,False
2917,Allahyar Sayyadmanesh,Lech Poznań,Pomocnik,20%,2.2,,18,WPŁ (W),0,0,0,0,0,0,0,False
2917,Allahyar Sayyadmanesh,Lech Poznań,Pomocnik,20%,2.2,,18,CRA (W),0,0,0,0,0,0,0,False
2921,Mihai Popa,Motor Lublin,Bramkarz,1%,1.7,,1,WID (W),90,0,0,1,0,0,1,True
2921,Mihai Popa,Motor Lublin,Bramkarz,1%,1.7,,2,JAG (D),90,0,0,2,0,0,1,True
2921,Mihai Popa,Motor Lublin,Bramkarz,1%,1.7,,3,POG (W),90,0,0,3,0,0,1,True
2921,Mihai Popa,Motor Lublin,Bramkarz,1%,1.7,,4,GKS (D),90,0,0,2,0,0,7,True
2921,Mihai Popa,Motor Lublin,Bramkarz,1%,1.7,,5,KOR (W),90,0,0,2,0,0,2,True
2921,Mihai Popa,Motor Lublin,Bramkarz,1%,1.7,,6,PIA (D),0,0,0,0,0,0,0,False
2921,Mihai Popa,Motor Lublin,Bramkarz,1%,1.7,,7,LEG (D),0,0,0,0,0,0,0,False
2921,Mihai Popa,Motor Lublin,Bramkarz,1%,1.7,,8,RCZ (W),0,0,0,0,0,0,0,False
2921,Mihai Popa,Motor Lublin,Bramkarz,1%,1.7,,9,GÓR (D),0,0,0,0,0,0,0,False
2921,Mihai Popa,Motor Lublin,Bramkarz,1%,1.7,,10,RAD (W),0,0,0,0,0,0,0,False
2921,Mihai Popa,Motor Lublin,Bramkarz,1%,1.7,,11,ŚLA (D),0,0,0,0,0,0,0,False
2921,Mihai Popa,Motor Lublin,Bramkarz,1%,1.7,,12,ZAG (D),0,0,0,0,0,0,0,False
2921,Mihai Popa,Motor Lublin,Bramkarz,1%,1.7,,13,CRA (W),0,0,0,0,0,0,0,False
2921,Mihai Popa,Motor Lublin,Bramkarz,1%,1.7,,14,WPŁ (D),0,0,0,0,0,0,0,False
2921,Mihai Popa,Motor Lublin,Bramkarz,1%,1.7,,15,WIE (W),0,0,0,0,0,0,0,False
2921,Mihai Popa,Motor Lublin,Bramkarz,1%,1.7,,16,WIS (W),0,0,0,0,0,0,0,False
2921,Mihai Popa,Motor Lublin,Bramkarz,1%,1.7,,17,LPO (D),0,0,0,0,0,0,0,False
2921,Mihai Popa,Motor Lublin,Bramkarz,1%,1.7,,18,WID (D),0,0,0,0,0,0,0,False
2931,Jakub Jendryka,Raków Częstochowa,Obrońca,0%,1.8,,1,WPŁ (D),0,0,0,0,0,0,0,False
2931,Jakub Jendryka,Raków Częstochowa,Obrońca,0%,1.8,,2,ŚLA (W),0,0,0,0,0,0,0,False
2931,Jakub Jendryka,Raków Częstochowa,Obrońca,0%,1.8,,4,CRA (W),0,0,0,0,0,0,0,False
2931,Jakub Jendryka,Raków Częstochowa,Obrońca,0%,1.8,,6,GÓR (D),45,0,0,0,0,0,1,True
2931,Jakub Jendryka,Raków Częstochowa,Obrońca,0%,1.8,,6,JAG (D),90,1,0,0,0,0,4,True
2931,Jakub Jendryka,Raków Częstochowa,Obrońca,0%,1.8,,7,LPO (W),11,0,0,0,0,0,1,True
2931,Jakub Jendryka,Raków Częstochowa,Obrońca,0%,1.8,,8,ZAG (D),0,0,0,0,0,0,0,False
2931,Jakub Jendryka,Raków Częstochowa,Obrońca,0%,1.8,,8,MOT (D),0,0,0,0,0,0,0,False
2931,Jakub Jendryka,Raków Częstochowa,Obrońca,0%,1.8,,9,KOR (W),0,0,0,0,0,0,0,False
2931,Jakub Jendryka,Raków Częstochowa,Obrońca,0%,1.8,,10,GKS (D),0,0,0,0,0,0,0,False
2931,Jakub Jendryka,Raków Częstochowa,Obrońca,0%,1.8,,11,WIE (W),0,0,0,0,0,0,0,False
2931,Jakub Jendryka,Raków Częstochowa,Obrońca,0%,1.8,,12,WIS (W),0,0,0,0,0,0,0,False
2931,Jakub Jendryka,Raków Częstochowa,Obrońca,0%,1.8,,13,POG (D),0,0,0,0,0,0,0,False
2931,Jakub Jendryka,Raków Częstochowa,Obrońca,0%,1.8,,14,LEG (W),0,0,0,0,0,0,0,False
2931,Jakub Jendryka,Raków Częstochowa,Obrońca,0%,1.8,,15,WID (D),0,0,0,0,0,0,0,False
2931,Jakub Jendryka,Raków Częstochowa,Obrońca,0%,1.8,,16,PIA (D),0,0,0,0,0,0,0,False
2931,Jakub Jendryka,Raków Częstochowa,Obrońca,0%,1.8,,17,RAD (W),0,0,0,0,0,0,0,False
2931,Jakub Jendryka,Raków Częstochowa,Obrońca,0%,1.8,,18,WPŁ (W),0,0,0,0,0,0,0,False
2939,Nik Prelec,Jagiellonia Białystok,Napastnik,20%,2.0,,1,KOR (D),29,1,0,0,0,0,6,True
2939,Nik Prelec,Jagiellonia Białystok,Napastnik,20%,2.0,,2,MOT (W),68,1,0,0,0,0,7,True
2939,Nik Prelec,Jagiellonia Białystok,Napastnik,20%,2.0,,3,WID (D),32,0,0,0,1,0,0,True
2939,Nik Prelec,Jagiellonia Białystok,Napastnik,20%,2.0,,6,LPO (W),82,0,0,0,0,0,2,True
2939,Nik Prelec,Jagiellonia Białystok,Napastnik,20%,2.0,,6,RCZ (W),87,1,1,0,0,0,11,True
2939,Nik Prelec,Jagiellonia Białystok,Napastnik,20%,2.0,,7,ŚLA (D),0,0,0,0,0,0,0,False
2939,Nik Prelec,Jagiellonia Białystok,Napastnik,20%,2.0,,8,WIS (W),0,0,0,0,0,0,0,False
2939,Nik Prelec,Jagiellonia Białystok,Napastnik,20%,2.0,,9,LEG (D),0,0,0,0,0,0,0,False
2939,Nik Prelec,Jagiellonia Białystok,Napastnik,20%,2.0,,10,GÓR (D),0,0,0,0,0,0,0,False
2939,Nik Prelec,Jagiellonia Białystok,Napastnik,20%,2.0,,11,ZAG (W),0,0,0,0,0,0,0,False
2939,Nik Prelec,Jagiellonia Białystok,Napastnik,20%,2.0,,12,WPŁ (D),0,0,0,0,0,0,0,False
2939,Nik Prelec,Jagiellonia Białystok,Napastnik,20%,2.0,,13,WIE (W),0,0,0,0,0,0,0,False
2939,Nik Prelec,Jagiellonia Białystok,Napastnik,20%,2.0,,14,GKS (D),0,0,0,0,0,0,0,False
2939,Nik Prelec,Jagiellonia Białystok,Napastnik,20%,2.0,,15,CRA (W),0,0,0,0,0,0,0,False
2939,Nik Prelec,Jagiellonia Białystok,Napastnik,20%,2.0,,16,RAD (D),0,0,0,0,0,0,0,False
2939,Nik Prelec,Jagiellonia Białystok,Napastnik,20%,2.0,,17,PIA (W),0,0,0,0,0,0,0,False
2939,Nik Prelec,Jagiellonia Białystok,Napastnik,20%,2.0,,18,POG (D),0,0,0,0,0,0,0,False
2939,Nik Prelec,Jagiellonia Białystok,Napastnik,20%,2.0,,18,KOR (W),0,0,0,0,0,0,0,False
2940,Mario García,Widzew Łódź,Obrońca,19%,2.0,,1,MOT (D),0,0,0,0,0,0,0,False
2940,Mario García,Widzew Łódź,Obrońca,19%,2.0,,2,WPŁ (W),24,0,0,0,0,0,1,True
2940,Mario García,Widzew Łódź,Obrońca,19%,2.0,,3,JAG (W),89,0,2,0,0,0,15,True
2940,Mario García,Widzew Łódź,Obrońca,19%,2.0,,4,KOR (D),84,0,0,0,0,0,1,True
2940,Mario García,Widzew Łódź,Obrońca,19%,2.0,,5,ŚLA (W),90,1,1,0,0,0,11,True
2940,Mario García,Widzew Łódź,Obrońca,19%,2.0,,6,LPO (D),90,0,0,0,0,0,0,True
2940,Mario García,Widzew Łódź,Obrońca,19%,2.0,,7,RAD (D),90,0,0,0,0,0,5,True
2940,Mario García,Widzew Łódź,Obrońca,19%,2.0,,8,LEG (W),0,0,0,0,0,0,0,False
2940,Mario García,Widzew Łódź,Obrońca,19%,2.0,,9,WIE (D),0,0,0,0,0,0,0,False
2940,Mario García,Widzew Łódź,Obrońca,19%,2.0,,10,PIA (W),0,0,0,0,0,0,0,False
2940,Mario García,Widzew Łódź,Obrońca,19%,2.0,,11,WIS (D),0,0,0,0,0,0,0,False
2940,Mario García,Widzew Łódź,Obrońca,19%,2.0,,12,GÓR (D),0,0,0,0,0,0,0,False
2940,Mario García,Widzew Łódź,Obrońca,19%,2.0,,13,GKS (W),0,0,0,0,0,0,0,False
2940,Mario García,Widzew Łódź,Obrońca,19%,2.0,,14,POG (D),0,0,0,0,0,0,0,False
2940,Mario García,Widzew Łódź,Obrońca,19%,2.0,,15,RCZ (W),0,0,0,0,0,0,0,False
2940,Mario García,Widzew Łódź,Obrońca,19%,2.0,,16,ZAG (D),0,0,0,0,0,0,0,False
2940,Mario García,Widzew Łódź,Obrońca,19%,2.0,,17,CRA (W),0,0,0,0,0,0,0,False
2940,Mario García,Widzew Łódź,Obrońca,19%,2.0,,18,MOT (W),0,0,0,0,0,0,0,False
2943,Peter González,Górnik Zabrze,Pomocnik,6%,1.9,,1,ŚLA (D),0,0,0,0,0,0,0,False
2943,Peter González,Górnik Zabrze,Pomocnik,6%,1.9,,3,RAD (W),70,2,0,0,1,0,13,True
2943,Peter González,Górnik Zabrze,Pomocnik,6%,1.9,,4,WIS (D),90,0,0,0,1,0,3,True
2943,Peter González,Górnik Zabrze,Pomocnik,6%,1.9,,6,RCZ (W),0,0,0,0,0,0,0,False
2943,Peter González,Górnik Zabrze,Pomocnik,6%,1.9,,6,GKS (D),89,0,0,0,0,0,2,True
2943,Peter González,Górnik Zabrze,Pomocnik,6%,1.9,,7,CRA (W),28,0,0,0,0,0,2,True
2943,Peter González,Górnik Zabrze,Pomocnik,6%,1.9,,8,KOR (W),0,0,0,0,0,0,0,False
2943,Peter González,Górnik Zabrze,Pomocnik,6%,1.9,,8,LPO (D),0,0,0,0,0,0,0,False
2943,Peter González,Górnik Zabrze,Pomocnik,6%,1.9,,9,MOT (W),0,0,0,0,0,0,0,False
2943,Peter González,Górnik Zabrze,Pomocnik,6%,1.9,,10,JAG (W),0,0,0,0,0,0,0,False
2943,Peter González,Górnik Zabrze,Pomocnik,6%,1.9,,11,PIA (D),0,0,0,0,0,0,0,False
2943,Peter González,Górnik Zabrze,Pomocnik,6%,1.9,,12,WID (W),0,0,0,0,0,0,0,False
2943,Peter González,Górnik Zabrze,Pomocnik,6%,1.9,,13,LEG (D),0,0,0,0,0,0,0,False
2943,Peter González,Górnik Zabrze,Pomocnik,6%,1.9,,14,WIE (D),0,0,0,0,0,0,0,False
2943,Peter González,Górnik Zabrze,Pomocnik,6%,1.9,,15,ZAG (W),0,0,0,0,0,0,0,False
2943,Peter González,Górnik Zabrze,Pomocnik,6%,1.9,,16,WPŁ (D),0,0,0,0,0,0,0,False
2943,Peter González,Górnik Zabrze,Pomocnik,6%,1.9,,17,POG (W),0,0,0,0,0,0,0,False
2943,Peter González,Górnik Zabrze,Pomocnik,6%,1.9,,18,ŚLA (W),0,0,0,0,0,0,0,False
2945,Rodrigo Conceicao,Jagiellonia Białystok,Obrońca,2%,1.9,,1,KOR (D),29,0,0,0,0,0,2,True
2945,Rodrigo Conceicao,Jagiellonia Białystok,Obrońca,2%,1.9,,2,MOT (W),62,0,0,0,0,0,3,True
2945,Rodrigo Conceicao,Jagiellonia Białystok,Obrońca,2%,1.9,,3,WID (D),45,0,0,0,0,0,0,True
2945,Rodrigo Conceicao,Jagiellonia Białystok,Obrońca,2%,1.9,,6,LPO (W),90,0,0,0,1,0,0,True
2945,Rodrigo Conceicao,Jagiellonia Białystok,Obrońca,2%,1.9,,6,RCZ (W),89,0,0,0,0,0,2,True
2945,Rodrigo Conceicao,Jagiellonia Białystok,Obrońca,2%,1.9,,7,ŚLA (D),0,0,0,0,0,0,0,False
2945,Rodrigo Conceicao,Jagiellonia Białystok,Obrońca,2%,1.9,,8,WIS (W),0,0,0,0,0,0,0,False
2945,Rodrigo Conceicao,Jagiellonia Białystok,Obrońca,2%,1.9,,9,LEG (D),0,0,0,0,0,0,0,False
2945,Rodrigo Conceicao,Jagiellonia Białystok,Obrońca,2%,1.9,,10,GÓR (D),0,0,0,0,0,0,0,False
2945,Rodrigo Conceicao,Jagiellonia Białystok,Obrońca,2%,1.9,,11,ZAG (W),0,0,0,0,0,0,0,False
2945,Rodrigo Conceicao,Jagiellonia Białystok,Obrońca,2%,1.9,,12,WPŁ (D),0,0,0,0,0,0,0,False
2945,Rodrigo Conceicao,Jagiellonia Białystok,Obrońca,2%,1.9,,13,WIE (W),0,0,0,0,0,0,0,False
2945,Rodrigo Conceicao,Jagiellonia Białystok,Obrońca,2%,1.9,,14,GKS (D),0,0,0,0,0,0,0,False
2945,Rodrigo Conceicao,Jagiellonia Białystok,Obrońca,2%,1.9,,15,CRA (W),0,0,0,0,0,0,0,False
2945,Rodrigo Conceicao,Jagiellonia Białystok,Obrońca,2%,1.9,,16,RAD (D),0,0,0,0,0,0,0,False
2945,Rodrigo Conceicao,Jagiellonia Białystok,Obrońca,2%,1.9,,17,PIA (W),0,0,0,0,0,0,0,False
2945,Rodrigo Conceicao,Jagiellonia Białystok,Obrońca,2%,1.9,,18,POG (D),0,0,0,0,0,0,0,False
2945,Rodrigo Conceicao,Jagiellonia Białystok,Obrońca,2%,1.9,,18,KOR (W),0,0,0,0,0,0,0,False
2950,Szymon Wadas,Wisła Płock,Bramkarz,2%,0.7,,1,RCZ (W),0,0,0,0,0,0,0,False
2950,Szymon Wadas,Wisła Płock,Bramkarz,2%,0.7,,2,WID (D),0,0,0,0,0,0,0,False
2950,Szymon Wadas,Wisła Płock,Bramkarz,2%,0.7,,3,WIS (W),0,0,0,0,0,0,0,False
2950,Szymon Wadas,Wisła Płock,Bramkarz,2%,0.7,,5,GKS (W),0,0,0,0,0,0,0,False
2950,Szymon Wadas,Wisła Płock,Bramkarz,2%,0.7,,6,KOR (D),0,0,0,0,0,0,0,False
2950,Szymon Wadas,Wisła Płock,Bramkarz,2%,0.7,,7,POG (W),0,0,0,0,0,0,0,False
2950,Szymon Wadas,Wisła Płock,Bramkarz,2%,0.7,,8,CRA (D),0,0,0,0,0,0,0,False
2950,Szymon Wadas,Wisła Płock,Bramkarz,2%,0.7,,9,ZAG (W),0,0,0,0,0,0,0,False
2950,Szymon Wadas,Wisła Płock,Bramkarz,2%,0.7,,10,WIE (W),0,0,0,0,0,0,0,False
2950,Szymon Wadas,Wisła Płock,Bramkarz,2%,0.7,,11,RAD (D),0,0,0,0,0,0,0,False
2950,Szymon Wadas,Wisła Płock,Bramkarz,2%,0.7,,12,JAG (W),0,0,0,0,0,0,0,False
2950,Szymon Wadas,Wisła Płock,Bramkarz,2%,0.7,,13,PIA (D),0,0,0,0,0,0,0,False
2950,Szymon Wadas,Wisła Płock,Bramkarz,2%,0.7,,14,MOT (W),0,0,0,0,0,0,0,False
2950,Szymon Wadas,Wisła Płock,Bramkarz,2%,0.7,,15,LEG (D),0,0,0,0,0,0,0,False
2950,Szymon Wadas,Wisła Płock,Bramkarz,2%,0.7,,16,GÓR (W),0,0,0,0,0,0,0,False
2950,Szymon Wadas,Wisła Płock,Bramkarz,2%,0.7,,17,ŚLA (D),0,0,0,0,0,0,0,False
2950,Szymon Wadas,Wisła Płock,Bramkarz,2%,0.7,,18,LPO (D),0,0,0,0,0,0,0,False
2950,Szymon Wadas,Wisła Płock,Bramkarz,2%,0.7,,18,RCZ (D),0,0,0,0,0,0,0,False
2958,Franciszek Nowak,Zagłębie Lubin,Bramkarz,1%,0.7,,1,PIA (D),0,0,0,0,0,0,0,False
2958,Franciszek Nowak,Zagłębie Lubin,Bramkarz,1%,0.7,,2,LEG (W),0,0,0,0,0,0,0,False
2958,Franciszek Nowak,Zagłębie Lubin,Bramkarz,1%,0.7,,4,ŚLA (D),0,0,0,0,0,0,0,False
2958,Franciszek Nowak,Zagłębie Lubin,Bramkarz,1%,0.7,,5,RAD (W),0,0,0,0,0,0,0,False
2958,Franciszek Nowak,Zagłębie Lubin,Bramkarz,1%,0.7,,6,POG (D),0,0,0,0,0,0,0,False
2958,Franciszek Nowak,Zagłębie Lubin,Bramkarz,1%,0.7,,7,WIE (W),0,0,0,0,0,0,0,False
2958,Franciszek Nowak,Zagłębie Lubin,Bramkarz,1%,0.7,,8,RCZ (W),0,0,0,0,0,0,0,False
2958,Franciszek Nowak,Zagłębie Lubin,Bramkarz,1%,0.7,,8,GKS (D),0,0,0,0,0,0,0,False
2958,Franciszek Nowak,Zagłębie Lubin,Bramkarz,1%,0.7,,9,WPŁ (D),0,0,0,0,0,0,0,False
2958,Franciszek Nowak,Zagłębie Lubin,Bramkarz,1%,0.7,,10,CRA (W),0,0,0,0,0,0,0,False
2958,Franciszek Nowak,Zagłębie Lubin,Bramkarz,1%,0.7,,11,JAG (D),0,0,0,0,0,0,0,False
2958,Franciszek Nowak,Zagłębie Lubin,Bramkarz,1%,0.7,,12,MOT (W),0,0,0,0,0,0,0,False
2958,Franciszek Nowak,Zagłębie Lubin,Bramkarz,1%,0.7,,13,KOR (D),0,0,0,0,0,0,0,False
2958,Franciszek Nowak,Zagłębie Lubin,Bramkarz,1%,0.7,,14,LPO (W),0,0,0,0,0,0,0,False
2958,Franciszek Nowak,Zagłębie Lubin,Bramkarz,1%,0.7,,15,GÓR (D),0,0,0,0,0,0,0,False
2958,Franciszek Nowak,Zagłębie Lubin,Bramkarz,1%,0.7,,16,WID (W),0,0,0,0,0,0,0,False
2958,Franciszek Nowak,Zagłębie Lubin,Bramkarz,1%,0.7,,17,WIS (D),0,0,0,0,0,0,0,False
2958,Franciszek Nowak,Zagłębie Lubin,Bramkarz,1%,0.7,,18,PIA (W),0,0,0,0,0,0,0,False
2966,Jeremy Agbonifo,Jagiellonia Białystok,Pomocnik,1%,1.9,,1,KOR (D),4,0,0,0,0,0,2,True
2966,Jeremy Agbonifo,Jagiellonia Białystok,Pomocnik,1%,1.9,,2,MOT (W),28,0,0,0,0,0,2,True
2966,Jeremy Agbonifo,Jagiellonia Białystok,Pomocnik,1%,1.9,,3,WID (D),45,0,0,0,1,0,1,True
2966,Jeremy Agbonifo,Jagiellonia Białystok,Pomocnik,1%,1.9,,6,LPO (W),0,0,0,0,0,0,0,False
2966,Jeremy Agbonifo,Jagiellonia Białystok,Pomocnik,1%,1.9,,6,RCZ (W),0,0,0,0,0,0,0,False
2966,Jeremy Agbonifo,Jagiellonia Białystok,Pomocnik,1%,1.9,,7,ŚLA (D),0,0,0,0,0,0,0,False
2966,Jeremy Agbonifo,Jagiellonia Białystok,Pomocnik,1%,1.9,,8,WIS (W),0,0,0,0,0,0,0,False
2966,Jeremy Agbonifo,Jagiellonia Białystok,Pomocnik,1%,1.9,,9,LEG (D),0,0,0,0,0,0,0,False
2966,Jeremy Agbonifo,Jagiellonia Białystok,Pomocnik,1%,1.9,,10,GÓR (D),0,0,0,0,0,0,0,False
2966,Jeremy Agbonifo,Jagiellonia Białystok,Pomocnik,1%,1.9,,11,ZAG (W),0,0,0,0,0,0,0,False
2966,Jeremy Agbonifo,Jagiellonia Białystok,Pomocnik,1%,1.9,,12,WPŁ (D),0,0,0,0,0,0,0,False
2966,Jeremy Agbonifo,Jagiellonia Białystok,Pomocnik,1%,1.9,,13,WIE (W),0,0,0,0,0,0,0,False
2966,Jeremy Agbonifo,Jagiellonia Białystok,Pomocnik,1%,1.9,,14,GKS (D),0,0,0,0,0,0,0,False
2966,Jeremy Agbonifo,Jagiellonia Białystok,Pomocnik,1%,1.9,,15,CRA (W),0,0,0,0,0,0,0,False
2966,Jeremy Agbonifo,Jagiellonia Białystok,Pomocnik,1%,1.9,,16,RAD (D),0,0,0,0,0,0,0,False
2966,Jeremy Agbonifo,Jagiellonia Białystok,Pomocnik,1%,1.9,,17,PIA (W),0,0,0,0,0,0,0,False
2966,Jeremy Agbonifo,Jagiellonia Białystok,Pomocnik,1%,1.9,,18,POG (D),0,0,0,0,0,0,0,False
2966,Jeremy Agbonifo,Jagiellonia Białystok,Pomocnik,1%,1.9,,18,KOR (W),0,0,0,0,0,0,0,False
2968,Adrian Żulewski,Śląsk Wrocław,Obrońca,2%,0.7,,1,GÓR (W),0,0,0,0,0,0,0,False
2968,Adrian Żulewski,Śląsk Wrocław,Obrońca,2%,0.7,,2,RCZ (D),0,0,0,0,0,0,0,False
2968,Adrian Żulewski,Śląsk Wrocław,Obrońca,2%,0.7,,3,CRA (D),0,0,0,0,0,0,0,False
2968,Adrian Żulewski,Śląsk Wrocław,Obrońca,2%,0.7,,4,ZAG (W),0,0,0,0,0,0,0,False
2968,Adrian Żulewski,Śląsk Wrocław,Obrońca,2%,0.7,,5,WID (D),0,0,0,0,0,0,0,False
2968,Adrian Żulewski,Śląsk Wrocław,Obrońca,2%,0.7,,6,LEG (W),0,0,0,0,0,0,0,False
2968,Adrian Żulewski,Śląsk Wrocław,Obrońca,2%,0.7,,7,JAG (W),0,0,0,0,0,0,0,False
2968,Adrian Żulewski,Śląsk Wrocław,Obrońca,2%,0.7,,8,KOR (D),0,0,0,0,0,0,0,False
2968,Adrian Żulewski,Śląsk Wrocław,Obrońca,2%,0.7,,9,WIS (W),0,0,0,0,0,0,0,False
2968,Adrian Żulewski,Śląsk Wrocław,Obrońca,2%,0.7,,10,LPO (D),0,0,0,0,0,0,0,False
2968,Adrian Żulewski,Śląsk Wrocław,Obrońca,2%,0.7,,11,MOT (W),0,0,0,0,0,0,0,False
2968,Adrian Żulewski,Śląsk Wrocław,Obrońca,2%,0.7,,12,WIE (D),0,0,0,0,0,0,0,False
2968,Adrian Żulewski,Śląsk Wrocław,Obrońca,2%,0.7,,13,RAD (W),0,0,0,0,0,0,0,False
2968,Adrian Żulewski,Śląsk Wrocław,Obrońca,2%,0.7,,14,PIA (D),0,0,0,0,0,0,0,False
2968,Adrian Żulewski,Śląsk Wrocław,Obrońca,2%,0.7,,15,POG (W),0,0,0,0,0,0,0,False
2968,Adrian Żulewski,Śląsk Wrocław,Obrońca,2%,0.7,,16,GKS (D),0,0,0,0,0,0,0,False
2968,Adrian Żulewski,Śląsk Wrocław,Obrońca,2%,0.7,,17,WPŁ (W),0,0,0,0,0,0,0,False
2968,Adrian Żulewski,Śląsk Wrocław,Obrońca,2%,0.7,,18,GÓR (D),0,0,0,0,0,0,0,False
2972,Jakub Wilczek,Cracovia,Obrońca,1%,0.7,,1,LPO (W),0,0,0,0,0,0,0,False
2972,Jakub Wilczek,Cracovia,Obrońca,1%,0.7,,2,POG (D),0,0,0,0,0,0,0,False
2972,Jakub Wilczek,Cracovia,Obrońca,1%,0.7,,3,ŚLA (W),0,0,0,0,0,0,0,False
2972,Jakub Wilczek,Cracovia,Obrońca,1%,0.7,,4,RCZ (D),0,0,0,0,0,0,0,False
2972,Jakub Wilczek,Cracovia,Obrońca,1%,0.7,,5,WIE (D),0,0,0,0,0,0,0,False
2972,Jakub Wilczek,Cracovia,Obrońca,1%,0.7,,6,RAD (W),0,0,0,0,0,0,0,False
2972,Jakub Wilczek,Cracovia,Obrońca,1%,0.7,,7,GÓR (D),0,0,0,0,0,0,0,False
2972,Jakub Wilczek,Cracovia,Obrońca,1%,0.7,,8,WPŁ (W),0,0,0,0,0,0,0,False
2972,Jakub Wilczek,Cracovia,Obrońca,1%,0.7,,9,GKS (W),0,0,0,0,0,0,0,False
2972,Jakub Wilczek,Cracovia,Obrońca,1%,0.7,,10,ZAG (D),0,0,0,0,0,0,0,False
2972,Jakub Wilczek,Cracovia,Obrońca,1%,0.7,,11,LEG (D),0,0,0,0,0,0,0,False
2972,Jakub Wilczek,Cracovia,Obrońca,1%,0.7,,12,PIA (W),0,0,0,0,0,0,0,False
2972,Jakub Wilczek,Cracovia,Obrońca,1%,0.7,,13,MOT (D),0,0,0,0,0,0,0,False
2972,Jakub Wilczek,Cracovia,Obrońca,1%,0.7,,14,WIS (W),0,0,0,0,0,0,0,False
2972,Jakub Wilczek,Cracovia,Obrońca,1%,0.7,,15,JAG (D),0,0,0,0,0,0,0,False
2972,Jakub Wilczek,Cracovia,Obrońca,1%,0.7,,16,KOR (W),0,0,0,0,0,0,0,False
2972,Jakub Wilczek,Cracovia,Obrońca,1%,0.7,,17,WID (D),0,0,0,0,0,0,0,False
2972,Jakub Wilczek,Cracovia,Obrońca,1%,0.7,,18,LPO (D),0,0,0,0,0,0,0,False
2987,Karol Delikat,Lech Poznań,Pomocnik,0%,0.7,,3,PIA (D),12,1,0,0,0,0,7,True
2987,Karol Delikat,Lech Poznań,Pomocnik,0%,0.7,,6,JAG (D),0,0,0,0,0,0,0,False
2987,Karol Delikat,Lech Poznań,Pomocnik,0%,0.7,,6,WID (W),0,0,0,0,0,0,0,False
2987,Karol Delikat,Lech Poznań,Pomocnik,0%,0.7,,7,RCZ (D),0,0,0,0,0,0,0,False
2987,Karol Delikat,Lech Poznań,Pomocnik,0%,0.7,,8,GÓR (W),0,0,0,0,0,0,0,False
2987,Karol Delikat,Lech Poznań,Pomocnik,0%,0.7,,9,RAD (D),0,0,0,0,0,0,0,False
2987,Karol Delikat,Lech Poznań,Pomocnik,0%,0.7,,10,ŚLA (W),0,0,0,0,0,0,0,False
2987,Karol Delikat,Lech Poznań,Pomocnik,0%,0.7,,11,KOR (D),0,0,0,0,0,0,0,False
2987,Karol Delikat,Lech Poznań,Pomocnik,0%,0.7,,12,LEG (W),0,0,0,0,0,0,0,False
2987,Karol Delikat,Lech Poznań,Pomocnik,0%,0.7,,13,WIS (D),0,0,0,0,0,0,0,False
2987,Karol Delikat,Lech Poznań,Pomocnik,0%,0.7,,14,ZAG (D),0,0,0,0,0,0,0,False
2987,Karol Delikat,Lech Poznań,Pomocnik,0%,0.7,,15,GKS (W),0,0,0,0,0,0,0,False
2987,Karol Delikat,Lech Poznań,Pomocnik,0%,0.7,,16,POG (D),0,0,0,0,0,0,0,False
2987,Karol Delikat,Lech Poznań,Pomocnik,0%,0.7,,17,MOT (W),0,0,0,0,0,0,0,False
2987,Karol Delikat,Lech Poznań,Pomocnik,0%,0.7,,18,WPŁ (W),0,0,0,0,0,0,0,False
2987,Karol Delikat,Lech Poznań,Pomocnik,0%,0.7,,18,CRA (W),0,0,0,0,0,0,0,False
2991,Janis Antiste,Górnik Zabrze,Napastnik,1%,2.0,,4,WIS (D),0,0,0,0,0,0,0,False
2991,Janis Antiste,Górnik Zabrze,Napastnik,1%,2.0,,6,RCZ (W),84,1,0,0,0,0,7,True
2991,Janis Antiste,Górnik Zabrze,Napastnik,1%,2.0,,6,GKS (D),31,0,0,0,0,0,1,True
2991,Janis Antiste,Górnik Zabrze,Napastnik,1%,2.0,,7,CRA (W),62,0,0,0,0,0,3,True
2991,Janis Antiste,Górnik Zabrze,Napastnik,1%,2.0,,8,KOR (W),0,0,0,0,0,0,0,False
2991,Janis Antiste,Górnik Zabrze,Napastnik,1%,2.0,,8,LPO (D),0,0,0,0,0,0,0,False
2991,Janis Antiste,Górnik Zabrze,Napastnik,1%,2.0,,9,MOT (W),0,0,0,0,0,0,0,False
2991,Janis Antiste,Górnik Zabrze,Napastnik,1%,2.0,,10,JAG (W),0,0,0,0,0,0,0,False
2991,Janis Antiste,Górnik Zabrze,Napastnik,1%,2.0,,11,PIA (D),0,0,0,0,0,0,0,False
2991,Janis Antiste,Górnik Zabrze,Napastnik,1%,2.0,,12,WID (W),0,0,0,0,0,0,0,False
2991,Janis Antiste,Górnik Zabrze,Napastnik,1%,2.0,,13,LEG (D),0,0,0,0,0,0,0,False
2991,Janis Antiste,Górnik Zabrze,Napastnik,1%,2.0,,14,WIE (D),0,0,0,0,0,0,0,False
2991,Janis Antiste,Górnik Zabrze,Napastnik,1%,2.0,,15,ZAG (W),0,0,0,0,0,0,0,False
2991,Janis Antiste,Górnik Zabrze,Napastnik,1%,2.0,,16,WPŁ (D),0,0,0,0,0,0,0,False
2991,Janis Antiste,Górnik Zabrze,Napastnik,1%,2.0,,17,POG (W),0,0,0,0,0,0,0,False
2991,Janis Antiste,Górnik Zabrze,Napastnik,1%,2.0,,18,ŚLA (W),0,0,0,0,0,0,0,False
2996,Dominik Klint,Śląsk Wrocław,Bramkarz,0%,0.7,,5,WID (D),0,0,0,0,0,0,0,False
2996,Dominik Klint,Śląsk Wrocław,Bramkarz,0%,0.7,,6,LEG (W),0,0,0,0,0,0,0,False
2996,Dominik Klint,Śląsk Wrocław,Bramkarz,0%,0.7,,7,JAG (W),0,0,0,0,0,0,0,False
2996,Dominik Klint,Śląsk Wrocław,Bramkarz,0%,0.7,,8,KOR (D),0,0,0,0,0,0,0,False
2996,Dominik Klint,Śląsk Wrocław,Bramkarz,0%,0.7,,9,WIS (W),0,0,0,0,0,0,0,False
2996,Dominik Klint,Śląsk Wrocław,Bramkarz,0%,0.7,,10,LPO (D),0,0,0,0,0,0,0,False
2996,Dominik Klint,Śląsk Wrocław,Bramkarz,0%,0.7,,11,MOT (W),0,0,0,0,0,0,0,False
2996,Dominik Klint,Śląsk Wrocław,Bramkarz,0%,0.7,,12,WIE (D),0,0,0,0,0,0,0,False
2996,Dominik Klint,Śląsk Wrocław,Bramkarz,0%,0.7,,13,RAD (W),0,0,0,0,0,0,0,False
2996,Dominik Klint,Śląsk Wrocław,Bramkarz,0%,0.7,,14,PIA (D),0,0,0,0,0,0,0,False
2996,Dominik Klint,Śląsk Wrocław,Bramkarz,0%,0.7,,15,POG (W),0,0,0,0,0,0,0,False
2996,Dominik Klint,Śląsk Wrocław,Bramkarz,0%,0.7,,16,GKS (D),0,0,0,0,0,0,0,False
2996,Dominik Klint,Śląsk Wrocław,Bramkarz,0%,0.7,,17,WPŁ (W),0,0,0,0,0,0,0,False
2996,Dominik Klint,Śląsk Wrocław,Bramkarz,0%,0.7,,18,GÓR (D),0,0,0,0,0,0,0,False
2997,Kacper Błaszkiewicz,Wisła Płock,Napastnik,0%,0.7,,5,GKS (W),0,0,0,0,0,0,0,False
2997,Kacper Błaszkiewicz,Wisła Płock,Napastnik,0%,0.7,,6,KOR (D),0,0,0,0,0,0,0,False
2997,Kacper Błaszkiewicz,Wisła Płock,Napastnik,0%,0.7,,7,POG (W),0,0,0,0,0,0,0,False
2997,Kacper Błaszkiewicz,Wisła Płock,Napastnik,0%,0.7,,8,CRA (D),0,0,0,0,0,0,0,False
2997,Kacper Błaszkiewicz,Wisła Płock,Napastnik,0%,0.7,,9,ZAG (W),0,0,0,0,0,0,0,False
2997,Kacper Błaszkiewicz,Wisła Płock,Napastnik,0%,0.7,,10,WIE (W),0,0,0,0,0,0,0,False
2997,Kacper Błaszkiewicz,Wisła Płock,Napastnik,0%,0.7,,11,RAD (D),0,0,0,0,0,0,0,False
2997,Kacper Błaszkiewicz,Wisła Płock,Napastnik,0%,0.7,,12,JAG (W),0,0,0,0,0,0,0,False
2997,Kacper Błaszkiewicz,Wisła Płock,Napastnik,0%,0.7,,13,PIA (D),0,0,0,0,0,0,0,False
2997,Kacper Błaszkiewicz,Wisła Płock,Napastnik,0%,0.7,,14,MOT (W),0,0,0,0,0,0,0,False
2997,Kacper Błaszkiewicz,Wisła Płock,Napastnik,0%,0.7,,15,LEG (D),0,0,0,0,0,0,0,False
2997,Kacper Błaszkiewicz,Wisła Płock,Napastnik,0%,0.7,,16,GÓR (W),0,0,0,0,0,0,0,False
2997,Kacper Błaszkiewicz,Wisła Płock,Napastnik,0%,0.7,,17,ŚLA (D),0,0,0,0,0,0,0,False
2997,Kacper Błaszkiewicz,Wisła Płock,Napastnik,0%,0.7,,18,LPO (D),0,0,0,0,0,0,0,False
2997,Kacper Błaszkiewicz,Wisła Płock,Napastnik,0%,0.7,,18,RCZ (D),0,0,0,0,0,0,0,False
