player_id,name,team,position,total_points,price,points_per_price,popularity_pct,stats_url
480,Bartosz Nowak,GKS Katowice,Pomocnik,31,2.5,12.4,64%,https://fantasy.ekstraklasa.org/player/480
2234,Ali Gholizadeh,Lech Poznań,Pomocnik,31,2.3,13.48,27%,https://fantasy.ekstraklasa.org/player/2234
2205,Afimico Pululu,Jagiellonia Białystok,Napastnik,27,2.5,10.8,54%,https://fantasy.ekstraklasa.org/player/2205
1757,Bartosz Mrozek,Lech Poznań,Bramkarz,26,2.1,12.38,18%,https://fantasy.ekstraklasa.org/player/1757
2110,Camilo Mena,Lechia Gdańsk,Pomocnik,25,2.3,10.87,42%,https://fantasy.ekstraklasa.org/player/2110
2423,Mbaye N'Diaye,Motor Lublin,Pomocnik,25,1.8,13.89,20%,https://fantasy.ekstraklasa.org/player/2423
303,Mariusz Stępiński,Korona Kielce,Napastnik,22,2.2,10.0,43%,https://fantasy.ekstraklasa.org/player/303
994,Lukas Klemenz,GKS Katowice,Obrońca,22,1.9,11.58,10%,https://fantasy.ekstraklasa.org/player/994
790,František Plach,Piast Gliwice,Bramkarz,21,2.0,10.5,15%,https://fantasy.ekstraklasa.org/player/790
860,Wiktor Długosz,Korona Kielce,Obrońca,21,1.8,11.67,17%,https://fantasy.ekstraklasa.org/player/860
951,Arkadiusz Jędrych,GKS Katowice,Obrońca,21,1.9,11.05,25%,https://fantasy.ekstraklasa.org/player/951
2053,Sebastian Madejski,Cracovia,Bramkarz,21,1.9,11.05,3%,https://fantasy.ekstraklasa.org/player/2053
2123,Michał Gurgul,Lech Poznań,Obrońca,21,1.8,11.67,15%,https://fantasy.ekstraklasa.org/player/2123
1010,Jorge Félix Garcia,Piast Gliwice,Pomocnik,20,1.8,11.11,8%,https://fantasy.ekstraklasa.org/player/1010
2280,Fredrik Ulvestad,Pogoń Szczecin,Pomocnik,20,2.1,9.52,3%,https://fantasy.ekstraklasa.org/player/2280
2698,Leo Bengtsson,Lech Poznań,Pomocnik,20,2.1,9.52,3%,https://fantasy.ekstraklasa.org/player/2698
2717,Pablo Rodríguez,Lech Poznań,Pomocnik,20,1.9,10.53,5%,https://fantasy.ekstraklasa.org/player/2717
765,Jesús Imaz,Jagiellonia Białystok,Pomocnik,19,4.2,4.52,23%,https://fantasy.ekstraklasa.org/player/765
2287,Oliwier Zych,Raków Częstochowa,Bramkarz,19,1.8,10.56,5%,https://fantasy.ekstraklasa.org/player/2287
2424,Bartosz Wolski,Motor Lublin,Pomocnik,19,1.9,10.0,2%,https://fantasy.ekstraklasa.org/player/2424
2775,Fábio Ronaldo,Motor Lublin,Pomocnik,19,1.9,10.0,2%,https://fantasy.ekstraklasa.org/player/2775
138,Robert Gumny,Lech Poznań,Obrońca,18,1.8,10.0,4%,https://fantasy.ekstraklasa.org/player/138
632,Wiktor Nowak,Wisła Płock,Pomocnik,18,1.7,10.59,4%,https://fantasy.ekstraklasa.org/player/632
1540,Norbert Wojtuszek,Jagiellonia Białystok,Obrońca,18,1.8,10.0,31%,https://fantasy.ekstraklasa.org/player/1540
2367,Wojciech Mońka,Lech Poznań,Obrońca,18,1.7,10.59,6%,https://fantasy.ekstraklasa.org/player/2367
2679,Paul Mukairu,Pogoń Szczecin,Pomocnik,18,2.0,9.0,2%,https://fantasy.ekstraklasa.org/player/2679
2719,Leandro Sanca,Piast Gliwice,Pomocnik,18,1.8,10.0,1%,https://fantasy.ekstraklasa.org/player/2719
2747,Hugo Vallejo,Piast Gliwice,Pomocnik,18,1.7,10.59,1%,https://fantasy.ekstraklasa.org/player/2747
1400,Xavier Dziekoński,Korona Kielce,Bramkarz,17,2.0,8.5,8%,https://fantasy.ekstraklasa.org/player/1400
1853,Bogdan Racovițan,Raków Częstochowa,Obrońca,17,2.0,8.5,3%,https://fantasy.ekstraklasa.org/player/1853
2281,Sebastian Kerk,Arka Gdynia,Pomocnik,17,2.0,8.5,2%,https://fantasy.ekstraklasa.org/player/2281
2286,Valentin Cojocaru,Pogoń Szczecin,Bramkarz,17,1.8,9.44,4%,https://fantasy.ekstraklasa.org/player/2286
2481,Ajdin Hasić,Cracovia,Pomocnik,17,2.1,8.1,7%,https://fantasy.ekstraklasa.org/player/2481
2552,Konstantínos Sotiríou,Korona Kielce,Obrońca,17,2.0,8.5,4%,https://fantasy.ekstraklasa.org/player/2552
2753,Boško Šutalo,Cracovia,Obrońca,17,1.8,9.44,1%,https://fantasy.ekstraklasa.org/player/2753
86,Taras Romanczuk,Jagiellonia Białystok,Pomocnik,16,1.8,8.89,6%,https://fantasy.ekstraklasa.org/player/86
415,Michał Marcjanik,Arka Gdynia,Obrońca,16,1.7,9.41,2%,https://fantasy.ekstraklasa.org/player/415
563,Marcin Wasielewski,GKS Katowice,Obrońca,16,1.9,8.42,16%,https://fantasy.ekstraklasa.org/player/563
633,Mateusz Wdowiak,GKS Katowice,Pomocnik,16,1.7,9.41,3%,https://fantasy.ekstraklasa.org/player/633
1299,Jean Carlos Silva,Raków Częstochowa,Obrońca,16,1.8,8.89,15%,https://fantasy.ekstraklasa.org/player/1299
1341,Fran Tudor,Raków Częstochowa,Obrońca,16,2.0,8.0,2%,https://fantasy.ekstraklasa.org/player/1341
1435,Rafał Strączek,GKS Katowice,Bramkarz,16,1.8,8.89,3%,https://fantasy.ekstraklasa.org/player/1435
1573,Antonio Milić,Lech Poznań,Obrońca,16,1.9,8.42,4%,https://fantasy.ekstraklasa.org/player/1573
2671,Karol Czubak,Motor Lublin,Napastnik,16,2.8,5.71,25%,https://fantasy.ekstraklasa.org/player/2671
2757,Ermal Krasniqi,Legia Warszawa,Pomocnik,16,1.8,8.89,2%,https://fantasy.ekstraklasa.org/player/2757
1192,Erik Janža,Górnik Zabrze,Obrońca,15,2.2,6.82,33%,https://fantasy.ekstraklasa.org/player/1192
1632,Antoni Kozubal,Lech Poznań,Pomocnik,15,1.9,7.89,3%,https://fantasy.ekstraklasa.org/player/1632
1928,Stratos Svarnas,Raków Częstochowa,Obrońca,15,2.1,7.14,15%,https://fantasy.ekstraklasa.org/player/1928
2071,Leonárdo Koútris,Pogoń Szczecin,Obrońca,15,1.8,8.33,4%,https://fantasy.ekstraklasa.org/player/2071
2406,Maksym Chłań,Górnik Zabrze,Pomocnik,15,2.0,7.5,11%,https://fantasy.ekstraklasa.org/player/2406
2454,Pau Resta,Korona Kielce,Obrońca,15,1.8,8.33,2%,https://fantasy.ekstraklasa.org/player/2454
2699,Ivo Rodrigues,Motor Lublin,Pomocnik,15,1.8,8.33,1%,https://fantasy.ekstraklasa.org/player/2699
2817,Emil Kornvig,Widzew Łódź,Pomocnik,15,2.3,6.52,10%,https://fantasy.ekstraklasa.org/player/2817
2825,Pau Sans,Cracovia,Pomocnik,15,1.8,8.33,4%,https://fantasy.ekstraklasa.org/player/2825
130,Jasmin Burić,Zagłębie Lubin,Bramkarz,14,1.7,8.24,2%,https://fantasy.ekstraklasa.org/player/130
774,Sebastian Bergier,Widzew Łódź,Napastnik,14,2.3,6.09,11%,https://fantasy.ekstraklasa.org/player/774
991,Tomasz Neugebauer,Lechia Gdańsk,Pomocnik,14,1.7,8.24,4%,https://fantasy.ekstraklasa.org/player/991
1625,Nazarij Rusyn,Arka Gdynia,Napastnik,14,1.7,8.24,1%,https://fantasy.ekstraklasa.org/player/1625
1795,Sławomir Abramowicz,Jagiellonia Białystok,Bramkarz,14,1.9,7.37,21%,https://fantasy.ekstraklasa.org/player/1795
1835,Wahan Biczachczjan,Legia Warszawa,Pomocnik,14,1.7,8.24,2%,https://fantasy.ekstraklasa.org/player/1835
2016,Jakub Lewicki,Piast Gliwice,Obrońca,14,1.7,8.24,4%,https://fantasy.ekstraklasa.org/player/2016
2384,Borja Galán,GKS Katowice,Obrońca,14,1.9,7.37,4%,https://fantasy.ekstraklasa.org/player/2384
2505,Dimítrios Keramítsis,Pogoń Szczecin,Obrońca,14,1.7,8.24,1%,https://fantasy.ekstraklasa.org/player/2505
2562,Bartosz Mazurek,Jagiellonia Białystok,Pomocnik,14,1.5,9.33,15%,https://fantasy.ekstraklasa.org/player/2562
2763,Brahim Traoré,Cracovia,Obrońca,14,1.8,7.78,2%,https://fantasy.ekstraklasa.org/player/2763
2801,Bartłomiej Drągowski,Widzew Łódź,Bramkarz,14,1.8,7.78,7%,https://fantasy.ekstraklasa.org/player/2801
992,Przemysław Wiśniewski,Widzew Łódź,Obrońca,13,2.2,5.91,5%,https://fantasy.ekstraklasa.org/player/992
1363,Bartłomiej Wdowik,Jagiellonia Białystok,Obrońca,13,2.1,6.19,29%,https://fantasy.ekstraklasa.org/player/1363
1475,Mikael Ishak,Lech Poznań,Napastnik,13,4.1,3.17,16%,https://fantasy.ekstraklasa.org/player/1475
2668,Tamar Svetlin,Korona Kielce,Pomocnik,13,1.8,7.22,2%,https://fantasy.ekstraklasa.org/player/2668
2676,Emmanuel Twumasi,Piast Gliwice,Obrońca,13,1.7,7.65,2%,https://fantasy.ekstraklasa.org/player/2676
2758,Sam Greenwood,Pogoń Szczecin,Pomocnik,13,2.1,6.19,4%,https://fantasy.ekstraklasa.org/player/2758
2767,Yannick Agnero,Lech Poznań,Napastnik,13,1.8,7.22,2%,https://fantasy.ekstraklasa.org/player/2767
2800,Christopher Cheng,Widzew Łódź,Obrońca,13,1.8,7.22,4%,https://fantasy.ekstraklasa.org/player/2800
2821,Attila Szalai,Pogoń Szczecin,Obrońca,13,1.9,6.84,2%,https://fantasy.ekstraklasa.org/player/2821
392,Filip Jagiełło,Lech Poznań,Pomocnik,12,2.0,6.0,2%,https://fantasy.ekstraklasa.org/player/392
432,Grzegorz Tomasiewicz,Piast Gliwice,Pomocnik,12,1.7,7.06,0%,https://fantasy.ekstraklasa.org/player/432
1719,Michael Ameyaw,Raków Częstochowa,Pomocnik,12,2.2,5.45,5%,https://fantasy.ekstraklasa.org/player/1719
2032,Oskar Leśniak,Piast Gliwice,Pomocnik,12,1.5,8.0,1%,https://fantasy.ekstraklasa.org/player/2032
2176,Mateusz Kowalczyk,GKS Katowice,Pomocnik,12,1.8,6.67,1%,https://fantasy.ekstraklasa.org/player/2176
2450,Ivan Brkić,Motor Lublin,Bramkarz,12,1.8,6.67,2%,https://fantasy.ekstraklasa.org/player/2450
2462,Amir Al-Ammari,Cracovia,Pomocnik,12,1.8,6.67,0%,https://fantasy.ekstraklasa.org/player/2462
2622,Adrian Chovan,Bruk-Bet Termalica Nieciecza,Bramkarz,12,1.7,7.06,1%,https://fantasy.ekstraklasa.org/player/2622
2629,Morgan Faßbender,Bruk-Bet Termalica Nieciecza,Pomocnik,12,1.7,7.06,0%,https://fantasy.ekstraklasa.org/player/2629
2768,Antonio Čolak,Legia Warszawa,Napastnik,12,1.8,6.67,6%,https://fantasy.ekstraklasa.org/player/2768
184,Rafał Wolski,Radomiak Radom,Pomocnik,11,2.1,5.24,4%,https://fantasy.ekstraklasa.org/player/184
458,Arkadiusz Reca,Legia Warszawa,Obrońca,11,1.7,6.47,3%,https://fantasy.ekstraklasa.org/player/458
645,Rafał Kurzawa,Bruk-Bet Termalica Nieciecza,Pomocnik,11,1.7,6.47,2%,https://fantasy.ekstraklasa.org/player/645
964,Sebastian Milewski,GKS Katowice,Pomocnik,11,1.7,6.47,0%,https://fantasy.ekstraklasa.org/player/964
1280,Damian Michalski,Zagłębie Lubin,Obrońca,11,1.7,6.47,1%,https://fantasy.ekstraklasa.org/player/1280
1569,Oskar Wójcik,Cracovia,Obrońca,11,1.8,6.11,5%,https://fantasy.ekstraklasa.org/player/1569
1794,Kamil Grosicki,Pogoń Szczecin,Pomocnik,11,3.5,3.14,14%,https://fantasy.ekstraklasa.org/player/1794
1893,Dani Pacheco,Wisła Płock,Pomocnik,11,1.9,5.79,2%,https://fantasy.ekstraklasa.org/player/1893
1922,Dominik Piła,Cracovia,Obrońca,11,1.8,6.11,0%,https://fantasy.ekstraklasa.org/player/1922
2163,Marcel Pięczek,Korona Kielce,Obrońca,11,1.8,6.11,0%,https://fantasy.ekstraklasa.org/player/2163
2410,Iwan Żelizko,Lechia Gdańsk,Pomocnik,11,1.9,5.79,1%,https://fantasy.ekstraklasa.org/player/2410
2444,Marcel Krajewski,Widzew Łódź,Obrońca,11,1.7,6.47,0%,https://fantasy.ekstraklasa.org/player/2444
2458,Hubert Zwoźny,Korona Kielce,Obrońca,11,1.7,6.47,0%,https://fantasy.ekstraklasa.org/player/2458
2551,Gierman Barkowskij,Piast Gliwice,Napastnik,11,1.8,6.11,1%,https://fantasy.ekstraklasa.org/player/2551
2571,Gustaw Henriksson,Cracovia,Obrońca,11,1.8,6.11,0%,https://fantasy.ekstraklasa.org/player/2571
2728,Juande Rivas,Piast Gliwice,Obrońca,11,1.8,6.11,1%,https://fantasy.ekstraklasa.org/player/2728
2779,Deni Jurić,Wisła Płock,Napastnik,11,1.7,6.47,4%,https://fantasy.ekstraklasa.org/player/2779
2793,Brandon Dominguès,Górnik Zabrze,Pomocnik,11,1.8,6.11,1%,https://fantasy.ekstraklasa.org/player/2793
2794,Lukáš Sadílek,Górnik Zabrze,Pomocnik,11,1.9,5.79,0%,https://fantasy.ekstraklasa.org/player/2794
2799,Osman Bukari,Widzew Łódź,Pomocnik,11,2.3,4.78,8%,https://fantasy.ekstraklasa.org/player/2799
2819,Samed Baždar,Jagiellonia Białystok,Napastnik,11,1.8,6.11,1%,https://fantasy.ekstraklasa.org/player/2819
171,Michał Chrapek,Piast Gliwice,Pomocnik,10,1.8,5.56,3%,https://fantasy.ekstraklasa.org/player/171
395,Jarosław Kubicki,Górnik Zabrze,Pomocnik,10,2.0,5.0,4%,https://fantasy.ekstraklasa.org/player/395
698,Alan Czerwiński,GKS Katowice,Obrońca,10,1.7,5.88,1%,https://fantasy.ekstraklasa.org/player/698
701,Patryk Kun,Legia Warszawa,Obrońca,10,1.6,6.25,1%,https://fantasy.ekstraklasa.org/player/701
1136,Mateusz Praszelik,Cracovia,Pomocnik,10,1.8,5.56,2%,https://fantasy.ekstraklasa.org/player/1136
1521,Bartosz Kapustka,Legia Warszawa,Pomocnik,10,2.0,5.0,2%,https://fantasy.ekstraklasa.org/player/1521
2001,Nahuel Leiva,Jagiellonia Białystok,Pomocnik,10,2.0,5.0,1%,https://fantasy.ekstraklasa.org/player/2001
2208,Martin Remacle,Korona Kielce,Pomocnik,10,1.8,5.56,0%,https://fantasy.ekstraklasa.org/player/2208
2389,Lamine Diaby-Fadiga,Raków Częstochowa,Pomocnik,10,2.1,4.76,13%,https://fantasy.ekstraklasa.org/player/2389
2476,Jonatan Braut Brunes,Raków Częstochowa,Napastnik,10,2.6,3.85,30%,https://fantasy.ekstraklasa.org/player/2476
2482,Sergi Samper,Motor Lublin,Pomocnik,10,1.6,6.25,0%,https://fantasy.ekstraklasa.org/player/2482
2661,Bernardo Vital,Jagiellonia Białystok,Obrońca,10,1.8,5.56,1%,https://fantasy.ekstraklasa.org/player/2661
2669,Matus Vojtko,Lechia Gdańsk,Obrońca,10,1.7,5.88,0%,https://fantasy.ekstraklasa.org/player/2669
2675,Quentin Boisgard,Piast Gliwice,Pomocnik,10,1.7,5.88,0%,https://fantasy.ekstraklasa.org/player/2675
2718,Antonio Heredia Antonin,Korona Kielce,Napastnik,10,1.8,5.56,1%,https://fantasy.ekstraklasa.org/player/2718
2737,Marko Bulat,Raków Częstochowa,Pomocnik,10,2.0,5.0,1%,https://fantasy.ekstraklasa.org/player/2737
2802,Lukas Lerager,Widzew Łódź,Pomocnik,10,1.9,5.26,2%,https://fantasy.ekstraklasa.org/player/2802
2815,Guilherme Montóia,Jagiellonia Białystok,Obrońca,10,1.9,5.26,1%,https://fantasy.ekstraklasa.org/player/2815
57,Damian Węglarz,Arka Gdynia,Bramkarz,9,1.8,5.0,1%,https://fantasy.ekstraklasa.org/player/57
681,Michał Nalepa,Zagłębie Lubin,Obrońca,9,1.7,5.29,3%,https://fantasy.ekstraklasa.org/player/681
1290,Karol Struski,Raków Częstochowa,Pomocnik,9,1.7,5.29,0%,https://fantasy.ekstraklasa.org/player/1290
1411,Rafał Leszczyński,Wisła Płock,Bramkarz,9,2.1,4.29,11%,https://fantasy.ekstraklasa.org/player/1411
1529,Mariusz Fornalczyk,Widzew Łódź,Pomocnik,9,2.0,4.5,3%,https://fantasy.ekstraklasa.org/player/1529
1539,Iván López,Raków Częstochowa,Pomocnik,9,2.1,4.29,2%,https://fantasy.ekstraklasa.org/player/1539
1675,Filip Majchrowicz,Radomiak Radom,Bramkarz,9,1.8,5.0,4%,https://fantasy.ekstraklasa.org/player/1675
1770,Tomasz Pieńko,Raków Częstochowa,Pomocnik,9,2.1,4.29,2%,https://fantasy.ekstraklasa.org/player/1770
2160,Roman Jakuba,Zagłębie Lubin,Obrońca,9,1.7,5.29,0%,https://fantasy.ekstraklasa.org/player/2160
2386,Patrik Hellebrand,Górnik Zabrze,Pomocnik,9,2.1,4.29,6%,https://fantasy.ekstraklasa.org/player/2386
2408,Rifet Kapić,Lechia Gdańsk,Pomocnik,9,1.9,4.74,1%,https://fantasy.ekstraklasa.org/player/2408
2472,Bartłomiej Smolarczyk,Korona Kielce,Obrońca,9,1.8,5.0,0%,https://fantasy.ekstraklasa.org/player/2472
2498,Patrik Wålemark,Lech Poznań,Pomocnik,9,2.3,3.91,4%,https://fantasy.ekstraklasa.org/player/2498
2502,Andréas Katsantónis,Piast Gliwice,Napastnik,9,1.7,5.29,1%,https://fantasy.ekstraklasa.org/player/2502
2659,Marcel Łubik,Górnik Zabrze,Bramkarz,9,1.9,4.74,5%,https://fantasy.ekstraklasa.org/player/2659
2707,Alejandro Pozo,Jagiellonia Białystok,Pomocnik,9,2.1,4.29,4%,https://fantasy.ekstraklasa.org/player/2707
2740,Quentin Lecoeuche,Wisła Płock,Obrońca,9,1.8,5.0,1%,https://fantasy.ekstraklasa.org/player/2740
2744,Stélios Andréou,Widzew Łódź,Obrońca,9,1.7,5.29,0%,https://fantasy.ekstraklasa.org/player/2744
2745,Mateusz Klich,Cracovia,Pomocnik,9,1.8,5.0,1%,https://fantasy.ekstraklasa.org/player/2745
2780,Aleksandar Ćirković,Lechia Gdańsk,Pomocnik,9,1.8,5.0,1%,https://fantasy.ekstraklasa.org/player/2780
2783,Andi Zeqiri,Widzew Łódź,Napastnik,9,2.0,4.5,4%,https://fantasy.ekstraklasa.org/player/2783
128,Łukasz Sekulski,Wisła Płock,Napastnik,8,2.4,3.33,7%,https://fantasy.ekstraklasa.org/player/128
256,Jakub Czerwiński,Piast Gliwice,Obrońca,8,1.7,4.71,2%,https://fantasy.ekstraklasa.org/player/256
640,Bartosz Kopacz,Bruk-Bet Termalica Nieciecza,Obrońca,8,1.7,4.71,0%,https://fantasy.ekstraklasa.org/player/640
722,Karol Angielski,Pogoń Szczecin,Napastnik,8,1.9,4.21,6%,https://fantasy.ekstraklasa.org/player/722
1086,Kamil Zapolnik,Bruk-Bet Termalica Nieciecza,Napastnik,8,1.8,4.44,2%,https://fantasy.ekstraklasa.org/player/1086
1168,Patryk Makuch,Raków Częstochowa,Napastnik,8,1.8,4.44,2%,https://fantasy.ekstraklasa.org/player/1168
1225,Jan Grzesik,Radomiak Radom,Obrońca,8,2.6,3.08,20%,https://fantasy.ekstraklasa.org/player/1225
1360,Kacper Chodyna,Legia Warszawa,Pomocnik,8,1.7,4.71,0%,https://fantasy.ekstraklasa.org/player/1360
1545,Matej Rodin,Lechia Gdańsk,Obrońca,8,1.8,4.44,3%,https://fantasy.ekstraklasa.org/player/1545
1616,Adam Zreľák,GKS Katowice,Napastnik,8,1.9,4.21,6%,https://fantasy.ekstraklasa.org/player/1616
1782,Roque Júnior Maurides,Radomiak Radom,Napastnik,8,2.2,3.64,5%,https://fantasy.ekstraklasa.org/player/1782
2046,Dawid Drachal,Jagiellonia Białystok,Pomocnik,8,1.7,4.71,0%,https://fantasy.ekstraklasa.org/player/2046
2073,Linus Wahlqvist,Pogoń Szczecin,Obrońca,8,1.8,4.44,3%,https://fantasy.ekstraklasa.org/player/2073
2104,Michal Sáček,Górnik Zabrze,Obrońca,8,1.7,4.71,3%,https://fantasy.ekstraklasa.org/player/2104
2461,Taofeek Ismaheel,Lech Poznań,Pomocnik,8,1.9,4.21,1%,https://fantasy.ekstraklasa.org/player/2461
2535,Steve Kingué,Radomiak Radom,Obrońca,8,1.8,4.44,0%,https://fantasy.ekstraklasa.org/player/2535
2582,Martin Minczew,Cracovia,Pomocnik,8,2.0,4.0,1%,https://fantasy.ekstraklasa.org/player/2582
2756,Alex Paulsen,Lechia Gdańsk,Bramkarz,8,1.7,4.71,2%,https://fantasy.ekstraklasa.org/player/2756
2826,Levente Szabó,Zagłębie Lubin,Napastnik,8,1.8,4.44,0%,https://fantasy.ekstraklasa.org/player/2826
827,Mateusz Grzybek,Zagłębie Lubin,Obrońca,7,1.6,4.38,0%,https://fantasy.ekstraklasa.org/player/827
1386,Ariel Mosór,Raków Częstochowa,Obrońca,7,1.7,4.12,1%,https://fantasy.ekstraklasa.org/player/1386
1477,Kacper Sezonienko,Lechia Gdańsk,Pomocnik,7,1.9,3.68,1%,https://fantasy.ekstraklasa.org/player/1477
1747,Igor Drapiński,Piast Gliwice,Obrońca,7,1.8,3.89,2%,https://fantasy.ekstraklasa.org/player/1747
1756,Konrad Matuszewski,Korona Kielce,Obrońca,7,2.0,3.5,2%,https://fantasy.ekstraklasa.org/player/1756
1880,Ilja Szkurin,GKS Katowice,Napastnik,7,1.9,3.68,2%,https://fantasy.ekstraklasa.org/player/1880
1909,Rafał Adamski,Legia Warszawa,Napastnik,7,1.8,3.89,1%,https://fantasy.ekstraklasa.org/player/1909
1935,Juljan Shehu,Widzew Łódź,Pomocnik,7,2.2,3.18,4%,https://fantasy.ekstraklasa.org/player/1935
1970,Maxime Dominguez,Cracovia,Pomocnik,7,2.0,3.5,0%,https://fantasy.ekstraklasa.org/player/1970
2058,Filip Kocaba,Zagłębie Lubin,Pomocnik,7,1.8,3.89,0%,https://fantasy.ekstraklasa.org/player/2058
2059,Jakub Kolan,Zagłębie Lubin,Pomocnik,7,1.6,4.38,0%,https://fantasy.ekstraklasa.org/player/2059
2083,Aurélien Nguiamba,Arka Gdynia,Pomocnik,7,1.7,4.12,0%,https://fantasy.ekstraklasa.org/player/2083
2150,Tomasz Wójtowicz,Lechia Gdańsk,Pomocnik,7,1.7,4.12,0%,https://fantasy.ekstraklasa.org/player/2150
2189,Adrián Diéguez,Radomiak Radom,Obrońca,7,1.8,3.89,1%,https://fantasy.ekstraklasa.org/player/2189
2387,José Manuel Josema,Górnik Zabrze,Obrońca,7,1.8,3.89,1%,https://fantasy.ekstraklasa.org/player/2387
2411,Tomáš Bobček,Lechia Gdańsk,Napastnik,7,3.5,2.0,25%,https://fantasy.ekstraklasa.org/player/2411
2435,Zié Ouattara,Radomiak Radom,Obrońca,7,1.9,3.68,4%,https://fantasy.ekstraklasa.org/player/2435
2473,Michalis Kosidis,Zagłębie Lubin,Napastnik,7,2.0,3.5,2%,https://fantasy.ekstraklasa.org/player/2473
2483,Osvaldo Capemba Capita,Radomiak Radom,Pomocnik,7,2.1,3.33,9%,https://fantasy.ekstraklasa.org/player/2483
2637,Marcin Kamiński,Wisła Płock,Obrońca,7,2.2,3.18,13%,https://fantasy.ekstraklasa.org/player/2637
2709,Luis Perea,Arka Gdynia,Pomocnik,7,1.7,4.12,0%,https://fantasy.ekstraklasa.org/player/2709
2755,Romário Baró,Radomiak Radom,Pomocnik,7,1.7,4.12,0%,https://fantasy.ekstraklasa.org/player/2755
2781,Žan Rogelj,Wisła Płock,Obrońca,7,1.9,3.68,1%,https://fantasy.ekstraklasa.org/player/2781
2785,Hussein Ali,Pogoń Szczecin,Obrońca,7,1.7,4.12,0%,https://fantasy.ekstraklasa.org/player/2785
2807,Kellyn Acosta,Pogoń Szczecin,Pomocnik,7,2.0,3.5,0%,https://fantasy.ekstraklasa.org/player/2807
87,Damian Szymański,Legia Warszawa,Pomocnik,6,1.8,3.33,1%,https://fantasy.ekstraklasa.org/player/87
166,Rafał Janicki,Górnik Zabrze,Obrońca,6,1.8,3.33,3%,https://fantasy.ekstraklasa.org/player/166
168,Paweł Stolarski,Motor Lublin,Obrońca,6,1.7,3.53,1%,https://fantasy.ekstraklasa.org/player/168
580,Sebastian Kowalczyk,Zagłębie Lubin,Pomocnik,6,1.9,3.16,0%,https://fantasy.ekstraklasa.org/player/580
830,Serafin Szota,Arka Gdynia,Obrońca,6,1.6,3.75,1%,https://fantasy.ekstraklasa.org/player/830
979,Oskar Repka,Raków Częstochowa,Pomocnik,6,2.0,3.0,3%,https://fantasy.ekstraklasa.org/player/979
988,Krzysztof Kubica,Bruk-Bet Termalica Nieciecza,Pomocnik,6,1.8,3.33,0%,https://fantasy.ekstraklasa.org/player/988
1126,Kamil Piątkowski,Legia Warszawa,Obrońca,6,1.8,3.33,6%,https://fantasy.ekstraklasa.org/player/1126
1238,Maciej Wolski,Bruk-Bet Termalica Nieciecza,Obrońca,6,1.7,3.53,0%,https://fantasy.ekstraklasa.org/player/1238
1327,Kacper Urbański,Legia Warszawa,Pomocnik,6,2.1,2.86,10%,https://fantasy.ekstraklasa.org/player/1327
1430,Damian Hilbrycht,Bruk-Bet Termalica Nieciecza,Obrońca,6,1.8,3.33,1%,https://fantasy.ekstraklasa.org/player/1430
1754,Michał Król,Motor Lublin,Pomocnik,6,1.9,3.16,0%,https://fantasy.ekstraklasa.org/player/1754
1865,Igor Strzałek,Bruk-Bet Termalica Nieciecza,Pomocnik,6,1.7,3.53,0%,https://fantasy.ekstraklasa.org/player/1865
2047,Dawid Kurminowski,Lechia Gdańsk,Napastnik,6,1.8,3.33,1%,https://fantasy.ekstraklasa.org/player/2047
2066,David González Plata,Korona Kielce,Pomocnik,6,1.8,3.33,0%,https://fantasy.ekstraklasa.org/player/2066
2090,Chrístos Dónis,Radomiak Radom,Pomocnik,6,1.6,3.75,0%,https://fantasy.ekstraklasa.org/player/2090
2211,Juergen Elitim,Legia Warszawa,Pomocnik,6,1.8,3.33,1%,https://fantasy.ekstraklasa.org/player/2211
2494,Bujar Pllana,Lechia Gdańsk,Obrońca,6,1.7,3.53,0%,https://fantasy.ekstraklasa.org/player/2494
2511,Dominik Sarapata,Wisła Płock,Pomocnik,6,1.7,3.53,0%,https://fantasy.ekstraklasa.org/player/2511
2526,Sondre Liseth,Górnik Zabrze,Napastnik,6,2.2,2.73,3%,https://fantasy.ekstraklasa.org/player/2526
2566,José Pozo,Pogoń Szczecin,Pomocnik,6,1.8,3.33,0%,https://fantasy.ekstraklasa.org/player/2566
2589,Renat Dadaşov,Motor Lublin,Napastnik,6,1.6,3.75,1%,https://fantasy.ekstraklasa.org/player/2589
2609,Dawid Gojny,Arka Gdynia,Obrońca,6,1.7,3.53,0%,https://fantasy.ekstraklasa.org/player/2609
2620,Radu Boboc,Bruk-Bet Termalica Nieciecza,Obrońca,6,1.7,3.53,0%,https://fantasy.ekstraklasa.org/player/2620
2624,Gabriel Isik,Bruk-Bet Termalica Nieciecza,Obrońca,6,1.7,3.53,0%,https://fantasy.ekstraklasa.org/player/2624
2711,Edu Espiau,Arka Gdynia,Napastnik,6,2.0,3.0,0%,https://fantasy.ekstraklasa.org/player/2711
2733,Luis Palma,Lech Poznań,Pomocnik,6,2.9,2.07,14%,https://fantasy.ekstraklasa.org/player/2733
2759,Eman Markovic,GKS Katowice,Pomocnik,6,1.7,3.53,0%,https://fantasy.ekstraklasa.org/player/2759
2777,Andy Pelmard,Jagiellonia Białystok,Obrońca,6,1.7,3.53,1%,https://fantasy.ekstraklasa.org/player/2777
2804,Borisław Rupanow,Górnik Zabrze,Napastnik,6,1.7,3.53,1%,https://fantasy.ekstraklasa.org/player/2804
2806,Ivan Durdov,Bruk-Bet Termalica Nieciecza,Napastnik,6,2.0,3.0,0%,https://fantasy.ekstraklasa.org/player/2806
147,Kamil Jóźwiak,Jagiellonia Białystok,Pomocnik,5,1.9,2.63,3%,https://fantasy.ekstraklasa.org/player/147
181,Bartłomiej Pawłowski,Widzew Łódź,Pomocnik,5,1.8,2.78,1%,https://fantasy.ekstraklasa.org/player/181
423,Adrian Błąd,GKS Katowice,Pomocnik,5,1.7,2.94,1%,https://fantasy.ekstraklasa.org/player/423
453,Dominik Kun,Wisła Płock,Pomocnik,5,1.9,2.63,2%,https://fantasy.ekstraklasa.org/player/453
587,Patryk Dziczek,Piast Gliwice,Pomocnik,5,2.0,2.5,1%,https://fantasy.ekstraklasa.org/player/587
923,Rafał Augustyniak,Legia Warszawa,Pomocnik,5,1.7,2.94,0%,https://fantasy.ekstraklasa.org/player/923
987,Jesus Jimenez,Bruk-Bet Termalica Nieciecza,Pomocnik,5,1.7,2.94,0%,https://fantasy.ekstraklasa.org/player/987
1020,Jakub Łabojko,Motor Lublin,Pomocnik,5,1.7,2.94,0%,https://fantasy.ekstraklasa.org/player/1020
1285,Lucas Luquinhas,Radomiak Radom,Pomocnik,5,2.2,2.27,8%,https://fantasy.ekstraklasa.org/player/1285
1332,Erik Jirka,GKS Katowice,Pomocnik,5,2.0,2.5,1%,https://fantasy.ekstraklasa.org/player/1332
1398,Jakub Sypek,Zagłębie Lubin,Pomocnik,5,1.8,2.78,0%,https://fantasy.ekstraklasa.org/player/1398
1968,Nemanja Mijuśković,Wisła Płock,Obrońca,5,1.7,2.94,2%,https://fantasy.ekstraklasa.org/player/1968
2021,Tornike Gaprindaszwili,Arka Gdynia,Pomocnik,5,1.7,2.94,0%,https://fantasy.ekstraklasa.org/player/2021
2206,Adrián Dalmau,Piast Gliwice,Napastnik,5,1.7,2.94,1%,https://fantasy.ekstraklasa.org/player/2206
2345,Wojciech Urbański,Legia Warszawa,Pomocnik,5,1.7,2.94,0%,https://fantasy.ekstraklasa.org/player/2345
2541,Leon Flach,Jagiellonia Białystok,Pomocnik,5,1.8,2.78,0%,https://fantasy.ekstraklasa.org/player/2541
2545,Hervé Matthys,Motor Lublin,Obrońca,5,1.7,2.94,0%,https://fantasy.ekstraklasa.org/player/2545
2577,Josip Ćorluka,Zagłębie Lubin,Obrońca,5,1.7,2.94,0%,https://fantasy.ekstraklasa.org/player/2577
2640,Marcus Haglind-Sangré,Wisła Płock,Obrońca,5,2.0,2.5,3%,https://fantasy.ekstraklasa.org/player/2640
2645,Kevin Custovic,Wisła Płock,Pomocnik,5,1.7,2.94,0%,https://fantasy.ekstraklasa.org/player/2645
2708,Mileta Rajović,Legia Warszawa,Napastnik,5,1.9,2.63,2%,https://fantasy.ekstraklasa.org/player/2708
2712,Giánnis Niárchos,Wisła Płock,Napastnik,5,1.7,2.94,0%,https://fantasy.ekstraklasa.org/player/2712
2729,Dijon Kameri,Cracovia,Pomocnik,5,1.7,2.94,0%,https://fantasy.ekstraklasa.org/player/2729
2810,Carlos Isaac,Widzew Łódź,Obrońca,5,1.8,2.78,1%,https://fantasy.ekstraklasa.org/player/2810
2820,Beno Selan,Cracovia,Pomocnik,5,1.8,2.78,0%,https://fantasy.ekstraklasa.org/player/2820
346,Vladislavs Gutkovskis,Arka Gdynia,Napastnik,4,2.0,2.0,2%,https://fantasy.ekstraklasa.org/player/346
664,Maciej Ambrosiewicz,Bruk-Bet Termalica Nieciecza,Pomocnik,4,1.8,2.22,0%,https://fantasy.ekstraklasa.org/player/664
850,Arkadiusz Najemski,Motor Lublin,Obrońca,4,1.6,2.5,0%,https://fantasy.ekstraklasa.org/player/850
1345,Dawid Kocyła,Arka Gdynia,Obrońca,4,1.7,2.35,0%,https://fantasy.ekstraklasa.org/player/1345
1401,Kryspin Szcześniak,Górnik Zabrze,Obrońca,4,1.7,2.35,0%,https://fantasy.ekstraklasa.org/player/1401
1578,Jan Biegański,Pogoń Szczecin,Pomocnik,4,1.7,2.35,0%,https://fantasy.ekstraklasa.org/player/1578
1623,Filip Borowski,Piast Gliwice,Obrońca,4,1.4,2.86,2%,https://fantasy.ekstraklasa.org/player/1623
1653,Adam Radwański,Zagłębie Lubin,Pomocnik,4,1.9,2.11,1%,https://fantasy.ekstraklasa.org/player/1653
1698,Karol Knap,Cracovia,Pomocnik,4,1.7,2.35,0%,https://fantasy.ekstraklasa.org/player/1698
1715,Kacper Tobiasz,Legia Warszawa,Bramkarz,4,1.7,2.35,5%,https://fantasy.ekstraklasa.org/player/1715
2002,Léo Borges,Pogoń Szczecin,Obrońca,4,1.8,2.22,0%,https://fantasy.ekstraklasa.org/player/2002
2107,Danijel Lončar,Pogoń Szczecin,Obrońca,4,1.7,2.35,0%,https://fantasy.ekstraklasa.org/player/2107
2239,Igor Orlikowski,Zagłębie Lubin,Obrońca,4,1.7,2.35,0%,https://fantasy.ekstraklasa.org/player/2239
2413,Bohdan Wjunnyk,Lechia Gdańsk,Pomocnik,4,1.8,2.22,0%,https://fantasy.ekstraklasa.org/player/2413
2666,Władimir Nikołow,Korona Kielce,Napastnik,4,1.7,2.35,0%,https://fantasy.ekstraklasa.org/player/2666
2673,Kacper Karasek,Motor Lublin,Pomocnik,4,1.7,2.35,0%,https://fantasy.ekstraklasa.org/player/2673
2684,Vasco Lopes,Radomiak Radom,Pomocnik,4,1.7,2.35,0%,https://fantasy.ekstraklasa.org/player/2684
2685,Apóstolos Konstantópoulos,Jagiellonia Białystok,Obrońca,4,1.8,2.22,0%,https://fantasy.ekstraklasa.org/player/2685
2687,Ángel Baena,Widzew Łódź,Pomocnik,4,1.8,2.22,0%,https://fantasy.ekstraklasa.org/player/2687
2730,Sergio Guerrero,Bruk-Bet Termalica Nieciecza,Pomocnik,4,1.7,2.35,0%,https://fantasy.ekstraklasa.org/player/2730
2746,Matchoi Djaló,Wisła Płock,Pomocnik,4,1.7,2.35,0%,https://fantasy.ekstraklasa.org/player/2746
2805,Otto Hindrich,Legia Warszawa,Bramkarz,4,1.8,2.22,0%,https://fantasy.ekstraklasa.org/player/2805
2808,Mitja Ilenič,Raków Częstochowa,Obrońca,4,1.8,2.22,0%,https://fantasy.ekstraklasa.org/player/2808
2823,Jan Leszczyński,Legia Warszawa,Obrońca,4,1.2,3.33,2%,https://fantasy.ekstraklasa.org/player/2823
20,Damian Dąbrowski,Zagłębie Lubin,Pomocnik,3,1.7,1.76,0%,https://fantasy.ekstraklasa.org/player/20
754,João Oliveira,Arka Gdynia,Pomocnik,3,1.7,1.76,1%,https://fantasy.ekstraklasa.org/player/754
791,Dawid Błanik,Korona Kielce,Pomocnik,3,2.2,1.36,3%,https://fantasy.ekstraklasa.org/player/791
948,Märten Kuusk,GKS Katowice,Obrońca,3,1.7,1.76,0%,https://fantasy.ekstraklasa.org/player/948
1128,Patryk Szysz,Arka Gdynia,Pomocnik,3,1.7,1.76,0%,https://fantasy.ekstraklasa.org/player/1128
1251,Kacper Smoliński,Pogoń Szczecin,Pomocnik,3,1.6,1.88,1%,https://fantasy.ekstraklasa.org/player/1251
1256,Arkadiusz Kasperkiewicz,Bruk-Bet Termalica Nieciecza,Obrońca,3,1.7,1.76,0%,https://fantasy.ekstraklasa.org/player/1256
1404,Nikodem Niski,Korona Kielce,Pomocnik,3,1.5,2.0,0%,https://fantasy.ekstraklasa.org/player/1404
1471,Kamil Lukoszek,Górnik Zabrze,Pomocnik,3,1.7,1.76,0%,https://fantasy.ekstraklasa.org/player/1471
1918,Paweł Olkowski,Górnik Zabrze,Obrońca,3,1.7,1.76,0%,https://fantasy.ekstraklasa.org/player/1918
1931,Steve Kapuadi,Legia Warszawa,Obrońca,3,1.8,1.67,1%,https://fantasy.ekstraklasa.org/player/1931
2082,Leonardo Rocha,Raków Częstochowa,Napastnik,3,2.0,1.5,1%,https://fantasy.ekstraklasa.org/player/2082
2346,Jakub Żewłakow,Legia Warszawa,Pomocnik,3,1.4,2.14,2%,https://fantasy.ekstraklasa.org/player/2346
2415,Marek Bartoš,Motor Lublin,Obrońca,3,1.6,1.88,1%,https://fantasy.ekstraklasa.org/player/2415
2425,Filip Wójcik,Motor Lublin,Obrońca,3,1.7,1.76,0%,https://fantasy.ekstraklasa.org/player/2425
2447,João Moutinho,Lech Poznań,Obrońca,3,1.8,1.67,0%,https://fantasy.ekstraklasa.org/player/2447
2507,Jesus Diaz,Zagłębie Lubin,Pomocnik,3,1.6,1.88,0%,https://fantasy.ekstraklasa.org/player/2507
2557,Abdoul Tapsoba,Radomiak Radom,Napastnik,3,1.8,1.67,0%,https://fantasy.ekstraklasa.org/player/2557
2588,Mauro Perković,Cracovia,Obrońca,3,2.0,1.5,1%,https://fantasy.ekstraklasa.org/player/2588
2603,Oscar Kubiak,Arka Gdynia,Pomocnik,3,1.2,2.5,1%,https://fantasy.ekstraklasa.org/player/2603
2616,Kamil Jakubczyk,Arka Gdynia,Pomocnik,3,1.7,1.76,1%,https://fantasy.ekstraklasa.org/player/2616
2691,Luka Lučić,Zagłębie Lubin,Obrońca,3,1.7,1.76,0%,https://fantasy.ekstraklasa.org/player/2691
2700,Paskal Meyer,Motor Lublin,Obrońca,3,1.5,2.0,0%,https://fantasy.ekstraklasa.org/player/2700
2714,Wojciech Jakubik,Bruk-Bet Termalica Nieciecza,Pomocnik,3,1.5,2.0,0%,https://fantasy.ekstraklasa.org/player/2714
2716,Timothy Ouma,Lech Poznań,Pomocnik,3,1.8,1.67,0%,https://fantasy.ekstraklasa.org/player/2716
2742,Kahveh Zahiroleslam,Cracovia,Napastnik,3,1.7,1.76,0%,https://fantasy.ekstraklasa.org/player/2742
2776,Joshua Wilson-Esbrand,Radomiak Radom,Obrońca,3,1.7,1.76,0%,https://fantasy.ekstraklasa.org/player/2776
2784,Benjamin Mendy,Pogoń Szczecin,Obrońca,3,1.8,1.67,0%,https://fantasy.ekstraklasa.org/player/2784
111,Marcin Cebula,Korona Kielce,Pomocnik,2,1.6,1.25,1%,https://fantasy.ekstraklasa.org/player/111
334,Artem Putiwcew,Bruk-Bet Termalica Nieciecza,Obrońca,2,1.6,1.25,1%,https://fantasy.ekstraklasa.org/player/334
535,Artur Jędrzejczyk,Legia Warszawa,Obrońca,2,1.7,1.18,0%,https://fantasy.ekstraklasa.org/player/535
813,Mateusz Żyro,Widzew Łódź,Obrońca,2,1.7,1.18,1%,https://fantasy.ekstraklasa.org/player/813
1169,Mateusz Skrzypczak,Lech Poznań,Obrońca,2,1.8,1.11,2%,https://fantasy.ekstraklasa.org/player/1169
1186,Michał Rakoczy,Górnik Zabrze,Pomocnik,2,1.8,1.11,0%,https://fantasy.ekstraklasa.org/player/1186
1425,Michał Rzuchowski,Arka Gdynia,Pomocnik,2,1.6,1.25,0%,https://fantasy.ekstraklasa.org/player/1425
1614,Miłosz Matysik,Bruk-Bet Termalica Nieciecza,Obrońca,2,1.7,1.18,0%,https://fantasy.ekstraklasa.org/player/1614
1926,Roberto Alves,Radomiak Radom,Pomocnik,2,1.8,1.11,0%,https://fantasy.ekstraklasa.org/player/1926
2069,Szczepan Mucha,Piast Gliwice,Pomocnik,2,1.0,2.0,1%,https://fantasy.ekstraklasa.org/player/2069
2191,Radovan Pankov,Legia Warszawa,Obrońca,2,1.8,1.11,1%,https://fantasy.ekstraklasa.org/player/2191
2225,Fran Álvarez,Widzew Łódź,Pomocnik,2,2.2,0.91,2%,https://fantasy.ekstraklasa.org/player/2225
2436,Adriano Amorim,Raków Częstochowa,Pomocnik,2,1.8,1.11,0%,https://fantasy.ekstraklasa.org/player/2436
2508,Mateusz Dziewiatowski,Zagłębie Lubin,Pomocnik,2,1.4,1.43,0%,https://fantasy.ekstraklasa.org/player/2508
2530,Franciszek Lewandowski,Motor Lublin,Pomocnik,2,0.7,2.86,6%,https://fantasy.ekstraklasa.org/player/2530
2560,Konrad Ciszek,Korona Kielce,Obrońca,2,0.7,2.86,27%,https://fantasy.ekstraklasa.org/player/2560
2610,Marc Navarro,Arka Gdynia,Obrońca,2,1.8,1.11,0%,https://fantasy.ekstraklasa.org/player/2610
2670,Petar Stojanović,Legia Warszawa,Obrońca,2,1.8,1.11,0%,https://fantasy.ekstraklasa.org/player/2670
2677,Musa Juwara,Pogoń Szczecin,Pomocnik,2,1.8,1.11,0%,https://fantasy.ekstraklasa.org/player/2677
2680,Mor N'Diaye,Pogoń Szczecin,Pomocnik,2,1.7,1.18,0%,https://fantasy.ekstraklasa.org/player/2680
2710,Maksym Diaczuk,Lechia Gdańsk,Obrońca,2,1.7,1.18,0%,https://fantasy.ekstraklasa.org/player/2710
2749,Henrique Arreiol,Legia Warszawa,Pomocnik,2,1.7,1.18,0%,https://fantasy.ekstraklasa.org/player/2749
2769,Bogdan Mirčetić,Raków Częstochowa,Pomocnik,2,1.8,1.11,0%,https://fantasy.ekstraklasa.org/player/2769
2809,Simon Gustafson,Korona Kielce,Pomocnik,2,2.0,1.0,0%,https://fantasy.ekstraklasa.org/player/2809
2818,Mateusz Tabisz,Cracovia,Pomocnik,2,1.1,1.82,1%,https://fantasy.ekstraklasa.org/player/2818
2833,Mihael Mlinarić,Zagłębie Lubin,Napastnik,2,1.9,1.05,0%,https://fantasy.ekstraklasa.org/player/2833
2836,Marin Karamarko,Wisła Płock,Obrońca,2,1.8,1.11,0%,https://fantasy.ekstraklasa.org/player/2836
705,Damian Rasak,GKS Katowice,Pomocnik,1,1.8,0.56,0%,https://fantasy.ekstraklasa.org/player/705
799,Paweł Bochniewicz,Górnik Zabrze,Obrońca,1,1.9,0.53,2%,https://fantasy.ekstraklasa.org/player/799
1319,Paweł Wszołek,Legia Warszawa,Obrońca,1,2.0,0.5,4%,https://fantasy.ekstraklasa.org/player/1319
1464,Kajetan Szmyt,Jagiellonia Białystok,Pomocnik,1,1.8,0.56,0%,https://fantasy.ekstraklasa.org/player/1464
1528,Konrad Gruszkowski,GKS Katowice,Obrońca,1,1.6,0.62,0%,https://fantasy.ekstraklasa.org/player/1528
1710,Andrzej Trubeha,Bruk-Bet Termalica Nieciecza,Napastnik,1,1.7,0.59,0%,https://fantasy.ekstraklasa.org/player/1710
1712,Joel Pereira,Lech Poznań,Obrońca,1,2.1,0.48,11%,https://fantasy.ekstraklasa.org/player/1712
1771,Bartłomiej Kłudka,Lechia Gdańsk,Obrońca,1,1.7,0.59,0%,https://fantasy.ekstraklasa.org/player/1771
1812,Jason Lokilo,Piast Gliwice,Pomocnik,1,1.6,0.62,1%,https://fantasy.ekstraklasa.org/player/1812
1990,Fabian Hiszpański,Wisła Płock,Pomocnik,1,1.7,0.59,0%,https://fantasy.ekstraklasa.org/player/1990
2126,Wiktor Bogacz,Cracovia,Napastnik,1,1.4,0.71,0%,https://fantasy.ekstraklasa.org/player/2126
2312,Patryk Paryzek,Pogoń Szczecin,Napastnik,1,1.7,0.59,0%,https://fantasy.ekstraklasa.org/player/2312
2385,Lukáš Ambros,Górnik Zabrze,Pomocnik,1,1.9,0.53,0%,https://fantasy.ekstraklasa.org/player/2385
2477,Marcel Reguła,Zagłębie Lubin,Pomocnik,1,1.9,0.53,0%,https://fantasy.ekstraklasa.org/player/2477
2529,Bright Ede,Motor Lublin,Obrońca,1,1.6,0.62,0%,https://fantasy.ekstraklasa.org/player/2529
2631,Dominik Biniek,Bruk-Bet Termalica Nieciecza,Pomocnik,1,1.4,0.71,0%,https://fantasy.ekstraklasa.org/player/2631
2652,Krystian Pomorski,Wisła Płock,Pomocnik,1,1.6,0.62,0%,https://fantasy.ekstraklasa.org/player/2652
2664,Dimítris Rállis,Jagiellonia Białystok,Napastnik,1,1.8,0.56,0%,https://fantasy.ekstraklasa.org/player/2664
2689,Lindon Selahi,Widzew Łódź,Pomocnik,1,1.8,0.56,0%,https://fantasy.ekstraklasa.org/player/2689
2690,Ricardo Visus,Widzew Łódź,Obrońca,1,1.7,0.59,0%,https://fantasy.ekstraklasa.org/player/2690
2702,Stjepan Davidović,Korona Kielce,Pomocnik,1,1.7,0.59,0%,https://fantasy.ekstraklasa.org/player/2702
2724,Roberto Massimo,Górnik Zabrze,Pomocnik,1,1.7,0.59,0%,https://fantasy.ekstraklasa.org/player/2724
2748,Jesse Bosch,GKS Katowice,Pomocnik,1,1.7,0.59,0%,https://fantasy.ekstraklasa.org/player/2748
2760,Tomás Tavares,Wisła Płock,Obrońca,1,1.8,0.56,0%,https://fantasy.ekstraklasa.org/player/2760
2782,Gabriel Charpentier,Cracovia,Napastnik,1,1.7,0.59,0%,https://fantasy.ekstraklasa.org/player/2782
2798,Samuel Kováčik,Legia Warszawa,Pomocnik,1,1.3,0.77,0%,https://fantasy.ekstraklasa.org/player/2798
2812,Mathias Dahl Sauer,Górnik Zabrze,Pomocnik,1,1.8,0.56,0%,https://fantasy.ekstraklasa.org/player/2812
2816,Paweł Dawidowicz,Raków Częstochowa,Obrońca,1,2.0,0.5,1%,https://fantasy.ekstraklasa.org/player/2816
2822,Elton Fikaj,Piast Gliwice,Obrońca,1,1.7,0.59,0%,https://fantasy.ekstraklasa.org/player/2822
2827,Jakub Ligocki,Zagłębie Lubin,Pomocnik,1,0.7,1.43,4%,https://fantasy.ekstraklasa.org/player/2827
2839,Ivan Lima,Piast Gliwice,Napastnik,1,1.9,0.53,0%,https://fantasy.ekstraklasa.org/player/2839
2840,Salifou Soumah,Radomiak Radom,Pomocnik,1,1.9,0.53,0%,https://fantasy.ekstraklasa.org/player/2840
2841,Yvan Ikia Dimi,Górnik Zabrze,Pomocnik,1,1.7,0.59,0%,https://fantasy.ekstraklasa.org/player/2841
1,Rafał Dobroliński,Cracovia,Bramkarz,0,1.0,0.0,0%,https://fantasy.ekstraklasa.org/player/1
2,Damian Drzewiecki,Cracovia,Bramkarz,0,0.7,0.0,0%,https://fantasy.ekstraklasa.org/player/2
3,Grzegorz Sandomierski,Górnik Zabrze,Bramkarz,0,1.8,0.0,0%,https://fantasy.ekstraklasa.org/player/3
4,Jakub Grzywaczewski,Cracovia,Bramkarz,0,0.7,0.0,0%,https://fantasy.ekstraklasa.org/player/4
5,Adam Wilk,Cracovia,Bramkarz,0,0.8,0.0,0%,https://fantasy.ekstraklasa.org/player/5
6,Florin Bejan,Cracovia,Obrońca,0,1.0,0.0,0%,https://fantasy.ekstraklasa.org/player/6
7,Deleu,Cracovia,Obrońca,0,1.5,0.0,0%,https://fantasy.ekstraklasa.org/player/7
8,Paweł Jaroszyński,Cracovia,Obrońca,0,1.7,0.0,0%,https://fantasy.ekstraklasa.org/player/8
9,Róbert Litauszki,Cracovia,Obrońca,0,0.9,0.0,0%,https://fantasy.ekstraklasa.org/player/9
10,Kamil Pestka,Radomiak Radom,Obrońca,0,1.7,0.0,0%,https://fantasy.ekstraklasa.org/player/10
11,Piotr Polczak,Zagłębie Sosnowiec,Obrońca,0,1.7,0.0,0%,https://fantasy.ekstraklasa.org/player/11
12,Łukasz Sosnowski,Cracovia,Obrońca,0,0.7,0.0,0%,https://fantasy.ekstraklasa.org/player/12
13,Hubert Wołąkiewicz,Cracovia,Obrońca,0,1.6,0.0,0%,https://fantasy.ekstraklasa.org/player/13
14,Jakub Wójcicki,Zagłębie Lubin,Obrońca,0,1.7,0.0,0%,https://fantasy.ekstraklasa.org/player/14
15,Hubert Adamczyk,Zagłębie Lubin,Pomocnik,0,1.7,0.0,1%,https://fantasy.ekstraklasa.org/player/15
16,Mateusz Argasiński,Cracovia,Pomocnik,0,0.9,0.0,0%,https://fantasy.ekstraklasa.org/player/16
17,Marcin Budziński,Cracovia,Pomocnik,0,1.2,0.0,0%,https://fantasy.ekstraklasa.org/player/17
18,Mateusz Cetnarski,Cracovia,Pomocnik,0,1.5,0.0,0%,https://fantasy.ekstraklasa.org/player/18
19,Miroslav Čovilo,Cracovia,Pomocnik,0,2.0,0.0,0%,https://fantasy.ekstraklasa.org/player/19
21,Milan Dimun,Cracovia,Pomocnik,0,1.7,0.0,0%,https://fantasy.ekstraklasa.org/player/21
22,Radosław Kanach,Cracovia,Pomocnik,0,0.9,0.0,0%,https://fantasy.ekstraklasa.org/player/22
23,Karol Niemczycki,Cracovia,Bramkarz,0,1.9,0.0,0%,https://fantasy.ekstraklasa.org/player/23
24,Anton Karaczanakow,Cracovia,Pomocnik,0,1.8,0.0,0%,https://fantasy.ekstraklasa.org/player/24
25,Szymon Kiebzak,Cracovia,Pomocnik,0,0.7,0.0,0%,https://fantasy.ekstraklasa.org/player/25
26,Przemysław Pyrdek,Cracovia,Pomocnik,0,0.7,0.0,0%,https://fantasy.ekstraklasa.org/player/26
27,Sebastian Steblecki,Cracovia,Pomocnik,0,1.3,0.0,0%,https://fantasy.ekstraklasa.org/player/27
28,Mateusz Szczepaniak,Warta Poznań,Napastnik,0,1.6,0.0,0%,https://fantasy.ekstraklasa.org/player/28
29,Erik Jendrišek,Cracovia,Napastnik,0,1.9,0.0,0%,https://fantasy.ekstraklasa.org/player/29
30,Krzysztof Szewczyk,Cracovia,Napastnik,0,1.5,0.0,0%,https://fantasy.ekstraklasa.org/player/30
31,Tomáš Vestenický,Cracovia,Pomocnik,0,1.7,0.0,0%,https://fantasy.ekstraklasa.org/player/31
32,Karol Jaksik,Górnik Zabrze,Obrońca,0,0.7,0.0,0%,https://fantasy.ekstraklasa.org/player/32
33,Wojciech Małecki,Górnik Łęczna,Bramkarz,0,1.2,0.0,0%,https://fantasy.ekstraklasa.org/player/33
34,Dominik Mucha,Górnik Łęczna,Bramkarz,0,0.7,0.0,0%,https://fantasy.ekstraklasa.org/player/34
35,Sergiusz Prusak,Górnik Łęczna,Bramkarz,0,1.6,0.0,0%,https://fantasy.ekstraklasa.org/player/35
36,Łukasz Bogusławski,Górnik Łęczna,Obrońca,0,0.7,0.0,0%,https://fantasy.ekstraklasa.org/player/36
37,Damian Jakubik,Radomiak Radom,Obrońca,0,1.7,0.0,0%,https://fantasy.ekstraklasa.org/player/37
38,Dariusz Jarecki,Górnik Łęczna,Obrońca,0,1.0,0.0,0%,https://fantasy.ekstraklasa.org/player/38
39,Messias Leândro,Stal Mielec,Obrońca,0,1.5,0.0,0%,https://fantasy.ekstraklasa.org/player/39
40,Łukasz Mierzejewski,Górnik Łęczna,Obrońca,0,1.6,0.0,0%,https://fantasy.ekstraklasa.org/player/40
41,Paweł Sasin,Górnik Łęczna,Obrońca,0,1.5,0.0,0%,https://fantasy.ekstraklasa.org/player/41
42,Maciej Szmatiuk,Górnik Łęczna,Obrońca,0,1.7,0.0,0%,https://fantasy.ekstraklasa.org/player/42
43,Grzegorz Bonin,Górnik Łęczna,Pomocnik,0,2.2,0.0,0%,https://fantasy.ekstraklasa.org/player/43
44,Krzysztof Danielewicz,Górnik Łęczna,Pomocnik,0,1.5,0.0,0%,https://fantasy.ekstraklasa.org/player/44
45,Szymon Drewniak,Górnik Łęczna,Pomocnik,0,1.6,0.0,0%,https://fantasy.ekstraklasa.org/player/45
47,Grzegorz Piesio,Arka Gdynia,Pomocnik,0,1.7,0.0,0%,https://fantasy.ekstraklasa.org/player/47
48,Radosław Pruchnik,Górnik Łęczna,Pomocnik,0,1.6,0.0,0%,https://fantasy.ekstraklasa.org/player/48
49,Łukasz Tymiński,Górnik Łęczna,Pomocnik,0,1.7,0.0,0%,https://fantasy.ekstraklasa.org/player/49
50,Piotr Grzelczak,Górnik Łęczna,Napastnik,0,1.6,0.0,0%,https://fantasy.ekstraklasa.org/player/50
51,Przemysław Pitry,Górnik Łęczna,Napastnik,0,1.5,0.0,0%,https://fantasy.ekstraklasa.org/player/51
53,Bartosz Śpiączka,Wisła Płock,Napastnik,0,1.9,0.0,0%,https://fantasy.ekstraklasa.org/player/53
55,Krševan Santini,Jagiellonia Białystok,Bramkarz,0,2.0,0.0,0%,https://fantasy.ekstraklasa.org/player/55
56,Marián Kelemen,Jagiellonia Białystok,Bramkarz,0,2.1,0.0,0%,https://fantasy.ekstraklasa.org/player/56
58,Łukasz Burliga,Wisła Kraków,Obrońca,0,1.7,0.0,0%,https://fantasy.ekstraklasa.org/player/58
59,Guti,Jagiellonia Białystok,Obrońca,0,2.1,0.0,0%,https://fantasy.ekstraklasa.org/player/59
60,Michał Koźlik,Jagiellonia Białystok,Obrońca,0,0.7,0.0,0%,https://fantasy.ekstraklasa.org/player/60
61,Emil Łupiński,Jagiellonia Białystok,Obrońca,0,0.7,0.0,0%,https://fantasy.ekstraklasa.org/player/61
62,Mateusz Maliszewski,Jagiellonia Białystok,Obrońca,0,0.7,0.0,0%,https://fantasy.ekstraklasa.org/player/62
63,Paweł Olszewski,Jagiellonia Białystok,Obrońca,0,1.5,0.0,0%,https://fantasy.ekstraklasa.org/player/63
64,Kamil Pajnowski,Stal Mielec,Obrońca,0,1.2,0.0,0%,https://fantasy.ekstraklasa.org/player/64
65,Ivan Runje,Jagiellonia Białystok,Obrońca,0,1.5,0.0,0%,https://fantasy.ekstraklasa.org/player/65
66,Łukasz Sołowiej,Puszcza Niepołomice,Obrońca,0,1.6,0.0,0%,https://fantasy.ekstraklasa.org/player/66
67,Jonatan Straus,Sandecja Nowy Sącz,Obrońca,0,1.2,0.0,0%,https://fantasy.ekstraklasa.org/player/67
68,Igors Tarasovs,Śląsk Wrocław,Obrońca,0,1.6,0.0,0%,https://fantasy.ekstraklasa.org/player/68
69,Piotr Tomasik,Wisła Płock,Obrońca,0,1.8,0.0,0%,https://fantasy.ekstraklasa.org/player/69
70,Marek Wasiluk,Jagiellonia Białystok,Obrońca,0,1.2,0.0,0%,https://fantasy.ekstraklasa.org/player/70
71,Fedor Černych,Jagiellonia Białystok,Pomocnik,0,1.9,0.0,0%,https://fantasy.ekstraklasa.org/player/71
72,Dmytro Chomczenowśkyj,Jagiellonia Białystok,Pomocnik,0,1.9,0.0,0%,https://fantasy.ekstraklasa.org/player/72
73,Michał Domański,Jagiellonia Białystok,Pomocnik,0,0.7,0.0,0%,https://fantasy.ekstraklasa.org/player/73
74,Kacper Falon,Jagiellonia Białystok,Pomocnik,0,0.7,0.0,0%,https://fantasy.ekstraklasa.org/player/74
75,Przemysław Frankowski,Jagiellonia Białystok,Pomocnik,0,2.4,0.0,0%,https://fantasy.ekstraklasa.org/player/75
76,Jacek Góralski,Jagiellonia Białystok,Pomocnik,0,2.0,0.0,0%,https://fantasy.ekstraklasa.org/player/76
77,Rafał Grzyb,Jagiellonia Białystok,Pomocnik,0,1.6,0.0,0%,https://fantasy.ekstraklasa.org/player/77
78,Paweł Kaczmarczyk,Jagiellonia Białystok,Pomocnik,0,0.7,0.0,0%,https://fantasy.ekstraklasa.org/player/78
79,Paweł Koncewicz-Żyłka,Wisła Kraków,Obrońca,0,0.7,0.0,0%,https://fantasy.ekstraklasa.org/player/79
80,Karol Mackiewicz,Jagiellonia Białystok,Pomocnik,0,1.7,0.0,0%,https://fantasy.ekstraklasa.org/player/80
81,Przemysław Mystkowski,Jagiellonia Białystok,Pomocnik,0,1.6,0.0,0%,https://fantasy.ekstraklasa.org/player/81
82,Patryk Niemczynowicz,Jagiellonia Białystok,Pomocnik,0,0.7,0.0,0%,https://fantasy.ekstraklasa.org/player/82
83,Mateusz Ostaszewski,Jagiellonia Białystok,Pomocnik,0,0.7,0.0,0%,https://fantasy.ekstraklasa.org/player/83
84,Dawid Polkowski,Jagiellonia Białystok,Pomocnik,0,0.7,0.0,0%,https://fantasy.ekstraklasa.org/player/84
85,Dominik Prusaczyk,Jagiellonia Białystok,Pomocnik,0,0.7,0.0,0%,https://fantasy.ekstraklasa.org/player/85
88,Dawid Szymonowicz,Puszcza Niepołomice,Obrońca,0,1.7,0.0,0%,https://fantasy.ekstraklasa.org/player/88
89,Jakub Tabor,Jagiellonia Białystok,Pomocnik,0,0.8,0.0,0%,https://fantasy.ekstraklasa.org/player/89
90,Konstantin Vassiljev,Piast Gliwice,Pomocnik,0,1.5,0.0,0%,https://fantasy.ekstraklasa.org/player/90
91,Emil Gajko,Jagiellonia Białystok,Napastnik,0,0.7,0.0,0%,https://fantasy.ekstraklasa.org/player/91
92,Bartosz Giełażyn,Jagiellonia Białystok,Napastnik,0,0.7,0.0,0%,https://fantasy.ekstraklasa.org/player/92
93,Maciej Górski,Korona Kielce,Napastnik,0,1.6,0.0,0%,https://fantasy.ekstraklasa.org/player/93
94,Kacper Piechniak,Jagiellonia Białystok,Napastnik,0,0.7,0.0,0%,https://fantasy.ekstraklasa.org/player/94
95,Karol Świderski,Jagiellonia Białystok,Napastnik,0,2.1,0.0,0%,https://fantasy.ekstraklasa.org/player/95
96,Maciej Gostomski,Górnik Łęczna,Bramkarz,0,1.7,0.0,0%,https://fantasy.ekstraklasa.org/player/96
97,Zbigniew Małkowski,Zagłębie Lubin,Bramkarz,0,1.2,0.0,0%,https://fantasy.ekstraklasa.org/player/97
98,Artur Marzec,Korona Kielce,Bramkarz,0,0.7,0.0,0%,https://fantasy.ekstraklasa.org/player/98
99,Leonid Otczenaszenko,Korona Kielce,Bramkarz,0,1.3,0.0,0%,https://fantasy.ekstraklasa.org/player/99
100,Michal Peškovič,Podbeskidzie Bielsko-Biała,Bramkarz,0,1.7,0.0,0%,https://fantasy.ekstraklasa.org/player/100
101,Adrian Bednarski,Korona Kielce,Obrońca,0,0.7,0.0,0%,https://fantasy.ekstraklasa.org/player/101
102,Radek Dejmek,Korona Kielce,Obrońca,0,1.6,0.0,0%,https://fantasy.ekstraklasa.org/player/102
103,Elhadji Pape Diaw,Korona Kielce,Obrońca,0,1.8,0.0,0%,https://fantasy.ekstraklasa.org/player/103
104,Vladislavs Gabovs,Korona Kielce,Obrońca,0,1.7,0.0,0%,https://fantasy.ekstraklasa.org/player/104
105,Ken Kallaste,Korona Kielce,Obrońca,0,1.6,0.0,0%,https://fantasy.ekstraklasa.org/player/105
106,Grzegorz Rogala,GKS Katowice,Obrońca,0,1.6,0.0,1%,https://fantasy.ekstraklasa.org/player/106
107,Bartosz Rymaniak,Górnik Łęczna,Obrońca,0,1.7,0.0,0%,https://fantasy.ekstraklasa.org/player/107
108,Dmitrij Wierchowcow,Korona Kielce,Obrońca,0,1.3,0.0,0%,https://fantasy.ekstraklasa.org/player/108
109,Michał Wrześniewski,Korona Kielce,Obrońca,0,0.7,0.0,0%,https://fantasy.ekstraklasa.org/player/109
110,Nabil Aankour,Arka Gdynia,Pomocnik,0,1.8,0.0,0%,https://fantasy.ekstraklasa.org/player/110
113,Rafał Grzelak,Bruk-Bet Termalica Nieciecza,Pomocnik,0,1.7,0.0,0%,https://fantasy.ekstraklasa.org/player/113
114,Jakub Kotarzewski,Korona Kielce,Pomocnik,0,0.7,0.0,0%,https://fantasy.ekstraklasa.org/player/114
115,Bartosz Kwiecień,Korona Kielce,Obrońca,0,1.7,0.0,0%,https://fantasy.ekstraklasa.org/player/115
116,Vanja Marković,Korona Kielce,Pomocnik,0,1.6,0.0,0%,https://fantasy.ekstraklasa.org/player/116
117,Kamil Matulka,Korona Kielce,Pomocnik,0,0.7,0.0,0%,https://fantasy.ekstraklasa.org/player/117
118,Michał Mokrzycki,ŁKS Łódź,Pomocnik,0,1.6,0.0,0%,https://fantasy.ekstraklasa.org/player/118
119,Mateusz Możdżeń,Zagłębie Sosnowiec,Pomocnik,0,1.8,0.0,0%,https://fantasy.ekstraklasa.org/player/119
120,Serhij Pyłypczuk,Korona Kielce,Pomocnik,0,1.6,0.0,0%,https://fantasy.ekstraklasa.org/player/120
121,Mariusz Rybicki,Motor Lublin,Pomocnik,0,1.4,0.0,0%,https://fantasy.ekstraklasa.org/player/121
122,Paweł Sobolewski,Korona Kielce,Pomocnik,0,1.0,0.0,0%,https://fantasy.ekstraklasa.org/player/122
125,Maciej Załęcki,Korona Kielce,Pomocnik,0,0.7,0.0,0%,https://fantasy.ekstraklasa.org/player/125
126,Hubert Laskowski,Korona Kielce,Napastnik,0,0.7,0.0,0%,https://fantasy.ekstraklasa.org/player/126
127,Michał Przybyła,Korona Kielce,Napastnik,0,1.5,0.0,0%,https://fantasy.ekstraklasa.org/player/127
129,Adam Zawierucha,Korona Kielce,Napastnik,0,0.7,0.0,0%,https://fantasy.ekstraklasa.org/player/129
132,Adam Makuchowski,Lech Poznań,Bramkarz,0,0.7,0.0,0%,https://fantasy.ekstraklasa.org/player/132
133,Matúš Putnocký,Śląsk Wrocław,Bramkarz,0,1.7,0.0,0%,https://fantasy.ekstraklasa.org/player/133
134,Paulus Arajuuri,Lech Poznań,Obrońca,0,2.4,0.0,0%,https://fantasy.ekstraklasa.org/player/134
135,Jan Bednarek,Lech Poznań,Obrońca,0,2.2,0.0,0%,https://fantasy.ekstraklasa.org/player/135
136,Kebba Ceesay,Lech Poznań,Obrońca,0,1.5,0.0,0%,https://fantasy.ekstraklasa.org/player/136
137,Tomasz Dejewski,Lech Poznań,Obrońca,0,1.4,0.0,0%,https://fantasy.ekstraklasa.org/player/137
139,Tamás Kádár,Lech Poznań,Obrońca,0,2.4,0.0,0%,https://fantasy.ekstraklasa.org/player/139
140,Tomasz Kędziora,Lech Poznań,Obrońca,0,2.5,0.0,0%,https://fantasy.ekstraklasa.org/player/140
141,Lasse Nielsen,Lech Poznań,Obrońca,0,2.3,0.0,0%,https://fantasy.ekstraklasa.org/player/141
142,Maciej Wilusz,Raków Częstochowa,Obrońca,0,1.8,0.0,0%,https://fantasy.ekstraklasa.org/player/142
143,Dariusz Dudka,Lech Poznań,Pomocnik,0,1.6,0.0,0%,https://fantasy.ekstraklasa.org/player/143
144,Dariusz Formella,Pogoń Szczecin,Pomocnik,0,1.8,0.0,0%,https://fantasy.ekstraklasa.org/player/144
145,Maciej Gajos,Lechia Gdańsk,Pomocnik,0,1.8,0.0,0%,https://fantasy.ekstraklasa.org/player/145
146,Darko Jevtić,Lech Poznań,Pomocnik,0,2.5,0.0,0%,https://fantasy.ekstraklasa.org/player/146
148,Karol Linetty,Lech Poznań,Pomocnik,0,1.0,0.0,0%,https://fantasy.ekstraklasa.org/player/148
149,Radosław Majewski,Pogoń Szczecin,Pomocnik,0,2.5,0.0,0%,https://fantasy.ekstraklasa.org/player/149
150,Maciej Makuszewski,Jagiellonia Białystok,Pomocnik,0,1.8,0.0,0%,https://fantasy.ekstraklasa.org/player/150
151,Szymon Pawłowski,Zagłębie Sosnowiec,Pomocnik,0,2.0,0.0,0%,https://fantasy.ekstraklasa.org/player/151
153,Abdul Aziz Tetteh,Lech Poznań,Pomocnik,0,1.8,0.0,0%,https://fantasy.ekstraklasa.org/player/153
154,Łukasz Trałka,Warta Poznań,Pomocnik,0,1.8,0.0,0%,https://fantasy.ekstraklasa.org/player/154
155,Nicki Bille Nielsen,Lech Poznań,Napastnik,0,1.7,0.0,0%,https://fantasy.ekstraklasa.org/player/155
156,Dawid Kownacki,Lech Poznań,Napastnik,0,2.4,0.0,0%,https://fantasy.ekstraklasa.org/player/156
157,Marcin Robak,Śląsk Wrocław,Napastnik,0,2.8,0.0,0%,https://fantasy.ekstraklasa.org/player/157
158,Mateusz Bąk,Lechia Gdańsk,Bramkarz,0,1.2,0.0,0%,https://fantasy.ekstraklasa.org/player/158
159,Łukasz Budziłek,Motor Lublin,Bramkarz,0,1.2,0.0,0%,https://fantasy.ekstraklasa.org/player/159
160,Marko Marić,Lechia Gdańsk,Bramkarz,0,1.8,0.0,0%,https://fantasy.ekstraklasa.org/player/160
161,Vanja Milinković-Savić,Lechia Gdańsk,Bramkarz,0,2.0,0.0,0%,https://fantasy.ekstraklasa.org/player/161
162,Damian Podleśny,Lechia Gdańsk,Bramkarz,0,0.7,0.0,0%,https://fantasy.ekstraklasa.org/player/162
163,Adam Chrzanowski,Wisła Płock,Obrońca,0,1.7,0.0,0%,https://fantasy.ekstraklasa.org/player/163
164,Adam Dźwigała,Wisła Płock,Obrońca,0,1.7,0.0,0%,https://fantasy.ekstraklasa.org/player/164
167,Mario Maloča,Lechia Gdańsk,Obrońca,0,1.7,0.0,0%,https://fantasy.ekstraklasa.org/player/167
169,Jakub Wawrzyniak,Lechia Gdańsk,Obrońca,0,1.9,0.0,0%,https://fantasy.ekstraklasa.org/player/169
170,Grzegorz Wojtkowiak,Lechia Gdańsk,Obrońca,0,1.3,0.0,0%,https://fantasy.ekstraklasa.org/player/170
172,Flávio Paixao,Lechia Gdańsk,Napastnik,0,2.1,0.0,0%,https://fantasy.ekstraklasa.org/player/172
173,Milen Gamakow,Lechia Gdańsk,Pomocnik,0,1.7,0.0,0%,https://fantasy.ekstraklasa.org/player/173
174,Lukáš Haraslín,Lechia Gdańsk,Pomocnik,0,2.5,0.0,0%,https://fantasy.ekstraklasa.org/player/174
175,Martin Kobylański,Lechia Gdańsk,Pomocnik,0,1.3,0.0,0%,https://fantasy.ekstraklasa.org/player/175
176,Aleksandar Kovačević,Lechia Gdańsk,Pomocnik,0,1.8,0.0,0%,https://fantasy.ekstraklasa.org/player/176
177,Miloš Krasić,Lechia Gdańsk,Pomocnik,0,1.6,0.0,0%,https://fantasy.ekstraklasa.org/player/177
179,Michał Mak,Górnik Łęczna,Pomocnik,0,1.7,0.0,0%,https://fantasy.ekstraklasa.org/player/179
180,Sebastian Mila,Lechia Gdańsk,Pomocnik,0,1.2,0.0,0%,https://fantasy.ekstraklasa.org/player/180
182,Sławomir Peszko,Lechia Gdańsk,Pomocnik,0,2.0,0.0,0%,https://fantasy.ekstraklasa.org/player/182
183,Piotr Wiśniewski,Lechia Gdańsk,Pomocnik,0,1.4,0.0,0%,https://fantasy.ekstraklasa.org/player/183
185,Adam Buksa,Pogoń Szczecin,Napastnik,0,2.3,0.0,0%,https://fantasy.ekstraklasa.org/player/185
186,Adam Gołuński,Lechia Gdańsk,Napastnik,0,0.7,0.0,0%,https://fantasy.ekstraklasa.org/player/186
187,Grzegorz Kuświk,Wisła Płock,Napastnik,0,1.7,0.0,0%,https://fantasy.ekstraklasa.org/player/187
189,Marco Paixao M.,Lechia Gdańsk,Napastnik,0,3.5,0.0,0%,https://fantasy.ekstraklasa.org/player/189
191,Radosław Cierzniak,Legia Warszawa,Bramkarz,0,1.7,0.0,0%,https://fantasy.ekstraklasa.org/player/191
192,Radosław Majecki,Legia Warszawa,Bramkarz,0,2.4,0.0,0%,https://fantasy.ekstraklasa.org/player/192
193,Arkadiusz Malarz,ŁKS Łódź,Bramkarz,0,1.8,0.0,0%,https://fantasy.ekstraklasa.org/player/193
195,Bartosz Bereszyński,Legia Warszawa,Obrońca,0,2.2,0.0,0%,https://fantasy.ekstraklasa.org/player/195
196,Łukasz Broź,Śląsk Wrocław,Obrońca,0,2.0,0.0,0%,https://fantasy.ekstraklasa.org/player/196
197,Tomasz Brzyski,Sandecja Nowy Sącz,Obrońca,0,1.8,0.0,0%,https://fantasy.ekstraklasa.org/player/197
198,Adam Hloušek,Bruk-Bet Termalica Nieciecza,Obrońca,0,1.8,0.0,0%,https://fantasy.ekstraklasa.org/player/198
200,Igor Lewczuk,Legia Warszawa,Obrońca,0,2.4,0.0,0%,https://fantasy.ekstraklasa.org/player/200
201,Michał Pazdan,Jagiellonia Białystok,Obrońca,0,1.7,0.0,0%,https://fantasy.ekstraklasa.org/player/201
202,Jakub Rzeźniczak,Wisła Płock,Obrońca,0,1.6,0.0,0%,https://fantasy.ekstraklasa.org/player/202
203,Michaił Aleksandrow,Legia Warszawa,Pomocnik,0,1.8,0.0,0%,https://fantasy.ekstraklasa.org/player/203
204,Ondrej Duda,Legia Warszawa,Pomocnik,0,1.0,0.0,0%,https://fantasy.ekstraklasa.org/player/204
206,Guilherme,Legia Warszawa,Pomocnik,0,2.6,0.0,0%,https://fantasy.ekstraklasa.org/player/206
207,Kasper Hämäläinen,Legia Warszawa,Pomocnik,0,2.1,0.0,0%,https://fantasy.ekstraklasa.org/player/207
208,Konrad Handzlik,Warta Poznań,Pomocnik,0,0.7,0.0,0%,https://fantasy.ekstraklasa.org/player/208
209,Tomasz Jodłowiec,Piast Gliwice,Pomocnik,0,1.7,0.0,0%,https://fantasy.ekstraklasa.org/player/209
210,Michał Kopczyński,Warta Poznań,Pomocnik,0,1.7,0.0,0%,https://fantasy.ekstraklasa.org/player/210
211,Michał Kucharczyk,Legia Warszawa,Pomocnik,0,1.0,0.0,0%,https://fantasy.ekstraklasa.org/player/211
213,Michał Masłowski,Legia Warszawa,Pomocnik,0,1.8,0.0,0%,https://fantasy.ekstraklasa.org/player/213
214,Thibault Moulin,Legia Warszawa,Pomocnik,0,2.5,0.0,0%,https://fantasy.ekstraklasa.org/player/214
215,Stojan Vranješ,Piast Gliwice,Pomocnik,0,1.5,0.0,0%,https://fantasy.ekstraklasa.org/player/215
217,Jarosław Niezgoda,Legia Warszawa,Napastnik,0,4.0,0.0,0%,https://fantasy.ekstraklasa.org/player/217
218,Nemanja Nikolić,Legia Warszawa,Napastnik,0,4.2,0.0,0%,https://fantasy.ekstraklasa.org/player/218
219,Aleksandar Prijović,Legia Warszawa,Napastnik,0,3.2,0.0,0%,https://fantasy.ekstraklasa.org/player/219
223,Dobrivoj Rusov,Piast Gliwice,Bramkarz,0,1.5,0.0,0%,https://fantasy.ekstraklasa.org/player/223
224,Jakub Szmatuła,Piast Gliwice,Bramkarz,0,1.5,0.0,0%,https://fantasy.ekstraklasa.org/player/224
226,Edvinas Girdvainis,Piast Gliwice,Obrońca,0,1.5,0.0,0%,https://fantasy.ekstraklasa.org/player/226
227,Silva Santos Hebert,Wisła Kraków,Obrońca,0,1.7,0.0,0%,https://fantasy.ekstraklasa.org/player/227
229,Uroš Korun,Piast Gliwice,Obrońca,0,2.1,0.0,0%,https://fantasy.ekstraklasa.org/player/229
231,Tomasz Mokwa,Piast Gliwice,Obrońca,0,1.6,0.0,1%,https://fantasy.ekstraklasa.org/player/231
232,Paweł Moskwik,Piast Gliwice,Obrońca,0,1.6,0.0,0%,https://fantasy.ekstraklasa.org/player/232
233,Patrik Mráz,Zagłębie Sosnowiec,Obrońca,0,1.5,0.0,0%,https://fantasy.ekstraklasa.org/player/233
234,Marcin Pietrowski,Piast Gliwice,Obrońca,0,1.8,0.0,0%,https://fantasy.ekstraklasa.org/player/234
235,Aleksandar Sedlar,Piast Gliwice,Obrońca,0,2.3,0.0,0%,https://fantasy.ekstraklasa.org/player/235
236,Gerard Badía,Piast Gliwice,Pomocnik,0,1.8,0.0,0%,https://fantasy.ekstraklasa.org/player/236
237,Dominik Budzik,Piast Gliwice,Pomocnik,0,0.7,0.0,0%,https://fantasy.ekstraklasa.org/player/237
238,Martin Bukata,Piast Gliwice,Pomocnik,0,1.6,0.0,0%,https://fantasy.ekstraklasa.org/player/238
239,Marcin Flis,ŁKS Łódź,Obrońca,0,1.7,0.0,0%,https://fantasy.ekstraklasa.org/player/239
240,Maciej Jankowski,Stal Mielec,Pomocnik,0,1.7,0.0,0%,https://fantasy.ekstraklasa.org/player/240
243,Mateusz Mak,GKS Katowice,Pomocnik,0,1.7,0.0,0%,https://fantasy.ekstraklasa.org/player/243
244,Radosław Murawski,Lech Poznań,Pomocnik,0,1.7,0.0,1%,https://fantasy.ekstraklasa.org/player/244
245,Igor Sapała,Raków Częstochowa,Pomocnik,0,1.8,0.0,0%,https://fantasy.ekstraklasa.org/player/245
246,Bartosz Szeliga,ŁKS Łódź,Pomocnik,0,1.6,0.0,0%,https://fantasy.ekstraklasa.org/player/246
248,Saša Živec,Zagłębie Lubin,Pomocnik,0,1.7,0.0,0%,https://fantasy.ekstraklasa.org/player/248
249,Josip Barišić,Piast Gliwice,Napastnik,0,1.6,0.0,0%,https://fantasy.ekstraklasa.org/player/249
251,Adrian Henger,Pogoń Szczecin,Bramkarz,0,1.2,0.0,0%,https://fantasy.ekstraklasa.org/player/251
252,Radosław Janukiewicz,Pogoń Szczecin,Bramkarz,0,1.8,0.0,0%,https://fantasy.ekstraklasa.org/player/252
254,Bartosz Piotrowski,Pogoń Szczecin,Bramkarz,0,0.7,0.0,0%,https://fantasy.ekstraklasa.org/player/254
255,Jakub Słowik,Śląsk Wrocław,Bramkarz,0,2.0,0.0,0%,https://fantasy.ekstraklasa.org/player/255
257,Jarosław Fojut,Wisła Płock,Obrońca,0,1.7,0.0,0%,https://fantasy.ekstraklasa.org/player/257
258,Adam Frączczak,Korona Kielce,Napastnik,0,1.6,0.0,0%,https://fantasy.ekstraklasa.org/player/258
259,Mateusz Lewandowski,Wisła Płock,Obrońca,0,1.6,0.0,0%,https://fantasy.ekstraklasa.org/player/259
260,Hubert Matynia,Miedź Legnica,Obrońca,0,1.7,0.0,0%,https://fantasy.ekstraklasa.org/player/260
261,Sebastian Murawski,Pogoń Szczecin,Obrońca,0,1.5,0.0,0%,https://fantasy.ekstraklasa.org/player/261
262,David Niepsuj,Podbeskidzie Bielsko-Biała,Obrońca,0,1.7,0.0,0%,https://fantasy.ekstraklasa.org/player/262
263,Ricardo Nunes,Pogoń Szczecin,Obrońca,0,1.8,0.0,0%,https://fantasy.ekstraklasa.org/player/263
264,Sebastian Rudol,Motor Lublin,Obrońca,0,1.7,0.0,0%,https://fantasy.ekstraklasa.org/player/264
265,Michał Stańczyk,Pogoń Szczecin,Obrońca,0,0.7,0.0,0%,https://fantasy.ekstraklasa.org/player/265
266,Takafumi Akahoshi,Pogoń Szczecin,Pomocnik,0,2.0,0.0,0%,https://fantasy.ekstraklasa.org/player/266
268,Spas Delew,Pogoń Szczecin,Pomocnik,0,2.0,0.0,0%,https://fantasy.ekstraklasa.org/player/268
269,Kamil Drygas,Miedź Legnica,Pomocnik,0,1.8,0.0,0%,https://fantasy.ekstraklasa.org/player/269
270,Ádám Gyurcsó,Pogoń Szczecin,Pomocnik,0,2.1,0.0,0%,https://fantasy.ekstraklasa.org/player/270
271,Dawid Kort,ŁKS Łódź,Pomocnik,0,1.6,0.0,0%,https://fantasy.ekstraklasa.org/player/271
272,Mateusz Matras,Stal Mielec,Obrońca,0,1.7,0.0,0%,https://fantasy.ekstraklasa.org/player/272
273,Rafał Murawski,Pogoń Szczecin,Pomocnik,0,1.7,0.0,0%,https://fantasy.ekstraklasa.org/player/273
274,Robert Obst,Pogoń Szczecin,Pomocnik,0,0.9,0.0,0%,https://fantasy.ekstraklasa.org/player/274
275,Jakub Piotrowski,Pogoń Szczecin,Pomocnik,0,1.6,0.0,0%,https://fantasy.ekstraklasa.org/player/275
277,Kacper Kozłowski,Pogoń Szczecin,Pomocnik,0,2.1,0.0,0%,https://fantasy.ekstraklasa.org/player/277
278,Marcin Listkowski,Jagiellonia Białystok,Pomocnik,0,1.7,0.0,0%,https://fantasy.ekstraklasa.org/player/278
279,Łukasz Zwoliński,Raków Częstochowa,Napastnik,0,1.9,0.0,0%,https://fantasy.ekstraklasa.org/player/279
280,Kamil Lech,Ruch Chorzów,Bramkarz,0,1.0,0.0,0%,https://fantasy.ekstraklasa.org/player/280
281,Wojciech Skaba,Ruch Chorzów,Bramkarz,0,1.3,0.0,0%,https://fantasy.ekstraklasa.org/player/281
282,Gonçalo Silva,Radomiak Radom,Obrońca,0,1.7,0.0,0%,https://fantasy.ekstraklasa.org/player/282
283,Rafał Grodzicki,Ruch Chorzów,Obrońca,0,1.9,0.0,0%,https://fantasy.ekstraklasa.org/player/283
284,Michał Helik,Cracovia,Obrońca,0,1.9,0.0,0%,https://fantasy.ekstraklasa.org/player/284
285,Michał Koj,Puszcza Niepołomice,Obrońca,0,1.6,0.0,0%,https://fantasy.ekstraklasa.org/player/285
286,Martin Konczkowski,Śląsk Wrocław,Obrońca,0,1.8,0.0,0%,https://fantasy.ekstraklasa.org/player/286
287,Paweł Oleksy,Ruch Chorzów,Obrońca,0,1.7,0.0,0%,https://fantasy.ekstraklasa.org/player/287
288,Adam Pazio,Ruch Chorzów,Obrońca,0,1.6,0.0,0%,https://fantasy.ekstraklasa.org/player/288
289,Przemysław Bargiel,Śląsk Wrocław,Pomocnik,0,0.8,0.0,0%,https://fantasy.ekstraklasa.org/player/289
290,Piotr Ćwielong,Ruch Chorzów,Pomocnik,0,1.8,0.0,0%,https://fantasy.ekstraklasa.org/player/290
291,Łukasz Hanzel,Ruch Chorzów,Pomocnik,0,1.6,0.0,0%,https://fantasy.ekstraklasa.org/player/291
292,Maciej Iwański,Ruch Chorzów,Pomocnik,0,1.0,0.0,0%,https://fantasy.ekstraklasa.org/player/292
293,Patryk Lipski,Widzew Łódź,Pomocnik,0,1.7,0.0,0%,https://fantasy.ekstraklasa.org/player/293
294,Kamil Mazek,Zagłębie Lubin,Pomocnik,0,1.4,0.0,0%,https://fantasy.ekstraklasa.org/player/294
295,Łukasz Moneta,Ruch Chorzów,Pomocnik,0,1.6,0.0,0%,https://fantasy.ekstraklasa.org/player/295
296,Miłosz Przybecki,Ruch Chorzów,Pomocnik,0,1.6,0.0,0%,https://fantasy.ekstraklasa.org/player/296
297,Łukasz Surma,Ruch Chorzów,Pomocnik,0,1.9,0.0,0%,https://fantasy.ekstraklasa.org/player/297
298,Miłosz Trojak,Korona Kielce,Obrońca,0,1.7,0.0,0%,https://fantasy.ekstraklasa.org/player/298
299,Maciej Urbańczyk,Stal Mielec,Pomocnik,0,1.5,0.0,0%,https://fantasy.ekstraklasa.org/player/299
301,Michał Efir,Ruch Chorzów,Napastnik,0,1.7,0.0,0%,https://fantasy.ekstraklasa.org/player/301
302,Łukasz Siedlik,Ruch Chorzów,Napastnik,0,0.7,0.0,0%,https://fantasy.ekstraklasa.org/player/302
304,Ľuboš Kamenár,Śląsk Wrocław,Bramkarz,0,1.7,0.0,0%,https://fantasy.ekstraklasa.org/player/304
305,Mariusz Pawełek,Jagiellonia Białystok,Bramkarz,0,1.8,0.0,0%,https://fantasy.ekstraklasa.org/player/305
306,Augusto,Śląsk Wrocław,Obrońca,0,1.6,0.0,0%,https://fantasy.ekstraklasa.org/player/306
307,Piotr Celeban,Śląsk Wrocław,Obrońca,0,1.9,0.0,0%,https://fantasy.ekstraklasa.org/player/307
308,Kamil Dankowski,ŁKS Łódź,Obrońca,0,1.5,0.0,0%,https://fantasy.ekstraklasa.org/player/308
309,Lasza Dwali,Pogoń Szczecin,Obrońca,0,2.1,0.0,0%,https://fantasy.ekstraklasa.org/player/309
310,Adam Kokoszka,Zagłębie Sosnowiec,Obrońca,0,1.5,0.0,0%,https://fantasy.ekstraklasa.org/player/310
311,Mariusz Pawelec,Śląsk Wrocław,Obrońca,0,1.5,0.0,0%,https://fantasy.ekstraklasa.org/player/311
313,Alvarinho,Śląsk Wrocław,Pomocnik,0,1.8,0.0,0%,https://fantasy.ekstraklasa.org/player/313
314,Filipe Gonçalves,Śląsk Wrocław,Pomocnik,0,1.6,0.0,0%,https://fantasy.ekstraklasa.org/player/314
315,András Gosztonyi,Śląsk Wrocław,Pomocnik,0,1.0,0.0,0%,https://fantasy.ekstraklasa.org/player/315
316,Peter Grajciar,Śląsk Wrocław,Pomocnik,0,1.8,0.0,0%,https://fantasy.ekstraklasa.org/player/316
317,Jacek Kiełb,Korona Kielce,Pomocnik,0,1.7,0.0,0%,https://fantasy.ekstraklasa.org/player/317
318,Łukasz Madej,Śląsk Wrocław,Pomocnik,0,1.8,0.0,0%,https://fantasy.ekstraklasa.org/player/318
319,Maciej Matusik,Śląsk Wrocław,Pomocnik,0,0.7,0.0,0%,https://fantasy.ekstraklasa.org/player/319
320,Ryota Morioka,Śląsk Wrocław,Pomocnik,0,2.5,0.0,0%,https://fantasy.ekstraklasa.org/player/320
321,Maciej Pałaszewski,Śląsk Wrocław,Pomocnik,0,1.5,0.0,0%,https://fantasy.ekstraklasa.org/player/321
322,Róbert Pich,Legia Warszawa,Pomocnik,0,1.9,0.0,0%,https://fantasy.ekstraklasa.org/player/322
323,Ostoja Stjepanović,Śląsk Wrocław,Pomocnik,0,1.7,0.0,0%,https://fantasy.ekstraklasa.org/player/323
324,Wiktor Żytek,Śląsk Wrocław,Pomocnik,0,0.7,0.0,0%,https://fantasy.ekstraklasa.org/player/324
325,Kamil Biliński,Podbeskidzie Bielsko-Biała,Napastnik,0,2.0,0.0,0%,https://fantasy.ekstraklasa.org/player/325
326,Mariusz Idzik,Śląsk Wrocław,Napastnik,0,0.7,0.0,0%,https://fantasy.ekstraklasa.org/player/326
327,Bence Mervó,Śląsk Wrocław,Napastnik,0,1.6,0.0,0%,https://fantasy.ekstraklasa.org/player/327
328,Krzysztof Pilarz,Arka Gdynia,Bramkarz,0,1.4,0.0,0%,https://fantasy.ekstraklasa.org/player/328
329,Dariusz Trela,Bruk-Bet Termalica Nieciecza,Bramkarz,0,1.4,0.0,0%,https://fantasy.ekstraklasa.org/player/329
330,Patryk Fryc,Bruk-Bet Termalica Nieciecza,Obrońca,0,1.7,0.0,0%,https://fantasy.ekstraklasa.org/player/330
331,Michał Markowski,Bruk-Bet Termalica Nieciecza,Obrońca,0,1.5,0.0,0%,https://fantasy.ekstraklasa.org/player/331
333,Dalibor Pleva,Bruk-Bet Termalica Nieciecza,Obrońca,0,1.5,0.0,0%,https://fantasy.ekstraklasa.org/player/333
335,Pavol Staňo,Bruk-Bet Termalica Nieciecza,Obrońca,0,1.8,0.0,0%,https://fantasy.ekstraklasa.org/player/335
336,Przemysław Szarek,Bruk-Bet Termalica Nieciecza,Obrońca,0,1.5,0.0,0%,https://fantasy.ekstraklasa.org/player/336
337,Sebastian Ziajka,Bruk-Bet Termalica Nieciecza,Obrońca,0,1.3,0.0,0%,https://fantasy.ekstraklasa.org/player/337
339,Vlastimir Jovanović,Bruk-Bet Termalica Nieciecza,Pomocnik,0,1.3,0.0,0%,https://fantasy.ekstraklasa.org/player/339
340,Mateusz Kupczak,Warta Poznań,Pomocnik,0,1.8,0.0,0%,https://fantasy.ekstraklasa.org/player/340
341,Patrik Mišák,Bruk-Bet Termalica Nieciecza,Pomocnik,0,1.5,0.0,0%,https://fantasy.ekstraklasa.org/player/341
343,Bartłomiej Smuczyński,Bruk-Bet Termalica Nieciecza,Pomocnik,0,0.8,0.0,0%,https://fantasy.ekstraklasa.org/player/343
344,Samuel Štefánik,Bruk-Bet Termalica Nieciecza,Pomocnik,0,1.8,0.0,0%,https://fantasy.ekstraklasa.org/player/344
345,Dávid Guba,Bruk-Bet Termalica Nieciecza,Napastnik,0,1.4,0.0,0%,https://fantasy.ekstraklasa.org/player/345
347,Martin Juhar,Bruk-Bet Termalica Nieciecza,Napastnik,0,1.5,0.0,0%,https://fantasy.ekstraklasa.org/player/347
348,Wojciech Kędziora,Bruk-Bet Termalica Nieciecza,Napastnik,0,1.6,0.0,0%,https://fantasy.ekstraklasa.org/player/348
349,Wołodymyr Kowal,Bruk-Bet Termalica Nieciecza,Napastnik,0,1.0,0.0,0%,https://fantasy.ekstraklasa.org/player/349
350,Stefan Nikolić,Bruk-Bet Termalica Nieciecza,Napastnik,0,1.3,0.0,0%,https://fantasy.ekstraklasa.org/player/350
351,Michał Buchalik,Ruch Chorzów,Bramkarz,0,1.6,0.0,0%,https://fantasy.ekstraklasa.org/player/351
352,Michał Miśkiewicz,Korona Kielce,Bramkarz,0,1.6,0.0,0%,https://fantasy.ekstraklasa.org/player/352
353,Mateusz Zając,Wisła Kraków,Bramkarz,0,0.7,0.0,0%,https://fantasy.ekstraklasa.org/player/353
354,Jakub Bartosz,Puszcza Niepołomice,Obrońca,0,1.6,0.0,0%,https://fantasy.ekstraklasa.org/player/354
355,Michał Czekaj,Wisła Kraków,Obrońca,0,1.8,0.0,0%,https://fantasy.ekstraklasa.org/player/355
356,Arkadiusz Głowacki,Wisła Kraków,Obrońca,0,1.8,0.0,0%,https://fantasy.ekstraklasa.org/player/356
357,Richárd Guzmics,Wisła Kraków,Obrońca,0,2.1,0.0,0%,https://fantasy.ekstraklasa.org/player/357
358,Boban Jović,Śląsk Wrocław,Obrońca,0,1.5,0.0,0%,https://fantasy.ekstraklasa.org/player/358
359,Krystian Kujawa,Wisła Kraków,Obrońca,0,0.7,0.0,0%,https://fantasy.ekstraklasa.org/player/359
360,Adam Mójta,Piast Gliwice,Obrońca,0,1.5,0.0,0%,https://fantasy.ekstraklasa.org/player/360
361,Rafał Pietrzak,Lechia Gdańsk,Obrońca,0,1.7,0.0,0%,https://fantasy.ekstraklasa.org/player/361
362,Maciej Sadlok,Ruch Chorzów,Obrońca,0,1.7,0.0,0%,https://fantasy.ekstraklasa.org/player/362
363,Szymon Witek,Wisła Kraków,Obrońca,0,0.7,0.0,0%,https://fantasy.ekstraklasa.org/player/363
364,Piotr Żemło,Wisła Kraków,Obrońca,0,0.8,0.0,0%,https://fantasy.ekstraklasa.org/player/364
365,Rafał Boguski,Wisła Kraków,Pomocnik,0,1.7,0.0,0%,https://fantasy.ekstraklasa.org/player/365
366,Petar Brlek,Wisła Kraków,Pomocnik,0,2.0,0.0,0%,https://fantasy.ekstraklasa.org/player/366
367,Tomasz Cywka,Lech Poznań,Pomocnik,0,1.6,0.0,0%,https://fantasy.ekstraklasa.org/player/367
368,Wilde-Donald Guerrier,Wisła Kraków,Pomocnik,0,1.0,0.0,0%,https://fantasy.ekstraklasa.org/player/368
369,Grzegorz Gulczyński,Wisła Kraków,Pomocnik,0,0.7,0.0,0%,https://fantasy.ekstraklasa.org/player/369
370,Patryk Małecki,Wisła Kraków,Pomocnik,0,1.8,0.0,0%,https://fantasy.ekstraklasa.org/player/370
371,Krzysztof Mączyński,Śląsk Wrocław,Pomocnik,0,1.8,0.0,0%,https://fantasy.ekstraklasa.org/player/371
372,Jakub Mordec,Wisła Kraków,Pomocnik,0,0.7,0.0,0%,https://fantasy.ekstraklasa.org/player/372
373,Denis Popovič,Wisła Kraków,Pomocnik,0,1.9,0.0,0%,https://fantasy.ekstraklasa.org/player/373
374,Alan Uryga,Wisła Kraków,Obrońca,0,1.8,0.0,0%,https://fantasy.ekstraklasa.org/player/374
375,Oskar Wąsikowski,Wisła Kraków,Pomocnik,0,0.7,0.0,0%,https://fantasy.ekstraklasa.org/player/375
376,Paweł Brożek,Wisła Kraków,Napastnik,0,1.9,0.0,0%,https://fantasy.ekstraklasa.org/player/376
378,Zdeněk Ondrášek,Wisła Kraków,Napastnik,0,1.9,0.0,0%,https://fantasy.ekstraklasa.org/player/378
379,Adrian Wójcik,Wisła Kraków,Napastnik,0,0.7,0.0,0%,https://fantasy.ekstraklasa.org/player/379
380,Mateusz Zachara,Wisła Kraków,Napastnik,0,1.8,0.0,0%,https://fantasy.ekstraklasa.org/player/380
381,Konrad Forenc,Korona Kielce,Bramkarz,0,1.6,0.0,0%,https://fantasy.ekstraklasa.org/player/381
382,Dominik Hładun,Zagłębie Lubin,Bramkarz,0,1.7,0.0,0%,https://fantasy.ekstraklasa.org/player/382
383,Martin Polaček,Podbeskidzie Bielsko-Biała,Bramkarz,0,1.7,0.0,0%,https://fantasy.ekstraklasa.org/player/383
384,Đorđe Čotra,Śląsk Wrocław,Obrońca,0,1.6,0.0,0%,https://fantasy.ekstraklasa.org/player/384
385,Maciej Dąbrowski,ŁKS Łódź,Obrońca,0,1.8,0.0,0%,https://fantasy.ekstraklasa.org/player/385
386,Daniel Dziwniel,Górnik Łęczna,Obrońca,0,1.6,0.0,0%,https://fantasy.ekstraklasa.org/player/386
387,Ľubomír Guldan,Zagłębie Lubin,Obrońca,0,1.9,0.0,0%,https://fantasy.ekstraklasa.org/player/387
388,Jarosław Jach,Zagłębie Lubin,Obrońca,0,1.7,0.0,0%,https://fantasy.ekstraklasa.org/player/388
389,Sebastian Madera,Zagłębie Lubin,Obrońca,0,1.6,0.0,0%,https://fantasy.ekstraklasa.org/player/389
390,Aleksandar Todorovski,Zagłębie Lubin,Obrońca,0,1.5,0.0,0%,https://fantasy.ekstraklasa.org/player/390
391,Damian Zbozień,Wisła Płock,Obrońca,0,1.6,0.0,0%,https://fantasy.ekstraklasa.org/player/391
393,Łukasz Janoszka,Zagłębie Lubin,Pomocnik,0,1.7,0.0,0%,https://fantasy.ekstraklasa.org/player/393
394,Krzysztof Janus,Arka Gdynia,Pomocnik,0,1.6,0.0,0%,https://fantasy.ekstraklasa.org/player/394
397,Łukasz Piątek,ŁKS Łódź,Pomocnik,0,1.8,0.0,0%,https://fantasy.ekstraklasa.org/player/397
398,Adrian Rakowski,Podbeskidzie Bielsko-Biała,Pomocnik,0,1.6,0.0,0%,https://fantasy.ekstraklasa.org/player/398
399,Filip Starzyński,Ruch Chorzów,Pomocnik,0,1.8,0.0,0%,https://fantasy.ekstraklasa.org/player/399
400,Jakub Tosik,Zagłębie Lubin,Pomocnik,0,1.5,0.0,0%,https://fantasy.ekstraklasa.org/player/400
401,Ján Vlasko,Zagłębie Lubin,Pomocnik,0,1.7,0.0,0%,https://fantasy.ekstraklasa.org/player/401
402,Arkadiusz Woźniak,Zagłębie Lubin,Pomocnik,0,1.7,0.0,0%,https://fantasy.ekstraklasa.org/player/402
403,Karol Żmijewski,Zagłębie Lubin,Pomocnik,0,0.7,0.0,0%,https://fantasy.ekstraklasa.org/player/403
404,Paweł Żyra,Stal Mielec,Pomocnik,0,1.6,0.0,0%,https://fantasy.ekstraklasa.org/player/404
405,Konrad Andrzejczak,Zagłębie Lubin,Pomocnik,0,0.7,0.0,0%,https://fantasy.ekstraklasa.org/player/405
406,Michal Papadopulos,Korona Kielce,Napastnik,0,1.7,0.0,0%,https://fantasy.ekstraklasa.org/player/406
407,Krzysztof Piątek,Cracovia,Napastnik,0,2.9,0.0,0%,https://fantasy.ekstraklasa.org/player/407
408,Artur Siemaszko,Puszcza Niepołomice,Napastnik,0,1.7,0.0,0%,https://fantasy.ekstraklasa.org/player/408
409,Konrad Jałocha,Stal Mielec,Bramkarz,0,1.5,0.0,0%,https://fantasy.ekstraklasa.org/player/409
410,Kamil Kotkowski,Arka Gdynia,Bramkarz,0,0.7,0.0,0%,https://fantasy.ekstraklasa.org/player/410
412,Pavels Šteinbors,Jagiellonia Białystok,Bramkarz,0,1.7,0.0,0%,https://fantasy.ekstraklasa.org/player/412
413,Alan,Arka Gdynia,Obrońca,0,1.4,0.0,0%,https://fantasy.ekstraklasa.org/player/413
414,Adam Marciniak,ŁKS Łódź,Obrońca,0,1.6,0.0,0%,https://fantasy.ekstraklasa.org/player/414
416,Krzysztof Sobieraj,Arka Gdynia,Obrońca,0,1.3,0.0,0%,https://fantasy.ekstraklasa.org/player/416
417,Tadeusz Socha,Arka Gdynia,Obrońca,0,1.5,0.0,0%,https://fantasy.ekstraklasa.org/player/417
418,Dawid Sołdecki,Arka Gdynia,Obrońca,0,1.7,0.0,0%,https://fantasy.ekstraklasa.org/player/418
419,Przemysław Stolc,Arka Gdynia,Obrońca,0,1.6,0.0,0%,https://fantasy.ekstraklasa.org/player/419
420,Marcin Warcholak,Wisła Płock,Obrońca,0,1.7,0.0,0%,https://fantasy.ekstraklasa.org/player/420
421,Tomasz Wojcinowicz,Puszcza Niepołomice,Obrońca,0,1.1,0.0,0%,https://fantasy.ekstraklasa.org/player/421
422,Paweł Wojowski,Arka Gdynia,Pomocnik,0,0.8,0.0,0%,https://fantasy.ekstraklasa.org/player/422
424,Miroslav Božok,Arka Gdynia,Pomocnik,0,1.6,0.0,0%,https://fantasy.ekstraklasa.org/player/424
425,Yannick Kakoko,Arka Gdynia,Pomocnik,0,1.5,0.0,0%,https://fantasy.ekstraklasa.org/player/425
426,Antoni Łukasiewicz,Arka Gdynia,Pomocnik,0,1.4,0.0,0%,https://fantasy.ekstraklasa.org/player/426
427,Marcus Vinícius,Arka Gdynia,Pomocnik,0,1.7,0.0,0%,https://fantasy.ekstraklasa.org/player/427
428,Damian Mosiejko,Arka Gdynia,Pomocnik,0,0.7,0.0,0%,https://fantasy.ekstraklasa.org/player/428
429,Michał Nalepa,Jagiellonia Białystok,Pomocnik,0,1.8,0.0,0%,https://fantasy.ekstraklasa.org/player/429
430,Rafał Siemaszko,Arka Gdynia,Napastnik,0,1.5,0.0,0%,https://fantasy.ekstraklasa.org/player/430
431,Mateusz Szwoch,Wisła Płock,Pomocnik,0,2.0,0.0,0%,https://fantasy.ekstraklasa.org/player/431
433,Rashid Yussuff,Arka Gdynia,Pomocnik,0,1.3,0.0,0%,https://fantasy.ekstraklasa.org/player/433
434,Paweł Abbott,Arka Gdynia,Napastnik,0,1.6,0.0,0%,https://fantasy.ekstraklasa.org/player/434
436,Patrik Lomski,Arka Gdynia,Napastnik,0,0.7,0.0,0%,https://fantasy.ekstraklasa.org/player/436
437,Gastón Sangoy,Arka Gdynia,Napastnik,0,0.7,0.0,0%,https://fantasy.ekstraklasa.org/player/437
438,Dariusz Zjawiński,Arka Gdynia,Napastnik,0,1.6,0.0,0%,https://fantasy.ekstraklasa.org/player/438
439,Bartosz Kaniecki,Wisła Płock,Bramkarz,0,1.4,0.0,0%,https://fantasy.ekstraklasa.org/player/439
440,Seweryn Kiełpin,Wisła Płock,Bramkarz,0,1.8,0.0,0%,https://fantasy.ekstraklasa.org/player/440
441,Mateusz Kryczka,Radomiak Radom,Bramkarz,0,1.5,0.0,0%,https://fantasy.ekstraklasa.org/player/441
442,Klaudiusz Kurek,Wisła Płock,Bramkarz,0,0.7,0.0,0%,https://fantasy.ekstraklasa.org/player/442
444,Damian Byrtek,Piast Gliwice,Obrońca,0,1.3,0.0,0%,https://fantasy.ekstraklasa.org/player/444
445,Bartłomiej Sielewski,Wisła Płock,Obrońca,0,1.4,0.0,0%,https://fantasy.ekstraklasa.org/player/445
446,Cezary Stefańczyk,Wisła Płock,Obrońca,0,1.6,0.0,0%,https://fantasy.ekstraklasa.org/player/446
447,Patryk Stępiński,Ruch Chorzów,Obrońca,0,1.8,0.0,0%,https://fantasy.ekstraklasa.org/player/447
448,Kamil Sylwestrzak,Wisła Płock,Obrońca,0,1.6,0.0,0%,https://fantasy.ekstraklasa.org/player/448
449,Przemysław Szymiński,Wisła Płock,Obrońca,0,1.7,0.0,0%,https://fantasy.ekstraklasa.org/player/449
450,Dominik Furman,Wisła Płock,Pomocnik,0,1.8,0.0,0%,https://fantasy.ekstraklasa.org/player/450
451,Dimityr Ilijew,Wisła Płock,Pomocnik,0,1.7,0.0,0%,https://fantasy.ekstraklasa.org/player/451
452,Dawid Jabłoński,Wisła Płock,Pomocnik,0,0.7,0.0,0%,https://fantasy.ekstraklasa.org/player/452
455,Jakub Łukowski,GKS Katowice,Pomocnik,0,1.7,0.0,0%,https://fantasy.ekstraklasa.org/player/455
456,Piotr Mroziński,Puszcza Niepołomice,Obrońca,0,1.6,0.0,0%,https://fantasy.ekstraklasa.org/player/456
457,Damian Piotrowski,Wisła Płock,Pomocnik,0,0.9,0.0,0%,https://fantasy.ekstraklasa.org/player/457
459,Maksymilian Rogalski,Wisła Płock,Pomocnik,0,1.4,0.0,0%,https://fantasy.ekstraklasa.org/player/459
460,Patryk Szczepański,Wisła Płock,Pomocnik,0,0.7,0.0,0%,https://fantasy.ekstraklasa.org/player/460
461,Piotr Wlazło,Stal Mielec,Obrońca,0,1.8,0.0,0%,https://fantasy.ekstraklasa.org/player/461
462,Emil Drozdowicz,Wisła Płock,Napastnik,0,1.0,0.0,0%,https://fantasy.ekstraklasa.org/player/462
463,Mikołaj Lebedyński,Stal Mielec,Napastnik,0,1.7,0.0,0%,https://fantasy.ekstraklasa.org/player/463
464,Kamil Nowicki,Wisła Płock,Napastnik,0,0.7,0.0,0%,https://fantasy.ekstraklasa.org/player/464
465,Krystian Popiela,Wisła Płock,Napastnik,0,0.7,0.0,0%,https://fantasy.ekstraklasa.org/player/465
466,Witalij Hemeha,Wisła Płock,Pomocnik,0,1.5,0.0,0%,https://fantasy.ekstraklasa.org/player/466
468,Siergiej Kriwiec,Arka Gdynia,Pomocnik,0,1.4,0.0,0%,https://fantasy.ekstraklasa.org/player/468
469,José Kanté,Legia Warszawa,Napastnik,0,2.0,0.0,0%,https://fantasy.ekstraklasa.org/player/469
470,Slaven Juriša,Górnik Łęczna,Pomocnik,0,1.6,0.0,0%,https://fantasy.ekstraklasa.org/player/470
471,Seiya Kitano,Pogoń Szczecin,Napastnik,0,1.5,0.0,0%,https://fantasy.ekstraklasa.org/player/471
472,Łukasz Załuska,Pogoń Szczecin,Bramkarz,0,2.0,0.0,0%,https://fantasy.ekstraklasa.org/player/472
473,Miguel Palanca Fernández,Korona Kielce,Pomocnik,0,1.8,0.0,0%,https://fantasy.ekstraklasa.org/player/473
474,Jakub Čunta,Cracovia,Obrońca,0,1.6,0.0,0%,https://fantasy.ekstraklasa.org/player/474
476,Dragomir Vukobratović,Górnik Łęczna,Pomocnik,0,1.7,0.0,0%,https://fantasy.ekstraklasa.org/player/476
477,Steeven Langil,Legia Warszawa,Pomocnik,0,1.8,0.0,0%,https://fantasy.ekstraklasa.org/player/477
478,Vojo Ubiparip,Górnik Łęczna,Napastnik,0,1.6,0.0,0%,https://fantasy.ekstraklasa.org/player/478
479,Diego Ferraresso,Cracovia,Obrońca,0,1.7,0.0,0%,https://fantasy.ekstraklasa.org/player/479
481,Gracjan Komarnicki,Ruch Chorzów,Obrońca,0,0.7,0.0,0%,https://fantasy.ekstraklasa.org/player/481
482,Krzysztof Baran,Bruk-Bet Termalica Nieciecza,Bramkarz,0,1.0,0.0,0%,https://fantasy.ekstraklasa.org/player/482
483,Dawid Nowak,Bruk-Bet Termalica Nieciecza,Napastnik,0,1.1,0.0,0%,https://fantasy.ekstraklasa.org/player/483
484,Marcin Kowalczyk,Ruch Chorzów,Obrońca,0,1.8,0.0,0%,https://fantasy.ekstraklasa.org/player/484
485,Vadis Odjidja-Ofoe,Legia Warszawa,Pomocnik,0,4.1,0.0,0%,https://fantasy.ekstraklasa.org/player/485
486,Jakub Wróbel,Stal Mielec,Napastnik,0,1.4,0.0,0%,https://fantasy.ekstraklasa.org/player/486
487,Giorgi Merebaszwili,Wisła Płock,Pomocnik,0,2.0,0.0,0%,https://fantasy.ekstraklasa.org/player/487
488,Steven Vitoria,Lechia Gdańsk,Obrońca,0,1.7,0.0,0%,https://fantasy.ekstraklasa.org/player/488
489,Simeon Sławczew,Lechia Gdańsk,Pomocnik,0,1.8,0.0,0%,https://fantasy.ekstraklasa.org/player/489
490,Mario Engels,Śląsk Wrocław,Pomocnik,0,1.5,0.0,0%,https://fantasy.ekstraklasa.org/player/490
491,Mateusz Wieteska,Legia Warszawa,Obrońca,0,2.1,0.0,0%,https://fantasy.ekstraklasa.org/player/491
492,Sebastian Szymański,Legia Warszawa,Pomocnik,0,3.2,0.0,0%,https://fantasy.ekstraklasa.org/player/492
493,Kamil Poźniak,Górnik Łęczna,Pomocnik,0,1.4,0.0,0%,https://fantasy.ekstraklasa.org/player/493
494,Sito Riera,Śląsk Wrocław,Pomocnik,0,1.7,0.0,0%,https://fantasy.ekstraklasa.org/player/494
495,Martin Nespor,Zagłębie Lubin,Napastnik,0,2.0,0.0,0%,https://fantasy.ekstraklasa.org/player/495
497,João Nunes,Lechia Gdańsk,Obrońca,0,1.8,0.0,0%,https://fantasy.ekstraklasa.org/player/497
498,Haubert Sityá Guilherme,Jagiellonia Białystok,Obrońca,0,2.0,0.0,0%,https://fantasy.ekstraklasa.org/player/498
499,Miroslav Radović,Legia Warszawa,Pomocnik,0,1.8,0.0,0%,https://fantasy.ekstraklasa.org/player/499
500,Waleri Kazaiszwili,Legia Warszawa,Pomocnik,0,2.0,0.0,0%,https://fantasy.ekstraklasa.org/player/500
501,Piotr Malarczyk,Korona Kielce,Obrońca,0,1.7,0.0,0%,https://fantasy.ekstraklasa.org/player/501
502,Eduards Višņakovs,Ruch Chorzów,Napastnik,0,1.5,0.0,0%,https://fantasy.ekstraklasa.org/player/502
503,Roman Gergel,Bruk-Bet Termalica Nieciecza,Pomocnik,0,1.8,0.0,0%,https://fantasy.ekstraklasa.org/player/503
504,Deimantas Petravičius,Zagłębie Lubin,Pomocnik,0,1.8,0.0,0%,https://fantasy.ekstraklasa.org/player/504
505,Javi Hernández,Cracovia,Pomocnik,0,2.1,0.0,0%,https://fantasy.ekstraklasa.org/player/505
506,Winicjusz Wanicki,Bruk-Bet Termalica Nieciecza,Pomocnik,0,0.7,0.0,0%,https://fantasy.ekstraklasa.org/player/506
507,Daniel Abalo,Korona Kielce,Pomocnik,0,1.6,0.0,0%,https://fantasy.ekstraklasa.org/player/507
508,Cornel Râpă,Cracovia,Obrońca,0,1.8,0.0,0%,https://fantasy.ekstraklasa.org/player/508
509,Andrij Waceba,Arka Gdynia,Pomocnik,0,1.4,0.0,0%,https://fantasy.ekstraklasa.org/player/509
511,Ivica Vrdoljak,Wisła Płock,Pomocnik,0,1.4,0.0,0%,https://fantasy.ekstraklasa.org/player/511
512,Dominik Hofbauer,Arka Gdynia,Pomocnik,0,1.7,0.0,0%,https://fantasy.ekstraklasa.org/player/512
513,Denis Perger,Lechia Gdańsk,Obrońca,0,1.6,0.0,0%,https://fantasy.ekstraklasa.org/player/513
514,Łukasz Bejger,Śląsk Wrocław,Obrońca,0,1.7,0.0,0%,https://fantasy.ekstraklasa.org/player/514
515,Sandro Gotal,Piast Gliwice,Napastnik,0,1.6,0.0,0%,https://fantasy.ekstraklasa.org/player/515
516,Libor Hrdlička,Ruch Chorzów,Bramkarz,0,1.8,0.0,0%,https://fantasy.ekstraklasa.org/player/516
517,Nika Dzalamidze,Górnik Łęczna,Pomocnik,0,1.7,0.0,0%,https://fantasy.ekstraklasa.org/player/517
518,Michał Walski,Puszcza Niepołomice,Pomocnik,0,1.7,0.0,0%,https://fantasy.ekstraklasa.org/player/518
519,Przemysław Porębski,Wisła Kraków,Pomocnik,0,0.7,0.0,0%,https://fantasy.ekstraklasa.org/player/519
520,Konrad Michalak,Lechia Gdańsk,Pomocnik,0,1.8,0.0,0%,https://fantasy.ekstraklasa.org/player/520
521,Paweł Tomczyk,Stal Mielec,Napastnik,0,1.6,0.0,0%,https://fantasy.ekstraklasa.org/player/521
522,Semir Štilić,Wisła Płock,Pomocnik,0,1.6,0.0,0%,https://fantasy.ekstraklasa.org/player/522
523,Daniel Chima Chukwu,Legia Warszawa,Napastnik,0,1.5,0.0,0%,https://fantasy.ekstraklasa.org/player/523
524,Wołodymyr Kostewycz,Warta Poznań,Obrońca,0,1.8,0.0,0%,https://fantasy.ekstraklasa.org/player/524
526,Luka Zarandia,Korona Kielce,Pomocnik,0,1.8,0.0,0%,https://fantasy.ekstraklasa.org/player/526
528,Arvydas Novikovas,Legia Warszawa,Pomocnik,0,2.3,0.0,0%,https://fantasy.ekstraklasa.org/player/528
529,Iván González,Wisła Kraków,Obrońca,0,1.8,0.0,0%,https://fantasy.ekstraklasa.org/player/529
530,Jakub Mrozik,Bruk-Bet Termalica Nieciecza,Pomocnik,0,1.3,0.0,0%,https://fantasy.ekstraklasa.org/player/530
531,Jakub Żubrowski,Zagłębie Lubin,Pomocnik,0,1.7,0.0,0%,https://fantasy.ekstraklasa.org/player/531
532,Jaroslav Mihalik,Lechia Gdańsk,Pomocnik,0,1.8,0.0,0%,https://fantasy.ekstraklasa.org/player/532
533,Mihai Radut,Lech Poznań,Pomocnik,0,1.7,0.0,0%,https://fantasy.ekstraklasa.org/player/533
534,Mate Cincadze,Pogoń Szczecin,Pomocnik,0,1.3,0.0,0%,https://fantasy.ekstraklasa.org/player/534
536,Dominik Nagy,Legia Warszawa,Pomocnik,0,1.9,0.0,0%,https://fantasy.ekstraklasa.org/player/536
537,Sadam Sulley,Legia Warszawa,Napastnik,0,1.5,0.0,0%,https://fantasy.ekstraklasa.org/player/537
538,Eryk Sobków,Zagłębie Lubin,Napastnik,0,0.8,0.0,0%,https://fantasy.ekstraklasa.org/player/538
539,Mateusz Węsierski,Arka Gdynia,Napastnik,0,0.7,0.0,0%,https://fantasy.ekstraklasa.org/player/539
540,Dawid Smug,Górnik Łęczna,Bramkarz,0,0.7,0.0,0%,https://fantasy.ekstraklasa.org/player/540
541,Bartłomiej Greniuk,Górnik Łęczna,Napastnik,0,0.7,0.0,0%,https://fantasy.ekstraklasa.org/player/541
542,Krystian Miś,Wisła Płock,Obrońca,0,1.5,0.0,0%,https://fantasy.ekstraklasa.org/player/542
543,Charlie Trafford,Korona Kielce,Pomocnik,0,0.8,0.0,0%,https://fantasy.ekstraklasa.org/player/543
544,Sandro Kulenović,Legia Warszawa,Napastnik,0,2.0,0.0,0%,https://fantasy.ekstraklasa.org/player/544
545,Jakub Freitag,Piast Gliwice,Bramkarz,0,0.7,0.0,0%,https://fantasy.ekstraklasa.org/player/545
546,Dominik Budzyński,ŁKS Łódź,Bramkarz,0,1.0,0.0,0%,https://fantasy.ekstraklasa.org/player/546
547,Łukasz Wiech,Śląsk Wrocław,Obrońca,0,0.7,0.0,0%,https://fantasy.ekstraklasa.org/player/547
548,Ariel Borysiuk,Jagiellonia Białystok,Pomocnik,0,1.8,0.0,0%,https://fantasy.ekstraklasa.org/player/548
549,Ziggy Gordon,Jagiellonia Białystok,Obrońca,0,2.0,0.0,0%,https://fantasy.ekstraklasa.org/player/549
550,Tomáš Necid,Legia Warszawa,Napastnik,0,2.5,0.0,0%,https://fantasy.ekstraklasa.org/player/550
551,Przemysław Trytko,Arka Gdynia,Napastnik,0,2.0,0.0,0%,https://fantasy.ekstraklasa.org/player/551
552,Ilijan Micanski,Korona Kielce,Napastnik,0,2.3,0.0,0%,https://fantasy.ekstraklasa.org/player/552
553,Jakub Bartkowski,Warta Poznań,Obrońca,0,1.8,0.0,0%,https://fantasy.ekstraklasa.org/player/553
554,Bartłomiej Urbański,Legia Warszawa,Pomocnik,0,0.7,0.0,0%,https://fantasy.ekstraklasa.org/player/554
555,Pol Llonch,Wisła Kraków,Pomocnik,0,1.9,0.0,0%,https://fantasy.ekstraklasa.org/player/555
556,Tymoteusz Puchacz,GKS Katowice,Obrońca,0,1.9,0.0,0%,https://fantasy.ekstraklasa.org/player/556
557,Josimar Atoche,Górnik Łęczna,Pomocnik,0,1.8,0.0,0%,https://fantasy.ekstraklasa.org/player/557
558,Dušan Kuciak,Raków Częstochowa,Bramkarz,0,1.6,0.0,0%,https://fantasy.ekstraklasa.org/player/558
559,Gino van Kessel,Lechia Gdańsk,Napastnik,0,2.0,0.0,0%,https://fantasy.ekstraklasa.org/player/559
560,Hugo Vidémont,Wisła Kraków,Pomocnik,0,1.9,0.0,0%,https://fantasy.ekstraklasa.org/player/560
561,Matija Špičić,Wisła Kraków,Obrońca,0,1.9,0.0,0%,https://fantasy.ekstraklasa.org/player/561
562,Lukáš Čmelík,Piast Gliwice,Pomocnik,0,1.5,0.0,0%,https://fantasy.ekstraklasa.org/player/562
564,Víctor Gutiérrez,Lech Poznań,Pomocnik,0,1.2,0.0,0%,https://fantasy.ekstraklasa.org/player/564
565,Milan Borjan,Korona Kielce,Bramkarz,0,1.5,0.0,0%,https://fantasy.ekstraklasa.org/player/565
566,Nadir Çiftçi,Pogoń Szczecin,Napastnik,0,1.8,0.0,0%,https://fantasy.ekstraklasa.org/player/566
567,Éver Valencia,Wisła Kraków,Pomocnik,0,1.8,0.0,0%,https://fantasy.ekstraklasa.org/player/567
568,Cristián Echavarría,Wisła Kraków,Pomocnik,0,1.5,0.0,0%,https://fantasy.ekstraklasa.org/player/568
569,Krystian Peda,Bruk-Bet Termalica Nieciecza,Pomocnik,0,1.2,0.0,0%,https://fantasy.ekstraklasa.org/player/569
570,Michał Smolarczyk,Korona Kielce,Napastnik,0,0.7,0.0,0%,https://fantasy.ekstraklasa.org/player/570
571,Elvis Kokalović,Lech Poznań,Obrońca,0,2.0,0.0,0%,https://fantasy.ekstraklasa.org/player/571
572,Mateusz Prolejko,Jagiellonia Białystok,Pomocnik,0,0.7,0.0,0%,https://fantasy.ekstraklasa.org/player/572
573,Stefan Aškovski,Górnik Łęczna,Obrońca,0,1.6,0.0,0%,https://fantasy.ekstraklasa.org/player/573
574,Bartosz Slisz,Legia Warszawa,Pomocnik,0,1.9,0.0,0%,https://fantasy.ekstraklasa.org/player/574
575,Radosław Dzierbicki,Zagłębie Lubin,Pomocnik,0,0.7,0.0,0%,https://fantasy.ekstraklasa.org/player/575
576,Cillian Sheridan,Wisła Płock,Napastnik,0,1.6,0.0,0%,https://fantasy.ekstraklasa.org/player/576
577,Martin Mikovič,Bruk-Bet Termalica Nieciecza,Pomocnik,0,1.7,0.0,0%,https://fantasy.ekstraklasa.org/player/577
578,Oliver Zelenika,Lechia Gdańsk,Bramkarz,0,1.5,0.0,0%,https://fantasy.ekstraklasa.org/player/578
579,Harmeet Singh,Wisła Płock,Pomocnik,0,1.8,0.0,0%,https://fantasy.ekstraklasa.org/player/579
581,Dominik Jończy,Zagłębie Lubin,Obrońca,0,1.7,0.0,0%,https://fantasy.ekstraklasa.org/player/581
582,Denis Gojko,Piast Gliwice,Pomocnik,0,1.3,0.0,0%,https://fantasy.ekstraklasa.org/player/582
583,Adrian Łyszczarz,Śląsk Wrocław,Pomocnik,0,1.7,0.0,0%,https://fantasy.ekstraklasa.org/player/583
584,Wojciech Słomka,Wisła Kraków,Pomocnik,0,0.9,0.0,0%,https://fantasy.ekstraklasa.org/player/584
585,Kacper Laskoś,Wisła Kraków,Pomocnik,0,0.7,0.0,0%,https://fantasy.ekstraklasa.org/player/585
586,Piotr Nowak,Bruk-Bet Termalica Nieciecza,Pomocnik,0,0.7,0.0,0%,https://fantasy.ekstraklasa.org/player/586
588,Dawid Kieplin,Wisła Płock,Pomocnik,0,0.7,0.0,0%,https://fantasy.ekstraklasa.org/player/588
589,Seweryn Truskolaski,Wisła Płock,Pomocnik,0,0.7,0.0,0%,https://fantasy.ekstraklasa.org/player/589
590,Kamil Słoma,Ruch Chorzów,Pomocnik,0,0.7,0.0,0%,https://fantasy.ekstraklasa.org/player/590
591,Marcin Mielczarski,Wisła Płock,Obrońca,0,0.7,0.0,0%,https://fantasy.ekstraklasa.org/player/591
592,Daniel Łuczak,Śląsk Wrocław,Pomocnik,0,1.0,0.0,0%,https://fantasy.ekstraklasa.org/player/592
593,Łukasz Krakowczyk,Piast Gliwice,Napastnik,0,0.7,0.0,0%,https://fantasy.ekstraklasa.org/player/593
595,Piotr Poński,Korona Kielce,Napastnik,0,0.7,0.0,0%,https://fantasy.ekstraklasa.org/player/595
596,Szczepan Kogut,Bruk-Bet Termalica Nieciecza,Pomocnik,0,0.7,0.0,0%,https://fantasy.ekstraklasa.org/player/596
597,Arkadiusz Moczadło,Arka Gdynia,Bramkarz,0,0.7,0.0,0%,https://fantasy.ekstraklasa.org/player/597
598,Adam Danch,Arka Gdynia,Obrońca,0,1.7,0.0,0%,https://fantasy.ekstraklasa.org/player/598
599,Ruben Jurado,Arka Gdynia,Napastnik,0,1.8,0.0,0%,https://fantasy.ekstraklasa.org/player/599
600,Adrian Klimczak,ŁKS Łódź,Pomocnik,0,1.5,0.0,0%,https://fantasy.ekstraklasa.org/player/600
601,Tomáš Košút,Arka Gdynia,Obrońca,0,1.7,0.0,0%,https://fantasy.ekstraklasa.org/player/601
602,Lennard Sowah,Cracovia,Obrońca,0,1.6,0.0,0%,https://fantasy.ekstraklasa.org/player/602
605,Sergei Zenjov,Cracovia,Napastnik,0,1.4,0.0,0%,https://fantasy.ekstraklasa.org/player/605
606,Adrian Jurkowski,Sandecja Nowy Sącz,Obrońca,0,0.7,0.0,0%,https://fantasy.ekstraklasa.org/player/606
607,Julian Grzegorczyk,Sandecja Nowy Sącz,Bramkarz,0,0.7,0.0,0%,https://fantasy.ekstraklasa.org/player/607
608,Łukasz Radliński,Lech Poznań,Bramkarz,0,0.7,0.0,0%,https://fantasy.ekstraklasa.org/player/608
609,Mateusz Bartków,Sandecja Nowy Sącz,Obrońca,0,1.0,0.0,0%,https://fantasy.ekstraklasa.org/player/609
610,Adrian Danek,GKS Katowice,Obrońca,0,1.6,0.0,0%,https://fantasy.ekstraklasa.org/player/610
611,Michal Piter-Bučko,Sandecja Nowy Sącz,Obrońca,0,1.8,0.0,0%,https://fantasy.ekstraklasa.org/player/611
612,Kamil Słaby,Bruk-Bet Termalica Nieciecza,Obrońca,0,1.7,0.0,0%,https://fantasy.ekstraklasa.org/player/612
613,Michał Szeliga,Sandecja Nowy Sącz,Obrońca,0,0.7,0.0,0%,https://fantasy.ekstraklasa.org/player/613
614,Dawid Szufryn,Sandecja Nowy Sącz,Obrońca,0,1.6,0.0,0%,https://fantasy.ekstraklasa.org/player/614
615,Grzegorz Baran,Sandecja Nowy Sącz,Pomocnik,0,1.7,0.0,0%,https://fantasy.ekstraklasa.org/player/615
616,Bartłomiej Dudzic,Sandecja Nowy Sącz,Pomocnik,0,1.7,0.0,0%,https://fantasy.ekstraklasa.org/player/616
617,Bartłomiej Kasprzak,Sandecja Nowy Sącz,Pomocnik,0,1.6,0.0,0%,https://fantasy.ekstraklasa.org/player/617
618,Szymon Kuźma,Sandecja Nowy Sącz,Pomocnik,0,0.9,0.0,0%,https://fantasy.ekstraklasa.org/player/618
619,Maciej Małkowski,Sandecja Nowy Sącz,Pomocnik,0,1.7,0.0,0%,https://fantasy.ekstraklasa.org/player/619
620,Hubert Maślanka,Sandecja Nowy Sącz,Pomocnik,0,0.7,0.0,0%,https://fantasy.ekstraklasa.org/player/620
621,Kacper Smoleń,Sandecja Nowy Sącz,Pomocnik,0,0.7,0.0,0%,https://fantasy.ekstraklasa.org/player/621
622,Wojciech Trochim,Sandecja Nowy Sącz,Pomocnik,0,1.8,0.0,0%,https://fantasy.ekstraklasa.org/player/622
623,Dawid Janczyk,Sandecja Nowy Sącz,Napastnik,0,1.6,0.0,0%,https://fantasy.ekstraklasa.org/player/623
624,Maciej Korzym,Sandecja Nowy Sącz,Napastnik,0,1.4,0.0,0%,https://fantasy.ekstraklasa.org/player/624
625,Filip Piszczek,Jagiellonia Białystok,Napastnik,0,1.6,0.0,0%,https://fantasy.ekstraklasa.org/player/625
626,Sebastian Leszczak,Sandecja Nowy Sącz,Pomocnik,0,0.7,0.0,0%,https://fantasy.ekstraklasa.org/player/626
627,Michał Gałecki,Sandecja Nowy Sącz,Pomocnik,0,1.3,0.0,0%,https://fantasy.ekstraklasa.org/player/627
628,Jakub Więcławek,Sandecja Nowy Sącz,Pomocnik,0,0.7,0.0,0%,https://fantasy.ekstraklasa.org/player/628
629,Lukáš Kubáň,Sandecja Nowy Sącz,Obrońca,0,1.5,0.0,0%,https://fantasy.ekstraklasa.org/player/629
630,Michał Gliwa,Stal Mielec,Bramkarz,0,1.5,0.0,0%,https://fantasy.ekstraklasa.org/player/630
631,Adrian Basta,Sandecja Nowy Sącz,Obrońca,0,1.5,0.0,0%,https://fantasy.ekstraklasa.org/player/631
634,Tomasz Zając,Sandecja Nowy Sącz,Pomocnik,0,1.4,0.0,0%,https://fantasy.ekstraklasa.org/player/634
636,Nika Kaczarawa,Lech Poznań,Napastnik,0,1.8,0.0,0%,https://fantasy.ekstraklasa.org/player/636
637,Mateusz Kuchta,Zagłębie Lubin,Bramkarz,0,1.0,0.0,0%,https://fantasy.ekstraklasa.org/player/637
638,Grzegorz Kasprzik,Górnik Zabrze,Bramkarz,0,1.2,0.0,0%,https://fantasy.ekstraklasa.org/player/638
641,Marcis Ošs,Górnik Zabrze,Obrońca,0,1.4,0.0,0%,https://fantasy.ekstraklasa.org/player/641
642,Ołeksandr Szeweluchin,Górnik Zabrze,Obrońca,0,1.3,0.0,0%,https://fantasy.ekstraklasa.org/player/642
644,Erik Grendel,Górnik Zabrze,Pomocnik,0,1.6,0.0,0%,https://fantasy.ekstraklasa.org/player/644
646,Aleksander Kwiek,Górnik Zabrze,Pomocnik,0,1.0,0.0,0%,https://fantasy.ekstraklasa.org/player/646
647,Szymon Matuszek,Miedź Legnica,Pomocnik,0,1.6,0.0,0%,https://fantasy.ekstraklasa.org/player/647
648,Bartosz Pikul,Górnik Zabrze,Pomocnik,0,0.7,0.0,0%,https://fantasy.ekstraklasa.org/player/648
649,Mariusz Przybylski,Górnik Zabrze,Pomocnik,0,1.2,0.0,0%,https://fantasy.ekstraklasa.org/player/649
650,Michał Teichman,Górnik Zabrze,Obrońca,0,1.0,0.0,0%,https://fantasy.ekstraklasa.org/player/650
651,Daniel Wajsak,Górnik Zabrze,Pomocnik,0,0.7,0.0,0%,https://fantasy.ekstraklasa.org/player/651
652,Krzysztof Kiklaisz,Górnik Zabrze,Napastnik,0,0.7,0.0,0%,https://fantasy.ekstraklasa.org/player/652
653,Dariusz Pawłowski,Radomiak Radom,Obrońca,0,1.7,0.0,0%,https://fantasy.ekstraklasa.org/player/653
654,Szymon Skrzypczak,Górnik Zabrze,Napastnik,0,1.9,0.0,0%,https://fantasy.ekstraklasa.org/player/654
655,Marcin Urynowicz,Górnik Zabrze,Napastnik,0,1.6,0.0,0%,https://fantasy.ekstraklasa.org/player/655
656,Bartłomiej Olszewski,Górnik Zabrze,Obrońca,0,1.6,0.0,0%,https://fantasy.ekstraklasa.org/player/656
657,Dawid Plizga,Górnik Zabrze,Pomocnik,0,2.8,0.0,0%,https://fantasy.ekstraklasa.org/player/657
658,Łukasz Wolsztyński,Stal Mielec,Napastnik,0,1.7,0.0,0%,https://fantasy.ekstraklasa.org/player/658
659,Konrad Nowak,Górnik Zabrze,Pomocnik,0,1.4,0.0,0%,https://fantasy.ekstraklasa.org/player/659
660,Bartłomiej Gajda,Górnik Zabrze,Obrońca,0,0.7,0.0,0%,https://fantasy.ekstraklasa.org/player/660
661,Adam Wolniewicz,Górnik Zabrze,Obrońca,0,1.6,0.0,0%,https://fantasy.ekstraklasa.org/player/661
662,Igor Angulo,Górnik Zabrze,Napastnik,0,2.8,0.0,0%,https://fantasy.ekstraklasa.org/player/662
663,Rafał Kosznik,Górnik Zabrze,Obrońca,0,1.9,0.0,0%,https://fantasy.ekstraklasa.org/player/663
665,David Ledecký,Górnik Zabrze,Napastnik,0,1.5,0.0,0%,https://fantasy.ekstraklasa.org/player/665
666,Wojciech Pawłowski,Górnik Zabrze,Bramkarz,0,1.2,0.0,0%,https://fantasy.ekstraklasa.org/player/666
667,Szymon Żurkowski,Górnik Zabrze,Pomocnik,0,2.0,0.0,0%,https://fantasy.ekstraklasa.org/player/667
668,Denis Jančo,Górnik Zabrze,Pomocnik,0,1.4,0.0,0%,https://fantasy.ekstraklasa.org/player/668
669,Sandi Arčon,Górnik Zabrze,Pomocnik,0,1.0,0.0,0%,https://fantasy.ekstraklasa.org/player/669
670,Meik Karwot,Radomiak Radom,Obrońca,0,1.6,0.0,0%,https://fantasy.ekstraklasa.org/player/670
671,Dani Suárez,Górnik Zabrze,Obrońca,0,1.8,0.0,0%,https://fantasy.ekstraklasa.org/player/671
672,Tomasz Loska,Górnik Zabrze,Bramkarz,0,1.6,0.0,1%,https://fantasy.ekstraklasa.org/player/672
673,Rafał Wolsztyński R.,Górnik Zabrze,Pomocnik,0,1.4,0.0,0%,https://fantasy.ekstraklasa.org/player/673
674,Nicklas Bärkroth,Lech Poznań,Pomocnik,0,1.9,0.0,0%,https://fantasy.ekstraklasa.org/player/674
675,Vernon De Marco,Lech Poznań,Obrońca,0,1.8,0.0,0%,https://fantasy.ekstraklasa.org/player/675
676,Emir Dilaver,Lech Poznań,Obrońca,0,2.5,0.0,0%,https://fantasy.ekstraklasa.org/player/676
677,Deniss Rakels,Cracovia,Napastnik,0,1.8,0.0,0%,https://fantasy.ekstraklasa.org/player/677
678,Mario Šitum,Lech Poznań,Pomocnik,0,2.1,0.0,0%,https://fantasy.ekstraklasa.org/player/678
679,Jakub Serafin,Puszcza Niepołomice,Pomocnik,0,1.7,0.0,0%,https://fantasy.ekstraklasa.org/player/679
680,Fran Vélez,Wisła Kraków,Obrońca,0,1.7,0.0,0%,https://fantasy.ekstraklasa.org/player/680
682,Florian Schikowski,Lechia Gdańsk,Pomocnik,0,1.0,0.0,0%,https://fantasy.ekstraklasa.org/player/682
683,Aleksander Jagiełło,Górnik Łęczna,Pomocnik,0,1.4,0.0,0%,https://fantasy.ekstraklasa.org/player/683
684,Bartosz Waleńcik,Piast Gliwice,Obrońca,0,0.7,0.0,0%,https://fantasy.ekstraklasa.org/player/684
685,Tomasz Hołota,Pogoń Szczecin,Pomocnik,0,1.2,0.0,0%,https://fantasy.ekstraklasa.org/player/685
686,Sebastian Walukiewicz,Pogoń Szczecin,Obrońca,0,1.8,0.0,0%,https://fantasy.ekstraklasa.org/player/686
687,Aleksandyr Kolew,Stal Mielec,Napastnik,0,1.7,0.0,0%,https://fantasy.ekstraklasa.org/player/687
688,Jakub Kosecki,Cracovia,Pomocnik,0,1.7,0.0,0%,https://fantasy.ekstraklasa.org/player/688
689,Arkadiusz Piech,Śląsk Wrocław,Napastnik,0,1.9,0.0,0%,https://fantasy.ekstraklasa.org/player/689
690,Oktawian Skrzecz,Korona Kielce,Pomocnik,0,1.3,0.0,0%,https://fantasy.ekstraklasa.org/player/690
691,Jakub Wrąbel,Widzew Łódź,Bramkarz,0,1.7,0.0,0%,https://fantasy.ekstraklasa.org/player/691
692,Zoran Arsenić,Raków Częstochowa,Obrońca,0,1.8,0.0,2%,https://fantasy.ekstraklasa.org/player/692
693,Carlos López,Legia Warszawa,Napastnik,0,2.0,0.0,0%,https://fantasy.ekstraklasa.org/player/693
694,Julián Cuesta,Wisła Kraków,Bramkarz,0,1.8,0.0,0%,https://fantasy.ekstraklasa.org/player/694
695,Tibor Halilović,Wisła Kraków,Pomocnik,0,1.7,0.0,0%,https://fantasy.ekstraklasa.org/player/695
696,Paul Pârvulescu,Wisła Płock,Pomocnik,0,1.4,0.0,0%,https://fantasy.ekstraklasa.org/player/696
697,César Varela,Wisła Płock,Pomocnik,0,1.9,0.0,0%,https://fantasy.ekstraklasa.org/player/697
699,Adam Matuszczyk,Zagłębie Lubin,Pomocnik,0,1.7,0.0,0%,https://fantasy.ekstraklasa.org/player/699
700,Jakub Świerczok,Śląsk Wrocław,Napastnik,0,1.8,0.0,0%,https://fantasy.ekstraklasa.org/player/700
702,Vitālijs Maksimenko,Bruk-Bet Termalica Nieciecza,Obrońca,0,1.7,0.0,0%,https://fantasy.ekstraklasa.org/player/702
703,Ján Mucha,Bruk-Bet Termalica Nieciecza,Bramkarz,0,1.9,0.0,0%,https://fantasy.ekstraklasa.org/player/703
704,Christian Gytkjær,Lech Poznań,Napastnik,0,3.3,0.0,0%,https://fantasy.ekstraklasa.org/player/704
706,Kamil Wojtkowski,Jagiellonia Białystok,Pomocnik,0,1.7,0.0,0%,https://fantasy.ekstraklasa.org/player/706
707,Damian Pietras,Korona Kielce,Obrońca,0,0.7,0.0,0%,https://fantasy.ekstraklasa.org/player/707
708,Eryk Borczyński,Korona Kielce,Pomocnik,0,0.7,0.0,0%,https://fantasy.ekstraklasa.org/player/708
709,Dragoljub Srnić,ŁKS Łódź,Pomocnik,0,1.7,0.0,0%,https://fantasy.ekstraklasa.org/player/709
710,Mateusz Jarzynka,Cracovia,Obrońca,0,0.7,0.0,0%,https://fantasy.ekstraklasa.org/player/710
711,Robert Pieczur,Górnik Zabrze,Obrońca,0,0.7,0.0,0%,https://fantasy.ekstraklasa.org/player/711
712,Jakub Bursztyn,Pogoń Szczecin,Bramkarz,0,1.5,0.0,0%,https://fantasy.ekstraklasa.org/player/712
713,Martin Pospíšil,Jagiellonia Białystok,Pomocnik,0,1.7,0.0,0%,https://fantasy.ekstraklasa.org/player/713
714,Damian Kądzior,Stal Mielec,Pomocnik,0,1.7,0.0,0%,https://fantasy.ekstraklasa.org/player/714
715,Łukasz Kosakiewicz,Korona Kielce,Pomocnik,0,1.7,0.0,0%,https://fantasy.ekstraklasa.org/player/715
716,Alen Ploj,Wisła Płock,Napastnik,0,1.6,0.0,0%,https://fantasy.ekstraklasa.org/player/716
717,Płamen Kraczunow,Sandecja Nowy Sącz,Obrońca,0,1.6,0.0,0%,https://fantasy.ekstraklasa.org/player/717
718,Adnan Kovačević,Raków Częstochowa,Obrońca,0,1.8,0.0,0%,https://fantasy.ekstraklasa.org/player/718
720,Michal Siplak,Puszcza Niepołomice,Obrońca,0,1.6,0.0,0%,https://fantasy.ekstraklasa.org/player/720
721,Nikola Vujadinović,Lech Poznań,Obrońca,0,1.8,0.0,0%,https://fantasy.ekstraklasa.org/player/721
723,Igor Łasicki,Pogoń Szczecin,Obrońca,0,1.6,0.0,0%,https://fantasy.ekstraklasa.org/player/723
724,Zlatan Alomerović,Jagiellonia Białystok,Bramkarz,0,1.9,0.0,0%,https://fantasy.ekstraklasa.org/player/724
725,Matthias Hamrol,Korona Kielce,Bramkarz,0,2.0,0.0,0%,https://fantasy.ekstraklasa.org/player/725
726,Shawn Barry,Korona Kielce,Obrońca,0,1.7,0.0,0%,https://fantasy.ekstraklasa.org/player/726
727,Ivan Jukić,Korona Kielce,Pomocnik,0,1.7,0.0,0%,https://fantasy.ekstraklasa.org/player/727
728,Fabian Burdenski,Korona Kielce,Pomocnik,0,1.3,0.0,0%,https://fantasy.ekstraklasa.org/player/728
729,Michael Gardawski,Cracovia,Pomocnik,0,1.7,0.0,0%,https://fantasy.ekstraklasa.org/player/729
730,Martin Košťál,Jagiellonia Białystok,Pomocnik,0,1.7,0.0,0%,https://fantasy.ekstraklasa.org/player/730
731,Hildeberto Pereira,Legia Warszawa,Pomocnik,0,2.4,0.0,0%,https://fantasy.ekstraklasa.org/player/731
732,Angelos Argýris,Korona Kielce,Obrońca,0,1.7,0.0,0%,https://fantasy.ekstraklasa.org/player/732
733,Daniel Łukasik,Śląsk Wrocław,Pomocnik,0,1.8,0.0,0%,https://fantasy.ekstraklasa.org/player/733
734,Adam Deja,Korona Kielce,Pomocnik,0,1.8,0.0,0%,https://fantasy.ekstraklasa.org/player/734
735,Armando Sadiku,Legia Warszawa,Napastnik,0,2.4,0.0,0%,https://fantasy.ekstraklasa.org/player/735
736,Filip Jazvić,Arka Gdynia,Napastnik,0,1.5,0.0,0%,https://fantasy.ekstraklasa.org/player/736
737,Álvaro Rey,Arka Gdynia,Pomocnik,0,1.8,0.0,0%,https://fantasy.ekstraklasa.org/player/737
738,Ákos Kecskés,Korona Kielce,Obrońca,0,1.8,0.0,0%,https://fantasy.ekstraklasa.org/player/738
739,Bartosz Gęsior,Sandecja Nowy Sącz,Pomocnik,0,0.7,0.0,0%,https://fantasy.ekstraklasa.org/player/739
740,Ołeksij Dytiatjew,Cracovia,Obrońca,0,1.6,0.0,0%,https://fantasy.ekstraklasa.org/player/740
741,Cristian Pasquato,Legia Warszawa,Pomocnik,0,1.8,0.0,0%,https://fantasy.ekstraklasa.org/player/741
742,Joel Valencia,Legia Warszawa,Pomocnik,0,2.1,0.0,0%,https://fantasy.ekstraklasa.org/player/742
743,Sebastian Bonecki,Bruk-Bet Termalica Nieciecza,Pomocnik,0,1.5,0.0,0%,https://fantasy.ekstraklasa.org/player/743
745,Saša Balić,Korona Kielce,Obrońca,0,1.7,0.0,0%,https://fantasy.ekstraklasa.org/player/745
746,Goran Cvijanovič,Arka Gdynia,Pomocnik,0,1.7,0.0,0%,https://fantasy.ekstraklasa.org/player/746
747,Elia Soriano,Korona Kielce,Napastnik,0,2.4,0.0,0%,https://fantasy.ekstraklasa.org/player/747
748,Frederik Helstrup,Arka Gdynia,Obrońca,0,1.6,0.0,0%,https://fantasy.ekstraklasa.org/player/748
749,Błażej Augustyn,Jagiellonia Białystok,Obrońca,0,1.7,0.0,0%,https://fantasy.ekstraklasa.org/player/749
750,José Zé Manuel,Wisła Kraków,Pomocnik,0,1.7,0.0,0%,https://fantasy.ekstraklasa.org/player/750
751,Dario Rugašević,Piast Gliwice,Obrońca,0,1.4,0.0,0%,https://fantasy.ekstraklasa.org/player/751
752,Vullnet Basha,Wisła Kraków,Pomocnik,0,1.8,0.0,0%,https://fantasy.ekstraklasa.org/player/752
753,Iñaki Astiz,Legia Warszawa,Obrońca,0,1.5,0.0,0%,https://fantasy.ekstraklasa.org/player/753
755,Patryk Tuszyński,Wisła Płock,Napastnik,0,1.7,0.0,0%,https://fantasy.ekstraklasa.org/player/755
756,Dawid Pietrzkiewicz,Raków Częstochowa,Bramkarz,0,1.0,0.0,0%,https://fantasy.ekstraklasa.org/player/756
757,Sylwester Lusiusz,Cracovia,Pomocnik,0,1.6,0.0,0%,https://fantasy.ekstraklasa.org/player/757
758,Nemanja Mitrović,Jagiellonia Białystok,Obrońca,0,1.9,0.0,0%,https://fantasy.ekstraklasa.org/player/758
759,Kamil Vacek,Śląsk Wrocław,Pomocnik,0,1.7,0.0,0%,https://fantasy.ekstraklasa.org/player/759
760,Matic Fink,Cracovia,Obrońca,0,1.8,0.0,0%,https://fantasy.ekstraklasa.org/player/760
761,Emil Bergström,Górnik Zabrze,Obrońca,0,2.0,0.0,0%,https://fantasy.ekstraklasa.org/player/761
762,Gabriel Iancu,Bruk-Bet Termalica Nieciecza,Pomocnik,0,1.6,0.0,0%,https://fantasy.ekstraklasa.org/player/762
763,Marko Kolar,Wisła Płock,Napastnik,0,1.8,0.0,0%,https://fantasy.ekstraklasa.org/player/763
764,Romário Baldé,Lechia Gdańsk,Napastnik,0,1.7,0.0,0%,https://fantasy.ekstraklasa.org/player/764
767,Víctor Pérez,Wisła Kraków,Pomocnik,0,1.8,0.0,0%,https://fantasy.ekstraklasa.org/player/767
768,Patryk Paczuk,Pogoń Szczecin,Pomocnik,0,0.7,0.0,0%,https://fantasy.ekstraklasa.org/player/768
769,Konrad Poprawa,Śląsk Wrocław,Obrońca,0,1.7,0.0,0%,https://fantasy.ekstraklasa.org/player/769
770,Szymon Nowicki Sz.,Arka Gdynia,Napastnik,0,0.7,0.0,0%,https://fantasy.ekstraklasa.org/player/770
771,Marcin Wasilewski,Wisła Kraków,Obrońca,0,1.5,0.0,0%,https://fantasy.ekstraklasa.org/player/771
772,Dominik Lasik,Górnik Zabrze,Napastnik,0,0.7,0.0,0%,https://fantasy.ekstraklasa.org/player/772
773,Mathieu Scalet,Motor Lublin,Pomocnik,0,1.6,0.0,1%,https://fantasy.ekstraklasa.org/player/773
775,Dejan Janjatović,Bruk-Bet Termalica Nieciecza,Pomocnik,0,1.3,0.0,0%,https://fantasy.ekstraklasa.org/player/775
776,Sebastian Strózik,Cracovia,Napastnik,0,1.3,0.0,0%,https://fantasy.ekstraklasa.org/player/776
777,Mateusz Żukowski,Śląsk Wrocław,Pomocnik,0,1.8,0.0,0%,https://fantasy.ekstraklasa.org/player/777
778,Alves da Silva Eduardo,Legia Warszawa,Napastnik,0,1.6,0.0,0%,https://fantasy.ekstraklasa.org/player/778
779,Andrij Bohdanow,Arka Gdynia,Pomocnik,0,1.8,0.0,0%,https://fantasy.ekstraklasa.org/player/779
780,Gabriel Matei,Górnik Łęczna,Obrońca,0,1.7,0.0,0%,https://fantasy.ekstraklasa.org/player/780
781,Antonini Čulina,Cracovia,Pomocnik,0,1.5,0.0,0%,https://fantasy.ekstraklasa.org/player/781
782,Ołeksij Chobłenko,Lech Poznań,Napastnik,0,1.9,0.0,0%,https://fantasy.ekstraklasa.org/player/782
783,Thomas Rogne,Lech Poznań,Obrońca,0,2.0,0.0,0%,https://fantasy.ekstraklasa.org/player/783
784,Gerson Gerson,Górnik Łęczna,Obrońca,0,1.8,0.0,0%,https://fantasy.ekstraklasa.org/player/784
785,Domagoj Antolić,Legia Warszawa,Pomocnik,0,2.5,0.0,0%,https://fantasy.ekstraklasa.org/player/785
786,Filip Mladenović,Legia Warszawa,Obrońca,0,2.4,0.0,0%,https://fantasy.ekstraklasa.org/player/786
787,William Rémy,Legia Warszawa,Obrońca,0,2.1,0.0,0%,https://fantasy.ekstraklasa.org/player/787
788,Marko Vešović,Legia Warszawa,Obrońca,0,2.2,0.0,0%,https://fantasy.ekstraklasa.org/player/788
789,Karol Dybowski,Stal Mielec,Bramkarz,0,1.3,0.0,0%,https://fantasy.ekstraklasa.org/player/789
792,Tim Rieder,Śląsk Wrocław,Obrońca,0,1.5,0.0,0%,https://fantasy.ekstraklasa.org/player/792
793,Nikola Mitrović,Wisła Kraków,Pomocnik,0,1.9,0.0,0%,https://fantasy.ekstraklasa.org/player/793
794,Thomas Dähne,Wisła Płock,Bramkarz,0,1.8,0.0,0%,https://fantasy.ekstraklasa.org/player/794
795,Oskar Zawada,Stal Mielec,Napastnik,0,1.7,0.0,0%,https://fantasy.ekstraklasa.org/player/795
796,Piotr Leciejewski,Zagłębie Lubin,Bramkarz,0,1.0,0.0,0%,https://fantasy.ekstraklasa.org/player/796
797,Nikoloz Kwantaliani,Bruk-Bet Termalica Nieciecza,Pomocnik,0,1.4,0.0,0%,https://fantasy.ekstraklasa.org/player/797
798,Nicolai Brock-Madsen,Cracovia,Napastnik,0,1.7,0.0,0%,https://fantasy.ekstraklasa.org/player/798
800,Daniel Smuga,Górnik Zabrze,Pomocnik,0,1.6,0.0,0%,https://fantasy.ekstraklasa.org/player/800
801,Dejan Lazarević,Jagiellonia Białystok,Pomocnik,0,1.7,0.0,0%,https://fantasy.ekstraklasa.org/player/801
802,Thomas Hateley,Piast Gliwice,Pomocnik,0,1.6,0.0,0%,https://fantasy.ekstraklasa.org/player/802
803,Jakub Grič,Sandecja Nowy Sącz,Pomocnik,0,1.6,0.0,0%,https://fantasy.ekstraklasa.org/player/803
804,Szymon Więckowicz,Arka Gdynia,Bramkarz,0,0.7,0.0,0%,https://fantasy.ekstraklasa.org/player/804
805,Jan Łoś,Arka Gdynia,Napastnik,0,0.8,0.0,0%,https://fantasy.ekstraklasa.org/player/805
806,Daniel Pik,Radomiak Radom,Pomocnik,0,1.4,0.0,0%,https://fantasy.ekstraklasa.org/player/806
807,Wojciech Hajda,Puszcza Niepołomice,Pomocnik,0,1.7,0.0,0%,https://fantasy.ekstraklasa.org/player/807
808,Dariusz Kamiński,Motor Lublin,Pomocnik,0,1.4,0.0,0%,https://fantasy.ekstraklasa.org/player/808
809,Florin Purece,Bruk-Bet Termalica Nieciecza,Pomocnik,0,1.7,0.0,0%,https://fantasy.ekstraklasa.org/player/809
810,Bartosz Bida,Jagiellonia Białystok,Pomocnik,0,1.8,0.0,0%,https://fantasy.ekstraklasa.org/player/810
811,Bartosz Przybysz,Lech Poznań,Bramkarz,0,0.7,0.0,0%,https://fantasy.ekstraklasa.org/player/811
812,Łukasz Turzyniecki,Legia Warszawa,Obrońca,0,0.7,0.0,0%,https://fantasy.ekstraklasa.org/player/812
814,Robert Bartczak,Legia Warszawa,Pomocnik,0,1.4,0.0,0%,https://fantasy.ekstraklasa.org/player/814
815,Mikołaj Kwietniewski,Ruch Chorzów,Pomocnik,0,1.5,0.0,0%,https://fantasy.ekstraklasa.org/player/815
816,Miłosz Szczepański,Piast Gliwice,Pomocnik,0,1.7,0.0,0%,https://fantasy.ekstraklasa.org/player/816
817,Marcel Stefaniak,Pogoń Szczecin,Obrońca,0,0.7,0.0,0%,https://fantasy.ekstraklasa.org/player/817
818,Rafał Maćkowski,Pogoń Szczecin,Pomocnik,0,0.7,0.0,0%,https://fantasy.ekstraklasa.org/player/818
819,Damian Pawłowski,Stal Mielec,Pomocnik,0,1.0,0.0,0%,https://fantasy.ekstraklasa.org/player/819
820,Aron Stasiak,Pogoń Szczecin,Napastnik,0,0.7,0.0,0%,https://fantasy.ekstraklasa.org/player/820
821,Alexandru Benga,Sandecja Nowy Sącz,Obrońca,0,1.6,0.0,0%,https://fantasy.ekstraklasa.org/player/821
822,Paweł Kucharczyk,Śląsk Wrocław,Obrońca,0,0.7,0.0,0%,https://fantasy.ekstraklasa.org/player/822
823,Maciej Buławski,Śląsk Wrocław,Pomocnik,0,0.7,0.0,0%,https://fantasy.ekstraklasa.org/player/823
824,Matej Palčič,Wisła Kraków,Obrońca,0,1.6,0.0,0%,https://fantasy.ekstraklasa.org/player/824
825,Kacper Chorążka,Wisła Kraków,Bramkarz,0,0.7,0.0,0%,https://fantasy.ekstraklasa.org/player/825
826,Piotr Świątko,Wisła Kraków,Obrońca,0,0.7,0.0,0%,https://fantasy.ekstraklasa.org/player/826
828,Błażej Skórski,Miedź Legnica,Pomocnik,0,0.7,0.0,0%,https://fantasy.ekstraklasa.org/player/828
829,Damian Oko,Zagłębie Lubin,Obrońca,0,1.6,0.0,0%,https://fantasy.ekstraklasa.org/player/829
831,Dawid Pakulski,Zagłębie Lubin,Pomocnik,0,1.5,0.0,0%,https://fantasy.ekstraklasa.org/player/831
832,Morten Rasmussen,Pogoń Szczecin,Napastnik,0,1.7,0.0,0%,https://fantasy.ekstraklasa.org/player/832
833,Bödvar Bödvarsson,Jagiellonia Białystok,Obrońca,0,1.3,0.0,0%,https://fantasy.ekstraklasa.org/player/833
834,Niko Datković,Cracovia,Obrońca,0,1.6,0.0,0%,https://fantasy.ekstraklasa.org/player/834
835,Jakub Mareš,Zagłębie Lubin,Napastnik,0,1.8,0.0,0%,https://fantasy.ekstraklasa.org/player/835
836,Roman Bezjak,Jagiellonia Białystok,Napastnik,0,2.2,0.0,0%,https://fantasy.ekstraklasa.org/player/836
837,Joona Toivio,Bruk-Bet Termalica Nieciecza,Obrońca,0,1.9,0.0,0%,https://fantasy.ekstraklasa.org/player/837
838,Chris Philipps,Legia Warszawa,Pomocnik,0,2.0,0.0,0%,https://fantasy.ekstraklasa.org/player/838
839,Sanel Kapidžić,Korona Kielce,Napastnik,0,1.7,0.0,0%,https://fantasy.ekstraklasa.org/player/839
840,Oliver Petrak,Korona Kielce,Pomocnik,0,1.7,0.0,0%,https://fantasy.ekstraklasa.org/player/840
841,Elvir Koljić,Lech Poznań,Napastnik,0,1.8,0.0,0%,https://fantasy.ekstraklasa.org/player/841
842,Enrique Esqueda,Arka Gdynia,Napastnik,0,1.9,0.0,0%,https://fantasy.ekstraklasa.org/player/842
843,Zlatko Janjić,Korona Kielce,Pomocnik,0,1.8,0.0,0%,https://fantasy.ekstraklasa.org/player/843
844,Adrian Gryszkiewicz,Raków Częstochowa,Obrońca,0,1.8,0.0,0%,https://fantasy.ekstraklasa.org/player/844
845,Przemysław Macierzyński,Lechia Gdańsk,Napastnik,0,0.7,0.0,0%,https://fantasy.ekstraklasa.org/player/845
846,Tymoteusz Klupś,Lech Poznań,Pomocnik,0,1.5,0.0,0%,https://fantasy.ekstraklasa.org/player/846
847,Mikkel Kirkeskov,Zagłębie Lubin,Obrońca,0,1.9,0.0,0%,https://fantasy.ekstraklasa.org/player/847
848,Pawło Ksionz,Sandecja Nowy Sącz,Pomocnik,0,1.7,0.0,0%,https://fantasy.ekstraklasa.org/player/848
849,Carlos Cafu,Legia Warszawa,Pomocnik,0,2.4,0.0,0%,https://fantasy.ekstraklasa.org/player/849
851,Mateusz Cholewiak,Puszcza Niepołomice,Pomocnik,0,1.7,0.0,0%,https://fantasy.ekstraklasa.org/player/851
852,dos Santos Maurício,Legia Warszawa,Obrońca,0,1.9,0.0,0%,https://fantasy.ekstraklasa.org/player/852
853,Achilléas Poúngouras,Arka Gdynia,Obrońca,0,1.7,0.0,0%,https://fantasy.ekstraklasa.org/player/853
854,Brian Iloski,Legia Warszawa,Pomocnik,0,1.5,0.0,0%,https://fantasy.ekstraklasa.org/player/854
855,Damir Šovšić,Sandecja Nowy Sącz,Pomocnik,0,1.8,0.0,0%,https://fantasy.ekstraklasa.org/player/855
856,Martin Adamec,Jagiellonia Białystok,Pomocnik,0,1.7,0.0,0%,https://fantasy.ekstraklasa.org/player/856
857,Daniel Liszka,Górnik Zabrze,Pomocnik,0,1.4,0.0,0%,https://fantasy.ekstraklasa.org/player/857
858,Adrian Benedyczak,Pogoń Szczecin,Napastnik,0,1.7,0.0,0%,https://fantasy.ekstraklasa.org/player/858
859,Piotr Pierzchała,Korona Kielce,Obrońca,0,0.8,0.0,0%,https://fantasy.ekstraklasa.org/player/859
861,Michał Dziubek,Korona Kielce,Obrońca,0,0.7,0.0,0%,https://fantasy.ekstraklasa.org/player/861
919,Paweł Kapsa,Miedź Legnica,Bramkarz,0,1.2,0.0,0%,https://fantasy.ekstraklasa.org/player/919
920,Łukasz Sapela,Miedź Legnica,Bramkarz,0,1.4,0.0,0%,https://fantasy.ekstraklasa.org/player/920
921,Piotr Smołuch,Miedź Legnica,Bramkarz,0,0.7,0.0,0%,https://fantasy.ekstraklasa.org/player/921
922,Frank Adu Kwame,Miedź Legnica,Obrońca,0,1.6,0.0,0%,https://fantasy.ekstraklasa.org/player/922
924,Grzegorz Bartczak,Miedź Legnica,Obrońca,0,1.8,0.0,0%,https://fantasy.ekstraklasa.org/player/924
925,Tomislav Božić,Miedź Legnica,Obrońca,0,1.6,0.0,0%,https://fantasy.ekstraklasa.org/player/925
926,Jonathan de Amo,Górnik Łęczna,Obrońca,0,1.7,0.0,0%,https://fantasy.ekstraklasa.org/player/926
927,Kornel Osyra,Podbeskidzie Bielsko-Biała,Obrońca,0,1.6,0.0,0%,https://fantasy.ekstraklasa.org/player/927
928,Fryderyk Stasiak,Miedź Legnica,Obrońca,0,0.7,0.0,0%,https://fantasy.ekstraklasa.org/player/928
929,Paweł Zieliński,Widzew Łódź,Obrońca,0,1.7,0.0,0%,https://fantasy.ekstraklasa.org/player/929
930,Michał Bartkowiak,Śląsk Wrocław,Pomocnik,0,0.9,0.0,0%,https://fantasy.ekstraklasa.org/player/930
931,Mladen Bartulović,Miedź Legnica,Pomocnik,0,1.6,0.0,0%,https://fantasy.ekstraklasa.org/player/931
932,Mateusz Cieślik,Miedź Legnica,Pomocnik,0,0.7,0.0,0%,https://fantasy.ekstraklasa.org/player/932
933,Tamás Egerszegi,Miedź Legnica,Pomocnik,0,1.7,0.0,0%,https://fantasy.ekstraklasa.org/player/933
934,Petteri Forsell,Korona Kielce,Pomocnik,0,1.6,0.0,0%,https://fantasy.ekstraklasa.org/player/934
935,Karol Gardzielewicz,Miedź Legnica,Pomocnik,0,0.8,0.0,0%,https://fantasy.ekstraklasa.org/player/935
936,Łukasz Garguła,Miedź Legnica,Pomocnik,0,1.6,0.0,0%,https://fantasy.ekstraklasa.org/player/936
937,Wojciech Łobodziński,Miedź Legnica,Pomocnik,0,1.6,0.0,0%,https://fantasy.ekstraklasa.org/player/937
938,Marquitos,Miedź Legnica,Pomocnik,0,1.8,0.0,0%,https://fantasy.ekstraklasa.org/player/938
940,Adrian Purzycki,Miedź Legnica,Pomocnik,0,1.7,0.0,0%,https://fantasy.ekstraklasa.org/player/940
942,Fabian Piasecki,Piast Gliwice,Napastnik,0,1.7,0.0,0%,https://fantasy.ekstraklasa.org/player/942
943,Omar Santana,Miedź Legnica,Pomocnik,0,1.6,0.0,0%,https://fantasy.ekstraklasa.org/player/943
944,Tomasz Żyliński,Miedź Legnica,Napastnik,0,0.8,0.0,0%,https://fantasy.ekstraklasa.org/player/944
945,Mateusz Piątkowski,Miedź Legnica,Napastnik,0,1.6,0.0,0%,https://fantasy.ekstraklasa.org/player/945
946,Luiz Carlos Deleu,Miedź Legnica,Obrońca,0,2.0,0.0,0%,https://fantasy.ekstraklasa.org/player/946
947,Aleksander Kłosek,Zagłębie Sosnowiec,Bramkarz,0,0.7,0.0,0%,https://fantasy.ekstraklasa.org/player/947
949,Matko Perdijić,Zagłębie Sosnowiec,Bramkarz,0,1.0,0.0,0%,https://fantasy.ekstraklasa.org/player/949
950,Mateusz Cichocki,Radomiak Radom,Obrońca,0,1.7,0.0,1%,https://fantasy.ekstraklasa.org/player/950
952,Igor Krzykowski,Zagłębie Sosnowiec,Obrońca,0,0.7,0.0,0%,https://fantasy.ekstraklasa.org/player/952
954,Tomasz Nawotka,Legia Warszawa,Obrońca,0,1.2,0.0,0%,https://fantasy.ekstraklasa.org/player/954
955,Nuno Malheiro,Zagłębie Sosnowiec,Obrońca,0,1.4,0.0,0%,https://fantasy.ekstraklasa.org/player/955
958,Žarko Udovičić,Raków Częstochowa,Pomocnik,0,1.6,0.0,0%,https://fantasy.ekstraklasa.org/player/958
959,Konrad Wrzesiński,Stal Mielec,Pomocnik,0,1.7,0.0,0%,https://fantasy.ekstraklasa.org/player/959
960,Adam Banasiak,Radomiak Radom,Pomocnik,0,1.6,0.0,0%,https://fantasy.ekstraklasa.org/player/960
961,Michał Kieca,Zagłębie Sosnowiec,Pomocnik,0,1.0,0.0,0%,https://fantasy.ekstraklasa.org/player/961
962,Wojciech Łuczak,ŁKS Łódź,Pomocnik,0,1.5,0.0,0%,https://fantasy.ekstraklasa.org/player/962
963,Rafał Makowski,Śląsk Wrocław,Pomocnik,0,1.6,0.0,0%,https://fantasy.ekstraklasa.org/player/963
965,Łukasz Mozler,Zagłębie Sosnowiec,Pomocnik,0,0.8,0.0,0%,https://fantasy.ekstraklasa.org/player/965
966,Patryk Mularczyk,Zagłębie Sosnowiec,Pomocnik,0,1.5,0.0,0%,https://fantasy.ekstraklasa.org/player/966
967,Tomasz Nowak,Podbeskidzie Bielsko-Biała,Pomocnik,0,1.6,0.0,0%,https://fantasy.ekstraklasa.org/player/967
968,Martin Pribula,Zagłębie Sosnowiec,Pomocnik,0,1.4,0.0,0%,https://fantasy.ekstraklasa.org/player/968
969,Alexandre Christovao,Zagłębie Sosnowiec,Napastnik,0,1.9,0.0,0%,https://fantasy.ekstraklasa.org/player/969
970,Jan Janosz,Zagłębie Sosnowiec,Napastnik,0,0.9,0.0,0%,https://fantasy.ekstraklasa.org/player/970
971,Szymon Lewicki,Raków Częstochowa,Napastnik,0,1.9,0.0,0%,https://fantasy.ekstraklasa.org/player/971
972,Vamara Sanogo,Górnik Zabrze,Napastnik,0,1.7,0.0,0%,https://fantasy.ekstraklasa.org/player/972
973,Bartłomiej Babiarz,Zagłębie Sosnowiec,Pomocnik,0,1.7,0.0,0%,https://fantasy.ekstraklasa.org/player/973
974,Callum Rzonca,Zagłębie Sosnowiec,Pomocnik,0,1.7,0.0,0%,https://fantasy.ekstraklasa.org/player/974
975,Konrad Kumor,Zagłębie Sosnowiec,Obrońca,0,0.8,0.0,0%,https://fantasy.ekstraklasa.org/player/975
976,Karol Danielak,Widzew Łódź,Pomocnik,0,1.8,0.0,0%,https://fantasy.ekstraklasa.org/player/976
977,Michał Janota,Arka Gdynia,Pomocnik,0,3.2,0.0,0%,https://fantasy.ekstraklasa.org/player/977
978,Christian Maghoma,Arka Gdynia,Obrońca,0,1.6,0.0,0%,https://fantasy.ekstraklasa.org/player/978
980,Jakub Staniszewski,Arka Gdynia,Pomocnik,0,0.7,0.0,0%,https://fantasy.ekstraklasa.org/player/980
981,Robert Sulewski,Arka Gdynia,Obrońca,0,1.4,0.0,0%,https://fantasy.ekstraklasa.org/player/981
982,Oskar Ryk,Arka Gdynia,Pomocnik,0,0.7,0.0,0%,https://fantasy.ekstraklasa.org/player/982
983,Gerard Oliva,Cracovia,Napastnik,0,1.5,0.0,0%,https://fantasy.ekstraklasa.org/player/983
984,Radosław Kruppa,Cracovia,Obrońca,0,0.7,0.0,0%,https://fantasy.ekstraklasa.org/player/984
985,Robert Ożóg,Cracovia,Pomocnik,0,0.7,0.0,0%,https://fantasy.ekstraklasa.org/player/985
986,Michał Wiśniewski,Cracovia,Pomocnik,0,0.9,0.0,0%,https://fantasy.ekstraklasa.org/player/986
989,Adam Ryczkowski,Górnik Zabrze,Napastnik,0,1.4,0.0,0%,https://fantasy.ekstraklasa.org/player/989
990,Kamil Surowiec,Górnik Zabrze,Obrońca,0,0.7,0.0,0%,https://fantasy.ekstraklasa.org/player/990
993,Wato Arweladze,Korona Kielce,Napastnik,0,1.6,0.0,0%,https://fantasy.ekstraklasa.org/player/993
995,Mateusz Machaj,Jagiellonia Białystok,Pomocnik,0,2.0,0.0,0%,https://fantasy.ekstraklasa.org/player/995
996,Mikołaj Nawrocki,Jagiellonia Białystok,Pomocnik,0,0.7,0.0,0%,https://fantasy.ekstraklasa.org/player/996
997,Uroš Djuranović,Korona Kielce,Napastnik,0,1.6,0.0,0%,https://fantasy.ekstraklasa.org/player/997
998,Paweł Sokół,Górnik Zabrze,Bramkarz,0,1.2,0.0,0%,https://fantasy.ekstraklasa.org/player/998
999,Marek Kozioł,ŁKS Łódź,Bramkarz,0,1.3,0.0,0%,https://fantasy.ekstraklasa.org/player/999
1000,Pedro Tiba,Lech Poznań,Pomocnik,0,1.9,0.0,0%,https://fantasy.ekstraklasa.org/player/1000
1001,Karol Szymański,Piast Gliwice,Bramkarz,0,1.5,0.0,0%,https://fantasy.ekstraklasa.org/player/1001
1002,Maciej Orłowski,Górnik Łęczna,Obrońca,0,1.3,0.0,0%,https://fantasy.ekstraklasa.org/player/1002
1003,Božo Musa,Miedź Legnica,Obrońca,0,1.5,0.0,0%,https://fantasy.ekstraklasa.org/player/1003
1004,Jakub Arak,GKS Katowice,Napastnik,0,1.6,0.0,0%,https://fantasy.ekstraklasa.org/player/1004
1005,Karol Fila,Lechia Gdańsk,Obrońca,0,1.8,0.0,0%,https://fantasy.ekstraklasa.org/player/1005
1006,Daniel Mikołajewski,Zagłębie Lubin,Napastnik,0,1.4,0.0,0%,https://fantasy.ekstraklasa.org/player/1006
1007,Maciej Woźniak,Lechia Gdańsk,Bramkarz,0,0.7,0.0,0%,https://fantasy.ekstraklasa.org/player/1007
1008,Mateusz Hołownia,Legia Warszawa,Obrońca,0,1.8,0.0,0%,https://fantasy.ekstraklasa.org/player/1008
1009,Henrik Ojamaa,Miedź Legnica,Pomocnik,0,1.9,0.0,0%,https://fantasy.ekstraklasa.org/player/1009
1011,Piotr Parzyszek,Pogoń Szczecin,Napastnik,0,1.8,0.0,0%,https://fantasy.ekstraklasa.org/player/1011
1012,Patryk Sokołowski,Cracovia,Pomocnik,0,1.7,0.0,0%,https://fantasy.ekstraklasa.org/player/1012
1013,Soufian Benyamina,Pogoń Szczecin,Napastnik,0,1.6,0.0,0%,https://fantasy.ekstraklasa.org/player/1013
1014,Zvonimir Kožulj,Bruk-Bet Termalica Nieciecza,Pomocnik,0,1.8,0.0,0%,https://fantasy.ekstraklasa.org/player/1014
1015,Mariusz Malec,Pogoń Szczecin,Obrońca,0,1.8,0.0,0%,https://fantasy.ekstraklasa.org/player/1015
1016,David Stec,Lechia Gdańsk,Obrońca,0,1.6,0.0,0%,https://fantasy.ekstraklasa.org/player/1016
1017,Farshad Ahmadzadeh,Śląsk Wrocław,Pomocnik,0,1.5,0.0,0%,https://fantasy.ekstraklasa.org/player/1017
1018,Damian Gąska,Górnik Łęczna,Pomocnik,0,1.8,0.0,0%,https://fantasy.ekstraklasa.org/player/1018
1019,Wojciech Golla,Śląsk Wrocław,Obrońca,0,1.7,0.0,0%,https://fantasy.ekstraklasa.org/player/1019
1021,Mateusz Radecki,Puszcza Niepołomice,Pomocnik,0,1.6,0.0,0%,https://fantasy.ekstraklasa.org/player/1021
1022,Daniel Szczepan,Ruch Chorzów,Napastnik,0,1.9,0.0,0%,https://fantasy.ekstraklasa.org/player/1022
1023,Dariusz Szczerbal,Śląsk Wrocław,Bramkarz,0,0.7,0.0,0%,https://fantasy.ekstraklasa.org/player/1023
1024,Marcin Grabowski,Bruk-Bet Termalica Nieciecza,Obrońca,0,1.5,0.0,0%,https://fantasy.ekstraklasa.org/player/1024
1025,Riccardo Grym,Wisła Płock,Pomocnik,0,1.2,0.0,0%,https://fantasy.ekstraklasa.org/player/1025
1026,Mateusz Lis,Wisła Kraków,Bramkarz,0,1.8,0.0,0%,https://fantasy.ekstraklasa.org/player/1026
1027,Carlos Tavares Carlitos,Legia Warszawa,Pomocnik,0,1.8,0.0,0%,https://fantasy.ekstraklasa.org/player/1027
1028,Patryk Wieliczko,Wisła Płock,Pomocnik,0,0.9,0.0,0%,https://fantasy.ekstraklasa.org/player/1028
1029,Bartłomiej Żynel,Jagiellonia Białystok,Bramkarz,0,1.4,0.0,0%,https://fantasy.ekstraklasa.org/player/1029
1030,Krystian Ogrodowski,Wisła Płock,Pomocnik,0,0.7,0.0,0%,https://fantasy.ekstraklasa.org/player/1030
1031,Olaf Nowak,Zagłębie Lubin,Napastnik,0,1.5,0.0,0%,https://fantasy.ekstraklasa.org/player/1031
1032,Dejan Vokič,Zagłębie Sosnowiec,Pomocnik,0,1.6,0.0,0%,https://fantasy.ekstraklasa.org/player/1032
1033,Junior Torunarigha,Zagłębie Sosnowiec,Napastnik,0,1.8,0.0,0%,https://fantasy.ekstraklasa.org/player/1033
1034,Luka Marić,Arka Gdynia,Obrońca,0,1.6,0.0,0%,https://fantasy.ekstraklasa.org/player/1034
1035,Maksymilian Banaszewski,Arka Gdynia,Pomocnik,0,1.6,0.0,0%,https://fantasy.ekstraklasa.org/player/1035
1036,Szymon Łapiński,Jagiellonia Białystok,Pomocnik,0,0.7,0.0,0%,https://fantasy.ekstraklasa.org/player/1036
1037,Kacper Michalski,Ruch Chorzów,Obrońca,0,1.6,0.0,0%,https://fantasy.ekstraklasa.org/player/1037
1038,Bartosz Bartczuk,Górnik Zabrze,Pomocnik,0,0.7,0.0,0%,https://fantasy.ekstraklasa.org/player/1038
1039,Wiktor Biedrzycki,Bruk-Bet Termalica Nieciecza,Obrońca,0,1.5,0.0,0%,https://fantasy.ekstraklasa.org/player/1039
1040,Michał Ozga,Jagiellonia Białystok,Obrońca,0,0.8,0.0,0%,https://fantasy.ekstraklasa.org/player/1040
1041,Patryk Klimala,Śląsk Wrocław,Napastnik,0,1.8,0.0,0%,https://fantasy.ekstraklasa.org/player/1041
1042,Vjačeslavs Kudrjavcevs,Legia Warszawa,Bramkarz,0,1.0,0.0,0%,https://fantasy.ekstraklasa.org/player/1042
1043,Patryk Plewka,Wisła Kraków,Pomocnik,0,1.5,0.0,0%,https://fantasy.ekstraklasa.org/player/1043
1044,Damjan Bohar,Zagłębie Lubin,Pomocnik,0,1.6,0.0,0%,https://fantasy.ekstraklasa.org/player/1044
1045,Władisław Sirotow,Zagłębie Lubin,Pomocnik,0,1.4,0.0,0%,https://fantasy.ekstraklasa.org/player/1045
1046,Mello Mello,Zagłębie Sosnowiec,Pomocnik,0,1.6,0.0,0%,https://fantasy.ekstraklasa.org/player/1046
1047,Egy Maulana Vikri,Lechia Gdańsk,Pomocnik,0,0.8,0.0,0%,https://fantasy.ekstraklasa.org/player/1047
1048,Artur Pikk,Miedź Legnica,Obrońca,0,1.7,0.0,0%,https://fantasy.ekstraklasa.org/player/1048
1049,Mateusz Sopoćko,Warta Poznań,Pomocnik,0,0.9,0.0,0%,https://fantasy.ekstraklasa.org/player/1049
1050,Anton Kanibołoćkyj,Miedź Legnica,Bramkarz,0,1.7,0.0,0%,https://fantasy.ekstraklasa.org/player/1050
1051,Eladio Jiménez Elady,Cracovia,Pomocnik,0,2.2,0.0,0%,https://fantasy.ekstraklasa.org/player/1051
1052,Adrian Kajpust,Cracovia,Obrońca,0,0.7,0.0,0%,https://fantasy.ekstraklasa.org/player/1052
1053,Cavalcante Ricardinho,Wisła Płock,Napastnik,0,2.0,0.0,0%,https://fantasy.ekstraklasa.org/player/1053
1054,Maciej Śliwa,ŁKS Łódź,Pomocnik,0,1.5,0.0,0%,https://fantasy.ekstraklasa.org/player/1054
1055,Tomasz Makowski,Zagłębie Lubin,Pomocnik,0,1.7,0.0,0%,https://fantasy.ekstraklasa.org/player/1055
1056,Adrian Czaplak,Zagłębie Sosnowiec,Bramkarz,0,0.7,0.0,0%,https://fantasy.ekstraklasa.org/player/1056
1057,Jakub Pawlik,Zagłębie Sosnowiec,Pomocnik,0,0.7,0.0,0%,https://fantasy.ekstraklasa.org/player/1057
1058,Stanisław Wawrzynowicz,Pogoń Szczecin,Pomocnik,0,0.7,0.0,0%,https://fantasy.ekstraklasa.org/player/1058
1059,Kornel Kordas,Korona Kielce,Obrońca,0,0.7,0.0,0%,https://fantasy.ekstraklasa.org/player/1059
1060,João Amaral,Lech Poznań,Pomocnik,0,2.0,0.0,0%,https://fantasy.ekstraklasa.org/player/1060
1061,Felicio Brown Forbes,Wisła Kraków,Napastnik,0,1.8,0.0,0%,https://fantasy.ekstraklasa.org/player/1061
1062,Michael Heinloth,Zagłębie Sosnowiec,Obrońca,0,1.7,0.0,0%,https://fantasy.ekstraklasa.org/player/1062
1063,Dionisio Villalba Dioni,Lech Poznań,Napastnik,0,2.0,0.0,0%,https://fantasy.ekstraklasa.org/player/1063
1064,Fran Cruz,Miedź Legnica,Obrońca,0,1.7,0.0,0%,https://fantasy.ekstraklasa.org/player/1064
1065,Iker Guarrotxena,Pogoń Szczecin,Pomocnik,0,1.8,0.0,0%,https://fantasy.ekstraklasa.org/player/1065
1066,Mile Savković,Jagiellonia Białystok,Pomocnik,0,1.7,0.0,0%,https://fantasy.ekstraklasa.org/player/1066
1067,Jakub Miszczuk,Jagiellonia Białystok,Bramkarz,0,0.8,0.0,0%,https://fantasy.ekstraklasa.org/player/1067
1068,Artur Sobiech,Lech Poznań,Napastnik,0,1.7,0.0,0%,https://fantasy.ekstraklasa.org/player/1068
1069,Borja Fernández,Miedź Legnica,Pomocnik,0,1.7,0.0,0%,https://fantasy.ekstraklasa.org/player/1069
1070,Juan Cámara,Jagiellonia Białystok,Pomocnik,0,1.8,0.0,0%,https://fantasy.ekstraklasa.org/player/1070
1071,Mateusz Młyński,Wisła Kraków,Pomocnik,0,1.6,0.0,0%,https://fantasy.ekstraklasa.org/player/1071
1072,Iván Márquez,Cracovia,Obrońca,0,1.8,0.0,0%,https://fantasy.ekstraklasa.org/player/1072
1073,Matej Pučko,Korona Kielce,Pomocnik,0,1.9,0.0,0%,https://fantasy.ekstraklasa.org/player/1073
1074,Sierdier Sierdierow,Cracovia,Napastnik,0,1.8,0.0,0%,https://fantasy.ekstraklasa.org/player/1074
1075,Justas Lasickas,Jagiellonia Białystok,Pomocnik,0,1.8,0.0,0%,https://fantasy.ekstraklasa.org/player/1075
1076,Tomás Podstawski,Ruch Chorzów,Pomocnik,0,1.7,0.0,0%,https://fantasy.ekstraklasa.org/player/1076
1077,Karsten Ayong,Piast Gliwice,Napastnik,0,1.6,0.0,0%,https://fantasy.ekstraklasa.org/player/1077
1078,Janusz Gol,Górnik Łęczna,Pomocnik,0,1.8,0.0,0%,https://fantasy.ekstraklasa.org/player/1078
1079,Dimítris Goútas,Lech Poznań,Obrońca,0,1.8,0.0,0%,https://fantasy.ekstraklasa.org/player/1079
1081,Karol Stanek,Piast Gliwice,Napastnik,0,0.7,0.0,0%,https://fantasy.ekstraklasa.org/player/1081
1082,Airam Cabrera,Wisła Płock,Napastnik,0,1.8,0.0,0%,https://fantasy.ekstraklasa.org/player/1082
1083,Vinícius Ferreira,Cracovia,Napastnik,0,1.2,0.0,0%,https://fantasy.ekstraklasa.org/player/1083
1084,Matheus Santos,Cracovia,Pomocnik,0,1.0,0.0,0%,https://fantasy.ekstraklasa.org/player/1084
1085,Michał Żyro,Jagiellonia Białystok,Napastnik,0,1.8,0.0,0%,https://fantasy.ekstraklasa.org/player/1085
1087,André Martins,Legia Warszawa,Pomocnik,0,1.9,0.0,0%,https://fantasy.ekstraklasa.org/player/1087
1088,Łukasz Poręba,Zagłębie Lubin,Pomocnik,0,1.7,0.0,0%,https://fantasy.ekstraklasa.org/player/1088
1089,Marcel Zapytowski,Korona Kielce,Bramkarz,0,1.5,0.0,0%,https://fantasy.ekstraklasa.org/player/1089
1091,Marko Poletanovič,Zagłębie Lubin,Pomocnik,0,1.7,0.0,0%,https://fantasy.ekstraklasa.org/player/1091
1092,Piotr Samiec-Talar,Śląsk Wrocław,Pomocnik,0,1.7,0.0,0%,https://fantasy.ekstraklasa.org/player/1092
1093,Aleksandar Milijkovic,Miedź Legnica,Obrońca,0,1.6,0.0,0%,https://fantasy.ekstraklasa.org/player/1093
1094,Filip Marchwiński,Lech Poznań,Pomocnik,0,2.5,0.0,0%,https://fantasy.ekstraklasa.org/player/1094
1095,Santeri Hostikka,Pogoń Szczecin,Pomocnik,0,1.5,0.0,0%,https://fantasy.ekstraklasa.org/player/1095
1096,Hubert Sobol,Widzew Łódź,Napastnik,0,1.6,0.0,0%,https://fantasy.ekstraklasa.org/player/1096
1097,Kacper Krzepisz,Arka Gdynia,Bramkarz,0,0.7,0.0,4%,https://fantasy.ekstraklasa.org/player/1097
1098,Rogelio Chávez,Arka Gdynia,Obrońca,0,1.6,0.0,0%,https://fantasy.ekstraklasa.org/player/1098
1099,Michael Olczyk,Arka Gdynia,Obrońca,0,1.3,0.0,0%,https://fantasy.ekstraklasa.org/player/1099
1100,Agustín Barán,Arka Gdynia,Pomocnik,0,1.6,0.0,0%,https://fantasy.ekstraklasa.org/player/1100
1101,Oskar Bohm,Arka Gdynia,Pomocnik,0,0.7,0.0,0%,https://fantasy.ekstraklasa.org/player/1101
1102,Michał Żebrakowski,Arka Gdynia,Napastnik,0,1.0,0.0,0%,https://fantasy.ekstraklasa.org/player/1102
1103,Sergiu Hanca,Cracovia,Pomocnik,0,2.0,0.0,0%,https://fantasy.ekstraklasa.org/player/1103
1104,Bojan Čečarić,Cracovia,Napastnik,0,1.7,0.0,0%,https://fantasy.ekstraklasa.org/player/1104
1105,Martin Chudý,Górnik Zabrze,Bramkarz,0,2.1,0.0,0%,https://fantasy.ekstraklasa.org/player/1105
1106,Walerian Gwilia,Piast Gliwice,Pomocnik,0,1.8,0.0,0%,https://fantasy.ekstraklasa.org/player/1106
1107,Andrej Kadlec,Jagiellonia Białystok,Obrońca,0,1.5,0.0,0%,https://fantasy.ekstraklasa.org/player/1107
1108,Maciej Twarowski,Jagiellonia Białystok,Napastnik,0,0.7,0.0,0%,https://fantasy.ekstraklasa.org/player/1108
1109,Stefan Šćepović,Jagiellonia Białystok,Napastnik,0,1.8,0.0,0%,https://fantasy.ekstraklasa.org/player/1109
1110,Juliusz Letniowski,Ruch Chorzów,Pomocnik,0,1.8,0.0,0%,https://fantasy.ekstraklasa.org/player/1110
1111,Ognjen Gnjatić,Korona Kielce,Pomocnik,0,1.7,0.0,0%,https://fantasy.ekstraklasa.org/player/1111
1112,Wiktor Pleśnierowicz,Warta Poznań,Obrońca,0,1.4,0.0,0%,https://fantasy.ekstraklasa.org/player/1112
1113,Luís Rocha,Cracovia,Obrońca,0,1.7,0.0,0%,https://fantasy.ekstraklasa.org/player/1113
1114,Salvador Agra,Legia Warszawa,Pomocnik,0,1.6,0.0,0%,https://fantasy.ekstraklasa.org/player/1114
1115,Jan Szpaderski,Radomiak Radom,Bramkarz,0,1.0,0.0,0%,https://fantasy.ekstraklasa.org/player/1115
1116,Hubert Kisiel,Miedź Legnica,Pomocnik,0,0.7,0.0,0%,https://fantasy.ekstraklasa.org/player/1116
1117,Michał Pojasek,Miedź Legnica,Obrońca,0,0.9,0.0,0%,https://fantasy.ekstraklasa.org/player/1117
1118,Patryk Królczyk,Piast Gliwice,Bramkarz,0,0.8,0.0,0%,https://fantasy.ekstraklasa.org/player/1118
1119,Adam Tymiński,Piast Gliwice,Obrońca,0,0.7,0.0,0%,https://fantasy.ekstraklasa.org/player/1119
1120,Jin Izumisawa,Pogoń Szczecin,Pomocnik,0,1.5,0.0,0%,https://fantasy.ekstraklasa.org/player/1120
1121,Maciej Żurawski,Warta Poznań,Pomocnik,0,1.8,0.0,0%,https://fantasy.ekstraklasa.org/player/1121
1122,Damian Korczyk,Wisła Kraków,Obrońca,0,0.7,0.0,0%,https://fantasy.ekstraklasa.org/player/1122
1123,Krzysztof Drzazga,Wisła Kraków,Napastnik,0,1.6,0.0,0%,https://fantasy.ekstraklasa.org/player/1123
1124,Ángel García,Wisła Płock,Obrońca,0,1.7,0.0,0%,https://fantasy.ekstraklasa.org/player/1124
1125,Justinas Marazas,Wisła Płock,Pomocnik,0,1.6,0.0,0%,https://fantasy.ekstraklasa.org/player/1125
1127,Patryk Mucha,Zagłębie Lubin,Pomocnik,0,0.8,0.0,0%,https://fantasy.ekstraklasa.org/player/1127
1129,Lukáš Greššák,Zagłębie Sosnowiec,Obrońca,0,1.5,0.0,0%,https://fantasy.ekstraklasa.org/player/1129
1130,Giorgi Gabedawa,Zagłębie Sosnowiec,Napastnik,0,1.7,0.0,0%,https://fantasy.ekstraklasa.org/player/1130
1131,Giórgos Mýgas,Zagłębie Sosnowiec,Obrońca,0,1.5,0.0,0%,https://fantasy.ekstraklasa.org/player/1131
1132,Martin Tóth,Zagłębie Sosnowiec,Obrońca,0,1.4,0.0,0%,https://fantasy.ekstraklasa.org/player/1132
1133,Tomasz Pietrzak,Zagłębie Sosnowiec,Pomocnik,0,0.7,0.0,0%,https://fantasy.ekstraklasa.org/player/1133
1134,Dawid Ryndak,Zagłębie Sosnowiec,Pomocnik,0,1.5,0.0,0%,https://fantasy.ekstraklasa.org/player/1134
1135,Jakub Jochymek,Zagłębie Sosnowiec,Napastnik,0,0.7,0.0,0%,https://fantasy.ekstraklasa.org/player/1135
1137,Lubambo Musonda,Śląsk Wrocław,Pomocnik,0,1.7,0.0,0%,https://fantasy.ekstraklasa.org/player/1137
1138,Lukáš Hroššo,Cracovia,Bramkarz,0,1.7,0.0,0%,https://fantasy.ekstraklasa.org/player/1138
1139,Giorgi Iwaniszwili,Zagłębie Sosnowiec,Napastnik,0,1.7,0.0,0%,https://fantasy.ekstraklasa.org/player/1139
1140,Timur Żamaletdinow,Lech Poznań,Napastnik,0,1.7,0.0,0%,https://fantasy.ekstraklasa.org/player/1140
1141,Maciej Spychała,Wisła Płock,Pomocnik,0,1.5,0.0,0%,https://fantasy.ekstraklasa.org/player/1141
1142,Jakub Błaszczykowski,Wisła Kraków,Pomocnik,0,1.6,0.0,0%,https://fantasy.ekstraklasa.org/player/1142
1143,Michał Karbownik,Legia Warszawa,Obrońca,0,2.2,0.0,0%,https://fantasy.ekstraklasa.org/player/1143
1144,Joan Román,Miedź Legnica,Pomocnik,0,1.7,0.0,0%,https://fantasy.ekstraklasa.org/player/1144
1145,Vukan Savićević,Wisła Kraków,Pomocnik,0,2.0,0.0,0%,https://fantasy.ekstraklasa.org/player/1145
1146,Aleksander Buksa,GKS Katowice,Napastnik,0,1.7,0.0,0%,https://fantasy.ekstraklasa.org/player/1146
1147,Iuri Medeiros,Legia Warszawa,Pomocnik,0,2.1,0.0,0%,https://fantasy.ekstraklasa.org/player/1147
1148,Giannis Mystakidis,Górnik Zabrze,Pomocnik,0,1.5,0.0,0%,https://fantasy.ekstraklasa.org/player/1148
1149,Ishmael Baidoo,Górnik Zabrze,Pomocnik,0,1.6,0.0,0%,https://fantasy.ekstraklasa.org/player/1149
1150,Oskar Sewerzyński,Korona Kielce,Pomocnik,0,1.5,0.0,0%,https://fantasy.ekstraklasa.org/player/1150
1151,Daniel Morys,Wisła Kraków,Pomocnik,0,0.7,0.0,0%,https://fantasy.ekstraklasa.org/player/1151
1152,Dawid Szot,Wisła Kraków,Obrońca,0,1.4,0.0,0%,https://fantasy.ekstraklasa.org/player/1152
1153,Michał Zięba,Cracovia,Obrońca,0,0.7,0.0,0%,https://fantasy.ekstraklasa.org/player/1153
1154,Rafał Adamski,Miedź Legnica,Napastnik,0,0.7,0.0,0%,https://fantasy.ekstraklasa.org/player/1154
1155,Joonas Tamm,Korona Kielce,Obrońca,0,1.5,0.0,0%,https://fantasy.ekstraklasa.org/player/1155
1156,Jakub Osobiński,Ruch Chorzów,Bramkarz,0,0.9,0.0,0%,https://fantasy.ekstraklasa.org/player/1156
1157,Adam Örn Arnarson,Górnik Zabrze,Obrońca,0,1.6,0.0,0%,https://fantasy.ekstraklasa.org/player/1157
1158,Alen Stevanović,Wisła Płock,Pomocnik,0,1.8,0.0,0%,https://fantasy.ekstraklasa.org/player/1158
1159,Boris Sekulić,Górnik Zabrze,Obrońca,0,1.8,0.0,0%,https://fantasy.ekstraklasa.org/player/1159
1160,Elton Monteiro,Miedź Legnica,Obrońca,0,1.6,0.0,0%,https://fantasy.ekstraklasa.org/player/1160
1161,Emmanuel Kumah,Wisła Kraków,Pomocnik,0,1.6,0.0,0%,https://fantasy.ekstraklasa.org/player/1161
1162,Sosłan Dżanajew,Miedź Legnica,Bramkarz,0,1.7,0.0,0%,https://fantasy.ekstraklasa.org/player/1162
1163,Artur Balicki,Wisła Kraków,Napastnik,0,0.7,0.0,0%,https://fantasy.ekstraklasa.org/player/1163
1164,Aleksandar Bjelica,Korona Kielce,Obrońca,0,1.6,0.0,0%,https://fantasy.ekstraklasa.org/player/1164
1165,Marko Vejinovic,Arka Gdynia,Pomocnik,0,2.1,0.0,0%,https://fantasy.ekstraklasa.org/player/1165
1166,Jake McGing,Wisła Płock,Obrońca,0,1.6,0.0,0%,https://fantasy.ekstraklasa.org/player/1166
1167,Tobiasz Weinzettel,Wisła Kraków,Bramkarz,0,1.4,0.0,0%,https://fantasy.ekstraklasa.org/player/1167
1170,Daniel Hoyo-Kowalski,Wisła Kraków,Obrońca,0,1.0,0.0,0%,https://fantasy.ekstraklasa.org/player/1170
1171,Krzysztof Kołodziej,Lech Poznań,Napastnik,0,0.7,0.0,0%,https://fantasy.ekstraklasa.org/player/1171
1172,Kacper Radkowski,Śląsk Wrocław,Pomocnik,0,0.7,0.0,0%,https://fantasy.ekstraklasa.org/player/1172
1173,Roman Janicki,Zagłębie Sosnowiec,Obrońca,0,0.7,0.0,0%,https://fantasy.ekstraklasa.org/player/1173
1174,Filip Dymerski,Lechia Gdańsk,Obrońca,0,0.8,0.0,0%,https://fantasy.ekstraklasa.org/player/1174
1176,Jakub Wawszczyk,Stal Mielec,Obrońca,0,1.5,0.0,0%,https://fantasy.ekstraklasa.org/player/1176
1177,Azer Bušuladžić,Arka Gdynia,Pomocnik,0,1.7,0.0,0%,https://fantasy.ekstraklasa.org/player/1177
1178,Maksymilian Hebel,Arka Gdynia,Pomocnik,0,1.2,0.0,0%,https://fantasy.ekstraklasa.org/player/1178
1179,Bartosz Nowicki,Arka Gdynia,Pomocnik,0,1.3,0.0,0%,https://fantasy.ekstraklasa.org/player/1179
1180,Santi Samanes,Arka Gdynia,Pomocnik,0,1.6,0.0,0%,https://fantasy.ekstraklasa.org/player/1180
1181,Dominik Stępień,Radomiak Radom,Pomocnik,0,0.7,0.0,0%,https://fantasy.ekstraklasa.org/player/1181
1182,Kamil Antonik,Arka Gdynia,Napastnik,0,1.2,0.0,0%,https://fantasy.ekstraklasa.org/player/1182
1183,David Jablonský,Cracovia,Obrońca,0,1.6,0.0,0%,https://fantasy.ekstraklasa.org/player/1183
1184,Mateusz Pieńczak,Cracovia,Obrońca,0,0.7,0.0,0%,https://fantasy.ekstraklasa.org/player/1184
1185,Bartłomiej Kafel,Cracovia,Pomocnik,0,0.7,0.0,0%,https://fantasy.ekstraklasa.org/player/1185
1187,Pelle van Amersfoort,Cracovia,Pomocnik,0,2.2,0.0,0%,https://fantasy.ekstraklasa.org/player/1187
1188,Patryk Zaucha,Cracovia,Pomocnik,0,0.7,0.0,0%,https://fantasy.ekstraklasa.org/player/1188
1189,Rafael Lopes,Legia Warszawa,Napastnik,0,2.0,0.0,0%,https://fantasy.ekstraklasa.org/player/1189
1190,Rubén López Huesca,Cracovia,Napastnik,0,1.7,0.0,0%,https://fantasy.ekstraklasa.org/player/1190
1191,Filip Bainović,Górnik Zabrze,Pomocnik,0,1.5,0.0,0%,https://fantasy.ekstraklasa.org/player/1191
1193,Piotr Krawczyk,Wisła Płock,Napastnik,0,1.7,0.0,0%,https://fantasy.ekstraklasa.org/player/1193
1194,Aleksander Paluszek,GKS Katowice,Obrońca,0,1.6,0.0,0%,https://fantasy.ekstraklasa.org/player/1194
1196,Michał Rostkowski,Górnik Zabrze,Pomocnik,0,1.5,0.0,0%,https://fantasy.ekstraklasa.org/player/1196
1197,Ognjen Mudrinski,Jagiellonia Białystok,Napastnik,0,1.9,0.0,0%,https://fantasy.ekstraklasa.org/player/1197
1198,Luka Kukić,Korona Kielce,Bramkarz,0,1.8,0.0,0%,https://fantasy.ekstraklasa.org/player/1198
1199,Mateusz Spychała,Warta Poznań,Obrońca,0,1.5,0.0,0%,https://fantasy.ekstraklasa.org/player/1199
1200,Grzegorz Szymusik,Korona Kielce,Obrońca,0,1.3,0.0,0%,https://fantasy.ekstraklasa.org/player/1200
1201,Themistoklís Tzimópoulos,Korona Kielce,Obrońca,0,1.6,0.0,0%,https://fantasy.ekstraklasa.org/player/1201
1202,Artur Piróg,Korona Kielce,Pomocnik,0,0.7,0.0,0%,https://fantasy.ekstraklasa.org/player/1202
1203,Daniel Szelągowski,Raków Częstochowa,Pomocnik,0,1.5,0.0,0%,https://fantasy.ekstraklasa.org/player/1203
1204,Erik Pačinda,Korona Kielce,Napastnik,0,1.7,0.0,0%,https://fantasy.ekstraklasa.org/player/1204
1205,Mateusz Sowiński,Korona Kielce,Napastnik,0,0.7,0.0,0%,https://fantasy.ekstraklasa.org/player/1205
1206,Miłosz Mleczko,Bruk-Bet Termalica Nieciecza,Bramkarz,0,1.7,0.0,1%,https://fantasy.ekstraklasa.org/player/1206
1207,Mickey van der Hart,Lech Poznań,Bramkarz,0,2.2,0.0,0%,https://fantasy.ekstraklasa.org/player/1207
1208,Đorđe Crnomarković,Lech Poznań,Obrońca,0,1.7,0.0,0%,https://fantasy.ekstraklasa.org/player/1208
1209,Ľubomír Šatka,Lech Poznań,Obrońca,0,2.3,0.0,0%,https://fantasy.ekstraklasa.org/player/1209
1210,Jakub Kamiński,Lech Poznań,Pomocnik,0,3.1,0.0,0%,https://fantasy.ekstraklasa.org/player/1210
1211,Jakub Moder,Lech Poznań,Pomocnik,0,2.6,0.0,0%,https://fantasy.ekstraklasa.org/player/1211
1212,Karlo Muhar,Lech Poznań,Pomocnik,0,1.8,0.0,0%,https://fantasy.ekstraklasa.org/player/1212
1213,Michał Skóraś,Lech Poznań,Pomocnik,0,2.8,0.0,0%,https://fantasy.ekstraklasa.org/player/1213
1214,Filip Szymczak,Lech Poznań,Napastnik,0,1.8,0.0,0%,https://fantasy.ekstraklasa.org/player/1214
1215,Mateusz Cegiełka,Lechia Gdańsk,Pomocnik,0,0.7,0.0,0%,https://fantasy.ekstraklasa.org/player/1215
1216,Paweł Żuk,Wisła Płock,Pomocnik,0,0.8,0.0,0%,https://fantasy.ekstraklasa.org/player/1216
1217,Cezary Miszta,Legia Warszawa,Bramkarz,0,1.7,0.0,0%,https://fantasy.ekstraklasa.org/player/1217
1218,Kacper Kostorz,Pogoń Szczecin,Napastnik,0,1.7,0.0,0%,https://fantasy.ekstraklasa.org/player/1218
1219,Kacper Skibicki,Legia Warszawa,Pomocnik,0,1.8,0.0,0%,https://fantasy.ekstraklasa.org/player/1219
1220,Michał Brudnicki,ŁKS Łódź,Bramkarz,0,1.0,0.0,0%,https://fantasy.ekstraklasa.org/player/1220
1221,Dawid Arndt,ŁKS Łódź,Bramkarz,0,1.0,0.0,0%,https://fantasy.ekstraklasa.org/player/1221
1222,Michał Kołba,ŁKS Łódź,Bramkarz,0,1.4,0.0,0%,https://fantasy.ekstraklasa.org/player/1222
1223,Artur Bogusz,Radomiak Radom,Obrońca,0,1.6,0.0,0%,https://fantasy.ekstraklasa.org/player/1223
1224,Maciej Dampc,ŁKS Łódź,Obrońca,0,1.6,0.0,0%,https://fantasy.ekstraklasa.org/player/1224
1226,Kamil Juraszek,ŁKS Łódź,Obrońca,0,1.3,0.0,0%,https://fantasy.ekstraklasa.org/player/1226
1227,Kamil Rozmus,ŁKS Łódź,Obrońca,0,1.5,0.0,0%,https://fantasy.ekstraklasa.org/player/1227
1228,Jan Sobociński,ŁKS Łódź,Obrońca,0,1.7,0.0,0%,https://fantasy.ekstraklasa.org/player/1228
1229,Patryk Bryła,ŁKS Łódź,Pomocnik,0,1.4,0.0,0%,https://fantasy.ekstraklasa.org/player/1229
1230,Bartłomiej Kalinkowski,Górnik Łęczna,Pomocnik,0,1.5,0.0,0%,https://fantasy.ekstraklasa.org/player/1230
1231,José Antonio Pirulo,ŁKS Łódź,Pomocnik,0,1.8,0.0,0%,https://fantasy.ekstraklasa.org/player/1231
1232,Piotr Pyrdoł,Wisła Płock,Pomocnik,0,1.0,0.0,0%,https://fantasy.ekstraklasa.org/player/1232
1233,Dani Ramírez,ŁKS Łódź,Pomocnik,0,2.1,0.0,0%,https://fantasy.ekstraklasa.org/player/1233
1234,Adam Ratajczyk,Arka Gdynia,Pomocnik,0,1.6,0.0,0%,https://fantasy.ekstraklasa.org/player/1234
1235,Ricardo Guima,ŁKS Łódź,Pomocnik,0,1.6,0.0,0%,https://fantasy.ekstraklasa.org/player/1235
1236,Maksymilian Rozwandowicz,ŁKS Łódź,Obrońca,0,1.6,0.0,0%,https://fantasy.ekstraklasa.org/player/1236
1237,Michał Trąbka,Stal Mielec,Pomocnik,0,1.8,0.0,0%,https://fantasy.ekstraklasa.org/player/1237
1239,Rafał Kujawa,ŁKS Łódź,Napastnik,0,1.9,0.0,0%,https://fantasy.ekstraklasa.org/player/1239
1240,Jewhen Radionow,ŁKS Łódź,Napastnik,0,1.4,0.0,0%,https://fantasy.ekstraklasa.org/player/1240
1241,Tomáš Huk,Piast Gliwice,Obrońca,0,1.8,0.0,0%,https://fantasy.ekstraklasa.org/player/1241
1242,Remigiusz Borkała,Piast Gliwice,Pomocnik,0,0.7,0.0,0%,https://fantasy.ekstraklasa.org/player/1242
1243,Jakub Holúbek,Piast Gliwice,Obrońca,0,1.7,0.0,0%,https://fantasy.ekstraklasa.org/player/1243
1244,Wojciech Kamiński,Korona Kielce,Pomocnik,0,1.5,0.0,0%,https://fantasy.ekstraklasa.org/player/1244
1245,Michał Rakowiecki,Piast Gliwice,Pomocnik,0,0.7,0.0,0%,https://fantasy.ekstraklasa.org/player/1245
1246,Dani Aquino,Piast Gliwice,Napastnik,0,2.0,0.0,0%,https://fantasy.ekstraklasa.org/player/1246
1247,Dante Stipica,Ruch Chorzów,Bramkarz,0,1.8,0.0,0%,https://fantasy.ekstraklasa.org/player/1247
1248,Dariusz Krzysztofek,Pogoń Szczecin,Bramkarz,0,0.7,0.0,0%,https://fantasy.ekstraklasa.org/player/1248
1249,Kóstas Triantafyllópoulos,Górnik Zabrze,Obrońca,0,1.8,0.0,0%,https://fantasy.ekstraklasa.org/player/1249
1250,Benedikt Zech,Pogoń Szczecin,Obrońca,0,1.8,0.0,0%,https://fantasy.ekstraklasa.org/player/1250
1252,Marcel Wędrychowski,GKS Katowice,Pomocnik,0,1.7,0.0,0%,https://fantasy.ekstraklasa.org/player/1252
1253,Michális Maniás,Pogoń Szczecin,Napastnik,0,1.6,0.0,0%,https://fantasy.ekstraklasa.org/player/1253
1254,Jakub Szumski,Raków Częstochowa,Bramkarz,0,1.6,0.0,0%,https://fantasy.ekstraklasa.org/player/1254
1255,Emir Azemović,Raków Częstochowa,Obrońca,0,1.6,0.0,0%,https://fantasy.ekstraklasa.org/player/1255
1257,Oskar Krzyżak,Raków Częstochowa,Obrońca,0,0.9,0.0,0%,https://fantasy.ekstraklasa.org/player/1257
1258,Andrzej Niewulis,Miedź Legnica,Obrońca,0,1.8,0.0,0%,https://fantasy.ekstraklasa.org/player/1258
1259,Tomáš Petrášek,Raków Częstochowa,Obrońca,0,2.1,0.0,0%,https://fantasy.ekstraklasa.org/player/1259
1260,Jakub Apolinarski,Raków Częstochowa,Pomocnik,0,0.7,0.0,0%,https://fantasy.ekstraklasa.org/player/1260
1261,Rusłan Babenko,Raków Częstochowa,Pomocnik,0,1.7,0.0,0%,https://fantasy.ekstraklasa.org/player/1261
1262,Daniel Bartl,Raków Częstochowa,Pomocnik,0,1.5,0.0,0%,https://fantasy.ekstraklasa.org/player/1262
1263,Maciej Domański,Stal Mielec,Pomocnik,0,1.7,0.0,0%,https://fantasy.ekstraklasa.org/player/1263
1264,Andrija Luković,Raków Częstochowa,Pomocnik,0,1.8,0.0,0%,https://fantasy.ekstraklasa.org/player/1264
1265,Piotr Malinowski,Raków Częstochowa,Pomocnik,0,1.5,0.0,0%,https://fantasy.ekstraklasa.org/player/1265
1266,Bryan Nouvier,Raków Częstochowa,Pomocnik,0,1.6,0.0,0%,https://fantasy.ekstraklasa.org/player/1266
1267,Danian Pawłas,Raków Częstochowa,Pomocnik,0,0.8,0.0,0%,https://fantasy.ekstraklasa.org/player/1267
1268,Petr Schwarz,Śląsk Wrocław,Pomocnik,0,1.9,0.0,0%,https://fantasy.ekstraklasa.org/player/1268
1269,Sebastian Musiolik,Śląsk Wrocław,Napastnik,0,1.7,0.0,0%,https://fantasy.ekstraklasa.org/player/1269
1270,Franciszek Wróblewski,Radomiak Radom,Napastnik,0,1.0,0.0,0%,https://fantasy.ekstraklasa.org/player/1270
1271,Daniel Kajzer,Śląsk Wrocław,Bramkarz,0,1.0,0.0,0%,https://fantasy.ekstraklasa.org/player/1271
1272,Israel Puerto,Jagiellonia Białystok,Obrońca,0,1.7,0.0,0%,https://fantasy.ekstraklasa.org/player/1272
1273,Dino Štiglec,Śląsk Wrocław,Obrońca,0,1.8,0.0,0%,https://fantasy.ekstraklasa.org/player/1273
1274,Bartosz Boruń,Śląsk Wrocław,Pomocnik,0,0.7,0.0,0%,https://fantasy.ekstraklasa.org/player/1274
1275,Przemysław Płacheta,Śląsk Wrocław,Pomocnik,0,2.1,0.0,0%,https://fantasy.ekstraklasa.org/player/1275
1276,Erik Expósito,Śląsk Wrocław,Napastnik,0,4.1,0.0,0%,https://fantasy.ekstraklasa.org/player/1276
1277,Kamil Broda,Wisła Kraków,Bramkarz,0,0.7,0.0,0%,https://fantasy.ekstraklasa.org/player/1277
1278,Patryk Moskiewicz,Wisła Kraków,Pomocnik,0,0.7,0.0,0%,https://fantasy.ekstraklasa.org/player/1278
1279,Denys Bałaniuk,Wisła Kraków,Napastnik,0,1.7,0.0,0%,https://fantasy.ekstraklasa.org/player/1279
1281,Titas Milašius,Wisła Płock,Pomocnik,0,1.4,0.0,0%,https://fantasy.ekstraklasa.org/player/1281
1282,Maciej Warpas,Zagłębie Lubin,Obrońca,0,0.7,0.0,0%,https://fantasy.ekstraklasa.org/player/1282
1283,Daniel Dudziński,Zagłębie Lubin,Pomocnik,0,1.4,0.0,0%,https://fantasy.ekstraklasa.org/player/1283
1284,Rok Sirk,Zagłębie Lubin,Napastnik,0,1.5,0.0,0%,https://fantasy.ekstraklasa.org/player/1284
1286,Dawit Schirtladze,Arka Gdynia,Napastnik,0,1.8,0.0,0%,https://fantasy.ekstraklasa.org/player/1286
1287,Tomáš Prikryl,Warta Poznań,Pomocnik,0,1.7,0.0,0%,https://fantasy.ekstraklasa.org/player/1287
1288,Srđan Spiridonović,Pogoń Szczecin,Pomocnik,0,2.2,0.0,0%,https://fantasy.ekstraklasa.org/player/1288
1289,Wojciech Muzyk,Legia Warszawa,Bramkarz,0,1.2,0.0,0%,https://fantasy.ekstraklasa.org/player/1289
1291,Rodrigo Zalazar,Korona Kielce,Pomocnik,0,1.6,0.0,0%,https://fantasy.ekstraklasa.org/player/1291
1292,Dominik Steczyk,Ruch Chorzów,Napastnik,0,1.6,0.0,0%,https://fantasy.ekstraklasa.org/player/1292
1293,Łukasz Soszyński,Zagłębie Lubin,Pomocnik,0,0.7,0.0,0%,https://fantasy.ekstraklasa.org/player/1293
1294,Rafał Kobryń,Lechia Gdańsk,Obrońca,0,1.6,0.0,0%,https://fantasy.ekstraklasa.org/player/1294
1295,Adrian Petk,Lechia Gdańsk,Pomocnik,0,0.7,0.0,0%,https://fantasy.ekstraklasa.org/player/1295
1296,Milan Radin,Korona Kielce,Pomocnik,0,1.6,0.0,0%,https://fantasy.ekstraklasa.org/player/1296
1297,Ivan Obradović,Legia Warszawa,Obrońca,0,1.7,0.0,0%,https://fantasy.ekstraklasa.org/player/1297
1298,Ołeh Horin,Jagiellonia Białystok,Pomocnik,0,1.6,0.0,0%,https://fantasy.ekstraklasa.org/player/1298
1300,Alasana Manneh,Górnik Zabrze,Pomocnik,0,1.8,0.0,0%,https://fantasy.ekstraklasa.org/player/1300
1301,David Kopacz,Górnik Zabrze,Pomocnik,0,1.7,0.0,0%,https://fantasy.ekstraklasa.org/player/1301
1302,Artur Sójka,ŁKS Łódź,Pomocnik,0,0.7,0.0,0%,https://fantasy.ekstraklasa.org/player/1302
1303,Fabian Serrarens,Arka Gdynia,Napastnik,0,1.7,0.0,0%,https://fantasy.ekstraklasa.org/player/1303
1304,Suad Sahiti,Wisła Płock,Pomocnik,0,1.6,0.0,0%,https://fantasy.ekstraklasa.org/player/1304
1305,Daniel Ściślak,Górnik Zabrze,Pomocnik,0,1.6,0.0,0%,https://fantasy.ekstraklasa.org/player/1305
1306,Juan Bauzá,Górnik Zabrze,Pomocnik,0,1.7,0.0,0%,https://fantasy.ekstraklasa.org/player/1306
1307,Victor Chuca,Miedź Legnica,Pomocnik,0,1.8,0.0,0%,https://fantasy.ekstraklasa.org/player/1307
1308,Andrés Lioi,Korona Kielce,Pomocnik,0,1.6,0.0,0%,https://fantasy.ekstraklasa.org/player/1308
1309,Tiago Alves,Piast Gliwice,Pomocnik,0,1.7,0.0,0%,https://fantasy.ekstraklasa.org/player/1309
1310,Filip Marković,Śląsk Wrocław,Napastnik,0,1.8,0.0,0%,https://fantasy.ekstraklasa.org/player/1310
1311,Przemysław Zdybowicz,Wisła Kraków,Napastnik,0,1.1,0.0,0%,https://fantasy.ekstraklasa.org/player/1311
1312,Mátyás Tajti,Zagłębie Lubin,Pomocnik,0,1.8,0.0,0%,https://fantasy.ekstraklasa.org/player/1312
1313,Asmir Suljić,Zagłębie Lubin,Pomocnik,0,2.1,0.0,0%,https://fantasy.ekstraklasa.org/player/1313
1314,Nando García,Arka Gdynia,Pomocnik,0,1.7,0.0,0%,https://fantasy.ekstraklasa.org/player/1314
1315,Samu Araújo,Arka Gdynia,Obrońca,0,1.9,0.0,0%,https://fantasy.ekstraklasa.org/player/1315
1316,Mikołaj Wasilewski,Jagiellonia Białystok,Pomocnik,0,0.7,0.0,0%,https://fantasy.ekstraklasa.org/player/1316
1317,Diego Zivulic,Śląsk Wrocław,Pomocnik,0,1.7,0.0,0%,https://fantasy.ekstraklasa.org/player/1317
1318,Nemanja Miletić,Korona Kielce,Obrońca,0,1.6,0.0,0%,https://fantasy.ekstraklasa.org/player/1318
1320,Jakub Wilczyński,Arka Gdynia,Napastnik,0,0.7,0.0,0%,https://fantasy.ekstraklasa.org/player/1320
1321,Kamil Kościelny,Warta Poznań,Obrońca,0,1.5,0.0,0%,https://fantasy.ekstraklasa.org/player/1321
1322,Maciej Rosołek,GKS Katowice,Napastnik,0,1.7,0.0,1%,https://fantasy.ekstraklasa.org/player/1322
1323,Mateusz Supryn,Cracovia,Pomocnik,0,0.7,0.0,0%,https://fantasy.ekstraklasa.org/player/1323
1324,Bartosz Białek,Zagłębie Lubin,Napastnik,0,2.1,0.0,0%,https://fantasy.ekstraklasa.org/player/1324
1325,Gieorgij Żukow,Puszcza Niepołomice,Pomocnik,0,1.7,0.0,0%,https://fantasy.ekstraklasa.org/player/1325
1326,Krzysztof Toporkiewicz,Jagiellonia Białystok,Napastnik,0,0.9,0.0,0%,https://fantasy.ekstraklasa.org/player/1326
1328,Wojciech Błyszko,Stal Mielec,Obrońca,0,0.7,0.0,0%,https://fantasy.ekstraklasa.org/player/1328
1329,Nemanja Mihajlović,Arka Gdynia,Pomocnik,0,1.6,0.0,0%,https://fantasy.ekstraklasa.org/player/1329
1330,Florian Loshaj,Cracovia,Pomocnik,0,1.8,0.0,0%,https://fantasy.ekstraklasa.org/player/1330
1331,Thiago Rodrigues de Souza,Puszcza Niepołomice,Pomocnik,0,1.6,0.0,0%,https://fantasy.ekstraklasa.org/player/1331
1333,Dejan Iliev,Jagiellonia Białystok,Bramkarz,0,1.6,0.0,0%,https://fantasy.ekstraklasa.org/player/1333
1334,Conrado Buchanelli Holz,Lechia Gdańsk,Obrońca,0,1.7,0.0,0%,https://fantasy.ekstraklasa.org/player/1334
1335,Kristers Tobers,Lechia Gdańsk,Obrońca,0,1.7,0.0,0%,https://fantasy.ekstraklasa.org/player/1335
1336,Carlos Moros Gracia,ŁKS Łódź,Obrońca,0,1.5,0.0,0%,https://fantasy.ekstraklasa.org/player/1336
1337,Tadej Vidmajer,ŁKS Łódź,Obrońca,0,1.4,0.0,0%,https://fantasy.ekstraklasa.org/player/1337
1338,Samuel Corral,ŁKS Łódź,Napastnik,0,1.7,0.0,0%,https://fantasy.ekstraklasa.org/player/1338
1339,Paweł Cibicki,Pogoń Szczecin,Napastnik,0,1.7,0.0,0%,https://fantasy.ekstraklasa.org/player/1339
1340,David Tijanić,Raków Częstochowa,Pomocnik,0,2.2,0.0,0%,https://fantasy.ekstraklasa.org/player/1340
1342,Nikola Kuveljić,Wisła Kraków,Pomocnik,0,1.4,0.0,0%,https://fantasy.ekstraklasa.org/player/1342
1343,Lubomir Tupta,Widzew Łódź,Napastnik,0,1.7,0.0,0%,https://fantasy.ekstraklasa.org/player/1343
1344,Torgil Gjertsen,Wisła Płock,Pomocnik,0,1.6,0.0,0%,https://fantasy.ekstraklasa.org/player/1344
1346,Dominik Kalinowski,Zagłębie Lubin,Bramkarz,0,0.7,0.0,0%,https://fantasy.ekstraklasa.org/player/1346
1347,Filip Raicević,Śląsk Wrocław,Napastnik,0,1.8,0.0,0%,https://fantasy.ekstraklasa.org/player/1347
1348,Roman Prochazka,Górnik Zabrze,Pomocnik,0,1.8,0.0,0%,https://fantasy.ekstraklasa.org/player/1348
1349,Guillermo Cotugno,Śląsk Wrocław,Obrońca,0,1.4,0.0,0%,https://fantasy.ekstraklasa.org/player/1349
1350,Antonio Dominquez,ŁKS Łódź,Napastnik,0,1.6,0.0,0%,https://fantasy.ekstraklasa.org/player/1350
1351,Jakov Puljić,Jagiellonia Białystok,Napastnik,0,2.3,0.0,0%,https://fantasy.ekstraklasa.org/player/1351
1352,Dawid Lisowski,Korona Kielce,Obrońca,0,1.5,0.0,0%,https://fantasy.ekstraklasa.org/player/1352
1353,Alon Turgeman,Wisła Kraków,Napastnik,0,2.1,0.0,0%,https://fantasy.ekstraklasa.org/player/1353
1354,Douglas Bergqvist,Arka Gdynia,Obrońca,0,1.8,0.0,0%,https://fantasy.ekstraklasa.org/player/1354
1355,Bogdan Tiru,Warta Poznań,Obrońca,0,1.7,0.0,0%,https://fantasy.ekstraklasa.org/player/1355
1356,Ivan Fiolić,Cracovia,Pomocnik,0,1.7,0.0,0%,https://fantasy.ekstraklasa.org/player/1356
1357,D'Sean Theobalds,Korona Kielce,Pomocnik,0,0.8,0.0,0%,https://fantasy.ekstraklasa.org/player/1357
1358,Krzysztof Kamiński,Pogoń Szczecin,Bramkarz,0,1.7,0.0,0%,https://fantasy.ekstraklasa.org/player/1358
1359,Aleksander Stawiarz,Jagiellonia Białystok,Napastnik,0,0.7,0.0,0%,https://fantasy.ekstraklasa.org/player/1359
1361,Przemysław Sajdak,ŁKS Łódź,Pomocnik,0,1.5,0.0,0%,https://fantasy.ekstraklasa.org/player/1361
1362,Tomas Pekhart,Legia Warszawa,Napastnik,0,1.7,0.0,0%,https://fantasy.ekstraklasa.org/player/1362
1364,José Zé Gomes,Lechia Gdańsk,Napastnik,0,1.7,0.0,0%,https://fantasy.ekstraklasa.org/player/1364
1365,Omran Haydary,Lechia Gdańsk,Napastnik,0,1.6,0.0,0%,https://fantasy.ekstraklasa.org/player/1365
1366,Egzon Kryeziu,Lechia Gdańsk,Pomocnik,0,1.5,0.0,0%,https://fantasy.ekstraklasa.org/player/1366
1367,Kenny Saief,Lechia Gdańsk,Pomocnik,0,1.8,0.0,0%,https://fantasy.ekstraklasa.org/player/1367
1368,Mark Tamas,Śląsk Wrocław,Obrońca,0,1.7,0.0,0%,https://fantasy.ekstraklasa.org/player/1368
1369,Aleksander Pawlak,Wisła Płock,Pomocnik,0,1.4,0.0,0%,https://fantasy.ekstraklasa.org/player/1369
1370,Bohdan Butko,Lech Poznań,Obrońca,0,1.9,0.0,0%,https://fantasy.ekstraklasa.org/player/1370
1371,Orest Tkaczuk,Jagiellonia Białystok,Napastnik,0,1.7,0.0,0%,https://fantasy.ekstraklasa.org/player/1371
1372,Mateusz Maćkowiak,Śląsk Wrocław,Obrońca,0,1.0,0.0,0%,https://fantasy.ekstraklasa.org/player/1372
1373,Ben Lederman,Raków Częstochowa,Pomocnik,0,1.7,0.0,0%,https://fantasy.ekstraklasa.org/player/1373
1374,Kristopher Vida,Piast Gliwice,Pomocnik,0,1.8,0.0,0%,https://fantasy.ekstraklasa.org/player/1374
1375,Jewgienij Baszkirow,Zagłębie Lubin,Pomocnik,0,1.7,0.0,0%,https://fantasy.ekstraklasa.org/player/1375
1376,Dejan Dražić,Zagłębie Lubin,Napastnik,0,1.7,0.0,0%,https://fantasy.ekstraklasa.org/player/1376
1377,Hubert Gostomski,Jagiellonia Białystok,Bramkarz,0,1.0,0.0,0%,https://fantasy.ekstraklasa.org/player/1377
1378,Iwo Kaczmarski,Raków Częstochowa,Pomocnik,0,0.9,0.0,0%,https://fantasy.ekstraklasa.org/player/1378
1379,Giórgos Giakoumákis,Górnik Zabrze,Napastnik,0,1.7,0.0,0%,https://fantasy.ekstraklasa.org/player/1379
1380,Stávros Vassilantonópoulos,Górnik Zabrze,Obrońca,0,1.8,0.0,0%,https://fantasy.ekstraklasa.org/player/1380
1381,Michał Bogacz,Zagłębie Lubin,Obrońca,0,0.7,0.0,0%,https://fantasy.ekstraklasa.org/player/1381
1382,Jakub Kałuziński,Lechia Gdańsk,Pomocnik,0,1.7,0.0,0%,https://fantasy.ekstraklasa.org/player/1382
1383,Marcin Szpakowski,Korona Kielce,Pomocnik,0,1.6,0.0,0%,https://fantasy.ekstraklasa.org/player/1383
1384,Mateusz Kochalski,Stal Mielec,Bramkarz,0,2.1,0.0,0%,https://fantasy.ekstraklasa.org/player/1384
1385,Grzegorz Kotowicz,Śląsk Wrocław,Pomocnik,0,0.7,0.0,0%,https://fantasy.ekstraklasa.org/player/1385
1387,Przemysław Oziębała,Raków Częstochowa,Pomocnik,0,0.9,0.0,0%,https://fantasy.ekstraklasa.org/player/1387
1388,Hubert Turski,Pogoń Szczecin,Napastnik,0,0.9,0.0,0%,https://fantasy.ekstraklasa.org/player/1388
1389,Filip Bednarek,Lech Poznań,Bramkarz,0,1.7,0.0,0%,https://fantasy.ekstraklasa.org/player/1389
1390,Dawid Markiewicz,Arka Gdynia,Pomocnik,0,0.7,0.0,0%,https://fantasy.ekstraklasa.org/player/1390
1391,Jakub Górski,Korona Kielce,Pomocnik,0,0.7,0.0,0%,https://fantasy.ekstraklasa.org/player/1391
1392,Daniel Chmielnicki,Arka Gdynia,Obrońca,0,0.7,0.0,0%,https://fantasy.ekstraklasa.org/player/1392
1393,Kamil Kruk,Motor Lublin,Obrońca,0,1.7,0.0,0%,https://fantasy.ekstraklasa.org/player/1393
1394,Przemysław Kapek,Cracovia,Pomocnik,0,0.8,0.0,0%,https://fantasy.ekstraklasa.org/player/1394
1395,Jakub Bator,Raków Częstochowa,Pomocnik,0,0.7,0.0,0%,https://fantasy.ekstraklasa.org/player/1395
1396,Mateusz Kaczmarek,Miedź Legnica,Pomocnik,0,0.7,0.0,0%,https://fantasy.ekstraklasa.org/player/1396
1397,Kacper Bieszczad,Raków Częstochowa,Bramkarz,0,1.7,0.0,0%,https://fantasy.ekstraklasa.org/player/1397
1399,Jakub Witek,Ruch Chorzów,Pomocnik,0,0.9,0.0,0%,https://fantasy.ekstraklasa.org/player/1399
1402,Radosław Cielemęcki,Radomiak Radom,Pomocnik,0,1.4,0.0,0%,https://fantasy.ekstraklasa.org/player/1402
1403,Damian Warchoł,Wisła Płock,Pomocnik,0,1.8,0.0,0%,https://fantasy.ekstraklasa.org/player/1403
1405,Tomasz Bała,Cracovia,Napastnik,0,0.7,0.0,0%,https://fantasy.ekstraklasa.org/player/1405
1406,Szymon Włodarczyk,Górnik Zabrze,Napastnik,0,1.8,0.0,0%,https://fantasy.ekstraklasa.org/player/1406
1407,Radosław Seweryś,Korona Kielce,Obrońca,0,0.7,0.0,3%,https://fantasy.ekstraklasa.org/player/1407
1408,Patryk Soboczyński,Arka Gdynia,Obrońca,0,0.7,0.0,0%,https://fantasy.ekstraklasa.org/player/1408
1409,Mateusz Grudziński,Legia Warszawa,Pomocnik,0,1.0,0.0,0%,https://fantasy.ekstraklasa.org/player/1409
1410,Arkadiusz Leszczyński,Podbeskidzie Bielsko-Biała,Bramkarz,0,0.7,0.0,0%,https://fantasy.ekstraklasa.org/player/1410
1412,Dmytro Baszłaj,Podbeskidzie Bielsko-Biała,Obrońca,0,1.5,0.0,0%,https://fantasy.ekstraklasa.org/player/1412
1413,Michał Batelt,Podbeskidzie Bielsko-Biała,Obrońca,0,0.7,0.0,0%,https://fantasy.ekstraklasa.org/player/1413
1414,Kacper Gach,Podbeskidzie Bielsko-Biała,Obrońca,0,1.6,0.0,0%,https://fantasy.ekstraklasa.org/player/1414
1415,Bartosz Jaroch,Podbeskidzie Bielsko-Biała,Obrońca,0,1.7,0.0,0%,https://fantasy.ekstraklasa.org/player/1415
1416,Aleksander Komor,GKS Katowice,Obrońca,0,1.6,0.0,0%,https://fantasy.ekstraklasa.org/player/1416
1417,Filip Modelski,Bruk-Bet Termalica Nieciecza,Obrońca,0,1.5,0.0,0%,https://fantasy.ekstraklasa.org/player/1417
1418,Szymon Mroczko,Podbeskidzie Bielsko-Biała,Obrońca,0,1.2,0.0,0%,https://fantasy.ekstraklasa.org/player/1418
1419,Jakub Bieroński,Podbeskidzie Bielsko-Biała,Pomocnik,0,1.3,0.0,0%,https://fantasy.ekstraklasa.org/player/1419
1420,Patryk Drabik,Podbeskidzie Bielsko-Biała,Pomocnik,0,0.7,0.0,0%,https://fantasy.ekstraklasa.org/player/1420
1421,Rafał Figiel,Podbeskidzie Bielsko-Biała,Pomocnik,0,1.7,0.0,0%,https://fantasy.ekstraklasa.org/player/1421
1422,Gergő Kocsis,Podbeskidzie Bielsko-Biała,Pomocnik,0,1.5,0.0,0%,https://fantasy.ekstraklasa.org/player/1422
1423,Filip Laskowski,Podbeskidzie Bielsko-Biała,Pomocnik,0,1.4,0.0,0%,https://fantasy.ekstraklasa.org/player/1423
1424,Mateusz Marzec,GKS Katowice,Pomocnik,0,1.6,0.0,0%,https://fantasy.ekstraklasa.org/player/1424
1426,Konrad Sieracki,Podbeskidzie Bielsko-Biała,Pomocnik,0,1.0,0.0,0%,https://fantasy.ekstraklasa.org/player/1426
1427,Łukasz Sierpina,Korona Kielce,Obrońca,0,1.7,0.0,0%,https://fantasy.ekstraklasa.org/player/1427
1428,Michał Studnicki,Podbeskidzie Bielsko-Biała,Pomocnik,0,0.7,0.0,0%,https://fantasy.ekstraklasa.org/player/1428
1429,Desley Ubbink,Podbeskidzie Bielsko-Biała,Pomocnik,0,1.5,0.0,0%,https://fantasy.ekstraklasa.org/player/1429
1431,Iván Martín,Podbeskidzie Bielsko-Biała,Napastnik,0,1.4,0.0,0%,https://fantasy.ekstraklasa.org/player/1431
1432,Marko Roginić,Podbeskidzie Bielsko-Biała,Napastnik,0,1.6,0.0,0%,https://fantasy.ekstraklasa.org/player/1432
1433,Mateusz Dudek,Stal Mielec,Bramkarz,0,0.7,0.0,0%,https://fantasy.ekstraklasa.org/player/1433
1434,Damian Primel,Stal Mielec,Bramkarz,0,1.2,0.0,0%,https://fantasy.ekstraklasa.org/player/1434
1436,Lukáš Bielák,Stal Mielec,Obrońca,0,1.5,0.0,0%,https://fantasy.ekstraklasa.org/player/1436
1437,Mateusz Bodzioch,Radomiak Radom,Obrońca,0,1.5,0.0,0%,https://fantasy.ekstraklasa.org/player/1437
1438,Krystian Getinger,Stal Mielec,Obrońca,0,1.7,0.0,0%,https://fantasy.ekstraklasa.org/player/1438
1439,Jan Kozłowski,Stal Mielec,Obrońca,0,1.2,0.0,0%,https://fantasy.ekstraklasa.org/player/1439
1440,Wojciech Lisowski,Pogoń Szczecin,Obrońca,0,1.6,0.0,1%,https://fantasy.ekstraklasa.org/player/1440
1441,Łukasz Seweryn,Stal Mielec,Obrońca,0,1.0,0.0,0%,https://fantasy.ekstraklasa.org/player/1441
1442,Adrian Skrzyniak,Stal Mielec,Obrońca,0,0.7,0.0,0%,https://fantasy.ekstraklasa.org/player/1442
1443,Mateusz Chmielowiec,Stal Mielec,Pomocnik,0,0.7,0.0,0%,https://fantasy.ekstraklasa.org/player/1443
1444,Robert Dadok,Stal Mielec,Pomocnik,0,1.7,0.0,0%,https://fantasy.ekstraklasa.org/player/1444
1445,Adam Kramarz,Puszcza Niepołomice,Pomocnik,0,1.1,0.0,0%,https://fantasy.ekstraklasa.org/player/1445
1446,Andreja Prokić,Stal Mielec,Pomocnik,0,1.6,0.0,0%,https://fantasy.ekstraklasa.org/player/1446
1447,Szymon Stasik,Stal Mielec,Pomocnik,0,1.5,0.0,0%,https://fantasy.ekstraklasa.org/player/1447
1448,Bartosz Bajorek,Stal Mielec,Napastnik,0,0.7,0.0,0%,https://fantasy.ekstraklasa.org/player/1448
1449,Kacper Sadłocha,Stal Mielec,Napastnik,0,0.7,0.0,0%,https://fantasy.ekstraklasa.org/player/1449
1450,Adrian Lis,Warta Poznań,Bramkarz,0,1.7,0.0,0%,https://fantasy.ekstraklasa.org/player/1450
1451,Tomasz Boczek,Warta Poznań,Obrońca,0,1.6,0.0,0%,https://fantasy.ekstraklasa.org/player/1451
1452,Bartosz Kieliba,Warta Poznań,Obrońca,0,1.6,0.0,0%,https://fantasy.ekstraklasa.org/player/1452
1453,Jakub Kiełb,Warta Poznań,Obrońca,0,1.7,0.0,0%,https://fantasy.ekstraklasa.org/player/1453
1454,Adrian Laskowski,Lech Poznań,Obrońca,0,1.3,0.0,0%,https://fantasy.ekstraklasa.org/player/1454
1455,Aleks Ławniczak,Zagłębie Lubin,Obrońca,0,1.8,0.0,1%,https://fantasy.ekstraklasa.org/player/1455
1456,Filip Małek,Warta Poznań,Obrońca,0,0.7,0.0,0%,https://fantasy.ekstraklasa.org/player/1456
1457,Mateusz Czyżycki,Korona Kielce,Pomocnik,0,1.6,0.0,0%,https://fantasy.ekstraklasa.org/player/1457
1458,Nikodem Fiedosewicz,Warta Poznań,Obrońca,0,1.2,0.0,0%,https://fantasy.ekstraklasa.org/player/1458
1459,Jędrzej Grobelny,Arka Gdynia,Bramkarz,0,1.5,0.0,0%,https://fantasy.ekstraklasa.org/player/1459
1460,Michał Jakóbowski,Warta Poznań,Pomocnik,0,1.7,0.0,0%,https://fantasy.ekstraklasa.org/player/1460
1461,Robert Janicki,Warta Poznań,Pomocnik,0,1.8,0.0,0%,https://fantasy.ekstraklasa.org/player/1461
1462,Jakub Kuzdra,Warta Poznań,Obrońca,0,1.6,0.0,0%,https://fantasy.ekstraklasa.org/player/1462
1463,Dominik Smykowski,Warta Poznań,Pomocnik,0,1.2,0.0,0%,https://fantasy.ekstraklasa.org/player/1463
1465,Mateusz Wojciechowski,Warta Poznań,Pomocnik,0,0.7,0.0,0%,https://fantasy.ekstraklasa.org/player/1465
1466,Gracjan Jaroch,Warta Poznań,Napastnik,0,1.6,0.0,0%,https://fantasy.ekstraklasa.org/player/1466
1467,Łukasz Spławski,Warta Poznań,Napastnik,0,1.5,0.0,0%,https://fantasy.ekstraklasa.org/player/1467
1468,Dorian Pituła,Cracovia,Obrońca,0,0.7,0.0,0%,https://fantasy.ekstraklasa.org/player/1468
1469,Jakub Myszor,Raków Częstochowa,Pomocnik,0,1.7,0.0,0%,https://fantasy.ekstraklasa.org/player/1469
1470,Marcos Álvarez,Cracovia,Napastnik,0,1.8,0.0,0%,https://fantasy.ekstraklasa.org/player/1470
1472,Alex Sobczyk,Piast Gliwice,Napastnik,0,1.7,0.0,0%,https://fantasy.ekstraklasa.org/player/1472
1473,Maciej Mas,Jagiellonia Białystok,Napastnik,0,1.7,0.0,0%,https://fantasy.ekstraklasa.org/player/1473
1474,Szymon Sobczak,Arka Gdynia,Napastnik,0,1.7,0.0,0%,https://fantasy.ekstraklasa.org/player/1474
1476,Krzysztof Bąkowski,Lech Poznań,Bramkarz,0,1.4,0.0,0%,https://fantasy.ekstraklasa.org/player/1476
1478,Artur Boruc,Legia Warszawa,Bramkarz,0,2.0,0.0,0%,https://fantasy.ekstraklasa.org/player/1478
1479,Josip Juranović,Legia Warszawa,Obrońca,0,3.6,0.0,0%,https://fantasy.ekstraklasa.org/player/1479
1480,Arkadiusz Pyrka,Piast Gliwice,Obrońca,0,2.0,0.0,0%,https://fantasy.ekstraklasa.org/player/1480
1481,Javier Ajenjo Hyjek,Śląsk Wrocław,Pomocnik,0,1.5,0.0,0%,https://fantasy.ekstraklasa.org/player/1481
1482,Filip Balcewicz,Miedź Legnica,Obrońca,0,0.7,0.0,0%,https://fantasy.ekstraklasa.org/player/1482
1483,Luís Mata,Zagłębie Lubin,Obrońca,0,1.7,0.0,0%,https://fantasy.ekstraklasa.org/player/1483
1484,Bartłomiej Mruk,Pogoń Szczecin,Obrońca,0,0.7,0.0,0%,https://fantasy.ekstraklasa.org/player/1484
1485,Kacper Cichoń,Puszcza Niepołomice,Pomocnik,0,0.7,0.0,0%,https://fantasy.ekstraklasa.org/player/1485
1486,Alexander Gorgon,Pogoń Szczecin,Pomocnik,0,2.0,0.0,0%,https://fantasy.ekstraklasa.org/player/1486
1487,Oskar Kalenik,Pogoń Szczecin,Pomocnik,0,0.8,0.0,0%,https://fantasy.ekstraklasa.org/player/1487
1488,Błażej Starzycki,Pogoń Szczecin,Pomocnik,0,0.7,0.0,0%,https://fantasy.ekstraklasa.org/player/1488
1489,Branislav Pindroch,Raków Częstochowa,Bramkarz,0,1.8,0.0,0%,https://fantasy.ekstraklasa.org/player/1489
1490,Kacper Trelowski,Raków Częstochowa,Bramkarz,0,2.0,0.0,2%,https://fantasy.ekstraklasa.org/player/1490
1491,Patryk Janasik,Cracovia,Obrońca,0,1.7,0.0,0%,https://fantasy.ekstraklasa.org/player/1491
1492,Waldemar Sobota,Śląsk Wrocław,Pomocnik,0,1.8,0.0,0%,https://fantasy.ekstraklasa.org/player/1492
1493,Michał Szromnik,Górnik Zabrze,Bramkarz,0,1.8,0.0,0%,https://fantasy.ekstraklasa.org/player/1493
1494,Kacper Duda,Wisła Kraków,Pomocnik,0,0.7,0.0,0%,https://fantasy.ekstraklasa.org/player/1494
1495,Stefan Savić,Warta Poznań,Pomocnik,0,1.8,0.0,0%,https://fantasy.ekstraklasa.org/player/1495
1496,Fatos Bećiraj,Wisła Kraków,Napastnik,0,1.8,0.0,0%,https://fantasy.ekstraklasa.org/player/1496
1497,Mateusz Duda,Wisła Kraków,Napastnik,0,0.7,0.0,0%,https://fantasy.ekstraklasa.org/player/1497
1498,Fryderyk Gerbowski,Stal Mielec,Pomocnik,0,1.7,0.0,0%,https://fantasy.ekstraklasa.org/player/1498
1499,Kacper Kondracki,Wisła Płock,Pomocnik,0,0.7,0.0,0%,https://fantasy.ekstraklasa.org/player/1499
1500,Filip Lesniak,Wisła Płock,Pomocnik,0,1.7,0.0,0%,https://fantasy.ekstraklasa.org/player/1500
1501,Mateusz Lewandowski,Wisła Płock,Napastnik,0,1.7,0.0,0%,https://fantasy.ekstraklasa.org/player/1501
1502,Wojciech Szumilas,Wisła Płock,Obrońca,0,1.5,0.0,0%,https://fantasy.ekstraklasa.org/player/1502
1503,Adrian Tokarski,Wisła Płock,Bramkarz,0,0.7,0.0,0%,https://fantasy.ekstraklasa.org/player/1503
1504,Patryk Leszczyński,Wisła Płock,Pomocnik,0,0.7,0.0,0%,https://fantasy.ekstraklasa.org/player/1504
1505,Mateusz Bartolewski,Śląsk Wrocław,Obrońca,0,1.7,0.0,0%,https://fantasy.ekstraklasa.org/player/1505
1506,Milan Rundić,Raków Częstochowa,Obrońca,0,1.9,0.0,0%,https://fantasy.ekstraklasa.org/player/1506
1507,Łukasz Zjawiński,Widzew Łódź,Napastnik,0,1.7,0.0,0%,https://fantasy.ekstraklasa.org/player/1507
1508,Adrian Szczutowski,Wisła Płock,Napastnik,0,1.0,0.0,0%,https://fantasy.ekstraklasa.org/player/1508
1509,Bartłomiej Gradecki,Wisła Płock,Bramkarz,0,1.7,0.0,0%,https://fantasy.ekstraklasa.org/player/1509
1510,Mateusz Wyjadłowski,Stal Mielec,Pomocnik,0,0.9,0.0,0%,https://fantasy.ekstraklasa.org/player/1510
1511,Marko Malenica,Lech Poznań,Bramkarz,0,2.0,0.0,0%,https://fantasy.ekstraklasa.org/player/1511
1512,Dušan Lagator,Wisła Płock,Pomocnik,0,1.7,0.0,0%,https://fantasy.ekstraklasa.org/player/1512
1513,Yaw Yeboah,Wisła Kraków,Pomocnik,0,1.9,0.0,0%,https://fantasy.ekstraklasa.org/player/1513
1514,Ioánnis Papanikoláou,Raków Częstochowa,Pomocnik,0,1.9,0.0,0%,https://fantasy.ekstraklasa.org/player/1514
1515,Maciej Bortniczuk,Jagiellonia Białystok,Pomocnik,0,1.0,0.0,0%,https://fantasy.ekstraklasa.org/player/1515
1516,Adi Mehremić,Wisła Kraków,Obrońca,0,1.5,0.0,0%,https://fantasy.ekstraklasa.org/player/1516
1517,Daniel Bielica,Górnik Zabrze,Bramkarz,0,1.9,0.0,0%,https://fantasy.ekstraklasa.org/player/1517
1518,Rivaldo Ferreira Júnior,Cracovia,Napastnik,0,1.8,0.0,0%,https://fantasy.ekstraklasa.org/player/1518
1519,Jakub Niewiadomski,Lech Poznań,Obrońca,0,0.7,0.0,0%,https://fantasy.ekstraklasa.org/player/1519
1520,Mateusz Kuzimski,Warta Poznań,Napastnik,0,1.8,0.0,0%,https://fantasy.ekstraklasa.org/player/1520
1522,Samuel Mráz,Motor Lublin,Napastnik,0,2.0,0.0,0%,https://fantasy.ekstraklasa.org/player/1522
1523,Lorenco Šimić,Zagłębie Lubin,Obrońca,0,1.7,0.0,0%,https://fantasy.ekstraklasa.org/player/1523
1524,Dawid Abramowicz,Arka Gdynia,Obrońca,0,1.7,0.0,0%,https://fantasy.ekstraklasa.org/player/1524
1525,Maksymilian Sitek,Stal Mielec,Pomocnik,0,1.8,0.0,0%,https://fantasy.ekstraklasa.org/player/1525
1526,Wiktor Preuss,Piast Gliwice,Pomocnik,0,0.7,0.0,0%,https://fantasy.ekstraklasa.org/player/1526
1527,Sebastian Olszewski,Warta Poznań,Pomocnik,0,0.7,0.0,0%,https://fantasy.ekstraklasa.org/player/1527
1530,Dominik Frelek,Puszcza Niepołomice,Pomocnik,0,1.4,0.0,0%,https://fantasy.ekstraklasa.org/player/1530
1531,Søren Reese,Zagłębie Lubin,Obrońca,0,1.8,0.0,0%,https://fantasy.ekstraklasa.org/player/1531
1532,Jan Sýkora,Lech Poznań,Pomocnik,0,1.9,0.0,0%,https://fantasy.ekstraklasa.org/player/1532
1533,Marcel Żurek,Raków Częstochowa,Pomocnik,0,0.7,0.0,0%,https://fantasy.ekstraklasa.org/player/1533
1534,Giánnis Massoúras,Miedź Legnica,Obrońca,0,1.6,0.0,0%,https://fantasy.ekstraklasa.org/player/1534
1535,Robert Ivanov,Warta Poznań,Obrońca,0,2.1,0.0,0%,https://fantasy.ekstraklasa.org/player/1535
1536,Jakub Gut,Cracovia,Pomocnik,0,0.7,0.0,0%,https://fantasy.ekstraklasa.org/player/1536
1537,Jakub Bednarczyk,Zagłębie Lubin,Pomocnik,0,1.5,0.0,0%,https://fantasy.ekstraklasa.org/player/1537
1538,Kamil Bielikow,Zagłębie Lubin,Bramkarz,0,0.7,0.0,0%,https://fantasy.ekstraklasa.org/player/1538
1541,Piotr Owczarek,Raków Częstochowa,Pomocnik,0,0.7,0.0,0%,https://fantasy.ekstraklasa.org/player/1541
1542,Martin Sus,Stal Mielec,Obrońca,0,1.6,0.0,0%,https://fantasy.ekstraklasa.org/player/1542
1543,Mohammad Awwad,Lech Poznań,Napastnik,0,1.9,0.0,0%,https://fantasy.ekstraklasa.org/player/1543
1544,Marcel Zylla,Śląsk Wrocław,Pomocnik,0,1.6,0.0,0%,https://fantasy.ekstraklasa.org/player/1544
1546,Petar Mamić,Podbeskidzie Bielsko-Biała,Obrońca,0,1.7,0.0,0%,https://fantasy.ekstraklasa.org/player/1546
1547,Wasyl Kraweć,Lech Poznań,Obrońca,0,1.9,0.0,0%,https://fantasy.ekstraklasa.org/player/1547
1548,Mario Rodríguez,Warta Poznań,Pomocnik,0,1.6,0.0,0%,https://fantasy.ekstraklasa.org/player/1548
1549,Michal Frydrych,Wisła Kraków,Obrońca,0,1.8,0.0,0%,https://fantasy.ekstraklasa.org/player/1549
1550,Szymon Lewkot,Śląsk Wrocław,Pomocnik,0,1.4,0.0,0%,https://fantasy.ekstraklasa.org/player/1550
1551,Fernán Ferreiroa,Jagiellonia Białystok,Pomocnik,0,1.8,0.0,0%,https://fantasy.ekstraklasa.org/player/1551
1552,Serhij Miakuszko,Podbeskidzie Bielsko-Biała,Pomocnik,0,1.5,0.0,0%,https://fantasy.ekstraklasa.org/player/1552
1553,Luka Zahovič,Górnik Zabrze,Napastnik,0,1.8,0.0,0%,https://fantasy.ekstraklasa.org/player/1553
1554,Milan Obradović,Wisła Płock,Obrońca,0,1.6,0.0,0%,https://fantasy.ekstraklasa.org/player/1554
1555,Damir Sadiković,Cracovia,Pomocnik,0,1.7,0.0,0%,https://fantasy.ekstraklasa.org/player/1555
1556,Konrad Gutowski,Podbeskidzie Bielsko-Biała,Pomocnik,0,0.9,0.0,0%,https://fantasy.ekstraklasa.org/player/1556
1557,Kris Twardek,Jagiellonia Białystok,Pomocnik,0,1.6,0.0,0%,https://fantasy.ekstraklasa.org/player/1557
1558,Stéfanos Evangélou,Górnik Zabrze,Obrońca,0,1.8,0.0,0%,https://fantasy.ekstraklasa.org/player/1558
1559,Julio Rodríguez,Wisła Płock,Obrońca,0,1.6,0.0,0%,https://fantasy.ekstraklasa.org/player/1559
1560,Bożidar Czorbadżijski,Widzew Łódź,Obrońca,0,1.7,0.0,0%,https://fantasy.ekstraklasa.org/player/1560
1561,Szymon Pankiewicz,Jagiellonia Białystok,Obrońca,0,0.7,0.0,2%,https://fantasy.ekstraklasa.org/player/1561
1562,Kristoffer Velde,Lech Poznań,Pomocnik,0,2.7,0.0,0%,https://fantasy.ekstraklasa.org/player/1562
1563,Mykoła Musolitin,Lechia Gdańsk,Obrońca,0,1.5,0.0,0%,https://fantasy.ekstraklasa.org/player/1563
1564,Przemysław Maj,Stal Mielec,Pomocnik,0,1.3,0.0,0%,https://fantasy.ekstraklasa.org/player/1564
1565,Olivier Wypart,Śląsk Wrocław,Obrońca,0,0.7,0.0,0%,https://fantasy.ekstraklasa.org/player/1565
1566,Sławomir Chmiel,Wisła Kraków,Pomocnik,0,0.7,0.0,0%,https://fantasy.ekstraklasa.org/player/1566
1567,Wiktor Szywacz,Wisła Kraków,Pomocnik,0,0.7,0.0,0%,https://fantasy.ekstraklasa.org/player/1567
1568,Jakub Góralczyk,Cracovia,Obrońca,0,0.7,0.0,0%,https://fantasy.ekstraklasa.org/player/1568
1571,Jan Majsterek,Jagiellonia Białystok,Obrońca,0,0.7,0.0,0%,https://fantasy.ekstraklasa.org/player/1571
1572,Kacper Andrzejewski,Lech Poznań,Obrońca,0,0.7,0.0,0%,https://fantasy.ekstraklasa.org/player/1572
1574,Bartosz Salamon,Lech Poznań,Obrońca,0,1.8,0.0,0%,https://fantasy.ekstraklasa.org/player/1574
1575,Jakub Karbownik,Lech Poznań,Pomocnik,0,0.7,0.0,0%,https://fantasy.ekstraklasa.org/player/1575
1576,Jesper Karlström,Lech Poznań,Pomocnik,0,1.9,0.0,0%,https://fantasy.ekstraklasa.org/player/1576
1577,Eryk Mirus,Lechia Gdańsk,Bramkarz,0,0.7,0.0,0%,https://fantasy.ekstraklasa.org/player/1577
1579,Joseph Ceesay,Lechia Gdańsk,Pomocnik,0,1.8,0.0,0%,https://fantasy.ekstraklasa.org/player/1579
1580,Patryk Konik,Legia Warszawa,Obrońca,0,0.7,0.0,2%,https://fantasy.ekstraklasa.org/player/1580
1581,Bartłomiej Ciepiela,Legia Warszawa,Pomocnik,0,1.6,0.0,0%,https://fantasy.ekstraklasa.org/player/1581
1582,Yehor Matsenko,Śląsk Wrocław,Obrońca,0,1.7,0.0,0%,https://fantasy.ekstraklasa.org/player/1582
1583,Mateusz Winciersz,Piast Gliwice,Pomocnik,0,1.0,0.0,0%,https://fantasy.ekstraklasa.org/player/1583
1584,Jakub Hora,Podbeskidzie Bielsko-Biała,Pomocnik,0,1.6,0.0,0%,https://fantasy.ekstraklasa.org/player/1584
1585,Albin Granlund,Stal Mielec,Obrońca,0,1.7,0.0,0%,https://fantasy.ekstraklasa.org/player/1585
1586,Makana Baku,Legia Warszawa,Pomocnik,0,1.9,0.0,0%,https://fantasy.ekstraklasa.org/player/1586
1587,Bartłomiej Burman,Warta Poznań,Pomocnik,0,0.7,0.0,0%,https://fantasy.ekstraklasa.org/player/1587
1588,Tim Hall,Wisła Kraków,Obrońca,0,1.8,0.0,0%,https://fantasy.ekstraklasa.org/player/1588
1589,Łukasz Łakomy,Zagłębie Lubin,Pomocnik,0,1.9,0.0,0%,https://fantasy.ekstraklasa.org/player/1589
1590,Dominik Holec,Lech Poznań,Bramkarz,0,2.1,0.0,0%,https://fantasy.ekstraklasa.org/player/1590
1591,Karol Smajdor,Lech Poznań,Obrońca,0,0.7,0.0,0%,https://fantasy.ekstraklasa.org/player/1591
1592,Łukasz Szramowski,Górnik Łęczna,Pomocnik,0,0.7,0.0,0%,https://fantasy.ekstraklasa.org/player/1592
1593,Kacper Rogoziński,Wisła Płock,Napastnik,0,0.7,0.0,0%,https://fantasy.ekstraklasa.org/player/1593
1594,Żan Medved,Wisła Kraków,Napastnik,0,1.7,0.0,0%,https://fantasy.ekstraklasa.org/player/1594
1595,Luka Šušnjara,Wisła Płock,Pomocnik,0,1.6,0.0,0%,https://fantasy.ekstraklasa.org/player/1595
1596,Souleymane Koné,Wisła Kraków,Obrońca,0,1.7,0.0,0%,https://fantasy.ekstraklasa.org/player/1596
1597,Bojan Nastić,Wisła Płock,Obrońca,0,1.7,0.0,0%,https://fantasy.ekstraklasa.org/player/1597
1598,Mateusz Łęgowski,Pogoń Szczecin,Pomocnik,0,1.9,0.0,0%,https://fantasy.ekstraklasa.org/player/1598
1599,Jan Ziewiec,Cracovia,Obrońca,0,0.7,0.0,0%,https://fantasy.ekstraklasa.org/player/1599
1600,Michał Litwa,Raków Częstochowa,Napastnik,0,0.7,0.0,0%,https://fantasy.ekstraklasa.org/player/1600
1601,Nika Kwekweskiri,Lech Poznań,Pomocnik,0,1.8,0.0,0%,https://fantasy.ekstraklasa.org/player/1601
1602,Mateusz Kizyma,Zagłębie Lubin,Pomocnik,0,0.7,0.0,0%,https://fantasy.ekstraklasa.org/player/1602
1603,Piotr Starzyński,Wisła Kraków,Pomocnik,0,1.5,0.0,0%,https://fantasy.ekstraklasa.org/player/1603
1604,Miroslav Stoch,Zagłębie Lubin,Pomocnik,0,1.8,0.0,0%,https://fantasy.ekstraklasa.org/player/1604
1605,Maksym Gendera,Piast Gliwice,Obrońca,0,0.7,0.0,0%,https://fantasy.ekstraklasa.org/player/1605
1606,Michał Zachciał,Piast Gliwice,Pomocnik,0,0.7,0.0,0%,https://fantasy.ekstraklasa.org/player/1606
1607,Bartosz Zynek,Wisła Płock,Pomocnik,0,0.7,0.0,0%,https://fantasy.ekstraklasa.org/player/1607
1608,Myrosław Mazur,Jagiellonia Białystok,Obrońca,0,1.9,0.0,0%,https://fantasy.ekstraklasa.org/player/1608
1609,Jakub Kisiel,Legia Warszawa,Pomocnik,0,1.0,0.0,0%,https://fantasy.ekstraklasa.org/player/1609
1610,Krystian Wachowiak,Wisła Kraków,Obrońca,0,0.7,0.0,0%,https://fantasy.ekstraklasa.org/player/1610
1611,Bartłomiej Eizenchart,Górnik Zabrze,Pomocnik,0,1.5,0.0,0%,https://fantasy.ekstraklasa.org/player/1611
1612,Godfrey Stephen,Jagiellonia Białystok,Obrońca,0,1.5,0.0,0%,https://fantasy.ekstraklasa.org/player/1612
1613,Peter Wilson,Podbeskidzie Bielsko-Biała,Napastnik,0,1.7,0.0,0%,https://fantasy.ekstraklasa.org/player/1613
1615,Richmond Boakye,Górnik Zabrze,Napastnik,0,2.0,0.0,0%,https://fantasy.ekstraklasa.org/player/1615
1617,Aron Jóhannsson,Lech Poznań,Napastnik,0,2.0,0.0,0%,https://fantasy.ekstraklasa.org/player/1617
1618,Krystian Palacz,Motor Lublin,Obrońca,0,1.6,0.0,0%,https://fantasy.ekstraklasa.org/player/1618
1619,Jasur Yaxshiboyev,Legia Warszawa,Pomocnik,0,1.9,0.0,0%,https://fantasy.ekstraklasa.org/player/1619
1620,Artem Szabanow,Legia Warszawa,Obrońca,0,2.2,0.0,0%,https://fantasy.ekstraklasa.org/player/1620
1621,Karol Szymkowiak,Wisła Płock,Bramkarz,0,0.9,0.0,0%,https://fantasy.ekstraklasa.org/player/1621
1622,Jakub Orpik,Jagiellonia Białystok,Pomocnik,0,0.7,0.0,0%,https://fantasy.ekstraklasa.org/player/1622
1624,Kristián Vallo,Wisła Płock,Pomocnik,0,2.0,0.0,0%,https://fantasy.ekstraklasa.org/player/1624
1626,Ernest Muçi,Legia Warszawa,Pomocnik,0,2.6,0.0,0%,https://fantasy.ekstraklasa.org/player/1626
1627,Karol Podliński,Zagłębie Lubin,Napastnik,0,1.7,0.0,0%,https://fantasy.ekstraklasa.org/player/1627
1628,Uroš Radaković,Wisła Kraków,Obrońca,0,1.7,0.0,0%,https://fantasy.ekstraklasa.org/player/1628
1629,Marco Túlio,Podbeskidzie Bielsko-Biała,Obrońca,0,1.7,0.0,0%,https://fantasy.ekstraklasa.org/player/1629
1630,Maik Nawrocki,Legia Warszawa,Obrońca,0,2.3,0.0,0%,https://fantasy.ekstraklasa.org/player/1630
1631,David Mawutor,Wisła Kraków,Pomocnik,0,1.7,0.0,0%,https://fantasy.ekstraklasa.org/player/1631
1633,Hubert Karpiński,Jagiellonia Białystok,Napastnik,0,0.7,0.0,0%,https://fantasy.ekstraklasa.org/player/1633
1634,Bartłomiej Kręcichwost,Podbeskidzie Bielsko-Biała,Napastnik,0,0.7,0.0,0%,https://fantasy.ekstraklasa.org/player/1634
1635,Filip Koperski,Lechia Gdańsk,Obrońca,0,1.4,0.0,0%,https://fantasy.ekstraklasa.org/player/1635
1636,Bartłomiej Frasik,Śląsk Wrocław,Bramkarz,0,0.7,0.0,0%,https://fantasy.ekstraklasa.org/player/1636
1637,Adrian Bukowski,Stal Mielec,Pomocnik,0,1.6,0.0,0%,https://fantasy.ekstraklasa.org/player/1637
1638,Norbert Pacławski,Lech Poznań,Napastnik,0,0.7,0.0,0%,https://fantasy.ekstraklasa.org/player/1638
1639,Milan Posmyk,Zagłębie Lubin,Obrońca,0,0.7,0.0,0%,https://fantasy.ekstraklasa.org/player/1639
1640,Krystian Bartoszek,Bruk-Bet Termalica Nieciecza,Bramkarz,0,0.7,0.0,0%,https://fantasy.ekstraklasa.org/player/1640
1641,Dominik Kąkolewski,Bruk-Bet Termalica Nieciecza,Bramkarz,0,1.4,0.0,0%,https://fantasy.ekstraklasa.org/player/1641
1642,Michal Bezpalec,Bruk-Bet Termalica Nieciecza,Obrońca,0,1.5,0.0,0%,https://fantasy.ekstraklasa.org/player/1642
1643,Jan Klimek,Bruk-Bet Termalica Nieciecza,Obrońca,0,0.7,0.0,0%,https://fantasy.ekstraklasa.org/player/1643
1644,Bartłomiej Kukułowicz,Bruk-Bet Termalica Nieciecza,Obrońca,0,1.6,0.0,0%,https://fantasy.ekstraklasa.org/player/1644
1645,Nemanja Tekijaški,Bruk-Bet Termalica Nieciecza,Obrońca,0,1.7,0.0,0%,https://fantasy.ekstraklasa.org/player/1645
1646,Michal Hubínek,Bruk-Bet Termalica Nieciecza,Pomocnik,0,1.6,0.0,0%,https://fantasy.ekstraklasa.org/player/1646
1647,Kacper Janiak,Bruk-Bet Termalica Nieciecza,Pomocnik,0,0.7,0.0,0%,https://fantasy.ekstraklasa.org/player/1647
1648,Kamil Kuta,Bruk-Bet Termalica Nieciecza,Pomocnik,0,0.7,0.0,0%,https://fantasy.ekstraklasa.org/player/1648
1649,Tomasz Matuszewski,Bruk-Bet Termalica Nieciecza,Pomocnik,0,0.8,0.0,0%,https://fantasy.ekstraklasa.org/player/1649
1650,Michał Orzechowski,Bruk-Bet Termalica Nieciecza,Pomocnik,0,1.0,0.0,0%,https://fantasy.ekstraklasa.org/player/1650
1651,Jakub Pek,Bruk-Bet Termalica Nieciecza,Pomocnik,0,1.2,0.0,0%,https://fantasy.ekstraklasa.org/player/1651
1652,Daniel Pietraszkiewicz,Bruk-Bet Termalica Nieciecza,Pomocnik,0,1.0,0.0,0%,https://fantasy.ekstraklasa.org/player/1652
1654,Ernest Terpiłowski,Widzew Łódź,Pomocnik,0,1.7,0.0,0%,https://fantasy.ekstraklasa.org/player/1654
1655,Marcel Vasiľ,Bruk-Bet Termalica Nieciecza,Pomocnik,0,1.0,0.0,0%,https://fantasy.ekstraklasa.org/player/1655
1656,Martin Zeman,Bruk-Bet Termalica Nieciecza,Pomocnik,0,1.6,0.0,0%,https://fantasy.ekstraklasa.org/player/1656
1657,Patryk Czarnowski,Bruk-Bet Termalica Nieciecza,Napastnik,0,1.5,0.0,0%,https://fantasy.ekstraklasa.org/player/1657
1658,Jakub Janczy,Bruk-Bet Termalica Nieciecza,Napastnik,0,0.7,0.0,0%,https://fantasy.ekstraklasa.org/player/1658
1659,Bartosz Snopczyński,Bruk-Bet Termalica Nieciecza,Napastnik,0,1.0,0.0,0%,https://fantasy.ekstraklasa.org/player/1659
1660,Kacper Śpiewak,Motor Lublin,Napastnik,0,1.6,0.0,0%,https://fantasy.ekstraklasa.org/player/1660
1661,Adrian Kostrzewski,Górnik Łęczna,Bramkarz,0,1.2,0.0,0%,https://fantasy.ekstraklasa.org/player/1661
1662,Jakub Nowaczek,Górnik Łęczna,Bramkarz,0,0.7,0.0,0%,https://fantasy.ekstraklasa.org/player/1662
1663,Paweł Baranowski,Ruch Chorzów,Obrońca,0,1.8,0.0,0%,https://fantasy.ekstraklasa.org/player/1663
1664,Kamil Duda,Górnik Łęczna,Obrońca,0,0.7,0.0,0%,https://fantasy.ekstraklasa.org/player/1664
1665,Tomasz Midzierski,Górnik Łęczna,Obrońca,0,1.4,0.0,0%,https://fantasy.ekstraklasa.org/player/1665
1666,Jakub Zagórski,Górnik Łęczna,Obrońca,0,1.3,0.0,0%,https://fantasy.ekstraklasa.org/player/1666
1667,Adrian Cierpka,Górnik Łęczna,Pomocnik,0,1.4,0.0,0%,https://fantasy.ekstraklasa.org/player/1667
1668,Michał Goliński,Górnik Łęczna,Pomocnik,0,1.0,0.0,0%,https://fantasy.ekstraklasa.org/player/1668
1669,Serhij Krykun,Stal Mielec,Pomocnik,0,1.8,0.0,0%,https://fantasy.ekstraklasa.org/player/1669
1670,Paweł Perdun,Górnik Łęczna,Pomocnik,0,0.7,0.0,0%,https://fantasy.ekstraklasa.org/player/1670
1671,Dawid Tkacz,Stal Mielec,Pomocnik,0,1.4,0.0,0%,https://fantasy.ekstraklasa.org/player/1671
1672,Tomasz Tymosiak,Górnik Łęczna,Pomocnik,0,1.2,0.0,0%,https://fantasy.ekstraklasa.org/player/1672
1673,Przemysław Banaszak,Górnik Łęczna,Napastnik,0,1.6,0.0,0%,https://fantasy.ekstraklasa.org/player/1673
1674,Paweł Wojciechowski,Górnik Łęczna,Napastnik,0,1.6,0.0,0%,https://fantasy.ekstraklasa.org/player/1674
1676,Maciej Świdzikowski,Radomiak Radom,Obrońca,0,1.2,0.0,0%,https://fantasy.ekstraklasa.org/player/1676
1677,Kacper Wiatrak,Radomiak Radom,Obrońca,0,0.7,0.0,0%,https://fantasy.ekstraklasa.org/player/1677
1678,Amâncio Fortes,Radomiak Radom,Pomocnik,0,1.4,0.0,0%,https://fantasy.ekstraklasa.org/player/1678
1679,Dominik Banach,Radomiak Radom,Pomocnik,0,0.7,0.0,0%,https://fantasy.ekstraklasa.org/player/1679
1680,Filipe Nascimento,Górnik Zabrze,Pomocnik,0,1.7,0.0,0%,https://fantasy.ekstraklasa.org/player/1680
1682,Miłosz Kozak,Ruch Chorzów,Pomocnik,0,1.7,0.0,0%,https://fantasy.ekstraklasa.org/player/1682
1683,Luís Machado,Radomiak Radom,Pomocnik,0,1.8,0.0,0%,https://fantasy.ekstraklasa.org/player/1683
1684,Jakub Nowakowski,Radomiak Radom,Pomocnik,0,0.9,0.0,0%,https://fantasy.ekstraklasa.org/player/1684
1685,Athanasios Scheidt,Radomiak Radom,Pomocnik,0,1.6,0.0,0%,https://fantasy.ekstraklasa.org/player/1685
1686,Dominik Sokół,Radomiak Radom,Pomocnik,0,1.6,0.0,0%,https://fantasy.ekstraklasa.org/player/1686
1687,Morimakan Diané,Radomiak Radom,Napastnik,0,1.6,0.0,0%,https://fantasy.ekstraklasa.org/player/1687
1688,Rossi Pereira Leândro,Radomiak Radom,Pomocnik,0,1.6,0.0,0%,https://fantasy.ekstraklasa.org/player/1688
1689,Patryk Mikita,Radomiak Radom,Napastnik,0,1.6,0.0,0%,https://fantasy.ekstraklasa.org/player/1689
1690,Jakub Podsiadło,Radomiak Radom,Napastnik,0,0.7,0.0,0%,https://fantasy.ekstraklasa.org/player/1690
1691,Mario Rondón,Radomiak Radom,Napastnik,0,1.8,0.0,0%,https://fantasy.ekstraklasa.org/player/1691
1692,Marcel Szymański,Arka Gdynia,Napastnik,0,0.9,0.0,0%,https://fantasy.ekstraklasa.org/player/1692
1693,Filip Kramarz,Cracovia,Bramkarz,0,0.7,0.0,0%,https://fantasy.ekstraklasa.org/player/1693
1694,Filip Balaj,Cracovia,Napastnik,0,1.6,0.0,0%,https://fantasy.ekstraklasa.org/player/1694
1695,Mathias Hebo Rasmussen,Cracovia,Pomocnik,0,1.7,0.0,0%,https://fantasy.ekstraklasa.org/player/1695
1696,Jakub Jugas,Cracovia,Obrońca,0,1.7,0.0,0%,https://fantasy.ekstraklasa.org/player/1696
1697,Otar Kakabadze,Cracovia,Obrońca,0,1.9,0.0,0%,https://fantasy.ekstraklasa.org/player/1697
1699,Kamil Ogorzały,Cracovia,Pomocnik,0,1.5,0.0,0%,https://fantasy.ekstraklasa.org/player/1699
1700,Maciej Mrozik,Cracovia,Pomocnik,0,0.7,0.0,0%,https://fantasy.ekstraklasa.org/player/1700
1701,Łukasz Ziemnik,Cracovia,Napastnik,0,0.7,0.0,0%,https://fantasy.ekstraklasa.org/player/1701
1702,Lukas Podolski,Górnik Zabrze,Pomocnik,0,1.7,0.0,0%,https://fantasy.ekstraklasa.org/player/1702
1703,Jakub Szymański,Wisła Płock,Obrońca,0,0.9,0.0,0%,https://fantasy.ekstraklasa.org/player/1703
1704,Błażej Niezgoda,Jagiellonia Białystok,Bramkarz,0,1.0,0.0,0%,https://fantasy.ekstraklasa.org/player/1704
1705,Dani Quintana,Jagiellonia Białystok,Pomocnik,0,1.9,0.0,0%,https://fantasy.ekstraklasa.org/player/1705
1706,Michał Samborski,Jagiellonia Białystok,Napastnik,0,0.7,0.0,0%,https://fantasy.ekstraklasa.org/player/1706
1707,Michał Surzyn,Jagiellonia Białystok,Pomocnik,0,0.7,0.0,0%,https://fantasy.ekstraklasa.org/player/1707
1708,Kacper Tabiś,Jagiellonia Białystok,Pomocnik,0,1.0,0.0,0%,https://fantasy.ekstraklasa.org/player/1708
1709,Oliwier Wojciechowski,Jagiellonia Białystok,Pomocnik,0,1.1,0.0,0%,https://fantasy.ekstraklasa.org/player/1709
1711,Barry Douglas,Lech Poznań,Obrońca,0,1.8,0.0,0%,https://fantasy.ekstraklasa.org/player/1711
1713,Kacper Wachowiak,Lech Poznań,Obrońca,0,0.7,0.0,0%,https://fantasy.ekstraklasa.org/player/1713
1714,Patryk Waliś,Lech Poznań,Obrońca,0,0.7,0.0,0%,https://fantasy.ekstraklasa.org/player/1714
1716,Joel Abu Hanna,Lechia Gdańsk,Obrońca,0,1.7,0.0,0%,https://fantasy.ekstraklasa.org/player/1716
1717,Mattias Johansson,Legia Warszawa,Obrońca,0,2.1,0.0,0%,https://fantasy.ekstraklasa.org/player/1717
1718,İlkay Durmuş,Lechia Gdańsk,Pomocnik,0,1.9,0.0,0%,https://fantasy.ekstraklasa.org/player/1718
1720,Miguel Muñoz,Piast Gliwice,Obrońca,0,1.7,0.0,0%,https://fantasy.ekstraklasa.org/player/1720
1721,Alberto Toril,Piast Gliwice,Napastnik,0,1.8,0.0,0%,https://fantasy.ekstraklasa.org/player/1721
1722,Bartosz Klebaniuk,Pogoń Szczecin,Bramkarz,0,1.6,0.0,0%,https://fantasy.ekstraklasa.org/player/1722
1723,Lindsay Rose,Legia Warszawa,Obrońca,0,1.8,0.0,0%,https://fantasy.ekstraklasa.org/player/1723
1724,Vladan Kovačević,Legia Warszawa,Bramkarz,0,1.9,0.0,0%,https://fantasy.ekstraklasa.org/player/1724
1725,Mehir Emreli,Legia Warszawa,Napastnik,0,2.6,0.0,0%,https://fantasy.ekstraklasa.org/player/1725
1726,Eryk Galara,Stal Mielec,Pomocnik,0,0.8,0.0,0%,https://fantasy.ekstraklasa.org/player/1726
1727,Wiktor Kłos,Stal Mielec,Pomocnik,0,0.7,0.0,0%,https://fantasy.ekstraklasa.org/player/1727
1728,Michael Wyparło,Stal Mielec,Pomocnik,0,0.7,0.0,0%,https://fantasy.ekstraklasa.org/player/1728
1729,Maksymilian Boruc,Śląsk Wrocław,Bramkarz,0,0.7,0.0,0%,https://fantasy.ekstraklasa.org/player/1729
1730,Kacper Skwierczyński,Ruch Chorzów,Pomocnik,0,0.7,0.0,0%,https://fantasy.ekstraklasa.org/player/1730
1731,Józef Burta,Śląsk Wrocław,Bramkarz,0,0.7,0.0,0%,https://fantasy.ekstraklasa.org/player/1731
1732,Diogo Verdasca,Śląsk Wrocław,Obrońca,0,1.7,0.0,0%,https://fantasy.ekstraklasa.org/player/1732
1733,Víctor García,Śląsk Wrocław,Obrońca,0,1.8,0.0,0%,https://fantasy.ekstraklasa.org/player/1733
1734,Caye Quintana,Śląsk Wrocław,Napastnik,0,1.8,0.0,0%,https://fantasy.ekstraklasa.org/player/1734
1735,Josue Pesqueira,Legia Warszawa,Pomocnik,0,3.2,0.0,0%,https://fantasy.ekstraklasa.org/player/1735
1736,Milan Corryn,Warta Poznań,Pomocnik,0,1.8,0.0,0%,https://fantasy.ekstraklasa.org/player/1736
1737,Szymon Czyż,Widzew Łódź,Pomocnik,0,1.7,0.0,0%,https://fantasy.ekstraklasa.org/player/1737
1738,Leo Przybylak,Warta Poznań,Bramkarz,0,0.7,0.0,0%,https://fantasy.ekstraklasa.org/player/1738
1739,Mikołaj Biegański,Widzew Łódź,Bramkarz,0,1.5,0.0,0%,https://fantasy.ekstraklasa.org/player/1739
1740,Aschraf El Mahdioui,Wisła Kraków,Pomocnik,0,1.7,0.0,0%,https://fantasy.ekstraklasa.org/player/1740
1741,Matěj Hanousek,Wisła Kraków,Obrońca,0,1.9,0.0,0%,https://fantasy.ekstraklasa.org/player/1741
1742,Dor Hugi,Wisła Kraków,Pomocnik,0,1.8,0.0,0%,https://fantasy.ekstraklasa.org/player/1742
1743,Jan Kliment,Wisła Kraków,Napastnik,0,1.8,0.0,0%,https://fantasy.ekstraklasa.org/player/1743
1744,Kacper Rosa,Motor Lublin,Bramkarz,0,1.6,0.0,0%,https://fantasy.ekstraklasa.org/player/1744
1745,Michal Škvarka,Wisła Kraków,Pomocnik,0,1.8,0.0,0%,https://fantasy.ekstraklasa.org/player/1745
1746,Kamil Głogowski,Wisła Kraków,Obrońca,0,0.7,0.0,0%,https://fantasy.ekstraklasa.org/player/1746
1748,Anton Krywociuk,Wisła Płock,Obrońca,0,1.7,0.0,0%,https://fantasy.ekstraklasa.org/player/1748
1749,Michał Oczkowski,Wisła Płock,Bramkarz,0,0.7,0.0,0%,https://fantasy.ekstraklasa.org/player/1749
1750,Dawid Krzyżański,Wisła Płock,Pomocnik,0,0.7,0.0,0%,https://fantasy.ekstraklasa.org/player/1750
1751,Koki Hinokio,Stal Mielec,Pomocnik,0,1.8,0.0,0%,https://fantasy.ekstraklasa.org/player/1751
1752,Ian Soler,Zagłębie Lubin,Obrońca,0,1.9,0.0,0%,https://fantasy.ekstraklasa.org/player/1752
1753,Oliwier Sławiński,ŁKS Łódź,Napastnik,0,0.7,0.0,0%,https://fantasy.ekstraklasa.org/player/1753
1755,Muris Mešanović,Puszcza Niepołomice,Napastnik,0,1.7,0.0,0%,https://fantasy.ekstraklasa.org/player/1755
1758,Pedro Vieira,Raków Częstochowa,Napastnik,0,1.8,0.0,0%,https://fantasy.ekstraklasa.org/player/1758
1759,Bassekou Diabaté,Lechia Gdańsk,Napastnik,0,1.7,0.0,0%,https://fantasy.ekstraklasa.org/player/1759
1760,Kamil Duszkiewicz,Stal Mielec,Pomocnik,0,0.7,0.0,0%,https://fantasy.ekstraklasa.org/player/1760
1761,Krystian Bracik,Cracovia,Obrońca,0,0.7,0.0,0%,https://fantasy.ekstraklasa.org/player/1761
1762,Damian Kołtański,Lech Poznań,Pomocnik,0,0.7,0.0,0%,https://fantasy.ekstraklasa.org/player/1762
1763,Wiktor Kamiński,Warta Poznań,Napastnik,0,0.7,0.0,0%,https://fantasy.ekstraklasa.org/player/1763
1764,Szymon Krocz,Śląsk Wrocław,Pomocnik,0,0.7,0.0,0%,https://fantasy.ekstraklasa.org/player/1764
1765,Patryk Prange,Warta Poznań,Bramkarz,0,0.7,0.0,0%,https://fantasy.ekstraklasa.org/player/1765
1766,Jakub Mądrzyk,Raków Częstochowa,Bramkarz,0,1.6,0.0,0%,https://fantasy.ekstraklasa.org/player/1766
1767,Gabriel Kirejczyk,Piast Gliwice,Napastnik,0,1.5,0.0,0%,https://fantasy.ekstraklasa.org/player/1767
1768,Mikołaj Rakowski,Warta Poznań,Pomocnik,0,0.7,0.0,0%,https://fantasy.ekstraklasa.org/player/1768
1769,Gabor Żukowski,Jagiellonia Białystok,Obrońca,0,0.7,0.0,0%,https://fantasy.ekstraklasa.org/player/1769
1772,Kacper Lepczyński,Zagłębie Lubin,Obrońca,0,0.9,0.0,0%,https://fantasy.ekstraklasa.org/player/1772
1773,Szymon Weirauch,Lechia Gdańsk,Bramkarz,0,1.7,0.0,0%,https://fantasy.ekstraklasa.org/player/1773
1774,Adrian Dziedzic,Górnik Zabrze,Pomocnik,0,0.7,0.0,0%,https://fantasy.ekstraklasa.org/player/1774
1775,Arsen Hrosu,Górnik Zabrze,Pomocnik,0,0.7,0.0,0%,https://fantasy.ekstraklasa.org/player/1775
1776,Jakub Sangowski,Warta Poznań,Pomocnik,0,1.2,0.0,0%,https://fantasy.ekstraklasa.org/player/1776
1777,Bartosz Bayer,Jagiellonia Białystok,Pomocnik,0,0.7,0.0,0%,https://fantasy.ekstraklasa.org/player/1777
1778,Eryk Matus,Jagiellonia Białystok,Pomocnik,0,0.8,0.0,0%,https://fantasy.ekstraklasa.org/player/1778
1779,Alexandre Guedes,Raków Częstochowa,Napastnik,0,1.8,0.0,0%,https://fantasy.ekstraklasa.org/player/1779
1780,Erik Daniel,Zagłębie Lubin,Pomocnik,0,1.8,0.0,0%,https://fantasy.ekstraklasa.org/player/1780
1781,Raphael Rossi,Radomiak Radom,Obrońca,0,1.7,0.0,0%,https://fantasy.ekstraklasa.org/player/1781
1783,da Silveira Castro Rhuan,Radomiak Radom,Pomocnik,0,1.8,0.0,0%,https://fantasy.ekstraklasa.org/player/1783
1784,Jonathan Simba Bwanga,Radomiak Radom,Obrońca,0,0.7,0.0,0%,https://fantasy.ekstraklasa.org/player/1784
1785,Jordan Courtney-Perkins,Warta Poznań,Obrońca,0,0.7,0.0,0%,https://fantasy.ekstraklasa.org/player/1785
1786,Dominik Wydra,Raków Częstochowa,Obrońca,0,1.8,0.0,0%,https://fantasy.ekstraklasa.org/player/1786
1787,Paweł Kieszek,Wisła Kraków,Bramkarz,0,1.7,0.0,0%,https://fantasy.ekstraklasa.org/player/1787
1788,Marcel Błachewicz,Wisła Płock,Obrońca,0,1.4,0.0,0%,https://fantasy.ekstraklasa.org/player/1788
1789,Marco Terrazzino,Lechia Gdańsk,Pomocnik,0,1.7,0.0,0%,https://fantasy.ekstraklasa.org/player/1789
1790,Fábio Sturgeon,Raków Częstochowa,Pomocnik,0,1.7,0.0,0%,https://fantasy.ekstraklasa.org/player/1790
1791,Adriel Ba Loua,Lech Poznań,Pomocnik,0,1.8,0.0,0%,https://fantasy.ekstraklasa.org/player/1791
1792,Ilja Żygulow,Zagłębie Lubin,Pomocnik,0,1.8,0.0,0%,https://fantasy.ekstraklasa.org/player/1792
1793,Nikola Stojiljković,Piast Gliwice,Napastnik,0,1.8,0.0,0%,https://fantasy.ekstraklasa.org/player/1793
1796,Pedro Rebocho,Lech Poznań,Obrońca,0,2.1,0.0,0%,https://fantasy.ekstraklasa.org/player/1796
1797,Yuri Ribeiro,Legia Warszawa,Obrońca,0,1.8,0.0,0%,https://fantasy.ekstraklasa.org/player/1797
1798,Roko Baturina,Lech Poznań,Napastnik,0,2.1,0.0,0%,https://fantasy.ekstraklasa.org/player/1798
1799,Miguel Luís,Warta Poznań,Pomocnik,0,1.9,0.0,0%,https://fantasy.ekstraklasa.org/player/1799
1800,Jurgen Çelhaka,Legia Warszawa,Pomocnik,0,1.8,0.0,0%,https://fantasy.ekstraklasa.org/player/1800
1801,Jorge Jorginho,Wisła Płock,Pomocnik,0,1.9,0.0,0%,https://fantasy.ekstraklasa.org/player/1801
1802,Jakub Iskra,Śląsk Wrocław,Obrońca,0,1.6,0.0,0%,https://fantasy.ekstraklasa.org/player/1802
1803,Jayson Papeau,Warta Poznań,Pomocnik,0,1.7,0.0,0%,https://fantasy.ekstraklasa.org/player/1803
1804,Tomáš Zajíc,Zagłębie Lubin,Napastnik,0,1.8,0.0,0%,https://fantasy.ekstraklasa.org/player/1804
1805,David Toševski,Górnik Zabrze,Napastnik,0,1.6,0.0,0%,https://fantasy.ekstraklasa.org/player/1805
1806,Tiago Matos,Radomiak Radom,Pomocnik,0,1.8,0.0,0%,https://fantasy.ekstraklasa.org/player/1806
1807,Witan Sulaeman,Lechia Gdańsk,Pomocnik,0,1.6,0.0,0%,https://fantasy.ekstraklasa.org/player/1807
1808,Ihor Charatin,Legia Warszawa,Pomocnik,0,1.8,0.0,0%,https://fantasy.ekstraklasa.org/player/1808
1809,Jean Jules Mvondo,Górnik Zabrze,Pomocnik,0,1.7,0.0,0%,https://fantasy.ekstraklasa.org/player/1809
1810,Lirim Kastrati,Legia Warszawa,Pomocnik,0,1.8,0.0,0%,https://fantasy.ekstraklasa.org/player/1810
1811,Aléxandros Katránis,Piast Gliwice,Obrońca,0,1.8,0.0,0%,https://fantasy.ekstraklasa.org/player/1811
1813,Alejandro Serrano,Górnik Łęczna,Pomocnik,0,1.7,0.0,0%,https://fantasy.ekstraklasa.org/player/1813
1814,Patryk Kusztal,Zagłębie Lubin,Napastnik,0,1.2,0.0,1%,https://fantasy.ekstraklasa.org/player/1814
1815,Dawid Rezaeian,Pogoń Szczecin,Obrońca,0,0.7,0.0,0%,https://fantasy.ekstraklasa.org/player/1815
1816,Konrad Guca,Stal Mielec,Pomocnik,0,0.7,0.0,0%,https://fantasy.ekstraklasa.org/player/1816
1817,Aleksandar Pantić,Zagłębie Lubin,Obrońca,0,1.8,0.0,0%,https://fantasy.ekstraklasa.org/player/1817
1818,Tomasz Walczak,Raków Częstochowa,Napastnik,0,1.1,0.0,0%,https://fantasy.ekstraklasa.org/player/1818
1819,Thabo Cele,Radomiak Radom,Pomocnik,0,1.8,0.0,0%,https://fantasy.ekstraklasa.org/player/1819
1820,Mikołaj Stangel,Warta Poznań,Pomocnik,0,0.7,0.0,0%,https://fantasy.ekstraklasa.org/player/1820
1821,Dariusz Stalmach,Górnik Zabrze,Pomocnik,0,1.5,0.0,0%,https://fantasy.ekstraklasa.org/player/1821
1822,Alexander Steffen,Zagłębie Lubin,Bramkarz,0,0.7,0.0,0%,https://fantasy.ekstraklasa.org/player/1822
1823,Jakub Jasionek,Jagiellonia Białystok,Bramkarz,0,0.7,0.0,0%,https://fantasy.ekstraklasa.org/player/1823
1824,Tomasz Woźniak,Górnik Łęczna,Bramkarz,0,0.7,0.0,0%,https://fantasy.ekstraklasa.org/player/1824
1825,Rui Gomes,Legia Warszawa,Napastnik,0,1.8,0.0,0%,https://fantasy.ekstraklasa.org/player/1825
1826,Filip Gryglak,Śląsk Wrocław,Pomocnik,0,0.7,0.0,0%,https://fantasy.ekstraklasa.org/player/1826
1827,Oliwier Hyla,Cracovia,Obrońca,0,0.7,0.0,0%,https://fantasy.ekstraklasa.org/player/1827
1828,Jan Ciućka,Górnik Zabrze,Napastnik,0,0.7,0.0,0%,https://fantasy.ekstraklasa.org/player/1828
1829,Krzysztof Wingralek,Górnik Zabrze,Obrońca,0,0.7,0.0,0%,https://fantasy.ekstraklasa.org/player/1829
1830,Miłosz Piekutowski,Jagiellonia Białystok,Bramkarz,0,1.6,0.0,0%,https://fantasy.ekstraklasa.org/player/1830
1831,Antoni Mikułko,Lechia Gdańsk,Bramkarz,0,0.7,0.0,0%,https://fantasy.ekstraklasa.org/player/1831
1832,Karol Noiszewski,Legia Warszawa,Pomocnik,0,1.0,0.0,0%,https://fantasy.ekstraklasa.org/player/1832
1833,Tihomir Kostadinov,Piast Gliwice,Pomocnik,0,1.8,0.0,0%,https://fantasy.ekstraklasa.org/player/1833
1834,Rauno Sappinen,Stal Mielec,Napastnik,0,1.8,0.0,0%,https://fantasy.ekstraklasa.org/player/1834
1836,Niilo Mäenpää,Warta Poznań,Pomocnik,0,1.7,0.0,0%,https://fantasy.ekstraklasa.org/player/1836
1837,Momo Cissé,Wisła Kraków,Pomocnik,0,1.9,0.0,0%,https://fantasy.ekstraklasa.org/player/1837
1838,Luis Fernández,Lechia Gdańsk,Pomocnik,0,1.8,0.0,0%,https://fantasy.ekstraklasa.org/player/1838
1839,Sebastian Ring,Wisła Kraków,Obrońca,0,1.8,0.0,0%,https://fantasy.ekstraklasa.org/player/1839
1840,Martin Doležal,Zagłębie Lubin,Napastnik,0,1.8,0.0,0%,https://fantasy.ekstraklasa.org/player/1840
1841,Matěj Hybš,Bruk-Bet Termalica Nieciecza,Obrońca,0,1.7,0.0,0%,https://fantasy.ekstraklasa.org/player/1841
1842,Dawid Olejarka,Radomiak Radom,Pomocnik,0,0.9,0.0,0%,https://fantasy.ekstraklasa.org/player/1842
1843,Constantin Reiner,Piast Gliwice,Obrońca,0,1.8,0.0,0%,https://fantasy.ekstraklasa.org/player/1843
1844,Joseph Colley,Wisła Kraków,Obrońca,0,1.8,0.0,0%,https://fantasy.ekstraklasa.org/player/1844
1845,Deiana Sorescu,Raków Częstochowa,Pomocnik,0,2.0,0.0,0%,https://fantasy.ekstraklasa.org/player/1845
1846,Aleksandar Šćekić,Zagłębie Lubin,Pomocnik,0,1.9,0.0,0%,https://fantasy.ekstraklasa.org/player/1846
1847,Pawieł Pawluczenko,Górnik Zabrze,Bramkarz,0,1.5,0.0,0%,https://fantasy.ekstraklasa.org/player/1847
1848,Enis Fazlagić,Wisła Kraków,Pomocnik,0,1.8,0.0,0%,https://fantasy.ekstraklasa.org/player/1848
1849,Adrián Balboa,Raków Częstochowa,Napastnik,0,1.4,0.0,0%,https://fantasy.ekstraklasa.org/player/1849
1850,Dennis Jastrzembski,Śląsk Wrocław,Pomocnik,0,1.7,0.0,0%,https://fantasy.ekstraklasa.org/player/1850
1851,Filip Wilak,Lech Poznań,Pomocnik,0,1.5,0.0,0%,https://fantasy.ekstraklasa.org/player/1851
1852,Daníel Grétarsson,Śląsk Wrocław,Obrońca,0,1.8,0.0,0%,https://fantasy.ekstraklasa.org/player/1852
1854,Nikodem Zielonka,Górnik Zabrze,Pomocnik,0,1.0,0.0,0%,https://fantasy.ekstraklasa.org/player/1854
1855,Miłosz Skowronek,Jagiellonia Białystok,Obrońca,0,0.7,0.0,0%,https://fantasy.ekstraklasa.org/player/1855
1856,Kamil Wilczek,Piast Gliwice,Napastnik,0,1.9,0.0,0%,https://fantasy.ekstraklasa.org/player/1856
1857,Ramil Mustafajew,Legia Warszawa,Obrońca,0,1.5,0.0,0%,https://fantasy.ekstraklasa.org/player/1857
1858,Jakub Antczak,Lech Poznań,Pomocnik,0,1.4,0.0,0%,https://fantasy.ekstraklasa.org/player/1858
1859,Maksymilian Pingot,Górnik Zabrze,Obrońca,0,1.7,0.0,0%,https://fantasy.ekstraklasa.org/player/1859
1860,Rubén Lobato,Górnik Łęczna,Obrońca,0,1.9,0.0,0%,https://fantasy.ekstraklasa.org/player/1860
1861,David Domgjoni,Bruk-Bet Termalica Nieciecza,Obrońca,0,1.8,0.0,0%,https://fantasy.ekstraklasa.org/player/1861
1862,Szymon Michalski,Śląsk Wrocław,Obrońca,0,0.7,0.0,0%,https://fantasy.ekstraklasa.org/player/1862
1863,Kais Al-Ani,Stal Mielec,Bramkarz,0,1.2,0.0,0%,https://fantasy.ekstraklasa.org/player/1863
1864,Patryk Pierzak,Legia Warszawa,Pomocnik,0,0.7,0.0,0%,https://fantasy.ekstraklasa.org/player/1864
1866,Christian Clemens,Lechia Gdańsk,Pomocnik,0,1.8,0.0,0%,https://fantasy.ekstraklasa.org/player/1866
1867,Jakub Lutostański,Śląsk Wrocław,Napastnik,0,0.7,0.0,0%,https://fantasy.ekstraklasa.org/player/1867
1868,Kacper Masiak,Raków Częstochowa,Pomocnik,0,0.7,0.0,0%,https://fantasy.ekstraklasa.org/player/1868
1870,Jakub Snopczyński,Radomiak Radom,Pomocnik,0,0.7,0.0,0%,https://fantasy.ekstraklasa.org/player/1870
1871,Abraham Marcus,Radomiak Radom,Napastnik,0,1.8,0.0,0%,https://fantasy.ekstraklasa.org/player/1871
1872,Jô Santos,Radomiak Radom,Pomocnik,0,1.9,0.0,0%,https://fantasy.ekstraklasa.org/player/1872
1873,Jewhen Konoplanka,Cracovia,Pomocnik,0,1.8,0.0,0%,https://fantasy.ekstraklasa.org/player/1873
1874,Frank Castañeda,Radomiak Radom,Pomocnik,0,1.8,0.0,0%,https://fantasy.ekstraklasa.org/player/1874
1875,Patrick Olsen,Śląsk Wrocław,Pomocnik,0,1.8,0.0,0%,https://fantasy.ekstraklasa.org/player/1875
1876,Henrik Castegren,Lechia Gdańsk,Obrońca,0,1.8,0.0,0%,https://fantasy.ekstraklasa.org/player/1876
1877,Veton Tusha,Bruk-Bet Termalica Nieciecza,Napastnik,0,1.7,0.0,0%,https://fantasy.ekstraklasa.org/player/1877
1878,Richard Strebinger,Legia Warszawa,Bramkarz,0,1.9,0.0,0%,https://fantasy.ekstraklasa.org/player/1878
1879,Luiz Gustavo,Radomiak Radom,Pomocnik,0,1.8,0.0,0%,https://fantasy.ekstraklasa.org/player/1879
1881,Tomáš Poznar,Bruk-Bet Termalica Nieciecza,Napastnik,0,1.9,0.0,0%,https://fantasy.ekstraklasa.org/player/1881
1882,Jhon Chancellor,Zagłębie Lubin,Obrońca,0,1.9,0.0,0%,https://fantasy.ekstraklasa.org/player/1882
1883,Higinio Marín,Górnik Zabrze,Napastnik,0,1.9,0.0,0%,https://fantasy.ekstraklasa.org/player/1883
1884,Marcin Szeibe,Warta Poznań,Pomocnik,0,1.2,0.0,0%,https://fantasy.ekstraklasa.org/player/1884
1885,Cheikhou Dieng,Zagłębie Lubin,Pomocnik,0,1.7,0.0,0%,https://fantasy.ekstraklasa.org/player/1885
1886,Virgil Ghiță,Cracovia,Obrońca,0,1.7,0.0,0%,https://fantasy.ekstraklasa.org/player/1886
1887,Elvis Manu,Wisła Kraków,Napastnik,0,2.1,0.0,0%,https://fantasy.ekstraklasa.org/player/1887
1888,Narek Grigorjan,Jagiellonia Białystok,Pomocnik,0,1.9,0.0,0%,https://fantasy.ekstraklasa.org/player/1888
1889,Kacper Łukasiak,GKS Katowice,Pomocnik,0,1.7,0.0,0%,https://fantasy.ekstraklasa.org/player/1889
1890,Kamil Sobczak,Zagłębie Lubin,Pomocnik,0,0.7,0.0,0%,https://fantasy.ekstraklasa.org/player/1890
1891,Radosław Zyśk,Jagiellonia Białystok,Napastnik,0,0.7,0.0,0%,https://fantasy.ekstraklasa.org/player/1891
1892,Roland Varga,Bruk-Bet Termalica Nieciecza,Pomocnik,0,1.9,0.0,0%,https://fantasy.ekstraklasa.org/player/1892
1894,Benjamin Verbič,Legia Warszawa,Pomocnik,0,2.3,0.0,0%,https://fantasy.ekstraklasa.org/player/1894
1895,Artem Polarus,Bruk-Bet Termalica Nieciecza,Pomocnik,0,1.8,0.0,0%,https://fantasy.ekstraklasa.org/player/1895
1896,Bartłomiej Korbecki,Górnik Zabrze,Pomocnik,0,0.7,0.0,0%,https://fantasy.ekstraklasa.org/player/1896
1897,Diego Silva Carioca,Jagiellonia Białystok,Pomocnik,0,1.8,0.0,0%,https://fantasy.ekstraklasa.org/player/1897
1898,Marc Gual,Legia Warszawa,Napastnik,0,2.3,0.0,0%,https://fantasy.ekstraklasa.org/player/1898
1899,Luka Gagnidze,Raków Częstochowa,Pomocnik,0,1.7,0.0,0%,https://fantasy.ekstraklasa.org/player/1899
1900,Władysław Koczerhin,Raków Częstochowa,Pomocnik,0,2.0,0.0,0%,https://fantasy.ekstraklasa.org/player/1900
1901,Andrij Dombrowśkyj,Bruk-Bet Termalica Nieciecza,Pomocnik,0,1.6,0.0,0%,https://fantasy.ekstraklasa.org/player/1901
1902,Heorhij Citaiszwili,Lech Poznań,Pomocnik,0,2.0,0.0,0%,https://fantasy.ekstraklasa.org/player/1902
1903,David Poreba,Stal Mielec,Pomocnik,0,0.7,0.0,0%,https://fantasy.ekstraklasa.org/player/1903
1904,Patryk Czerech,Jagiellonia Białystok,Obrońca,0,0.7,0.0,0%,https://fantasy.ekstraklasa.org/player/1904
1905,Mateusz Ziółkowski,Górnik Zabrze,Pomocnik,0,0.7,0.0,0%,https://fantasy.ekstraklasa.org/player/1905
1906,Maciej Kikolski,Widzew Łódź,Bramkarz,0,1.7,0.0,0%,https://fantasy.ekstraklasa.org/player/1906
1907,Bartosz Łuczak,Piast Gliwice,Obrońca,0,0.7,0.0,0%,https://fantasy.ekstraklasa.org/player/1907
1908,Aleksandr Pawłowiec,Warta Poznań,Obrońca,0,1.9,0.0,0%,https://fantasy.ekstraklasa.org/player/1908
1910,Piotr Zieliński,Wisła Płock,Bramkarz,0,0.7,0.0,0%,https://fantasy.ekstraklasa.org/player/1910
1911,Maksym Czekała,Lech Poznań,Pomocnik,0,0.7,0.0,0%,https://fantasy.ekstraklasa.org/player/1911
1912,Mateusz Kowalski,Jagiellonia Białystok,Napastnik,0,1.5,0.0,0%,https://fantasy.ekstraklasa.org/player/1912
1913,Miłosz Żurawski,Radomiak Radom,Napastnik,0,0.7,0.0,0%,https://fantasy.ekstraklasa.org/player/1913
1914,Karol Borys,Śląsk Wrocław,Pomocnik,0,0.7,0.0,0%,https://fantasy.ekstraklasa.org/player/1914
1915,Mateusz Golba,Górnik Łęczna,Napastnik,0,0.7,0.0,0%,https://fantasy.ekstraklasa.org/player/1915
1916,Marcel Obroślak,Górnik Łęczna,Pomocnik,0,0.7,0.0,0%,https://fantasy.ekstraklasa.org/player/1916
1917,Michał Szałachowski,Górnik Łęczna,Napastnik,0,0.7,0.0,0%,https://fantasy.ekstraklasa.org/player/1917
1919,Wojciech Łaski,Jagiellonia Białystok,Pomocnik,0,1.5,0.0,0%,https://fantasy.ekstraklasa.org/player/1919
1920,Rui Filipe Nene,Jagiellonia Białystok,Pomocnik,0,2.3,0.0,0%,https://fantasy.ekstraklasa.org/player/1920
1921,Artur Rudko,Lech Poznań,Bramkarz,0,1.7,0.0,0%,https://fantasy.ekstraklasa.org/player/1921
1923,Blaż Kramer,Legia Warszawa,Napastnik,0,2.1,0.0,0%,https://fantasy.ekstraklasa.org/player/1923
1924,Michał Jerke,Radomiak Radom,Bramkarz,0,0.7,0.0,0%,https://fantasy.ekstraklasa.org/player/1924
1925,Gabriel Kobylak,Legia Warszawa,Bramkarz,0,1.8,0.0,0%,https://fantasy.ekstraklasa.org/player/1925
1927,Michał Feliks,Ruch Chorzów,Napastnik,0,1.7,0.0,0%,https://fantasy.ekstraklasa.org/player/1927
1929,Dominykas Barauskas,Stal Mielec,Obrońca,0,1.7,0.0,0%,https://fantasy.ekstraklasa.org/player/1929
1930,John Yeboah,Raków Częstochowa,Pomocnik,0,2.3,0.0,0%,https://fantasy.ekstraklasa.org/player/1930
1932,Martin Sulek,Wisła Płock,Obrońca,0,1.8,0.0,0%,https://fantasy.ekstraklasa.org/player/1932
1933,Antonio Álvarez,Wisła Płock,Pomocnik,0,3.2,0.0,0%,https://fantasy.ekstraklasa.org/player/1933
1934,Szymon Kobusiński,Ruch Chorzów,Napastnik,0,1.1,0.0,0%,https://fantasy.ekstraklasa.org/player/1934
1936,Hubert Szulc,Korona Kielce,Napastnik,0,0.7,0.0,0%,https://fantasy.ekstraklasa.org/player/1936
1937,Michael Kostka,Miedź Legnica,Obrońca,0,1.6,0.0,0%,https://fantasy.ekstraklasa.org/player/1937
1938,Angelo Henriquez,Miedź Legnica,Napastnik,0,1.8,0.0,0%,https://fantasy.ekstraklasa.org/player/1938
1939,Koldo Obieta,Miedź Legnica,Napastnik,0,1.7,0.0,0%,https://fantasy.ekstraklasa.org/player/1939
1940,Mattia Montini,Widzew Łódź,Napastnik,0,1.6,0.0,0%,https://fantasy.ekstraklasa.org/player/1940
1941,Bartosz Guzdek,Widzew Łódź,Napastnik,0,1.6,0.0,0%,https://fantasy.ekstraklasa.org/player/1941
1942,Filip Zawadzki,Widzew Łódź,Pomocnik,0,0.7,0.0,0%,https://fantasy.ekstraklasa.org/player/1942
1943,Kristoffer Hansen,Jagiellonia Białystok,Pomocnik,0,2.1,0.0,0%,https://fantasy.ekstraklasa.org/player/1943
1944,Marek Hanousek,Widzew Łódź,Pomocnik,0,1.7,0.0,0%,https://fantasy.ekstraklasa.org/player/1944
1945,Radosław Gołębiowski,Widzew Łódź,Pomocnik,0,1.5,0.0,0%,https://fantasy.ekstraklasa.org/player/1945
1946,Fabio Nunes,Widzew Łódź,Pomocnik,0,1.7,0.0,0%,https://fantasy.ekstraklasa.org/player/1946
1947,Martin Kreuzriegler,Widzew Łódź,Obrońca,0,1.8,0.0,0%,https://fantasy.ekstraklasa.org/player/1947
1948,Henrich Ravas,Cracovia,Bramkarz,0,1.7,0.0,1%,https://fantasy.ekstraklasa.org/player/1948
1949,Wasyl Łytwynenko,Widzew Łódź,Bramkarz,0,1.0,0.0,0%,https://fantasy.ekstraklasa.org/player/1949
1950,Roberto Corral,Korona Kielce,Obrońca,0,1.7,0.0,0%,https://fantasy.ekstraklasa.org/player/1950
1951,Jacek Podgórski,Korona Kielce,Pomocnik,0,1.7,0.0,0%,https://fantasy.ekstraklasa.org/player/1951
1952,Filipe Oliveira,Korona Kielce,Pomocnik,0,1.7,0.0,0%,https://fantasy.ekstraklasa.org/player/1952
1953,Kyryło Petrow,Korona Kielce,Obrońca,0,1.6,0.0,0%,https://fantasy.ekstraklasa.org/player/1953
1954,Jewgienij Szykawka,Korona Kielce,Napastnik,0,1.7,0.0,0%,https://fantasy.ekstraklasa.org/player/1954
1955,Mario Zebić,Korona Kielce,Obrońca,0,1.6,0.0,0%,https://fantasy.ekstraklasa.org/player/1955
1956,Mateusz Abramowicz,Miedź Legnica,Bramkarz,0,1.6,0.0,0%,https://fantasy.ekstraklasa.org/player/1956
1957,Paweł Lenarcik,Miedź Legnica,Bramkarz,0,1.5,0.0,0%,https://fantasy.ekstraklasa.org/player/1957
1958,Alan Madaliński,Miedź Legnica,Bramkarz,0,0.7,0.0,0%,https://fantasy.ekstraklasa.org/player/1958
1959,Michał Bednarski,Miedź Legnica,Napastnik,0,1.0,0.0,0%,https://fantasy.ekstraklasa.org/player/1959
1960,Tomasz Mamis,Miedź Legnica,Pomocnik,0,0.7,0.0,0%,https://fantasy.ekstraklasa.org/player/1960
1961,Mehdi Lehaire,Miedź Legnica,Pomocnik,0,1.7,0.0,0%,https://fantasy.ekstraklasa.org/player/1961
1962,Jon Aurtenetxe,Miedź Legnica,Obrońca,0,1.6,0.0,0%,https://fantasy.ekstraklasa.org/player/1962
1963,Levent Gülen,ŁKS Łódź,Obrońca,0,1.7,0.0,0%,https://fantasy.ekstraklasa.org/player/1963
1964,Afonso Sousa,Lech Poznań,Pomocnik,0,3.2,0.0,0%,https://fantasy.ekstraklasa.org/player/1964
1965,Jurich Carolina,Miedź Legnica,Obrońca,0,1.6,0.0,0%,https://fantasy.ekstraklasa.org/player/1965
1966,Jens Martin Gammelby,Miedź Legnica,Obrońca,0,1.8,0.0,0%,https://fantasy.ekstraklasa.org/player/1966
1967,Ruben Hoogenhout,Miedź Legnica,Obrońca,0,1.6,0.0,0%,https://fantasy.ekstraklasa.org/player/1967
1969,Carlos Julio Martinez,Miedź Legnica,Obrońca,0,1.7,0.0,0%,https://fantasy.ekstraklasa.org/player/1969
1971,Benjamin Källman,Cracovia,Napastnik,0,3.4,0.0,0%,https://fantasy.ekstraklasa.org/player/1971
1972,Adrian Sandach,Korona Kielce,Bramkarz,0,0.7,0.0,0%,https://fantasy.ekstraklasa.org/player/1972
1973,Zvonimir Petrović,Arka Gdynia,Pomocnik,0,1.7,0.0,0%,https://fantasy.ekstraklasa.org/player/1973
1974,Artur Amroziński,Korona Kielce,Napastnik,0,1.2,0.0,0%,https://fantasy.ekstraklasa.org/player/1974
1975,Piotr Azikiewicz,Miedź Legnica,Pomocnik,0,1.4,0.0,0%,https://fantasy.ekstraklasa.org/player/1975
1976,Hamza Bahaïd,Miedź Legnica,Pomocnik,0,1.5,0.0,0%,https://fantasy.ekstraklasa.org/player/1976
1977,Kacper Chmielewski,Miedź Legnica,Pomocnik,0,0.7,0.0,0%,https://fantasy.ekstraklasa.org/player/1977
1978,Marcin Garuch,Miedź Legnica,Pomocnik,0,1.4,0.0,0%,https://fantasy.ekstraklasa.org/player/1978
1979,Igor Lewandowski,Miedź Legnica,Pomocnik,0,1.0,0.0,0%,https://fantasy.ekstraklasa.org/player/1979
1980,Bruno Garcia,Miedź Legnica,Pomocnik,0,1.4,0.0,0%,https://fantasy.ekstraklasa.org/player/1980
1981,Jakub Niedbała,Piast Gliwice,Pomocnik,0,0.7,0.0,0%,https://fantasy.ekstraklasa.org/player/1981
1982,Jakub Lis,Pogoń Szczecin,Obrońca,0,1.3,0.0,1%,https://fantasy.ekstraklasa.org/player/1982
1983,Jakub Ojrzyński,Radomiak Radom,Bramkarz,0,1.4,0.0,0%,https://fantasy.ekstraklasa.org/player/1983
1984,Aleksander Gajgier,Radomiak Radom,Obrońca,0,0.7,0.0,0%,https://fantasy.ekstraklasa.org/player/1984
1985,Mateusz Ludwikowski,Widzew Łódź,Bramkarz,0,0.7,0.0,0%,https://fantasy.ekstraklasa.org/player/1985
1986,Michał Grudniewski,Widzew Łódź,Obrońca,0,1.4,0.0,0%,https://fantasy.ekstraklasa.org/player/1986
1987,Jordi Sánchez,Widzew Łódź,Napastnik,0,1.9,0.0,0%,https://fantasy.ekstraklasa.org/player/1987
1988,Jerónimo Cacciabue,Miedź Legnica,Pomocnik,0,1.8,0.0,0%,https://fantasy.ekstraklasa.org/player/1988
1989,Kevin Broll,Górnik Zabrze,Bramkarz,0,1.8,0.0,0%,https://fantasy.ekstraklasa.org/player/1989
1991,Pontus Almqvist,Pogoń Szczecin,Napastnik,0,1.9,0.0,0%,https://fantasy.ekstraklasa.org/player/1991
1992,Dimítris Stavrópoulos,Warta Poznań,Obrońca,0,1.8,0.0,0%,https://fantasy.ekstraklasa.org/player/1992
1993,Dalibor Takáč,Korona Kielce,Pomocnik,0,1.7,0.0,0%,https://fantasy.ekstraklasa.org/player/1993
1994,Miłosz Strzeboński,Korona Kielce,Pomocnik,0,1.4,0.0,0%,https://fantasy.ekstraklasa.org/player/1994
1995,Janusz Nojszewski,Korona Kielce,Pomocnik,0,0.7,0.0,0%,https://fantasy.ekstraklasa.org/player/1995
1996,Kacper Bojańczyk,Korona Kielce,Pomocnik,0,0.7,0.0,0%,https://fantasy.ekstraklasa.org/player/1996
1997,Szymon Majewski,Korona Kielce,Pomocnik,0,0.7,0.0,0%,https://fantasy.ekstraklasa.org/player/1997
1998,Olaf Kobacki,Miedź Legnica,Napastnik,0,1.8,0.0,0%,https://fantasy.ekstraklasa.org/player/1998
1999,Jonatan Kotzke,Górnik Zabrze,Obrońca,0,1.7,0.0,0%,https://fantasy.ekstraklasa.org/player/1999
2000,Lisandro Semedo,Radomiak Radom,Pomocnik,0,1.7,0.0,0%,https://fantasy.ekstraklasa.org/player/2000
2003,Pedro Justiniano,Radomiak Radom,Obrońca,0,1.9,0.0,0%,https://fantasy.ekstraklasa.org/player/2003
2004,Dawid Owczarek,Widzew Łódź,Obrońca,0,0.7,0.0,0%,https://fantasy.ekstraklasa.org/player/2004
2005,Mateusz Letkiewicz,Miedź Legnica,Obrońca,0,0.7,0.0,0%,https://fantasy.ekstraklasa.org/player/2005
2006,Krystian Kardyś,Stal Mielec,Pomocnik,0,0.7,0.0,0%,https://fantasy.ekstraklasa.org/player/2006
2007,Michał Matys,Zagłębie Lubin,Bramkarz,0,0.7,0.0,0%,https://fantasy.ekstraklasa.org/player/2007
2008,Kacper Terlecki,Zagłębie Lubin,Pomocnik,0,0.7,0.0,0%,https://fantasy.ekstraklasa.org/player/2008
2009,Takuto Oshima,Cracovia,Pomocnik,0,1.8,0.0,0%,https://fantasy.ekstraklasa.org/player/2009
2010,Saïd Hamulic,Widzew Łódź,Napastnik,0,1.8,0.0,0%,https://fantasy.ekstraklasa.org/player/2010
2011,Bartosz Brzęk,Lechia Gdańsk,Obrońca,0,0.7,0.0,0%,https://fantasy.ekstraklasa.org/player/2011
2012,Krystian Okoniewski,Puszcza Niepołomice,Napastnik,0,0.7,0.0,0%,https://fantasy.ekstraklasa.org/player/2012
2013,Szymon Sarbinowski,Warta Poznań,Pomocnik,0,0.7,0.0,0%,https://fantasy.ekstraklasa.org/player/2013
2014,Kacper Jodłowski,Cracovia,Pomocnik,0,1.0,0.0,0%,https://fantasy.ekstraklasa.org/player/2014
2015,Milan Kvocera,Wisła Płock,Napastnik,0,1.7,0.0,0%,https://fantasy.ekstraklasa.org/player/2015
2017,Bartosz Bernatowicz,Jagiellonia Białystok,Pomocnik,0,0.7,0.0,0%,https://fantasy.ekstraklasa.org/player/2017
2018,Albert Posiadała,Radomiak Radom,Bramkarz,0,1.8,0.0,0%,https://fantasy.ekstraklasa.org/player/2018
2019,Oskar Lodziński,Wisła Płock,Bramkarz,0,0.7,0.0,0%,https://fantasy.ekstraklasa.org/player/2019
2020,Guram Giorbelidze,Zagłębie Lubin,Obrońca,0,1.8,0.0,0%,https://fantasy.ekstraklasa.org/player/2020
2022,Ołeksij Bykow,Zagłębie Sosnowiec,Obrońca,0,1.8,0.0,0%,https://fantasy.ekstraklasa.org/player/2022
2023,Luciano Narsingh,Miedź Legnica,Pomocnik,0,1.8,0.0,0%,https://fantasy.ekstraklasa.org/player/2023
2024,Bogdan Vaštšuk,Stal Mielec,Pomocnik,0,1.8,0.0,0%,https://fantasy.ekstraklasa.org/player/2024
2025,Richard Jensen,Górnik Zabrze,Obrońca,0,1.9,0.0,0%,https://fantasy.ekstraklasa.org/player/2025
2026,Filip Dagerstal,Lech Poznań,Obrońca,0,1.8,0.0,0%,https://fantasy.ekstraklasa.org/player/2026
2027,Ronaldo Deaconu,Korona Kielce,Pomocnik,0,1.9,0.0,0%,https://fantasy.ekstraklasa.org/player/2027
2028,Krzysztof Kolanko,Zagłębie Lubin,Pomocnik,0,1.0,0.0,0%,https://fantasy.ekstraklasa.org/player/2028
2029,Jakub Paszkowski,Warta Poznań,Pomocnik,0,0.7,0.0,0%,https://fantasy.ekstraklasa.org/player/2029
2030,Gustav Berggren,Raków Częstochowa,Pomocnik,0,1.9,0.0,0%,https://fantasy.ekstraklasa.org/player/2030
2031,Karol Drażdżewski,Lech Poznań,Bramkarz,0,0.7,0.0,0%,https://fantasy.ekstraklasa.org/player/2031
2033,Enis Destan,Warta Poznań,Napastnik,0,1.7,0.0,0%,https://fantasy.ekstraklasa.org/player/2033
2034,Santiago Naveda,Miedź Legnica,Pomocnik,0,1.8,0.0,0%,https://fantasy.ekstraklasa.org/player/2034
2035,Adrian Soboń,Stal Mielec,Pomocnik,0,1.1,0.0,0%,https://fantasy.ekstraklasa.org/player/2035
2036,Jakub Rajczykowski,Raków Częstochowa,Bramkarz,0,0.7,0.0,0%,https://fantasy.ekstraklasa.org/player/2036
2037,Robin Kamber,Górnik Zabrze,Pomocnik,0,1.9,0.0,0%,https://fantasy.ekstraklasa.org/player/2037
2038,Patryk Olejnik,Lech Poznań,Obrońca,0,0.7,0.0,0%,https://fantasy.ekstraklasa.org/player/2038
2039,Oskar Mielcarz,Śląsk Wrocław,Bramkarz,0,0.7,0.0,0%,https://fantasy.ekstraklasa.org/player/2039
2040,Michał Stachera,Cracovia,Obrońca,0,0.9,0.0,0%,https://fantasy.ekstraklasa.org/player/2040
2041,Nikolas Korzeniecki,Warta Poznań,Pomocnik,0,0.7,0.0,0%,https://fantasy.ekstraklasa.org/player/2041
2042,Matos Miloš,Widzew Łódź,Obrońca,0,1.8,0.0,0%,https://fantasy.ekstraklasa.org/player/2042
2043,Amadej Maroša,Górnik Zabrze,Napastnik,0,1.9,0.0,0%,https://fantasy.ekstraklasa.org/player/2043
2044,Joeri de Kamps,Lechia Gdańsk,Pomocnik,0,1.9,0.0,0%,https://fantasy.ekstraklasa.org/player/2044
2045,Kanji Okunuki,Górnik Zabrze,Pomocnik,0,1.8,0.0,0%,https://fantasy.ekstraklasa.org/player/2045
2048,Miroslav Gono,Wisła Płock,Pomocnik,0,1.8,0.0,0%,https://fantasy.ekstraklasa.org/player/2048
2049,Ignacy Dawid,Widzew Łódź,Pomocnik,0,0.7,0.0,0%,https://fantasy.ekstraklasa.org/player/2049
2050,Blaž Vrhovec,Górnik Zabrze,Pomocnik,0,1.8,0.0,0%,https://fantasy.ekstraklasa.org/player/2050
2051,Adam Dębiński,Widzew Łódź,Pomocnik,0,0.7,0.0,0%,https://fantasy.ekstraklasa.org/player/2051
2052,Rafał Mamla,Korona Kielce,Bramkarz,0,1.6,0.0,0%,https://fantasy.ekstraklasa.org/player/2052
2054,Tomasz Kupisz,Jagiellonia Białystok,Pomocnik,0,1.7,0.0,0%,https://fantasy.ekstraklasa.org/player/2054
2055,Damian Wojdakowski,Jagiellonia Białystok,Pomocnik,0,0.7,0.0,0%,https://fantasy.ekstraklasa.org/player/2055
2056,Mateusz Kempski,Widzew Łódź,Napastnik,0,0.7,0.0,0%,https://fantasy.ekstraklasa.org/player/2056
2057,Józef Kolasa,Radomiak Radom,Pomocnik,0,0.7,0.0,1%,https://fantasy.ekstraklasa.org/player/2057
2060,Mateusz Kustosz,Warta Poznań,Bramkarz,0,0.7,0.0,0%,https://fantasy.ekstraklasa.org/player/2060
2061,Mateusz Stawny,Śląsk Wrocław,Obrońca,0,0.7,0.0,0%,https://fantasy.ekstraklasa.org/player/2061
2062,Dawid Więckowski,Korona Kielce,Obrońca,0,0.7,0.0,0%,https://fantasy.ekstraklasa.org/player/2062
2063,Piotr Liszewski,Piast Gliwice,Obrońca,0,1.2,0.0,0%,https://fantasy.ekstraklasa.org/player/2063
2064,Błażej Szczepanek,Miedź Legnica,Pomocnik,0,0.7,0.0,0%,https://fantasy.ekstraklasa.org/player/2064
2065,Yadegar Rostami,ŁKS Łódź,Pomocnik,0,1.2,0.0,0%,https://fantasy.ekstraklasa.org/player/2065
2067,Dominick Zator,Arka Gdynia,Obrońca,0,1.6,0.0,0%,https://fantasy.ekstraklasa.org/player/2067
2068,Kacper Józefiak,Miedź Legnica,Obrońca,0,1.2,0.0,0%,https://fantasy.ekstraklasa.org/player/2068
2070,Bartłomiej Jelonek,Piast Gliwice,Bramkarz,0,0.7,0.0,0%,https://fantasy.ekstraklasa.org/player/2070
2072,Hubert Sadowski,Pogoń Szczecin,Obrońca,0,1.3,0.0,0%,https://fantasy.ekstraklasa.org/player/2072
2074,Maciej Kowal,Pogoń Szczecin,Bramkarz,0,0.9,0.0,0%,https://fantasy.ekstraklasa.org/player/2074
2075,Berto Cayarga,Radomiak Radom,Pomocnik,0,1.8,0.0,0%,https://fantasy.ekstraklasa.org/player/2075
2076,Jean Franco Sarmiento,Radomiak Radom,Napastnik,0,1.7,0.0,0%,https://fantasy.ekstraklasa.org/player/2076
2077,Andrejs Cigaņiks,Widzew Łódź,Obrońca,0,1.8,0.0,0%,https://fantasy.ekstraklasa.org/player/2077
2078,Paweł Chrupałła,Wisła Płock,Pomocnik,0,1.3,0.0,0%,https://fantasy.ekstraklasa.org/player/2078
2079,Kevin Friesenbichler,Lechia Gdańsk,Napastnik,0,1.8,0.0,0%,https://fantasy.ekstraklasa.org/player/2079
2080,Francisco Ramos,Radomiak Radom,Pomocnik,0,1.7,0.0,0%,https://fantasy.ekstraklasa.org/player/2080
2081,Mike Cestor,Radomiak Radom,Obrońca,0,1.8,0.0,0%,https://fantasy.ekstraklasa.org/player/2081
2084,Bartosz Neugebauer,Górnik Zabrze,Bramkarz,0,0.9,0.0,0%,https://fantasy.ekstraklasa.org/player/2084
2085,Marcus Godinho,Korona Kielce,Obrońca,0,1.7,0.0,0%,https://fantasy.ekstraklasa.org/player/2085
2086,Stéfanos Kapíno,Miedź Legnica,Bramkarz,0,1.9,0.0,0%,https://fantasy.ekstraklasa.org/player/2086
2087,Arttu Hoskonen,Cracovia,Obrońca,0,1.7,0.0,0%,https://fantasy.ekstraklasa.org/player/2087
2088,Jani Atanasov,Cracovia,Pomocnik,0,1.7,0.0,0%,https://fantasy.ekstraklasa.org/player/2088
2089,Mateusz Bochnak,Cracovia,Pomocnik,0,1.7,0.0,0%,https://fantasy.ekstraklasa.org/player/2089
2091,Jakub Pochcioł,Górnik Zabrze,Pomocnik,0,0.7,0.0,0%,https://fantasy.ekstraklasa.org/player/2091
2092,Adrian Przyborek,Pogoń Szczecin,Pomocnik,0,1.9,0.0,0%,https://fantasy.ekstraklasa.org/player/2092
2093,Jakub Jędrasik,Legia Warszawa,Pomocnik,0,0.7,0.0,0%,https://fantasy.ekstraklasa.org/player/2093
2094,Filip Rejczyk,GKS Katowice,Pomocnik,0,1.2,0.0,0%,https://fantasy.ekstraklasa.org/player/2094
2095,Jan Ziółkowski,Legia Warszawa,Obrońca,0,1.8,0.0,0%,https://fantasy.ekstraklasa.org/player/2095
2096,Kacper Śmiglewski,Cracovia,Napastnik,0,1.5,0.0,0%,https://fantasy.ekstraklasa.org/player/2096
2097,Marius Briceag,Korona Kielce,Obrońca,0,1.8,0.0,0%,https://fantasy.ekstraklasa.org/player/2097
2098,Olivier Sukiennicki,Raków Częstochowa,Pomocnik,0,0.7,0.0,0%,https://fantasy.ekstraklasa.org/player/2098
2099,Álex Vallejo,Stal Mielec,Pomocnik,0,1.8,0.0,0%,https://fantasy.ekstraklasa.org/player/2099
2100,Dušan Stojinović,Jagiellonia Białystok,Obrońca,0,1.7,0.0,0%,https://fantasy.ekstraklasa.org/player/2100
2101,Sokrátis Dioúdis,Zagłębie Lubin,Bramkarz,0,1.8,0.0,0%,https://fantasy.ekstraklasa.org/player/2101
2102,Kacper Capiga,Górnik Zabrze,Obrońca,0,0.7,0.0,0%,https://fantasy.ekstraklasa.org/player/2102
2103,Kamil Soberka,Górnik Zabrze,Bramkarz,0,0.7,0.0,0%,https://fantasy.ekstraklasa.org/player/2103
2105,Dawid Zięba,Stal Mielec,Napastnik,0,0.7,0.0,0%,https://fantasy.ekstraklasa.org/player/2105
2106,Daisuke Yokota,Górnik Zabrze,Pomocnik,0,2.1,0.0,0%,https://fantasy.ekstraklasa.org/player/2106
2108,Patryk Szwedzik,Śląsk Wrocław,Napastnik,0,1.7,0.0,0%,https://fantasy.ekstraklasa.org/player/2108
2109,Dimityr Wełkowski,Miedź Legnica,Obrońca,0,1.8,0.0,0%,https://fantasy.ekstraklasa.org/player/2109
2111,Wojciech Mazurowski,Wisła Płock,Obrońca,0,1.1,0.0,0%,https://fantasy.ekstraklasa.org/player/2111
2112,Jakub Konstantyn,Korona Kielce,Pomocnik,0,1.2,0.0,0%,https://fantasy.ekstraklasa.org/player/2112
2113,Louis Poznański,Lechia Gdańsk,Obrońca,0,1.8,0.0,0%,https://fantasy.ekstraklasa.org/player/2113
2114,Jakub Burek,Wisła Płock,Bramkarz,0,1.0,0.0,1%,https://fantasy.ekstraklasa.org/player/2114
2115,Anthony van den Hurk,Górnik Zabrze,Napastnik,0,1.8,0.0,0%,https://fantasy.ekstraklasa.org/player/2115
2116,Bartłomiej Kałduński,Lechia Gdańsk,Bramkarz,0,0.7,0.0,0%,https://fantasy.ekstraklasa.org/player/2116
2117,Mateusz Malec,Jagiellonia Białystok,Pomocnik,0,0.7,0.0,0%,https://fantasy.ekstraklasa.org/player/2117
2118,Damian Tront,Miedź Legnica,Pomocnik,0,1.6,0.0,0%,https://fantasy.ekstraklasa.org/player/2118
2119,Łukasz Gerstenstein,Śląsk Wrocław,Obrońca,0,1.6,0.0,0%,https://fantasy.ekstraklasa.org/player/2119
2120,Martin Hašek,Wisła Płock,Pomocnik,0,1.9,0.0,0%,https://fantasy.ekstraklasa.org/player/2120
2121,Jakub Trojanowski,Legia Warszawa,Bramkarz,0,0.7,0.0,0%,https://fantasy.ekstraklasa.org/player/2121
2122,Emmanuel Agbor,Miedź Legnica,Napastnik,0,1.5,0.0,0%,https://fantasy.ekstraklasa.org/player/2122
2124,Hubert Muszyński,Śląsk Wrocław,Obrońca,0,1.3,0.0,0%,https://fantasy.ekstraklasa.org/player/2124
2125,Gleb Kuczko,Wisła Płock,Pomocnik,0,0.9,0.0,0%,https://fantasy.ekstraklasa.org/player/2125
2127,Dawid Bałydga,Śląsk Wrocław,Napastnik,0,0.7,0.0,0%,https://fantasy.ekstraklasa.org/player/2127
2128,Robert Pisarczuk,Śląsk Wrocław,Obrońca,0,1.2,0.0,0%,https://fantasy.ekstraklasa.org/player/2128
2129,Filip Jakubowski,Warta Poznań,Pomocnik,0,0.7,0.0,0%,https://fantasy.ekstraklasa.org/player/2129
2130,Jakub Wajman,Warta Poznań,Pomocnik,0,0.7,0.0,0%,https://fantasy.ekstraklasa.org/player/2130
2131,Miłosz Wódecki,Warta Poznań,Pomocnik,0,0.7,0.0,0%,https://fantasy.ekstraklasa.org/player/2131
2132,Filip Chadała,Miedź Legnica,Bramkarz,0,0.7,0.0,0%,https://fantasy.ekstraklasa.org/player/2132
2133,Tobiasz Kubik,Raków Częstochowa,Pomocnik,0,0.7,0.0,0%,https://fantasy.ekstraklasa.org/player/2133
2134,Bartosz Tomaszewski,Lech Poznań,Obrońca,0,0.7,0.0,1%,https://fantasy.ekstraklasa.org/player/2134
2135,Jędrzej Hanuszczak,Warta Poznań,Pomocnik,0,0.7,0.0,0%,https://fantasy.ekstraklasa.org/player/2135
2136,Jakub Bielecki,Ruch Chorzów,Bramkarz,0,1.6,0.0,0%,https://fantasy.ekstraklasa.org/player/2136
2137,Tomasz Nowak,Ruch Chorzów,Bramkarz,0,0.9,0.0,0%,https://fantasy.ekstraklasa.org/player/2137
2138,Konrad Kasolik,Ruch Chorzów,Obrońca,0,1.6,0.0,0%,https://fantasy.ekstraklasa.org/player/2138
2139,Bartłomiej Lenert,Ruch Chorzów,Obrońca,0,1.4,0.0,0%,https://fantasy.ekstraklasa.org/player/2139
2140,Filip Nawrocki,Ruch Chorzów,Obrońca,0,1.5,0.0,0%,https://fantasy.ekstraklasa.org/player/2140
2141,Bartosz Musiolik,Ruch Chorzów,Obrońca,0,1.3,0.0,0%,https://fantasy.ekstraklasa.org/player/2141
2142,Przemysław Szur,Ruch Chorzów,Obrońca,0,1.6,0.0,0%,https://fantasy.ekstraklasa.org/player/2142
2143,Remigiusz Szywacz,Ruch Chorzów,Obrońca,0,1.6,0.0,0%,https://fantasy.ekstraklasa.org/player/2143
2144,Tomasz Foszmańczyk,Ruch Chorzów,Pomocnik,0,1.6,0.0,0%,https://fantasy.ekstraklasa.org/player/2144
2145,Jakub Piątek,Ruch Chorzów,Pomocnik,0,1.4,0.0,0%,https://fantasy.ekstraklasa.org/player/2145
2146,Jan Sedlák,Ruch Chorzów,Pomocnik,0,1.5,0.0,0%,https://fantasy.ekstraklasa.org/player/2146
2147,Patryk Sikora,Ruch Chorzów,Pomocnik,0,1.3,0.0,0%,https://fantasy.ekstraklasa.org/player/2147
2148,Tomasz Swędrowski,Ruch Chorzów,Pomocnik,0,1.7,0.0,0%,https://fantasy.ekstraklasa.org/player/2148
2149,Mateusz Wojtek,Ruch Chorzów,Pomocnik,0,0.7,0.0,0%,https://fantasy.ekstraklasa.org/player/2149
2151,Artur Pląskowski,Ruch Chorzów,Napastnik,0,1.4,0.0,0%,https://fantasy.ekstraklasa.org/player/2151
2152,Igor Stasiński,Ruch Chorzów,Napastnik,0,0.7,0.0,0%,https://fantasy.ekstraklasa.org/player/2152
2153,Maciej Firlej,Puszcza Niepołomice,Napastnik,0,1.5,0.0,0%,https://fantasy.ekstraklasa.org/player/2153
2154,Szymon Szymański,Ruch Chorzów,Pomocnik,0,1.5,0.0,0%,https://fantasy.ekstraklasa.org/player/2154
2155,Kewin Komar,Puszcza Niepołomice,Bramkarz,0,1.7,0.0,0%,https://fantasy.ekstraklasa.org/player/2155
2156,Filip Uryga,Puszcza Niepołomice,Bramkarz,0,0.7,0.0,0%,https://fantasy.ekstraklasa.org/player/2156
2157,Krzysztof Wróblewski,Puszcza Niepołomice,Bramkarz,0,0.9,0.0,0%,https://fantasy.ekstraklasa.org/player/2157
2158,Filip Gil,Puszcza Niepołomice,Obrońca,0,0.7,0.0,0%,https://fantasy.ekstraklasa.org/player/2158
2159,Piotr Gruszecki,Puszcza Niepołomice,Obrońca,0,0.8,0.0,0%,https://fantasy.ekstraklasa.org/player/2159
2161,Konrad Stępień,Puszcza Niepołomice,Pomocnik,0,1.7,0.0,0%,https://fantasy.ekstraklasa.org/player/2161
2162,Szymon Jopek,Puszcza Niepołomice,Pomocnik,0,1.5,0.0,0%,https://fantasy.ekstraklasa.org/player/2162
2164,Jakub Stec,Puszcza Niepołomice,Pomocnik,0,0.7,0.0,0%,https://fantasy.ekstraklasa.org/player/2164
2165,Émile Thiakane,Puszcza Niepołomice,Pomocnik,0,1.5,0.0,0%,https://fantasy.ekstraklasa.org/player/2165
2166,Hubert Tomalski,Puszcza Niepołomice,Pomocnik,0,1.6,0.0,0%,https://fantasy.ekstraklasa.org/player/2166
2167,Rok Kidrič,Puszcza Niepołomice,Napastnik,0,1.7,0.0,0%,https://fantasy.ekstraklasa.org/player/2167
2168,Lucjan Klisiewicz,Puszcza Niepołomice,Napastnik,0,1.7,0.0,0%,https://fantasy.ekstraklasa.org/player/2168
2169,Aleksander Bobek,ŁKS Łódź,Bramkarz,0,1.7,0.0,0%,https://fantasy.ekstraklasa.org/player/2169
2170,Mateusz Bąkowicz,ŁKS Łódź,Obrońca,0,1.3,0.0,0%,https://fantasy.ekstraklasa.org/player/2170
2171,Oskar Koprowski,ŁKS Łódź,Obrońca,0,1.4,0.0,0%,https://fantasy.ekstraklasa.org/player/2171
2172,Nacho Monsalve,ŁKS Łódź,Obrońca,0,1.8,0.0,0%,https://fantasy.ekstraklasa.org/player/2172
2173,Artemijus Tutyškinas,ŁKS Łódź,Obrońca,0,1.7,0.0,0%,https://fantasy.ekstraklasa.org/player/2173
2174,Bartosz Biel,ŁKS Łódź,Pomocnik,0,1.4,0.0,0%,https://fantasy.ekstraklasa.org/player/2174
2175,Piotr Janczukowicz,ŁKS Łódź,Pomocnik,0,1.6,0.0,0%,https://fantasy.ekstraklasa.org/player/2175
2177,Mikołaj Lipień,ŁKS Łódź,Pomocnik,0,1.0,0.0,0%,https://fantasy.ekstraklasa.org/player/2177
2178,Mieszko Lorenc,ŁKS Łódź,Pomocnik,0,1.1,0.0,0%,https://fantasy.ekstraklasa.org/player/2178
2179,Damian Nowacki,ŁKS Łódź,Pomocnik,0,1.4,0.0,0%,https://fantasy.ekstraklasa.org/player/2179
2180,Władysław Ochronczuk,ŁKS Łódź,Pomocnik,0,1.5,0.0,0%,https://fantasy.ekstraklasa.org/player/2180
2181,Jakub Romanowicz,ŁKS Łódź,Pomocnik,0,1.4,0.0,0%,https://fantasy.ekstraklasa.org/player/2181
2182,Milan Spremo,ŁKS Łódź,Pomocnik,0,1.5,0.0,0%,https://fantasy.ekstraklasa.org/player/2182
2183,Marcel Wszołek,ŁKS Łódź,Pomocnik,0,0.7,0.0,0%,https://fantasy.ekstraklasa.org/player/2183
2184,Nelson Balongo,ŁKS Łódź,Napastnik,0,1.3,0.0,0%,https://fantasy.ekstraklasa.org/player/2184
2185,Grzegorz Glapka,ŁKS Łódź,Napastnik,0,0.8,0.0,0%,https://fantasy.ekstraklasa.org/player/2185
2186,Kelechukwu Ibe-Torti,ŁKS Łódź,Napastnik,0,1.4,0.0,0%,https://fantasy.ekstraklasa.org/player/2186
2187,Stipe Jurić,ŁKS Łódź,Napastnik,0,1.6,0.0,0%,https://fantasy.ekstraklasa.org/player/2187
2188,Jakub Letniowski,ŁKS Łódź,Pomocnik,0,1.3,0.0,0%,https://fantasy.ekstraklasa.org/player/2188
2190,Dominik Marczuk,Jagiellonia Białystok,Pomocnik,0,2.5,0.0,0%,https://fantasy.ekstraklasa.org/player/2190
2192,João Gamboa,Pogoń Szczecin,Pomocnik,0,1.8,0.0,0%,https://fantasy.ekstraklasa.org/player/2192
2193,Edi Semedo,Jagiellonia Białystok,Napastnik,0,1.7,0.0,0%,https://fantasy.ekstraklasa.org/player/2193
2194,Pedro Henrique,Radomiak Radom,Napastnik,0,2.6,0.0,0%,https://fantasy.ekstraklasa.org/player/2194
2195,Jakub Rozwadowski,Stal Mielec,Pomocnik,0,0.7,0.0,0%,https://fantasy.ekstraklasa.org/player/2195
2196,Krzysztof Wołkowicz,Stal Mielec,Obrońca,0,1.7,0.0,0%,https://fantasy.ekstraklasa.org/player/2196
2197,Antoni Klimek,Puszcza Niepołomice,Pomocnik,0,1.8,0.0,0%,https://fantasy.ekstraklasa.org/player/2197
2198,Jan Krzywański,Widzew Łódź,Bramkarz,0,0.8,0.0,0%,https://fantasy.ekstraklasa.org/player/2198
2199,Luís Silva,Widzew Łódź,Obrońca,0,1.6,0.0,0%,https://fantasy.ekstraklasa.org/player/2199
2200,Marek Mróz,Zagłębie Lubin,Pomocnik,0,1.8,0.0,0%,https://fantasy.ekstraklasa.org/player/2200
2201,Engjëll Hoti,ŁKS Łódź,Pomocnik,0,1.7,0.0,0%,https://fantasy.ekstraklasa.org/player/2201
2202,Damian Urban,Cracovia,Obrońca,0,0.7,0.0,0%,https://fantasy.ekstraklasa.org/player/2202
2203,Lawrence Ennali,Górnik Zabrze,Pomocnik,0,2.3,0.0,0%,https://fantasy.ekstraklasa.org/player/2203
2204,José Naranjo,Jagiellonia Białystok,Pomocnik,0,2.0,0.0,0%,https://fantasy.ekstraklasa.org/player/2204
2207,Szymon Gałązka,Korona Kielce,Pomocnik,0,0.7,0.0,0%,https://fantasy.ekstraklasa.org/player/2207
2209,Elias Andersson,Lech Poznań,Obrońca,0,1.8,0.0,0%,https://fantasy.ekstraklasa.org/player/2209
2210,Miha Blažič,Lech Poznań,Obrońca,0,1.9,0.0,0%,https://fantasy.ekstraklasa.org/player/2210
2212,Piotr Głowacki,ŁKS Łódź,Obrońca,0,1.6,0.0,0%,https://fantasy.ekstraklasa.org/player/2212
2213,Kay Tejan,ŁKS Łódź,Napastnik,0,1.8,0.0,0%,https://fantasy.ekstraklasa.org/player/2213
2214,Efthýmios Kouloúris,Pogoń Szczecin,Napastnik,0,3.8,0.0,0%,https://fantasy.ekstraklasa.org/player/2214
2215,Hélder Sá,Radomiak Radom,Obrońca,0,1.9,0.0,0%,https://fantasy.ekstraklasa.org/player/2215
2216,Antónis Tsiftsís,Raków Częstochowa,Bramkarz,0,1.9,0.0,0%,https://fantasy.ekstraklasa.org/player/2216
2217,Dawid Barnowski,Wisła Płock,Pomocnik,0,1.3,0.0,0%,https://fantasy.ekstraklasa.org/player/2217
2218,Marcel Potoczny,Ruch Chorzów,Bramkarz,0,0.7,0.0,0%,https://fantasy.ekstraklasa.org/player/2218
2219,Marco Ehmann,Stal Mielec,Obrońca,0,1.7,0.0,0%,https://fantasy.ekstraklasa.org/player/2219
2220,Bert Esselink,Stal Mielec,Obrońca,0,1.7,0.0,0%,https://fantasy.ekstraklasa.org/player/2220
2221,Mateusz Stępień,Puszcza Niepołomice,Pomocnik,0,1.5,0.0,0%,https://fantasy.ekstraklasa.org/player/2221
2222,Aleks Petkow,Śląsk Wrocław,Obrońca,0,1.7,0.0,0%,https://fantasy.ekstraklasa.org/player/2222
2223,Kacper Przybyłko,Warta Poznań,Obrońca,0,0.8,0.0,0%,https://fantasy.ekstraklasa.org/player/2223
2224,Dario Vizinger,Warta Poznań,Napastnik,0,1.7,0.0,0%,https://fantasy.ekstraklasa.org/player/2224
2226,Kamil Cybulski,Widzew Łódź,Pomocnik,0,1.7,0.0,0%,https://fantasy.ekstraklasa.org/player/2226
2227,Hubert Lenart,Widzew Łódź,Obrońca,0,0.7,0.0,0%,https://fantasy.ekstraklasa.org/player/2227
2228,Filip Przybułek,Widzew Łódź,Pomocnik,0,0.7,0.0,0%,https://fantasy.ekstraklasa.org/player/2228
2229,Artur Crăciun,Puszcza Niepołomice,Obrońca,0,1.7,0.0,0%,https://fantasy.ekstraklasa.org/player/2229
2230,Juan Muñoz,Zagłębie Lubin,Napastnik,0,1.8,0.0,0%,https://fantasy.ekstraklasa.org/player/2230
2231,Marcel Bykowski,Piast Gliwice,Pomocnik,0,0.7,0.0,0%,https://fantasy.ekstraklasa.org/player/2231
2232,Jakub Szymański,Widzew Łódź,Bramkarz,0,0.7,0.0,0%,https://fantasy.ekstraklasa.org/player/2232
2233,Kenneth Zohorè,Śląsk Wrocław,Napastnik,0,1.8,0.0,0%,https://fantasy.ekstraklasa.org/player/2233
2235,Filip Karbowy,Piast Gliwice,Pomocnik,0,1.4,0.0,0%,https://fantasy.ekstraklasa.org/player/2235
2236,Axel Holewiński,Pogoń Szczecin,Bramkarz,0,0.7,0.0,0%,https://fantasy.ekstraklasa.org/player/2236
2237,Olaf Korczakowski,Pogoń Szczecin,Pomocnik,0,1.0,0.0,0%,https://fantasy.ekstraklasa.org/player/2237
2238,Dino Hotic,Lech Poznań,Pomocnik,0,2.0,0.0,0%,https://fantasy.ekstraklasa.org/player/2238
2240,Michał Niedbała,Korona Kielce,Bramkarz,0,0.7,0.0,2%,https://fantasy.ekstraklasa.org/player/2240
2241,Adrien Louveau,ŁKS Łódź,Obrońca,0,1.6,0.0,0%,https://fantasy.ekstraklasa.org/player/2241
2242,Imad Rondić,Raków Częstochowa,Napastnik,0,1.8,0.0,0%,https://fantasy.ekstraklasa.org/player/2242
2243,Matthew Guillaumier,Stal Mielec,Pomocnik,0,1.8,0.0,0%,https://fantasy.ekstraklasa.org/player/2243
2244,Burak İnce,Śląsk Wrocław,Pomocnik,0,1.7,0.0,0%,https://fantasy.ekstraklasa.org/player/2244
2245,Rafael Santos,Stal Mielec,Pomocnik,0,1.7,0.0,0%,https://fantasy.ekstraklasa.org/player/2245
2246,Kai Meriluoto,Stal Mielec,Napastnik,0,1.7,0.0,0%,https://fantasy.ekstraklasa.org/player/2246
2247,Ricardo Gonçalves do Nascimento,ŁKS Łódź,Pomocnik,0,0.7,0.0,0%,https://fantasy.ekstraklasa.org/player/2247
2248,Jan Łabędzki,ŁKS Łódź,Pomocnik,0,0.7,0.0,0%,https://fantasy.ekstraklasa.org/player/2248
2249,Kacper Piechota,Puszcza Niepołomice,Bramkarz,0,0.7,0.0,0%,https://fantasy.ekstraklasa.org/player/2249
2250,Dawid Rychta,Piast Gliwice,Bramkarz,0,0.7,0.0,4%,https://fantasy.ekstraklasa.org/player/2250
2251,Alan Rybak,Jagiellonia Białystok,Napastnik,0,1.0,0.0,0%,https://fantasy.ekstraklasa.org/player/2251
2252,Jordan Majchrzak,Legia Warszawa,Napastnik,0,1.5,0.0,0%,https://fantasy.ekstraklasa.org/player/2252
2253,Sonny Kittel,Raków Częstochowa,Pomocnik,0,2.0,0.0,0%,https://fantasy.ekstraklasa.org/player/2253
2254,Piotr Urbański,Piast Gliwice,Napastnik,0,0.7,0.0,0%,https://fantasy.ekstraklasa.org/player/2254
2255,Aleksander Nadolski,Lech Poznań,Pomocnik,0,0.7,0.0,0%,https://fantasy.ekstraklasa.org/player/2255
2256,Mikołaj Molendowski,Radomiak Radom,Pomocnik,0,0.7,0.0,0%,https://fantasy.ekstraklasa.org/player/2256
2257,Igor Stańczak,Warta Poznań,Pomocnik,0,0.7,0.0,0%,https://fantasy.ekstraklasa.org/player/2257
2258,Igor Lambrecht,ŁKS Łódź,Obrońca,0,0.7,0.0,0%,https://fantasy.ekstraklasa.org/player/2258
2259,Mateusz Chmarek,Górnik Zabrze,Napastnik,0,0.7,0.0,0%,https://fantasy.ekstraklasa.org/player/2259
2260,Maksymilian Gandziarowski,Górnik Zabrze,Obrońca,0,0.7,0.0,0%,https://fantasy.ekstraklasa.org/player/2260
2261,Dominik Szala,Górnik Zabrze,Obrońca,0,1.5,0.0,0%,https://fantasy.ekstraklasa.org/player/2261
2262,Filip Rózga,Cracovia,Pomocnik,0,1.7,0.0,0%,https://fantasy.ekstraklasa.org/player/2262
2263,Kacper Kucharczyk,Korona Kielce,Pomocnik,0,0.7,0.0,1%,https://fantasy.ekstraklasa.org/player/2263
2264,Krzysztof Kurowski,Śląsk Wrocław,Obrońca,0,0.7,0.0,0%,https://fantasy.ekstraklasa.org/player/2264
2265,Stanisław Szczyrek,Śląsk Wrocław,Obrońca,0,0.7,0.0,0%,https://fantasy.ekstraklasa.org/player/2265
2266,Aleksander Wołczek,Śląsk Wrocław,Pomocnik,0,0.7,0.0,0%,https://fantasy.ekstraklasa.org/player/2266
2267,Miłosz Kurowski,Śląsk Wrocław,Pomocnik,0,0.7,0.0,0%,https://fantasy.ekstraklasa.org/player/2267
2268,Yoav Hofmeister,Korona Kielce,Pomocnik,0,1.8,0.0,0%,https://fantasy.ekstraklasa.org/player/2268
2269,Srđan Plavšić,Raków Częstochowa,Obrońca,0,1.8,0.0,0%,https://fantasy.ekstraklasa.org/player/2269
2270,Serhij Bułeca,Lechia Gdańsk,Pomocnik,0,1.7,0.0,0%,https://fantasy.ekstraklasa.org/player/2270
2271,Cameron Borthwick-Jackson,Śląsk Wrocław,Obrońca,0,1.8,0.0,0%,https://fantasy.ekstraklasa.org/player/2271
2272,Mateusz Górski,Śląsk Wrocław,Bramkarz,0,1.4,0.0,0%,https://fantasy.ekstraklasa.org/player/2272
2273,Peter Pokorný,Śląsk Wrocław,Pomocnik,0,1.7,0.0,0%,https://fantasy.ekstraklasa.org/player/2273
2274,Bartłomiej Kolec,Cracovia,Pomocnik,0,0.7,0.0,0%,https://fantasy.ekstraklasa.org/player/2274
2275,Adrián Kaprálik,Górnik Zabrze,Pomocnik,0,1.9,0.0,0%,https://fantasy.ekstraklasa.org/player/2275
2276,Franciszek Dziewicki,Cracovia,Obrońca,0,0.7,0.0,0%,https://fantasy.ekstraklasa.org/player/2276
2277,Adrian Małachowski,ŁKS Łódź,Pomocnik,0,1.6,0.0,0%,https://fantasy.ekstraklasa.org/player/2277
2278,Anton Fase,ŁKS Łódź,Pomocnik,0,1.7,0.0,0%,https://fantasy.ekstraklasa.org/player/2278
2279,Alvis Jaunzems,Lechia Gdańsk,Obrońca,0,1.6,0.0,0%,https://fantasy.ekstraklasa.org/player/2279
2282,Andreas Skovgaard,Cracovia,Obrońca,0,1.7,0.0,0%,https://fantasy.ekstraklasa.org/player/2282
2283,Kamil Glik,Cracovia,Obrońca,0,1.5,0.0,1%,https://fantasy.ekstraklasa.org/player/2283
2284,Bartłomiej Poczobut,Puszcza Niepołomice,Pomocnik,0,1.8,0.0,0%,https://fantasy.ekstraklasa.org/player/2284
2285,Ante Crnac,Raków Częstochowa,Napastnik,0,2.2,0.0,0%,https://fantasy.ekstraklasa.org/player/2285
2288,Gil Dias,Legia Warszawa,Pomocnik,0,1.9,0.0,0%,https://fantasy.ekstraklasa.org/player/2288
2289,Juan Fernández Blanco,Widzew Łódź,Obrońca,0,1.8,0.0,0%,https://fantasy.ekstraklasa.org/player/2289
2290,Marco Burch,Legia Warszawa,Obrońca,0,1.8,0.0,0%,https://fantasy.ekstraklasa.org/player/2290
2291,Szymon Doba,Cracovia,Napastnik,0,0.7,0.0,0%,https://fantasy.ekstraklasa.org/player/2291
2292,Bartłomiej Barański,Lech Poznań,Pomocnik,0,0.7,0.0,0%,https://fantasy.ekstraklasa.org/player/2292
2293,Radosław Turek,Korona Kielce,Obrońca,0,0.7,0.0,6%,https://fantasy.ekstraklasa.org/player/2293
2294,Michał Kolba,ŁKS Łódź,Bramkarz,0,1.2,0.0,0%,https://fantasy.ekstraklasa.org/player/2294
2295,Daniel Bąk,Korona Kielce,Napastnik,0,0.7,0.0,0%,https://fantasy.ekstraklasa.org/player/2295
2296,Márton Eppel,Warta Poznań,Napastnik,0,1.7,0.0,0%,https://fantasy.ekstraklasa.org/player/2296
2297,Vinícius Matheus,Jagiellonia Białystok,Napastnik,0,1.0,0.0,0%,https://fantasy.ekstraklasa.org/player/2297
2298,Igor Pieprzyca,Puszcza Niepołomice,Pomocnik,0,0.7,0.0,0%,https://fantasy.ekstraklasa.org/player/2298
2299,Norbert Barczak,Górnik Zabrze,Obrońca,0,0.7,0.0,0%,https://fantasy.ekstraklasa.org/player/2299
2300,Wiktor Koptas,Radomiak Radom,Bramkarz,0,1.2,0.0,0%,https://fantasy.ekstraklasa.org/player/2300
2301,Paweł Rychlik,Warta Poznań,Obrońca,0,0.7,0.0,0%,https://fantasy.ekstraklasa.org/player/2301
2302,Adam Chojecki,Korona Kielce,Pomocnik,0,1.0,0.0,0%,https://fantasy.ekstraklasa.org/player/2302
2303,Michał Wróblewski,Śląsk Wrocław,Obrońca,0,0.7,0.0,0%,https://fantasy.ekstraklasa.org/player/2303
2304,Bartosz Głogowski,Śląsk Wrocław,Bramkarz,0,0.7,0.0,0%,https://fantasy.ekstraklasa.org/player/2304
2305,Patryk Malamis,Raków Częstochowa,Pomocnik,0,0.7,0.0,0%,https://fantasy.ekstraklasa.org/player/2305
2306,Tobiasz Mras,Raków Częstochowa,Pomocnik,0,0.7,0.0,0%,https://fantasy.ekstraklasa.org/player/2306
2307,Jetmir Haliti,Jagiellonia Białystok,Obrońca,0,1.7,0.0,0%,https://fantasy.ekstraklasa.org/player/2307
2308,Jędrzej Zając,ŁKS Łódź,Pomocnik,0,0.7,0.0,0%,https://fantasy.ekstraklasa.org/player/2308
2309,Antoni Młynarczyk,ŁKS Łódź,Pomocnik,0,0.7,0.0,0%,https://fantasy.ekstraklasa.org/player/2309
2310,Muhamed Šahinović,Raków Częstochowa,Bramkarz,0,1.6,0.0,0%,https://fantasy.ekstraklasa.org/player/2310
2311,Paweł Kwiatkowski,Widzew Łódź,Obrońca,0,0.7,0.0,0%,https://fantasy.ekstraklasa.org/player/2311
2313,Maksymilian Dziuba,Lech Poznań,Pomocnik,0,0.7,0.0,0%,https://fantasy.ekstraklasa.org/player/2313
2314,Kaan Caliskaner,Motor Lublin,Pomocnik,0,1.7,0.0,0%,https://fantasy.ekstraklasa.org/player/2314
2315,Danny Trejo,Korona Kielce,Pomocnik,0,1.7,0.0,0%,https://fantasy.ekstraklasa.org/player/2315
2316,Mateusz Pruchniewski,Lech Poznań,Bramkarz,0,0.7,0.0,1%,https://fantasy.ekstraklasa.org/player/2316
2317,Ryōya Morishita,Legia Warszawa,Pomocnik,0,2.3,0.0,0%,https://fantasy.ekstraklasa.org/player/2317
2318,Husein Balić,ŁKS Łódź,Pomocnik,0,1.7,0.0,0%,https://fantasy.ekstraklasa.org/player/2318
2319,Thiago Ceijas,ŁKS Łódź,Pomocnik,0,1.7,0.0,0%,https://fantasy.ekstraklasa.org/player/2319
2320,Riza Durmisi,ŁKS Łódź,Obrońca,0,1.8,0.0,0%,https://fantasy.ekstraklasa.org/player/2320
2321,Rahil Mammadov,Radomiak Radom,Obrońca,0,1.6,0.0,0%,https://fantasy.ekstraklasa.org/player/2321
2322,Ioan-Călin Revenco,Puszcza Niepołomice,Obrońca,0,1.7,0.0,0%,https://fantasy.ekstraklasa.org/player/2322
2323,Vágner Dias,Radomiak Radom,Pomocnik,0,1.7,0.0,0%,https://fantasy.ekstraklasa.org/player/2323
2324,Baráth Baráth,Raków Częstochowa,Pomocnik,0,1.9,0.0,0%,https://fantasy.ekstraklasa.org/player/2324
2325,Erick Otieno,Raków Częstochowa,Obrońca,0,1.8,0.0,0%,https://fantasy.ekstraklasa.org/player/2325
2326,Mike Huras,Ruch Chorzów,Napastnik,0,1.4,0.0,0%,https://fantasy.ekstraklasa.org/player/2326
2327,Adam Vlkanova,Ruch Chorzów,Pomocnik,0,2.0,0.0,0%,https://fantasy.ekstraklasa.org/player/2327
2328,Szymon Gierlach,Stal Mielec,Pomocnik,0,0.7,0.0,0%,https://fantasy.ekstraklasa.org/player/2328
2329,Alen Mustafić,Śląsk Wrocław,Pomocnik,0,1.8,0.0,0%,https://fantasy.ekstraklasa.org/player/2329
2330,Lewuis Peña,Śląsk Wrocław,Pomocnik,0,1.9,0.0,0%,https://fantasy.ekstraklasa.org/player/2330
2331,Simeon Petrow,Śląsk Wrocław,Obrońca,0,1.8,0.0,0%,https://fantasy.ekstraklasa.org/player/2331
2332,Mikołaj Tudruj,Śląsk Wrocław,Obrońca,0,0.7,0.0,0%,https://fantasy.ekstraklasa.org/player/2332
2333,Ivan Krajčírik,Widzew Łódź,Bramkarz,0,1.9,0.0,0%,https://fantasy.ekstraklasa.org/player/2333
2334,Noah Diliberto,Widzew Łódź,Pomocnik,0,1.8,0.0,0%,https://fantasy.ekstraklasa.org/player/2334
2335,Lirim Kastrati,Widzew Łódź,Obrońca,0,1.7,0.0,0%,https://fantasy.ekstraklasa.org/player/2335
2336,Sōichirō Kōzuki,Górnik Zabrze,Pomocnik,0,1.8,0.0,0%,https://fantasy.ekstraklasa.org/player/2336
2337,Eneo Bitri,Cracovia,Obrońca,0,1.9,0.0,0%,https://fantasy.ekstraklasa.org/player/2337
2338,Luka Vušković,Radomiak Radom,Obrońca,0,1.8,0.0,0%,https://fantasy.ekstraklasa.org/player/2338
2339,Guilherme Zimovski,Radomiak Radom,Napastnik,0,1.7,0.0,0%,https://fantasy.ekstraklasa.org/player/2339
2340,Qëndrim Zyba,Legia Warszawa,Pomocnik,0,1.8,0.0,0%,https://fantasy.ekstraklasa.org/player/2340
2341,José Manuel Sánchez Guillén,Ruch Chorzów,Obrońca,0,1.8,0.0,0%,https://fantasy.ekstraklasa.org/player/2341
2342,Tommaso Guercio,Śląsk Wrocław,Obrońca,0,1.7,0.0,0%,https://fantasy.ekstraklasa.org/player/2342
2343,Kornel Lisman,Lech Poznań,Pomocnik,0,1.8,0.0,0%,https://fantasy.ekstraklasa.org/player/2343
2344,Jakub Adkonis,Legia Warszawa,Pomocnik,0,0.7,0.0,0%,https://fantasy.ekstraklasa.org/player/2344
2347,Kacper Gołębiewski,Pogoń Szczecin,Pomocnik,0,0.7,0.0,0%,https://fantasy.ekstraklasa.org/player/2347
2348,Antoni Klukowski,Widzew Łódź,Pomocnik,0,1.2,0.0,0%,https://fantasy.ekstraklasa.org/player/2348
2349,Bruno Jordão,Radomiak Radom,Pomocnik,0,1.7,0.0,0%,https://fantasy.ekstraklasa.org/player/2349
2350,Mohamed Mezghrani,Warta Poznań,Obrońca,0,1.8,0.0,0%,https://fantasy.ekstraklasa.org/player/2350
2351,Szymon Karasiński,Zagłębie Lubin,Pomocnik,0,0.7,0.0,0%,https://fantasy.ekstraklasa.org/player/2351
2352,Fabian Bzdyl,Cracovia,Pomocnik,0,1.2,0.0,0%,https://fantasy.ekstraklasa.org/player/2352
2353,Mikkel Maigaard,Cracovia,Pomocnik,0,2.0,0.0,0%,https://fantasy.ekstraklasa.org/player/2353
2354,Rafał Gikiewicz,Zagłębie Lubin,Bramkarz,0,1.6,0.0,1%,https://fantasy.ekstraklasa.org/player/2354
2355,Esmiraldo Sá Silva,Radomiak Radom,Napastnik,0,1.8,0.0,0%,https://fantasy.ekstraklasa.org/player/2355
2356,Ion Gheorghe,Stal Mielec,Pomocnik,0,1.7,0.0,0%,https://fantasy.ekstraklasa.org/player/2356
2357,Soma Novothny,Ruch Chorzów,Napastnik,0,1.8,0.0,0%,https://fantasy.ekstraklasa.org/player/2357
2358,Jin-hyun Lee,Puszcza Niepołomice,Pomocnik,0,1.7,0.0,0%,https://fantasy.ekstraklasa.org/player/2358
2359,Davíð Ólafsson,Cracovia,Obrońca,0,1.7,0.0,0%,https://fantasy.ekstraklasa.org/player/2359
2360,Ksawery Kwiatkowski,Ruch Chorzów,Obrońca,0,0.7,0.0,0%,https://fantasy.ekstraklasa.org/player/2360
2361,Adam Sendor,Puszcza Niepołomice,Obrońca,0,0.7,0.0,0%,https://fantasy.ekstraklasa.org/player/2361
2362,Filip Tonder,Warta Poznań,Pomocnik,0,0.7,0.0,0%,https://fantasy.ekstraklasa.org/player/2362
2363,Jakub Jezierski,Śląsk Wrocław,Pomocnik,0,1.1,0.0,0%,https://fantasy.ekstraklasa.org/player/2363
2364,Fredrik Krogstad,Korona Kielce,Pomocnik,0,1.7,0.0,0%,https://fantasy.ekstraklasa.org/player/2364
2365,João Peglow,Radomiak Radom,Pomocnik,0,1.5,0.0,0%,https://fantasy.ekstraklasa.org/player/2365
2366,Konrad Golonka,Cracovia,Bramkarz,0,0.7,0.0,3%,https://fantasy.ekstraklasa.org/player/2366
2368,Aleksander Tobolik,Górnik Zabrze,Pomocnik,0,0.7,0.0,0%,https://fantasy.ekstraklasa.org/player/2368
2369,Alex Cetnar,Stal Mielec,Pomocnik,0,0.7,0.0,0%,https://fantasy.ekstraklasa.org/player/2369
2370,Aleksander Iwańczyk,ŁKS Łódź,Pomocnik,0,0.7,0.0,0%,https://fantasy.ekstraklasa.org/player/2370
2371,Bartosz Biedrzycki,Cracovia,Pomocnik,0,1.6,0.0,0%,https://fantasy.ekstraklasa.org/player/2371
2372,Dawid Kudła,GKS Katowice,Bramkarz,0,1.7,0.0,0%,https://fantasy.ekstraklasa.org/player/2372
2373,Przemysław Pęksa,GKS Katowice,Bramkarz,0,1.1,0.0,0%,https://fantasy.ekstraklasa.org/player/2373
2374,Patryk Szczuka,GKS Katowice,Bramkarz,0,0.7,0.0,1%,https://fantasy.ekstraklasa.org/player/2374
2375,Bartosz Jaroszek,GKS Katowice,Obrońca,0,1.5,0.0,0%,https://fantasy.ekstraklasa.org/player/2375
2376,Łukasz Trepka,GKS Katowice,Obrońca,0,0.7,0.0,5%,https://fantasy.ekstraklasa.org/player/2376
2377,Norbert Warmuz,GKS Katowice,Obrońca,0,0.7,0.0,0%,https://fantasy.ekstraklasa.org/player/2377
2378,Bartosz Baranowicz,GKS Katowice,Pomocnik,0,1.4,0.0,0%,https://fantasy.ekstraklasa.org/player/2378
2379,Alan Bród,GKS Katowice,Pomocnik,0,0.8,0.0,0%,https://fantasy.ekstraklasa.org/player/2379
2380,Kacper Ćwielong,GKS Katowice,Pomocnik,0,0.7,0.0,0%,https://fantasy.ekstraklasa.org/player/2380
2381,Szymon Krawczyk,GKS Katowice,Pomocnik,0,0.7,0.0,0%,https://fantasy.ekstraklasa.org/player/2381
2382,Kacper Pietrzyk,GKS Katowice,Napastnik,0,0.9,0.0,0%,https://fantasy.ekstraklasa.org/player/2382
2383,Shun Shibata,GKS Katowice,Pomocnik,0,1.5,0.0,0%,https://fantasy.ekstraklasa.org/player/2383
2388,Manuel Sánchez,Górnik Zabrze,Obrońca,0,1.6,0.0,0%,https://fantasy.ekstraklasa.org/player/2388
2390,Maksymilian Stryjek,Jagiellonia Białystok,Bramkarz,0,1.7,0.0,0%,https://fantasy.ekstraklasa.org/player/2390
2391,Miki Villar,Jagiellonia Białystok,Pomocnik,0,1.9,0.0,0%,https://fantasy.ekstraklasa.org/player/2391
2392,Filip Wolski,Jagiellonia Białystok,Pomocnik,0,0.7,0.0,0%,https://fantasy.ekstraklasa.org/player/2392
2393,Shuma Nagamatsu,Korona Kielce,Pomocnik,0,1.7,0.0,0%,https://fantasy.ekstraklasa.org/player/2393
2394,Pedro Nuno,Korona Kielce,Pomocnik,0,1.7,0.0,0%,https://fantasy.ekstraklasa.org/player/2394
2395,Mateusz Mędrala,Lech Poznań,Bramkarz,0,0.7,0.0,0%,https://fantasy.ekstraklasa.org/player/2395
2396,Igor Kornobis,Lech Poznań,Napastnik,0,0.7,0.0,0%,https://fantasy.ekstraklasa.org/player/2396
2397,Kacper Gutowski,Lechia Gdańsk,Bramkarz,0,0.7,0.0,0%,https://fantasy.ekstraklasa.org/player/2397
2398,Bartłomiej Kałduński,Lechia Gdańsk,Bramkarz,0,0.7,0.0,0%,https://fantasy.ekstraklasa.org/player/2398
2399,Bohdan Sarnawśkyj,Lechia Gdańsk,Bramkarz,0,1.6,0.0,0%,https://fantasy.ekstraklasa.org/player/2399
2400,Marcel Bajko,Lechia Gdańsk,Obrońca,0,0.8,0.0,0%,https://fantasy.ekstraklasa.org/player/2400
2401,Bartosz Brylowski,Lechia Gdańsk,Obrońca,0,0.7,0.0,0%,https://fantasy.ekstraklasa.org/player/2401
2402,Andrei Chindriș,Lechia Gdańsk,Obrońca,0,1.7,0.0,0%,https://fantasy.ekstraklasa.org/player/2402
2403,Loup-Diwan Guého,Lechia Gdańsk,Obrońca,0,1.7,0.0,0%,https://fantasy.ekstraklasa.org/player/2403
2404,Miłosz Kałahur,Lechia Gdańsk,Obrońca,0,1.5,0.0,0%,https://fantasy.ekstraklasa.org/player/2404
2405,Elias Olsson,Lechia Gdańsk,Obrońca,0,1.7,0.0,0%,https://fantasy.ekstraklasa.org/player/2405
2407,Louis D'Arrigo,Lechia Gdańsk,Pomocnik,0,1.5,0.0,0%,https://fantasy.ekstraklasa.org/player/2407
2409,Adam Kardaś,Lechia Gdańsk,Pomocnik,0,0.7,0.0,0%,https://fantasy.ekstraklasa.org/player/2409
2412,Dominik Lemka,Lechia Gdańsk,Napastnik,0,0.7,0.0,0%,https://fantasy.ekstraklasa.org/player/2412
2414,Oskar Jeż,Motor Lublin,Bramkarz,0,0.7,0.0,0%,https://fantasy.ekstraklasa.org/player/2414
2416,Bohdan Krywołapow,Motor Lublin,Obrońca,0,1.2,0.0,0%,https://fantasy.ekstraklasa.org/player/2416
2417,Filip Luberecki,Motor Lublin,Obrońca,0,1.6,0.0,1%,https://fantasy.ekstraklasa.org/player/2417
2418,Konrad Magnuszewski,Motor Lublin,Obrońca,0,0.7,0.0,0%,https://fantasy.ekstraklasa.org/player/2418
2419,Piotr Ceglarz,Motor Lublin,Pomocnik,0,1.7,0.0,0%,https://fantasy.ekstraklasa.org/player/2419
2420,Marcel Gąsior,Motor Lublin,Pomocnik,0,1.5,0.0,0%,https://fantasy.ekstraklasa.org/player/2420
2421,Sebastian Koziej,Motor Lublin,Pomocnik,0,0.7,0.0,0%,https://fantasy.ekstraklasa.org/player/2421
2422,Rafał Król,Motor Lublin,Pomocnik,0,1.5,0.0,0%,https://fantasy.ekstraklasa.org/player/2422
2426,Sebastian Sikora,Motor Lublin,Napastnik,0,0.7,0.0,0%,https://fantasy.ekstraklasa.org/player/2426
2427,Kacper Wełniak,Motor Lublin,Napastnik,0,1.5,0.0,0%,https://fantasy.ekstraklasa.org/player/2427
2428,Claude Gonçalves,Legia Warszawa,Pomocnik,0,1.8,0.0,0%,https://fantasy.ekstraklasa.org/player/2428
2429,Marcel Mendes-Dudziński,Legia Warszawa,Bramkarz,0,1.3,0.0,0%,https://fantasy.ekstraklasa.org/player/2429
2430,Jean-Pierre Nsame,Legia Warszawa,Napastnik,0,2.0,0.0,0%,https://fantasy.ekstraklasa.org/player/2430
2431,Rúben Vinagre,Legia Warszawa,Obrońca,0,1.8,0.0,0%,https://fantasy.ekstraklasa.org/player/2431
2432,Jakov Blagaić,Puszcza Niepołomice,Pomocnik,0,1.7,0.0,0%,https://fantasy.ekstraklasa.org/player/2432
2433,Patryk Kieliś,Puszcza Niepołomice,Pomocnik,0,1.5,0.0,0%,https://fantasy.ekstraklasa.org/player/2433
2434,Michał Perchel,Puszcza Niepołomice,Bramkarz,0,0.9,0.0,0%,https://fantasy.ekstraklasa.org/player/2434
2437,Vassílis Sourlís,Raków Częstochowa,Pomocnik,0,1.9,0.0,0%,https://fantasy.ekstraklasa.org/player/2437
2438,Ravve Assayag,Stal Mielec,Napastnik,0,1.7,0.0,0%,https://fantasy.ekstraklasa.org/player/2438
2439,Marvin Senger,Stal Mielec,Obrońca,0,1.7,0.0,0%,https://fantasy.ekstraklasa.org/player/2439
2440,Junior Eyamba,Śląsk Wrocław,Napastnik,0,1.8,0.0,0%,https://fantasy.ekstraklasa.org/player/2440
2441,Simon Schierack,Śląsk Wrocław,Pomocnik,0,1.8,0.0,0%,https://fantasy.ekstraklasa.org/player/2441
2442,Kreshnik Hajrizi,Widzew Łódź,Obrońca,0,1.7,0.0,0%,https://fantasy.ekstraklasa.org/player/2442
2443,Samuel Kozlovský,Widzew Łódź,Obrońca,0,1.7,0.0,0%,https://fantasy.ekstraklasa.org/player/2443
2445,Václav Sejk,Zagłębie Lubin,Napastnik,0,1.8,0.0,0%,https://fantasy.ekstraklasa.org/player/2445
2446,Kristoffer Klaesson,Raków Częstochowa,Bramkarz,0,2.0,0.0,0%,https://fantasy.ekstraklasa.org/player/2446
2448,Alex Douglas,Lech Poznań,Obrońca,0,1.8,0.0,0%,https://fantasy.ekstraklasa.org/player/2448
2449,Lázaros Lamprou,Raków Częstochowa,Pomocnik,0,2.0,0.0,0%,https://fantasy.ekstraklasa.org/player/2449
2451,Bryan Fiabema,Lech Poznań,Napastnik,0,1.8,0.0,0%,https://fantasy.ekstraklasa.org/player/2451
2452,Hilary Gong,Widzew Łódź,Pomocnik,0,1.7,0.0,0%,https://fantasy.ekstraklasa.org/player/2452
2453,Sergio Barcia,Legia Warszawa,Obrońca,0,1.8,0.0,0%,https://fantasy.ekstraklasa.org/player/2453
2455,Jakub Pestka,Cracovia,Obrońca,0,0.7,0.0,0%,https://fantasy.ekstraklasa.org/player/2455
2456,Christopher Simon,Motor Lublin,Pomocnik,0,1.7,0.0,0%,https://fantasy.ekstraklasa.org/player/2456
2457,Mick van Buren,Cracovia,Napastnik,0,1.8,0.0,0%,https://fantasy.ekstraklasa.org/player/2457
2459,Oskar Lachowicz,Cracovia,Pomocnik,0,0.8,0.0,0%,https://fantasy.ekstraklasa.org/player/2459
2460,Szymon Stypułkowski,Jagiellonia Białystok,Pomocnik,0,0.7,0.0,0%,https://fantasy.ekstraklasa.org/player/2460
2463,Karl Wendt,Lechia Gdańsk,Pomocnik,0,1.7,0.0,0%,https://fantasy.ekstraklasa.org/player/2463
2464,Igor Bartnik,Motor Lublin,Bramkarz,0,0.7,0.0,0%,https://fantasy.ekstraklasa.org/player/2464
2465,Patryk Romanowski,Motor Lublin,Obrońca,0,1.0,0.0,0%,https://fantasy.ekstraklasa.org/player/2465
2466,Arnau Ortiz,Śląsk Wrocław,Pomocnik,0,1.7,0.0,0%,https://fantasy.ekstraklasa.org/player/2466
2467,Mateusz Szczepaniak,Legia Warszawa,Pomocnik,0,0.7,0.0,0%,https://fantasy.ekstraklasa.org/player/2467
2468,Krystian Harciński,Radomiak Radom,Bramkarz,0,0.7,0.0,1%,https://fantasy.ekstraklasa.org/player/2468
2469,Tymoteusz Gmur,Lech Poznań,Pomocnik,0,0.7,0.0,0%,https://fantasy.ekstraklasa.org/player/2469
2470,Igor Brzyski,Lech Poznań,Pomocnik,0,0.7,0.0,0%,https://fantasy.ekstraklasa.org/player/2470
2471,Migouel Alfarela,Legia Warszawa,Napastnik,0,2.0,0.0,0%,https://fantasy.ekstraklasa.org/player/2471
2474,Arkadiusz Murzacz,Motor Lublin,Obrońca,0,0.7,0.0,0%,https://fantasy.ekstraklasa.org/player/2474
2475,Jakub Grzejszczak,Widzew Łódź,Obrońca,0,0.7,0.0,2%,https://fantasy.ekstraklasa.org/player/2475
2478,Tudor Băluță,Śląsk Wrocław,Pomocnik,0,1.7,0.0,0%,https://fantasy.ekstraklasa.org/player/2478
2479,David Ezeh,Raków Częstochowa,Napastnik,0,1.9,0.0,0%,https://fantasy.ekstraklasa.org/player/2479
2480,Daniel Håkans,Lech Poznań,Pomocnik,0,2.0,0.0,0%,https://fantasy.ekstraklasa.org/player/2480
2484,Tomás Costa Silva,Jagiellonia Białystok,Obrońca,0,1.8,0.0,0%,https://fantasy.ekstraklasa.org/player/2484
2485,Dawid Kogut,Puszcza Niepołomice,Pomocnik,0,0.7,0.0,0%,https://fantasy.ekstraklasa.org/player/2485
2486,Maksymilian Szady,Stal Mielec,Obrońca,0,0.7,0.0,0%,https://fantasy.ekstraklasa.org/player/2486
2487,Igor Kośmicki,Korona Kielce,Obrońca,0,0.7,0.0,0%,https://fantasy.ekstraklasa.org/player/2487
2488,Ian Hoffman,Lech Poznań,Obrońca,0,1.7,0.0,0%,https://fantasy.ekstraklasa.org/player/2488
2489,Levis Pitan,Piast Gliwice,Obrońca,0,1.7,0.0,0%,https://fantasy.ekstraklasa.org/player/2489
2490,Darko Čurlinov,Jagiellonia Białystok,Pomocnik,0,2.1,0.0,0%,https://fantasy.ekstraklasa.org/player/2490
2491,Maciej Wojciechowski,Pogoń Szczecin,Pomocnik,0,0.7,0.0,1%,https://fantasy.ekstraklasa.org/player/2491
2492,Hubert Śliczniak,Śląsk Wrocław,Bramkarz,0,0.7,0.0,0%,https://fantasy.ekstraklasa.org/player/2492
2493,Anton Carenko,Lechia Gdańsk,Pomocnik,0,1.6,0.0,0%,https://fantasy.ekstraklasa.org/player/2493
2495,Maximillian Oyedele,Legia Warszawa,Pomocnik,0,1.7,0.0,0%,https://fantasy.ekstraklasa.org/player/2495
2496,Paulo Henrique,Radomiak Radom,Obrońca,0,1.7,0.0,0%,https://fantasy.ekstraklasa.org/player/2496
2497,Pétros Bangaliánis,Stal Mielec,Obrońca,0,1.7,0.0,0%,https://fantasy.ekstraklasa.org/player/2497
2499,Sinan Bakış,Górnik Zabrze,Napastnik,0,1.6,0.0,0%,https://fantasy.ekstraklasa.org/player/2499
2500,Cezary Polak,Jagiellonia Białystok,Obrońca,0,1.6,0.0,0%,https://fantasy.ekstraklasa.org/player/2500
2501,Peter Kováčik,Jagiellonia Białystok,Obrońca,0,1.8,0.0,0%,https://fantasy.ekstraklasa.org/player/2501
2503,Yōsuke Furukawa,Górnik Zabrze,Pomocnik,0,1.7,0.0,0%,https://fantasy.ekstraklasa.org/player/2503
2504,Miguel Nóbrega,Piast Gliwice,Obrońca,0,1.8,0.0,0%,https://fantasy.ekstraklasa.org/player/2504
2506,Stjepan Lončar,Lech Poznań,Pomocnik,0,1.8,0.0,0%,https://fantasy.ekstraklasa.org/player/2506
2509,Miłosz Lewandowski,Motor Lublin,Obrońca,0,0.7,0.0,0%,https://fantasy.ekstraklasa.org/player/2509
2510,Eryk Kozłowski,Jagiellonia Białystok,Pomocnik,0,0.7,0.0,0%,https://fantasy.ekstraklasa.org/player/2510
2512,Bradly van Hoeven,Motor Lublin,Pomocnik,0,1.7,0.0,0%,https://fantasy.ekstraklasa.org/player/2512
2513,Kacper Nowakowski,Raków Częstochowa,Pomocnik,0,0.7,0.0,0%,https://fantasy.ekstraklasa.org/player/2513
2514,Borys Jesionowski,Lechia Gdańsk,Obrońca,0,0.7,0.0,5%,https://fantasy.ekstraklasa.org/player/2514
2515,Sylvester Jasper,Śląsk Wrocław,Pomocnik,0,1.7,0.0,0%,https://fantasy.ekstraklasa.org/player/2515
2516,Shaocong Wu,Radomiak Radom,Obrońca,0,1.8,0.0,0%,https://fantasy.ekstraklasa.org/player/2516
2517,Adam Basse,Raków Częstochowa,Napastnik,0,0.7,0.0,0%,https://fantasy.ekstraklasa.org/player/2517
2518,Yegor Sharabura,Śląsk Wrocław,Pomocnik,0,0.7,0.0,0%,https://fantasy.ekstraklasa.org/player/2518
2519,Oskar Pietuszewski,Jagiellonia Białystok,Pomocnik,0,1.8,0.0,0%,https://fantasy.ekstraklasa.org/player/2519
2520,Mateusz Pomietło,Cracovia,Pomocnik,0,0.7,0.0,1%,https://fantasy.ekstraklasa.org/player/2520
2521,Łukasz Łęgowski,Pogoń Szczecin,Bramkarz,0,0.7,0.0,0%,https://fantasy.ekstraklasa.org/player/2521
2522,Mateusz Jeleń,Górnik Zabrze,Bramkarz,0,0.7,0.0,0%,https://fantasy.ekstraklasa.org/player/2522
2523,Maciej Wichtowski,Lech Poznań,Obrońca,0,0.7,0.0,0%,https://fantasy.ekstraklasa.org/player/2523
2524,Daniel Gryzio,Widzew Łódź,Napastnik,0,0.7,0.0,1%,https://fantasy.ekstraklasa.org/player/2524
2525,Jakub Suchocki,Jagiellonia Białystok,Bramkarz,0,0.7,0.0,0%,https://fantasy.ekstraklasa.org/player/2525
2527,Gisli Thordarson,Lech Poznań,Pomocnik,0,1.8,0.0,0%,https://fantasy.ekstraklasa.org/player/2527
2528,Michał Głogowski,Lechia Gdańsk,Pomocnik,0,1.4,0.0,0%,https://fantasy.ekstraklasa.org/player/2528
2531,Gašper Tratnik,Motor Lublin,Bramkarz,0,1.6,0.0,0%,https://fantasy.ekstraklasa.org/player/2531
2532,Akim Zedadka,Piast Gliwice,Obrońca,0,1.7,0.0,0%,https://fantasy.ekstraklasa.org/player/2532
2533,Mateusz Bąk,Pogoń Szczecin,Pomocnik,0,0.7,0.0,0%,https://fantasy.ekstraklasa.org/player/2533
2534,Paulius Golubickas,Radomiak Radom,Pomocnik,0,1.6,0.0,0%,https://fantasy.ekstraklasa.org/player/2534
2536,Pedro Perotti,Radomiak Radom,Napastnik,0,1.7,0.0,0%,https://fantasy.ekstraklasa.org/player/2536
2537,Pyry Hannola,Stal Mielec,Pomocnik,0,1.7,0.0,0%,https://fantasy.ekstraklasa.org/player/2537
2538,Marc Llinares,Śląsk Wrocław,Obrońca,0,1.7,0.0,0%,https://fantasy.ekstraklasa.org/player/2538
2539,Ludvig Fritzson,Zagłębie Lubin,Pomocnik,0,1.8,0.0,0%,https://fantasy.ekstraklasa.org/player/2539
2540,Rafael Barbosa,Radomiak Radom,Pomocnik,0,1.8,0.0,0%,https://fantasy.ekstraklasa.org/player/2540
2542,Polydéfkis Volanákis,Widzew Łódź,Obrońca,0,1.7,0.0,0%,https://fantasy.ekstraklasa.org/player/2542
2543,Rasmus Carstensen,Lech Poznań,Obrońca,0,2.0,0.0,0%,https://fantasy.ekstraklasa.org/player/2543
2544,Jonathan Júnior,Radomiak Radom,Napastnik,0,1.8,0.0,0%,https://fantasy.ekstraklasa.org/player/2544
2546,Alexander Abrahamsson,Zagłębie Lubin,Obrońca,0,1.8,0.0,0%,https://fantasy.ekstraklasa.org/player/2546
2547,Assad Al-Hamlawi,Śląsk Wrocław,Napastnik,0,1.9,0.0,0%,https://fantasy.ekstraklasa.org/player/2547
2548,Abbati Abdullahi,Górnik Zabrze,Pomocnik,0,1.7,0.0,0%,https://fantasy.ekstraklasa.org/player/2548
2549,Antonio Sefer,Motor Lublin,Pomocnik,0,1.7,0.0,0%,https://fantasy.ekstraklasa.org/player/2549
2550,Kamil Koczy,Zagłębie Lubin,Pomocnik,0,1.4,0.0,0%,https://fantasy.ekstraklasa.org/player/2550
2553,Aleksander Wyganowski,Legia Warszawa,Pomocnik,0,0.7,0.0,1%,https://fantasy.ekstraklasa.org/player/2553
2554,Leon Madej,Widzew Łódź,Pomocnik,0,0.7,0.0,1%,https://fantasy.ekstraklasa.org/player/2554
2555,Nikodem Stachowicz,Widzew Łódź,Pomocnik,0,0.7,0.0,1%,https://fantasy.ekstraklasa.org/player/2555
2556,Enzo Ebosse,Jagiellonia Białystok,Obrońca,0,2.0,0.0,0%,https://fantasy.ekstraklasa.org/player/2556
2558,Ibrahima Seck,Raków Częstochowa,Pomocnik,0,1.7,0.0,0%,https://fantasy.ekstraklasa.org/player/2558
2559,Dawid Mazurek,Górnik Zabrze,Obrońca,0,0.7,0.0,0%,https://fantasy.ekstraklasa.org/player/2559
2561,Michał Mikielewicz,Korona Kielce,Bramkarz,0,0.7,0.0,6%,https://fantasy.ekstraklasa.org/player/2561
2563,Dimítrios Rétsos,Jagiellonia Białystok,Obrońca,0,1.2,0.0,0%,https://fantasy.ekstraklasa.org/player/2563
2564,Kamil Sochań,Zagłębie Lubin,Obrońca,0,1.1,0.0,1%,https://fantasy.ekstraklasa.org/player/2564
2565,Sammy Dudek,Lech Poznań,Pomocnik,0,0.7,0.0,1%,https://fantasy.ekstraklasa.org/player/2565
2567,Thierry Gale,Piast Gliwice,Napastnik,0,1.7,0.0,0%,https://fantasy.ekstraklasa.org/player/2567
2568,Ousmane Sow,Górnik Zabrze,Napastnik,0,1.9,0.0,0%,https://fantasy.ekstraklasa.org/player/2568
2569,Matúš Kmeť,Górnik Zabrze,Obrońca,0,1.8,0.0,0%,https://fantasy.ekstraklasa.org/player/2569
2570,Matija Marsenić,Górnik Zabrze,Pomocnik,0,1.9,0.0,0%,https://fantasy.ekstraklasa.org/player/2570
2572,Natan Niedźwiedź,Stal Mielec,Pomocnik,0,0.7,0.0,0%,https://fantasy.ekstraklasa.org/player/2572
2573,Oliwier Olewiński,Legia Warszawa,Obrońca,0,0.7,0.0,0%,https://fantasy.ekstraklasa.org/player/2573
2574,Pascal Mozie,Legia Warszawa,Pomocnik,0,0.7,0.0,1%,https://fantasy.ekstraklasa.org/player/2574
2575,Filip Prebsl,Górnik Zabrze,Pomocnik,0,1.8,0.0,0%,https://fantasy.ekstraklasa.org/player/2575
2576,Mario González,Lech Poznań,Napastnik,0,2.1,0.0,0%,https://fantasy.ekstraklasa.org/player/2576
2578,Szymon Rygiel,Śląsk Wrocław,Obrońca,0,1.1,0.0,0%,https://fantasy.ekstraklasa.org/player/2578
2579,Jakub Zawadzki,Pogoń Szczecin,Obrońca,0,0.7,0.0,0%,https://fantasy.ekstraklasa.org/player/2579
2580,Saad Agouzoul,Radomiak Radom,Obrońca,0,1.8,0.0,0%,https://fantasy.ekstraklasa.org/player/2580
2581,Peter Therkildsen,Widzew Łódź,Obrońca,0,1.8,0.0,0%,https://fantasy.ekstraklasa.org/player/2581
2583,Renyer,Pogoń Szczecin,Napastnik,0,1.8,0.0,0%,https://fantasy.ekstraklasa.org/player/2583
2584,Henrik Udahl,Śląsk Wrocław,Napastnik,0,1.7,0.0,0%,https://fantasy.ekstraklasa.org/player/2584
2585,Luiz Gustavo Oliveira da Silva,Pogoń Szczecin,Obrońca,0,1.8,0.0,0%,https://fantasy.ekstraklasa.org/player/2585
2586,Benjamin Rojas,Pogoń Szczecin,Obrońca,0,1.8,0.0,0%,https://fantasy.ekstraklasa.org/player/2586
2587,Mateusz Kopczyński,Piast Gliwice,Pomocnik,0,0.7,0.0,1%,https://fantasy.ekstraklasa.org/player/2587
2590,Jean-David Beauguel,Stal Mielec,Napastnik,0,1.7,0.0,0%,https://fantasy.ekstraklasa.org/player/2590
2591,Ivan Cavaleiro,Stal Mielec,Pomocnik,0,2.0,0.0,0%,https://fantasy.ekstraklasa.org/player/2591
2592,Szymon Kilianek,Radomiak Radom,Obrońca,0,0.7,0.0,0%,https://fantasy.ekstraklasa.org/player/2592
2593,Jean-Kévin Augustin,Motor Lublin,Napastnik,0,2.0,0.0,0%,https://fantasy.ekstraklasa.org/player/2593
2594,Justin Daniel,Piast Gliwice,Pomocnik,0,0.7,0.0,0%,https://fantasy.ekstraklasa.org/player/2594
2595,Dawid Polak,Cracovia,Pomocnik,0,0.7,0.0,1%,https://fantasy.ekstraklasa.org/player/2595
2596,Jakub Kowalski,Korona Kielce,Pomocnik,0,0.7,0.0,0%,https://fantasy.ekstraklasa.org/player/2596
2597,Kamil Nowogoński,Zagłębie Lubin,Pomocnik,0,0.7,0.0,0%,https://fantasy.ekstraklasa.org/player/2597
2598,Adam Matysek,Zagłębie Lubin,Bramkarz,0,0.7,0.0,19%,https://fantasy.ekstraklasa.org/player/2598
2599,Jakub Zieliński,Legia Warszawa,Bramkarz,0,0.7,0.0,0%,https://fantasy.ekstraklasa.org/player/2599
2600,Radosław Szafrański,Górnik Zabrze,Obrońca,0,0.7,0.0,5%,https://fantasy.ekstraklasa.org/player/2600
2601,Filip Stojilković,Cracovia,Napastnik,0,2.6,0.0,1%,https://fantasy.ekstraklasa.org/player/2601
2602,Diego Percan,Arka Gdynia,Napastnik,0,1.8,0.0,0%,https://fantasy.ekstraklasa.org/player/2602
2604,Paweł Depka,Arka Gdynia,Bramkarz,0,0.7,0.0,0%,https://fantasy.ekstraklasa.org/player/2604
2605,Julien Célestine,Arka Gdynia,Obrońca,0,1.7,0.0,0%,https://fantasy.ekstraklasa.org/player/2605
2606,Kike Hermoso,Arka Gdynia,Obrońca,0,1.7,0.0,0%,https://fantasy.ekstraklasa.org/player/2606
2607,Kamil Gorecki,Arka Gdynia,Obrońca,0,0.7,0.0,0%,https://fantasy.ekstraklasa.org/player/2607
2608,Volodymyr Vereshchak,Arka Gdynia,Obrońca,0,0.7,0.0,14%,https://fantasy.ekstraklasa.org/player/2608
2611,Wojciech Zieliński,Arka Gdynia,Pomocnik,0,0.9,0.0,0%,https://fantasy.ekstraklasa.org/player/2611
2612,Alassane Sidibe,Arka Gdynia,Pomocnik,0,1.7,0.0,0%,https://fantasy.ekstraklasa.org/player/2612
2614,Hide Vitalucci,Arka Gdynia,Pomocnik,0,1.7,0.0,0%,https://fantasy.ekstraklasa.org/player/2614
2617,Kacper Skóra,Arka Gdynia,Pomocnik,0,1.6,0.0,0%,https://fantasy.ekstraklasa.org/player/2617
2618,Marcel Predenkiewicz,Arka Gdynia,Pomocnik,0,1.6,0.0,0%,https://fantasy.ekstraklasa.org/player/2618
2619,Wiktor Sawicki,Arka Gdynia,Napastnik,0,0.7,0.0,0%,https://fantasy.ekstraklasa.org/player/2619
2621,Lucas Masoero,Bruk-Bet Termalica Nieciecza,Obrońca,0,1.6,0.0,0%,https://fantasy.ekstraklasa.org/player/2621
2623,Eric Topór,Bruk-Bet Termalica Nieciecza,Bramkarz,0,0.7,0.0,8%,https://fantasy.ekstraklasa.org/player/2623
2625,Thiago Dombroski,Bruk-Bet Termalica Nieciecza,Obrońca,0,1.6,0.0,0%,https://fantasy.ekstraklasa.org/player/2625
2626,Arkadiusz Morag,Bruk-Bet Termalica Nieciecza,Obrońca,0,0.7,0.0,0%,https://fantasy.ekstraklasa.org/player/2626
2627,Tomasz Planeta,Bruk-Bet Termalica Nieciecza,Pomocnik,0,0.7,0.0,0%,https://fantasy.ekstraklasa.org/player/2627
2628,Erwin Bahonko,Bruk-Bet Termalica Nieciecza,Pomocnik,0,0.9,0.0,0%,https://fantasy.ekstraklasa.org/player/2628
2630,Noah Mrosek,Bruk-Bet Termalica Nieciecza,Pomocnik,0,1.5,0.0,0%,https://fantasy.ekstraklasa.org/player/2630
2632,Bruno Waclawek,Bruk-Bet Termalica Nieciecza,Pomocnik,0,1.4,0.0,0%,https://fantasy.ekstraklasa.org/player/2632
2633,Jakub Marcinkowski,Bruk-Bet Termalica Nieciecza,Pomocnik,0,1.3,0.0,0%,https://fantasy.ekstraklasa.org/player/2633
2634,Jakub Branecki,Bruk-Bet Termalica Nieciecza,Napastnik,0,1.5,0.0,0%,https://fantasy.ekstraklasa.org/player/2634
2635,Diego Deisadze,Bruk-Bet Termalica Nieciecza,Napastnik,0,1.1,0.0,1%,https://fantasy.ekstraklasa.org/player/2635
2636,Oskar Klon,Wisła Płock,Bramkarz,0,0.7,0.0,0%,https://fantasy.ekstraklasa.org/player/2636
2638,Aleksandre Kalandadze,Wisła Płock,Obrońca,0,1.8,0.0,0%,https://fantasy.ekstraklasa.org/player/2638
2639,Andrias Edmundsson,Wisła Płock,Obrońca,0,2.0,0.0,1%,https://fantasy.ekstraklasa.org/player/2639
2641,Przemyslaw Misiak,Wisła Płock,Obrońca,0,1.5,0.0,0%,https://fantasy.ekstraklasa.org/player/2641
2642,Marcin Więckowski,Wisła Płock,Obrońca,0,1.2,0.0,0%,https://fantasy.ekstraklasa.org/player/2642
2643,Filip Zając,Wisła Płock,Obrońca,0,0.7,0.0,7%,https://fantasy.ekstraklasa.org/player/2643
2644,Filip Łodziński,Wisła Płock,Pomocnik,0,1.0,0.0,0%,https://fantasy.ekstraklasa.org/player/2644
2646,Oskar Tomczyk,Wisła Płock,Pomocnik,0,1.7,0.0,0%,https://fantasy.ekstraklasa.org/player/2646
2647,Gleb Kuchko,Wisła Płock,Pomocnik,0,1.2,0.0,0%,https://fantasy.ekstraklasa.org/player/2647
2648,Jakub Lejman,Wisła Płock,Pomocnik,0,0.7,0.0,0%,https://fantasy.ekstraklasa.org/player/2648
2649,Jorge Jiménez,Wisła Płock,Pomocnik,0,1.8,0.0,0%,https://fantasy.ekstraklasa.org/player/2649
2650,Iban Salvador,Wisła Płock,Pomocnik,0,1.8,0.0,0%,https://fantasy.ekstraklasa.org/player/2650
2651,Maciej Famulak,Wisła Płock,Pomocnik,0,1.5,0.0,0%,https://fantasy.ekstraklasa.org/player/2651
2653,Adrian Bielka,Wisła Płock,Pomocnik,0,0.8,0.0,0%,https://fantasy.ekstraklasa.org/player/2653
2654,Amin Al-Hamawi,Wisła Płock,Napastnik,0,1.9,0.0,0%,https://fantasy.ekstraklasa.org/player/2654
2655,Bastien Donio,Górnik Zabrze,Pomocnik,0,1.6,0.0,0%,https://fantasy.ekstraklasa.org/player/2655
2656,Natan Dzięgielewski,Górnik Zabrze,Pomocnik,0,1.7,0.0,0%,https://fantasy.ekstraklasa.org/player/2656
2657,Gabriel Barbosa,Górnik Zabrze,Napastnik,0,1.7,0.0,0%,https://fantasy.ekstraklasa.org/player/2657
2658,Young-jun Goh,Górnik Zabrze,Pomocnik,0,1.8,0.0,0%,https://fantasy.ekstraklasa.org/player/2658
2660,Thodorís Tsirigótis,Górnik Zabrze,Napastnik,0,1.9,0.0,0%,https://fantasy.ekstraklasa.org/player/2660
2662,Yūki Kobayashi,Jagiellonia Białystok,Obrońca,0,1.7,0.0,0%,https://fantasy.ekstraklasa.org/player/2662
2663,Louka Prip,Jagiellonia Białystok,Pomocnik,0,1.8,0.0,0%,https://fantasy.ekstraklasa.org/player/2663
2665,Jakub Budnicki,Korona Kielce,Obrońca,0,1.7,0.0,0%,https://fantasy.ekstraklasa.org/player/2665
2667,Wiktor Popow,Korona Kielce,Obrońca,0,1.7,0.0,0%,https://fantasy.ekstraklasa.org/player/2667
2672,Florian Haxha,Motor Lublin,Pomocnik,0,1.8,0.0,0%,https://fantasy.ekstraklasa.org/player/2672
2674,Mikolaj Kosior,Motor Lublin,Napastnik,0,1.4,0.0,0%,https://fantasy.ekstraklasa.org/player/2674
2678,Marian Huja,Pogoń Szczecin,Obrońca,0,1.8,0.0,1%,https://fantasy.ekstraklasa.org/player/2678
2681,Jérémy Blasco,Radomiak Radom,Obrońca,0,1.7,0.0,0%,https://fantasy.ekstraklasa.org/player/2681
2682,Laurindo Maria Aurélio,Radomiak Radom,Napastnik,0,1.7,0.0,0%,https://fantasy.ekstraklasa.org/player/2682
2683,Alex Niziołek,Radomiak Radom,Napastnik,0,1.6,0.0,0%,https://fantasy.ekstraklasa.org/player/2683
2686,Samuel Akere,Widzew Łódź,Pomocnik,0,1.9,0.0,0%,https://fantasy.ekstraklasa.org/player/2686
2688,Dion Gallapeni,Wisła Płock,Obrońca,0,1.7,0.0,0%,https://fantasy.ekstraklasa.org/player/2688
2692,Wojciech Szafranek,Zagłębie Lubin,Napastnik,0,0.9,0.0,1%,https://fantasy.ekstraklasa.org/player/2692
2693,Mohamed Awad Alla,Lechia Gdańsk,Pomocnik,0,1.7,0.0,0%,https://fantasy.ekstraklasa.org/player/2693
2694,Alejandro Cantero,Jagiellonia Białystok,Pomocnik,0,1.9,0.0,0%,https://fantasy.ekstraklasa.org/player/2694
2695,Joao Pedro,Radomiak Radom,Obrońca,0,1.7,0.0,0%,https://fantasy.ekstraklasa.org/player/2695
2696,Mateusz Głowiński,Korona Kielce,Napastnik,0,0.7,0.0,5%,https://fantasy.ekstraklasa.org/player/2696
2697,Kacper Szymanek,Motor Lublin,Pomocnik,0,1.2,0.0,0%,https://fantasy.ekstraklasa.org/player/2697
2701,Kacper Plichta,Motor Lublin,Napastnik,0,0.7,0.0,2%,https://fantasy.ekstraklasa.org/player/2701
2703,Ibrahima Camará,Radomiak Radom,Pomocnik,0,1.7,0.0,0%,https://fantasy.ekstraklasa.org/player/2703
2704,Kamil Andrzejkiewicz,Widzew Łódź,Napastnik,0,0.7,0.0,0%,https://fantasy.ekstraklasa.org/player/2704
2705,Stanisław Pruszkowski,Wisła Płock,Bramkarz,0,0.7,0.0,2%,https://fantasy.ekstraklasa.org/player/2705
2706,Patryk Kukulski,Motor Lublin,Bramkarz,0,0.7,0.0,4%,https://fantasy.ekstraklasa.org/player/2706
2713,Miłosz Kozik,Bruk-Bet Termalica Nieciecza,Obrońca,0,0.9,0.0,1%,https://fantasy.ekstraklasa.org/player/2713
2715,Toki Hirosawa,Jagiellonia Białystok,Pomocnik,0,0.9,0.0,0%,https://fantasy.ekstraklasa.org/player/2715
2720,Kuba Nawrocki,Widzew Łódź,Pomocnik,0,0.7,0.0,0%,https://fantasy.ekstraklasa.org/player/2720
2721,Bartosz Borowski,Wisła Płock,Napastnik,0,0.8,0.0,1%,https://fantasy.ekstraklasa.org/player/2721
2722,Kacper Minuczyc,Korona Kielce,Pomocnik,0,0.7,0.0,0%,https://fantasy.ekstraklasa.org/player/2722
2723,Antoni Burkiewicz,Raków Częstochowa,Pomocnik,0,0.7,0.0,0%,https://fantasy.ekstraklasa.org/player/2723
2725,Kamil Lubowiecki,Piast Gliwice,Pomocnik,0,0.7,0.0,1%,https://fantasy.ekstraklasa.org/player/2725
2726,Bartosz Szczepankiewicz,Lechia Gdańsk,Pomocnik,0,0.7,0.0,0%,https://fantasy.ekstraklasa.org/player/2726
2727,Natan Ława,Pogoń Szczecin,Pomocnik,0,0.7,0.0,1%,https://fantasy.ekstraklasa.org/player/2727
2731,Aziel Jackson,Jagiellonia Białystok,Pomocnik,0,1.9,0.0,0%,https://fantasy.ekstraklasa.org/player/2731
2732,Tonio Teklić,Widzew Łódź,Pomocnik,0,1.7,0.0,0%,https://fantasy.ekstraklasa.org/player/2732
2734,Piotr Pietryga,Górnik Zabrze,Bramkarz,0,0.7,0.0,1%,https://fantasy.ekstraklasa.org/player/2734
2735,Miłosz Swatowski,GKS Katowice,Pomocnik,0,0.7,0.0,1%,https://fantasy.ekstraklasa.org/player/2735
2736,Cyprian Popielec,Zagłębie Lubin,Pomocnik,0,0.7,0.0,5%,https://fantasy.ekstraklasa.org/player/2736
2738,Kuba Bochniarz,Pogoń Szczecin,Bramkarz,0,0.7,0.0,0%,https://fantasy.ekstraklasa.org/player/2738
2739,Konrad Cymerys,Cracovia,Bramkarz,0,0.7,0.0,1%,https://fantasy.ekstraklasa.org/player/2739
2741,Alex Peškovič,Pogoń Szczecin,Bramkarz,0,0.7,0.0,3%,https://fantasy.ekstraklasa.org/player/2741
2750,Rafał Jakubowski,Pogoń Szczecin,Obrońca,0,0.7,0.0,3%,https://fantasy.ekstraklasa.org/player/2750
2751,Kacper Stanowski,Pogoń Szczecin,Napastnik,0,0.7,0.0,3%,https://fantasy.ekstraklasa.org/player/2751
2752,Slobodan Rubežić,Korona Kielce,Obrońca,0,1.5,0.0,0%,https://fantasy.ekstraklasa.org/player/2752
2754,Oskar Klat,Wisła Płock,Bramkarz,0,0.7,0.0,2%,https://fantasy.ekstraklasa.org/player/2754
2761,Rajmund Molnár,Pogoń Szczecin,Napastnik,0,1.9,0.0,0%,https://fantasy.ekstraklasa.org/player/2761
2762,Youssuf Sylla,Jagiellonia Białystok,Napastnik,0,1.8,0.0,0%,https://fantasy.ekstraklasa.org/player/2762
2764,Dorian Sinkiewicz,Lechia Gdańsk,Napastnik,0,0.7,0.0,3%,https://fantasy.ekstraklasa.org/player/2764
2765,Kamil Jakóbczyk,Lech Poznań,Napastnik,0,0.7,0.0,1%,https://fantasy.ekstraklasa.org/player/2765
2766,Noah Weißhaupt,Legia Warszawa,Pomocnik,0,1.8,0.0,0%,https://fantasy.ekstraklasa.org/player/2766
2770,Veljko Ilić,Widzew Łódź,Bramkarz,0,1.7,0.0,0%,https://fantasy.ekstraklasa.org/player/2770
2771,Kyryło Paszko,Lechia Gdańsk,Pomocnik,0,1.6,0.0,0%,https://fantasy.ekstraklasa.org/player/2771
2772,Sergio Lozano,Jagiellonia Białystok,Pomocnik,0,1.9,0.0,0%,https://fantasy.ekstraklasa.org/player/2772
2773,Pape Meïssa Ba,Widzew Łódź,Napastnik,0,1.8,0.0,0%,https://fantasy.ekstraklasa.org/player/2773
2774,Milan Aleksić,Cracovia,Pomocnik,0,1.7,0.0,0%,https://fantasy.ekstraklasa.org/player/2774
2778,Mateusz Skoczylas,Cracovia,Pomocnik,0,1.6,0.0,0%,https://fantasy.ekstraklasa.org/player/2778
2786,Antoni Bałabuch,Górnik Zabrze,Bramkarz,0,0.7,0.0,2%,https://fantasy.ekstraklasa.org/player/2786
2787,Adrian Damasiewicz,Jagiellonia Białystok,Bramkarz,0,0.7,0.0,1%,https://fantasy.ekstraklasa.org/player/2787
2788,Mateusz Leśniewski,Wisła Płock,Pomocnik,0,0.7,0.0,1%,https://fantasy.ekstraklasa.org/player/2788
2789,Jakub Kokosiński,GKS Katowice,Napastnik,0,0.7,0.0,3%,https://fantasy.ekstraklasa.org/player/2789
2790,Michał Kaczorowski,Lechia Gdańsk,Bramkarz,0,0.7,0.0,6%,https://fantasy.ekstraklasa.org/player/2790
2791,Hubert Janyszka,Lech Poznań,Obrońca,0,0.7,0.0,1%,https://fantasy.ekstraklasa.org/player/2791
2792,Maciej Kuczyński,Jagiellonia Białystok,Napastnik,0,0.7,0.0,1%,https://fantasy.ekstraklasa.org/player/2792
2795,Bartłomiej Krasiewicz,Jagiellonia Białystok,Obrońca,0,0.7,0.0,1%,https://fantasy.ekstraklasa.org/player/2795
2796,Płamen Andrejew,Lech Poznań,Bramkarz,0,1.9,0.0,0%,https://fantasy.ekstraklasa.org/player/2796
2797,Igor Bambecki,Lechia Gdańsk,Pomocnik,0,1.3,0.0,0%,https://fantasy.ekstraklasa.org/player/2797
2803,Matwiej Bochno,Wisła Płock,Obrońca,0,1.4,0.0,0%,https://fantasy.ekstraklasa.org/player/2803
2811,Abraham Ojo,Raków Częstochowa,Pomocnik,0,1.8,0.0,0%,https://fantasy.ekstraklasa.org/player/2811
2813,Indrit Mavraj,Lechia Gdańsk,Obrońca,0,1.7,0.0,0%,https://fantasy.ekstraklasa.org/player/2813
2814,Isak Brusberg,Raków Częstochowa,Napastnik,0,1.9,0.0,0%,https://fantasy.ekstraklasa.org/player/2814
2824,Adam Żabicki,Radomiak Radom,Pomocnik,0,0.7,0.0,1%,https://fantasy.ekstraklasa.org/player/2824
2828,Seweryn Marek,Zagłębie Lubin,Pomocnik,0,0.7,0.0,0%,https://fantasy.ekstraklasa.org/player/2828
2829,Maciej Urbański,Zagłębie Lubin,Obrońca,0,0.7,0.0,7%,https://fantasy.ekstraklasa.org/player/2829
2830,Zachary Zalewski,Jagiellonia Białystok,Pomocnik,0,0.7,0.0,0%,https://fantasy.ekstraklasa.org/player/2830
2831,Oliwier Maziarz,Piast Gliwice,Pomocnik,0,0.7,0.0,0%,https://fantasy.ekstraklasa.org/player/2831
2832,Jakub Grelich,Piast Gliwice,Bramkarz,0,0.7,0.0,1%,https://fantasy.ekstraklasa.org/player/2832
2834,Jerzy Napieraj,Raków Częstochowa,Obrońca,0,0.9,0.0,0%,https://fantasy.ekstraklasa.org/player/2834
2835,Jacek Czapliński,Pogoń Szczecin,Pomocnik,0,0.7,0.0,0%,https://fantasy.ekstraklasa.org/player/2835
2837,Sebastian Rojek,Pogoń Szczecin,Pomocnik,0,0.7,0.0,0%,https://fantasy.ekstraklasa.org/player/2837
2838,Dominik Czeremski,Raków Częstochowa,Bramkarz,0,0.7,0.0,0%,https://fantasy.ekstraklasa.org/player/2838
2842,Jean Batoum,Cracovia,Napastnik,0,1.7,0.0,0%,https://fantasy.ekstraklasa.org/player/2842
2843,Wiktor Żołneczko,Raków Częstochowa,Bramkarz,0,0.7,0.0,0%,https://fantasy.ekstraklasa.org/player/2843
2844,Wojciech Szymczak,Lech Poznań,Napastnik,0,0.7,0.0,0%,https://fantasy.ekstraklasa.org/player/2844
2845,Thomas Santos,Motor Lublin,Obrońca,0,1.8,0.0,0%,https://fantasy.ekstraklasa.org/player/2845
2743,Elves Balde,Radomiak Radom,Napastnik,-1,1.7,-0.59,0%,https://fantasy.ekstraklasa.org/player/2743
1681,Michał Kaput,Radomiak Radom,Pomocnik,-2,1.7,-1.18,0%,https://fantasy.ekstraklasa.org/player/1681
