player_id,name,team,position,popularity_pct,price,price_change,round,opponent,minutes,goals,assists,assist_lotto,yellow_cards,red_cards,points,played
86,Taras Romanczuk,Jagiellonia Białystok,Pomocnik,3%,1.8,,19,WID (W),90,0,0,0,0,0,3,True
86,Taras Romanczuk,Jagiellonia Białystok,Pomocnik,3%,1.8,,19,GKS (D),90,1,0,0,1,0,7,True
86,Taras Romanczuk,Jagiellonia Białystok,Pomocnik,3%,1.8,,20,MOT (D),90,1,0,0,0,0,9,True
86,Taras Romanczuk,Jagiellonia Białystok,Pomocnik,3%,1.8,,21,CRA (W),90,0,0,0,0,0,3,True
86,Taras Romanczuk,Jagiellonia Białystok,Pomocnik,3%,1.8,,22,RAD (D),90,0,0,0,1,0,1,True
86,Taras Romanczuk,Jagiellonia Białystok,Pomocnik,3%,1.8,,23,LEG (D),0,0,0,0,0,0,0,False
86,Taras Romanczuk,Jagiellonia Białystok,Pomocnik,3%,1.8,,24,LGD (W),90,0,0,0,0,0,2,True
86,Taras Romanczuk,Jagiellonia Białystok,Pomocnik,3%,1.8,,25,PIA (D),90,0,0,0,0,0,2,True
86,Taras Romanczuk,Jagiellonia Białystok,Pomocnik,3%,1.8,,26,WPŁ (D),90,0,0,0,0,0,2,True
86,Taras Romanczuk,Jagiellonia Białystok,Pomocnik,3%,1.8,,27,LPO (D),18,0,0,0,0,0,1,True
86,Taras Romanczuk,Jagiellonia Białystok,Pomocnik,3%,1.8,,28,KOR (W),90,0,0,0,1,0,1,True
86,Taras Romanczuk,Jagiellonia Białystok,Pomocnik,3%,1.8,,29,ARK (W),90,0,0,0,1,0,3,True
86,Taras Romanczuk,Jagiellonia Białystok,Pomocnik,3%,1.8,,30,GÓR (D),90,0,0,1,0,0,4,True
86,Taras Romanczuk,Jagiellonia Białystok,Pomocnik,3%,1.8,,32,RCZ (W),90,0,0,0,1,0,3,True
86,Taras Romanczuk,Jagiellonia Białystok,Pomocnik,3%,1.8,,32,POG (D),90,0,0,0,0,0,3,True
86,Taras Romanczuk,Jagiellonia Białystok,Pomocnik,3%,1.8,,33,GKS (W),0,0,0,0,0,0,0,False
86,Taras Romanczuk,Jagiellonia Białystok,Pomocnik,3%,1.8,,34,ZAG (D),0,0,0,0,0,0,0,False
130,Jasmin Burić,Zagłębie Lubin,Bramkarz,19%,1.8,,19,GKS (D),90,0,0,5,0,0,2,True
130,Jasmin Burić,Zagłębie Lubin,Bramkarz,19%,1.8,,20,KOR (W),90,0,0,4,0,0,4,True
130,Jasmin Burić,Zagłębie Lubin,Bramkarz,19%,1.8,,21,RCZ (D),90,0,0,8,0,0,8,True
130,Jasmin Burić,Zagłębie Lubin,Bramkarz,19%,1.8,,22,LGD (W),90,0,0,6,0,0,9,True
130,Jasmin Burić,Zagłębie Lubin,Bramkarz,19%,1.8,,23,WPŁ (D),90,0,0,4,0,0,7,True
130,Jasmin Burić,Zagłębie Lubin,Bramkarz,19%,1.8,,24,PIA (W),90,0,0,2,0,0,3,True
130,Jasmin Burić,Zagłębie Lubin,Bramkarz,19%,1.8,,25,LPO (D),90,0,0,3,0,0,3,True
130,Jasmin Burić,Zagłębie Lubin,Bramkarz,19%,1.8,,26,MOT (W),90,0,0,0,0,0,2,True
130,Jasmin Burić,Zagłębie Lubin,Bramkarz,19%,1.8,,27,ARK (W),90,0,0,2,0,0,0,True
130,Jasmin Burić,Zagłębie Lubin,Bramkarz,19%,1.8,,28,RAD (D),90,0,0,0,1,0,5,True
130,Jasmin Burić,Zagłębie Lubin,Bramkarz,19%,1.8,,29,LEG (W),90,0,0,1,1,0,1,True
130,Jasmin Burić,Zagłębie Lubin,Bramkarz,19%,1.8,,30,BBT (D),90,0,0,6,0,0,3,True
130,Jasmin Burić,Zagłębie Lubin,Bramkarz,19%,1.8,,31,CRA (D),90,0,0,2,0,0,5,True
130,Jasmin Burić,Zagłębie Lubin,Bramkarz,19%,1.8,,32,GÓR (W),90,0,0,5,0,0,7,True
130,Jasmin Burić,Zagłębie Lubin,Bramkarz,19%,1.8,,33,POG (D),90,0,0,4,0,0,3,True
130,Jasmin Burić,Zagłębie Lubin,Bramkarz,19%,1.8,,34,JAG (W),0,0,0,0,0,0,0,False
166,Rafał Janicki,Górnik Zabrze,Obrońca,17%,1.9,,19,PIA (D),90,0,0,0,0,0,3,True
166,Rafał Janicki,Górnik Zabrze,Obrońca,17%,1.9,,20,LPO (D),90,0,0,0,1,0,1,True
166,Rafał Janicki,Górnik Zabrze,Obrońca,17%,1.9,,21,BBT (W),0,0,0,0,0,0,0,False
166,Rafał Janicki,Górnik Zabrze,Obrońca,17%,1.9,,22,POG (D),90,0,0,0,0,0,2,True
166,Rafał Janicki,Górnik Zabrze,Obrońca,17%,1.9,,23,GKS (W),90,0,0,0,0,0,0,True
166,Rafał Janicki,Górnik Zabrze,Obrońca,17%,1.9,,24,MOT (W),90,0,0,0,0,0,5,True
166,Rafał Janicki,Górnik Zabrze,Obrońca,17%,1.9,,25,RCZ (D),90,0,0,0,0,0,3,True
166,Rafał Janicki,Górnik Zabrze,Obrońca,17%,1.9,,26,WID (W),90,0,0,0,0,0,5,True
166,Rafał Janicki,Górnik Zabrze,Obrońca,17%,1.9,,27,CRA (D),90,0,0,0,0,0,6,True
166,Rafał Janicki,Górnik Zabrze,Obrońca,17%,1.9,,28,LEG (W),90,0,0,0,0,0,0,True
166,Rafał Janicki,Górnik Zabrze,Obrońca,17%,1.9,,29,KOR (D),90,1,0,0,0,0,13,True
166,Rafał Janicki,Górnik Zabrze,Obrońca,17%,1.9,,30,JAG (W),90,1,0,0,0,0,9,True
166,Rafał Janicki,Górnik Zabrze,Obrońca,17%,1.9,,32,ARK (W),90,0,0,0,1,0,4,True
166,Rafał Janicki,Górnik Zabrze,Obrońca,17%,1.9,,32,ZAG (D),90,0,0,0,0,0,1,True
166,Rafał Janicki,Górnik Zabrze,Obrońca,17%,1.9,,33,WPŁ (W),90,0,0,0,0,0,6,True
166,Rafał Janicki,Górnik Zabrze,Obrońca,17%,1.9,,34,RAD (D),0,0,0,0,0,0,0,False
346,Vladislavs Gutkovskis,Arka Gdynia,Napastnik,5%,1.9,,19,RAD (W),80,0,0,0,0,0,2,True
346,Vladislavs Gutkovskis,Arka Gdynia,Napastnik,5%,1.9,,20,LEG (D),27,0,0,0,0,0,1,True
346,Vladislavs Gutkovskis,Arka Gdynia,Napastnik,5%,1.9,,21,POG (W),17,0,0,0,0,0,1,True
346,Vladislavs Gutkovskis,Arka Gdynia,Napastnik,5%,1.9,,22,GKS (D),62,0,0,0,1,0,2,True
346,Vladislavs Gutkovskis,Arka Gdynia,Napastnik,5%,1.9,,23,LGD (D),19,0,0,0,0,0,1,True
346,Vladislavs Gutkovskis,Arka Gdynia,Napastnik,5%,1.9,,24,WPŁ (W),73,1,0,0,0,0,7,True
346,Vladislavs Gutkovskis,Arka Gdynia,Napastnik,5%,1.9,,25,WID (D),76,0,0,0,0,0,2,True
346,Vladislavs Gutkovskis,Arka Gdynia,Napastnik,5%,1.9,,26,KOR (W),45,0,0,0,0,0,2,True
346,Vladislavs Gutkovskis,Arka Gdynia,Napastnik,5%,1.9,,27,ZAG (D),89,1,0,0,0,0,7,True
346,Vladislavs Gutkovskis,Arka Gdynia,Napastnik,5%,1.9,,28,CRA (W),82,1,0,0,0,0,6,True
346,Vladislavs Gutkovskis,Arka Gdynia,Napastnik,5%,1.9,,29,JAG (D),90,0,0,0,0,0,2,True
346,Vladislavs Gutkovskis,Arka Gdynia,Napastnik,5%,1.9,,30,PIA (W),90,0,1,0,1,0,4,True
346,Vladislavs Gutkovskis,Arka Gdynia,Napastnik,5%,1.9,,32,GÓR (D),63,0,0,0,0,0,2,True
346,Vladislavs Gutkovskis,Arka Gdynia,Napastnik,5%,1.9,,32,LPO (W),61,0,0,0,0,0,2,True
346,Vladislavs Gutkovskis,Arka Gdynia,Napastnik,5%,1.9,,33,BBT (D),90,1,0,0,0,0,6,True
346,Vladislavs Gutkovskis,Arka Gdynia,Napastnik,5%,1.9,,34,RCZ (W),0,0,0,0,0,0,0,False
395,Jarosław Kubicki,Górnik Zabrze,Pomocnik,4%,1.9,,19,PIA (D),90,0,1,0,0,0,6,True
395,Jarosław Kubicki,Górnik Zabrze,Pomocnik,4%,1.9,,20,LPO (D),0,0,0,0,0,0,0,False
395,Jarosław Kubicki,Górnik Zabrze,Pomocnik,4%,1.9,,21,BBT (W),90,0,0,0,0,0,2,True
395,Jarosław Kubicki,Górnik Zabrze,Pomocnik,4%,1.9,,22,POG (D),79,0,0,0,0,0,2,True
395,Jarosław Kubicki,Górnik Zabrze,Pomocnik,4%,1.9,,23,GKS (W),23,0,0,0,0,0,1,True
395,Jarosław Kubicki,Górnik Zabrze,Pomocnik,4%,1.9,,24,MOT (W),89,0,0,0,0,0,3,True
395,Jarosław Kubicki,Górnik Zabrze,Pomocnik,4%,1.9,,25,RCZ (D),0,0,0,0,0,0,0,False
395,Jarosław Kubicki,Górnik Zabrze,Pomocnik,4%,1.9,,26,WID (W),14,0,0,0,0,0,1,True
395,Jarosław Kubicki,Górnik Zabrze,Pomocnik,4%,1.9,,27,CRA (D),90,1,0,0,0,0,9,True
395,Jarosław Kubicki,Górnik Zabrze,Pomocnik,4%,1.9,,28,LEG (W),27,0,0,0,0,0,1,True
395,Jarosław Kubicki,Górnik Zabrze,Pomocnik,4%,1.9,,29,KOR (D),90,0,0,0,0,0,4,True
395,Jarosław Kubicki,Górnik Zabrze,Pomocnik,4%,1.9,,30,JAG (W),90,0,0,0,0,0,3,True
395,Jarosław Kubicki,Górnik Zabrze,Pomocnik,4%,1.9,,32,ARK (W),29,0,0,0,0,0,1,True
395,Jarosław Kubicki,Górnik Zabrze,Pomocnik,4%,1.9,,32,ZAG (D),45,0,0,0,0,0,2,True
395,Jarosław Kubicki,Górnik Zabrze,Pomocnik,4%,1.9,,33,WPŁ (W),90,0,0,0,0,0,4,True
395,Jarosław Kubicki,Górnik Zabrze,Pomocnik,4%,1.9,,34,RAD (D),0,0,0,0,0,0,0,False
415,Michał Marcjanik,Arka Gdynia,Obrońca,3%,1.7,,19,RAD (W),90,0,0,0,0,0,0,True
415,Michał Marcjanik,Arka Gdynia,Obrońca,3%,1.7,,20,LEG (D),90,1,0,0,1,0,6,True
415,Michał Marcjanik,Arka Gdynia,Obrońca,3%,1.7,,21,POG (W),90,0,0,0,0,0,2,True
415,Michał Marcjanik,Arka Gdynia,Obrońca,3%,1.7,,22,GKS (D),90,1,0,0,1,0,9,True
415,Michał Marcjanik,Arka Gdynia,Obrońca,3%,1.7,,23,LGD (D),0,0,0,0,0,0,0,False
415,Michał Marcjanik,Arka Gdynia,Obrońca,3%,1.7,,24,WPŁ (W),90,0,0,0,0,0,6,True
415,Michał Marcjanik,Arka Gdynia,Obrońca,3%,1.7,,25,WID (D),90,0,0,0,0,0,5,True
415,Michał Marcjanik,Arka Gdynia,Obrońca,3%,1.7,,26,KOR (W),90,0,0,0,0,0,0,True
415,Michał Marcjanik,Arka Gdynia,Obrońca,3%,1.7,,27,ZAG (D),90,0,0,0,0,0,3,True
415,Michał Marcjanik,Arka Gdynia,Obrońca,3%,1.7,,28,CRA (W),90,0,0,0,0,0,1,True
415,Michał Marcjanik,Arka Gdynia,Obrońca,3%,1.7,,29,JAG (D),90,0,0,0,0,0,0,True
415,Michał Marcjanik,Arka Gdynia,Obrońca,3%,1.7,,30,PIA (W),90,0,0,0,0,0,-1,True
415,Michał Marcjanik,Arka Gdynia,Obrońca,3%,1.7,,32,GÓR (D),90,0,0,0,0,0,5,True
415,Michał Marcjanik,Arka Gdynia,Obrońca,3%,1.7,,32,LPO (W),90,0,0,1,0,0,4,True
415,Michał Marcjanik,Arka Gdynia,Obrońca,3%,1.7,,33,BBT (D),90,0,0,0,0,0,0,True
415,Michał Marcjanik,Arka Gdynia,Obrońca,3%,1.7,,34,RCZ (W),0,0,0,0,0,0,0,False
480,Bartosz Nowak,GKS Katowice,Pomocnik,68%,2.7,,19,ZAG (W),89,1,1,0,0,0,13,True
480,Bartosz Nowak,GKS Katowice,Pomocnik,68%,2.7,,19,JAG (W),90,0,0,0,0,0,2,True
480,Bartosz Nowak,GKS Katowice,Pomocnik,68%,2.7,,20,WID (D),89,0,1,0,0,0,7,True
480,Bartosz Nowak,GKS Katowice,Pomocnik,68%,2.7,,21,LEG (D),90,0,1,0,0,0,6,True
480,Bartosz Nowak,GKS Katowice,Pomocnik,68%,2.7,,22,ARK (W),83,0,1,0,0,0,6,True
480,Bartosz Nowak,GKS Katowice,Pomocnik,68%,2.7,,23,GÓR (D),90,1,0,0,0,0,9,True
480,Bartosz Nowak,GKS Katowice,Pomocnik,68%,2.7,,24,RAD (W),90,0,0,1,0,0,6,True
480,Bartosz Nowak,GKS Katowice,Pomocnik,68%,2.7,,25,LGD (D),89,0,1,0,0,0,8,True
480,Bartosz Nowak,GKS Katowice,Pomocnik,68%,2.7,,26,CRA (W),90,0,0,0,0,0,2,True
480,Bartosz Nowak,GKS Katowice,Pomocnik,68%,2.7,,27,WPŁ (D),90,0,1,0,0,0,8,True
480,Bartosz Nowak,GKS Katowice,Pomocnik,68%,2.7,,28,LPO (W),90,0,0,0,0,0,2,True
480,Bartosz Nowak,GKS Katowice,Pomocnik,68%,2.7,,29,MOT (D),90,1,0,0,0,0,8,True
480,Bartosz Nowak,GKS Katowice,Pomocnik,68%,2.7,,30,KOR (W),90,0,0,0,0,0,2,True
480,Bartosz Nowak,GKS Katowice,Pomocnik,68%,2.7,,31,BBT (D),90,0,0,1,0,0,5,True
480,Bartosz Nowak,GKS Katowice,Pomocnik,68%,2.7,,32,PIA (W),90,0,0,0,0,0,3,True
480,Bartosz Nowak,GKS Katowice,Pomocnik,68%,2.7,,33,JAG (D),90,1,1,0,0,0,8,True
480,Bartosz Nowak,GKS Katowice,Pomocnik,68%,2.7,,34,POG (W),0,0,0,0,0,0,0,False
563,Marcin Wasielewski,GKS Katowice,Obrońca,15%,1.9,,19,ZAG (W),90,0,0,0,0,0,6,True
563,Marcin Wasielewski,GKS Katowice,Obrońca,15%,1.9,,19,JAG (W),90,0,0,0,0,0,1,True
563,Marcin Wasielewski,GKS Katowice,Obrońca,15%,1.9,,20,WID (D),90,0,0,0,0,0,7,True
563,Marcin Wasielewski,GKS Katowice,Obrońca,15%,1.9,,21,LEG (D),90,0,0,0,0,0,2,True
563,Marcin Wasielewski,GKS Katowice,Obrońca,15%,1.9,,22,ARK (W),90,0,0,0,0,0,1,True
563,Marcin Wasielewski,GKS Katowice,Obrońca,15%,1.9,,23,GÓR (D),90,0,0,0,0,0,3,True
563,Marcin Wasielewski,GKS Katowice,Obrońca,15%,1.9,,24,RAD (W),90,0,0,0,0,0,6,True
563,Marcin Wasielewski,GKS Katowice,Obrońca,15%,1.9,,25,LGD (D),90,0,0,0,0,0,6,True
563,Marcin Wasielewski,GKS Katowice,Obrońca,15%,1.9,,26,CRA (W),80,0,0,0,0,0,2,True
563,Marcin Wasielewski,GKS Katowice,Obrońca,15%,1.9,,27,WPŁ (D),90,0,0,0,1,0,5,True
563,Marcin Wasielewski,GKS Katowice,Obrońca,15%,1.9,,28,LPO (W),90,0,0,0,0,0,0,True
563,Marcin Wasielewski,GKS Katowice,Obrońca,15%,1.9,,29,MOT (D),90,0,1,0,0,0,6,True
563,Marcin Wasielewski,GKS Katowice,Obrońca,15%,1.9,,30,KOR (W),90,0,0,0,0,0,2,True
563,Marcin Wasielewski,GKS Katowice,Obrońca,15%,1.9,,31,BBT (D),90,0,0,0,0,0,3,True
563,Marcin Wasielewski,GKS Katowice,Obrońca,15%,1.9,,32,PIA (W),90,0,0,0,1,0,4,True
563,Marcin Wasielewski,GKS Katowice,Obrońca,15%,1.9,,33,JAG (D),90,0,0,0,1,0,0,True
563,Marcin Wasielewski,GKS Katowice,Obrońca,15%,1.9,,34,POG (W),0,0,0,0,0,0,0,False
698,Alan Czerwiński,GKS Katowice,Obrońca,1%,1.8,,19,ZAG (W),45,0,0,0,0,0,3,True
698,Alan Czerwiński,GKS Katowice,Obrońca,1%,1.8,,19,JAG (W),90,0,0,0,0,0,1,True
698,Alan Czerwiński,GKS Katowice,Obrońca,1%,1.8,,20,WID (D),76,0,0,0,1,0,5,True
698,Alan Czerwiński,GKS Katowice,Obrońca,1%,1.8,,21,LEG (D),86,0,0,0,1,0,1,True
698,Alan Czerwiński,GKS Katowice,Obrońca,1%,1.8,,22,ARK (W),90,0,0,0,0,0,1,True
698,Alan Czerwiński,GKS Katowice,Obrońca,1%,1.8,,23,GÓR (D),90,0,0,0,0,0,3,True
698,Alan Czerwiński,GKS Katowice,Obrońca,1%,1.8,,24,RAD (W),63,0,0,0,1,0,5,True
698,Alan Czerwiński,GKS Katowice,Obrońca,1%,1.8,,25,LGD (D),0,0,0,0,0,0,0,False
698,Alan Czerwiński,GKS Katowice,Obrońca,1%,1.8,,26,CRA (W),90,0,0,0,0,0,2,True
698,Alan Czerwiński,GKS Katowice,Obrońca,1%,1.8,,27,WPŁ (D),90,0,0,0,1,0,5,True
698,Alan Czerwiński,GKS Katowice,Obrońca,1%,1.8,,28,LPO (W),89,0,1,0,0,0,4,True
698,Alan Czerwiński,GKS Katowice,Obrońca,1%,1.8,,29,MOT (D),86,0,1,0,0,0,7,True
698,Alan Czerwiński,GKS Katowice,Obrońca,1%,1.8,,30,KOR (W),90,0,0,0,0,0,2,True
698,Alan Czerwiński,GKS Katowice,Obrońca,1%,1.8,,31,BBT (D),90,0,0,0,0,0,3,True
698,Alan Czerwiński,GKS Katowice,Obrońca,1%,1.8,,32,PIA (W),90,0,0,0,0,0,5,True
698,Alan Czerwiński,GKS Katowice,Obrońca,1%,1.8,,33,JAG (D),90,0,0,0,0,0,1,True
698,Alan Czerwiński,GKS Katowice,Obrońca,1%,1.8,,34,POG (W),0,0,0,0,0,0,0,False
701,Patryk Kun,Legia Warszawa,Obrońca,11%,1.7,,19,KOR (D),7,0,0,0,0,0,1,True
701,Patryk Kun,Legia Warszawa,Obrońca,11%,1.7,,20,ARK (W),0,0,0,0,0,0,0,False
701,Patryk Kun,Legia Warszawa,Obrońca,11%,1.7,,21,GKS (W),90,0,1,0,0,0,6,True
701,Patryk Kun,Legia Warszawa,Obrońca,11%,1.7,,22,WPŁ (D),82,0,0,0,0,0,3,True
701,Patryk Kun,Legia Warszawa,Obrońca,11%,1.7,,23,JAG (W),90,0,0,0,0,0,1,True
701,Patryk Kun,Legia Warszawa,Obrońca,11%,1.7,,24,CRA (D),90,0,0,0,0,0,7,True
701,Patryk Kun,Legia Warszawa,Obrońca,11%,1.7,,25,RAD (W),80,0,0,0,0,0,2,True
701,Patryk Kun,Legia Warszawa,Obrońca,11%,1.7,,26,RCZ (D),86,0,0,0,0,0,2,True
701,Patryk Kun,Legia Warszawa,Obrońca,11%,1.7,,27,POG (W),86,0,0,0,0,0,6,True
701,Patryk Kun,Legia Warszawa,Obrońca,11%,1.7,,28,GÓR (D),85,0,0,0,0,0,2,True
701,Patryk Kun,Legia Warszawa,Obrońca,11%,1.7,,29,ZAG (D),89,0,0,0,0,0,6,True
701,Patryk Kun,Legia Warszawa,Obrońca,11%,1.7,,30,LPO (W),65,0,0,0,0,0,-1,True
701,Patryk Kun,Legia Warszawa,Obrońca,11%,1.7,,31,WID (D),77,0,0,0,0,0,6,True
701,Patryk Kun,Legia Warszawa,Obrońca,11%,1.7,,32,BBT (W),90,0,0,0,0,0,6,True
701,Patryk Kun,Legia Warszawa,Obrońca,11%,1.7,,33,LGD (W),0,0,0,0,0,0,0,False
701,Patryk Kun,Legia Warszawa,Obrońca,11%,1.7,,34,MOT (D),0,0,0,0,0,0,0,False
765,Jesús Imaz,Jagiellonia Białystok,Pomocnik,26%,4.2,,19,WID (W),90,0,1,0,0,0,6,True
765,Jesús Imaz,Jagiellonia Białystok,Pomocnik,26%,4.2,,19,GKS (D),90,0,0,0,0,0,3,True
765,Jesús Imaz,Jagiellonia Białystok,Pomocnik,26%,4.2,,20,MOT (D),87,1,0,0,1,0,7,True
765,Jesús Imaz,Jagiellonia Białystok,Pomocnik,26%,4.2,,21,CRA (W),0,0,0,0,0,0,0,False
765,Jesús Imaz,Jagiellonia Białystok,Pomocnik,26%,4.2,,22,RAD (D),90,1,0,0,1,0,6,True
765,Jesús Imaz,Jagiellonia Białystok,Pomocnik,26%,4.2,,23,LEG (D),85,0,0,0,0,0,2,True
765,Jesús Imaz,Jagiellonia Białystok,Pomocnik,26%,4.2,,24,LGD (W),90,0,0,0,0,0,2,True
765,Jesús Imaz,Jagiellonia Białystok,Pomocnik,26%,4.2,,25,PIA (D),90,1,0,0,0,0,7,True
765,Jesús Imaz,Jagiellonia Białystok,Pomocnik,26%,4.2,,26,WPŁ (D),90,0,0,0,0,0,2,True
765,Jesús Imaz,Jagiellonia Białystok,Pomocnik,26%,4.2,,27,LPO (D),90,0,0,0,0,0,3,True
765,Jesús Imaz,Jagiellonia Białystok,Pomocnik,26%,4.2,,28,KOR (W),79,0,0,0,0,0,2,True
765,Jesús Imaz,Jagiellonia Białystok,Pomocnik,26%,4.2,,29,ARK (W),71,2,0,0,0,0,15,True
765,Jesús Imaz,Jagiellonia Białystok,Pomocnik,26%,4.2,,30,GÓR (D),90,0,0,0,0,0,2,True
765,Jesús Imaz,Jagiellonia Białystok,Pomocnik,26%,4.2,,32,RCZ (W),79,0,0,0,0,0,4,True
765,Jesús Imaz,Jagiellonia Białystok,Pomocnik,26%,4.2,,32,POG (D),77,0,1,0,0,0,6,True
765,Jesús Imaz,Jagiellonia Białystok,Pomocnik,26%,4.2,,33,GKS (W),90,0,0,0,1,0,1,True
765,Jesús Imaz,Jagiellonia Białystok,Pomocnik,26%,4.2,,34,ZAG (D),0,0,0,0,0,0,0,False
774,Sebastian Bergier,Widzew Łódź,Napastnik,21%,2.4,,19,JAG (D),90,1,0,0,0,0,6,True
774,Sebastian Bergier,Widzew Łódź,Napastnik,21%,2.4,,20,GKS (W),74,0,0,0,0,0,2,True
774,Sebastian Bergier,Widzew Łódź,Napastnik,21%,2.4,,21,WPŁ (W),79,1,0,0,1,0,6,True
774,Sebastian Bergier,Widzew Łódź,Napastnik,21%,2.4,,22,CRA (D),0,0,0,0,0,0,0,False
774,Sebastian Bergier,Widzew Łódź,Napastnik,21%,2.4,,23,POG (W),90,0,0,0,0,0,2,True
774,Sebastian Bergier,Widzew Łódź,Napastnik,21%,2.4,,24,LPO (D),62,0,0,0,0,0,3,True
774,Sebastian Bergier,Widzew Łódź,Napastnik,21%,2.4,,25,ARK (W),90,0,0,0,0,0,2,True
774,Sebastian Bergier,Widzew Łódź,Napastnik,21%,2.4,,26,GÓR (D),64,0,0,0,0,0,2,True
774,Sebastian Bergier,Widzew Łódź,Napastnik,21%,2.4,,27,RCZ (W),24,0,1,0,0,0,4,True
774,Sebastian Bergier,Widzew Łódź,Napastnik,21%,2.4,,28,BBT (D),90,1,0,0,0,0,7,True
774,Sebastian Bergier,Widzew Łódź,Napastnik,21%,2.4,,29,RAD (W),90,0,0,0,0,0,2,True
774,Sebastian Bergier,Widzew Łódź,Napastnik,21%,2.4,,30,MOT (D),90,0,1,0,0,0,6,True
774,Sebastian Bergier,Widzew Łódź,Napastnik,21%,2.4,,31,LEG (W),89,0,0,0,0,0,2,True
774,Sebastian Bergier,Widzew Łódź,Napastnik,21%,2.4,,32,LGD (D),87,2,1,0,0,0,15,True
774,Sebastian Bergier,Widzew Łódź,Napastnik,21%,2.4,,33,KOR (W),90,0,0,0,1,0,1,True
774,Sebastian Bergier,Widzew Łódź,Napastnik,21%,2.4,,34,PIA (D),0,0,0,0,0,0,0,False
791,Dawid Błanik,Korona Kielce,Pomocnik,3%,2.2,,19,LEG (W),26,0,0,0,0,0,2,True
791,Dawid Błanik,Korona Kielce,Pomocnik,3%,2.2,,20,ZAG (D),45,0,0,0,0,0,1,True
791,Dawid Błanik,Korona Kielce,Pomocnik,3%,2.2,,21,RAD (W),0,0,0,0,0,0,0,False
791,Dawid Błanik,Korona Kielce,Pomocnik,3%,2.2,,22,LPO (D),0,0,0,0,0,0,0,False
791,Dawid Błanik,Korona Kielce,Pomocnik,3%,2.2,,23,MOT (W),0,0,0,0,0,0,0,False
791,Dawid Błanik,Korona Kielce,Pomocnik,3%,2.2,,24,BBT (D),26,0,0,0,0,0,2,True
791,Dawid Błanik,Korona Kielce,Pomocnik,3%,2.2,,25,POG (W),57,0,0,0,0,0,2,True
791,Dawid Błanik,Korona Kielce,Pomocnik,3%,2.2,,26,ARK (D),71,0,2,0,0,0,11,True
791,Dawid Błanik,Korona Kielce,Pomocnik,3%,2.2,,27,LGD (W),90,1,0,0,0,0,7,True
791,Dawid Błanik,Korona Kielce,Pomocnik,3%,2.2,,28,JAG (D),82,0,0,0,0,0,2,True
791,Dawid Błanik,Korona Kielce,Pomocnik,3%,2.2,,29,GÓR (W),78,0,0,0,0,0,2,True
791,Dawid Błanik,Korona Kielce,Pomocnik,3%,2.2,,30,GKS (D),87,0,1,0,0,0,5,True
791,Dawid Błanik,Korona Kielce,Pomocnik,3%,2.2,,31,PIA (D),78,1,0,0,0,0,7,True
791,Dawid Błanik,Korona Kielce,Pomocnik,3%,2.2,,32,RCZ (W),73,0,0,0,0,0,2,True
791,Dawid Błanik,Korona Kielce,Pomocnik,3%,2.2,,33,WID (D),69,1,0,0,0,0,9,True
791,Dawid Błanik,Korona Kielce,Pomocnik,3%,2.2,,34,CRA (W),0,0,0,0,0,0,0,False
827,Mateusz Grzybek,Zagłębie Lubin,Obrońca,21%,1.7,,19,GKS (D),0,0,0,0,0,0,0,False
827,Mateusz Grzybek,Zagłębie Lubin,Obrońca,21%,1.7,,20,KOR (W),45,0,0,0,0,0,2,True
827,Mateusz Grzybek,Zagłębie Lubin,Obrońca,21%,1.7,,21,RCZ (D),90,0,0,0,0,0,5,True
827,Mateusz Grzybek,Zagłębie Lubin,Obrońca,21%,1.7,,22,LGD (W),89,1,0,0,1,0,12,True
827,Mateusz Grzybek,Zagłębie Lubin,Obrońca,21%,1.7,,23,WPŁ (D),90,2,0,0,0,0,19,True
827,Mateusz Grzybek,Zagłębie Lubin,Obrońca,21%,1.7,,24,PIA (W),86,0,0,0,0,0,3,True
827,Mateusz Grzybek,Zagłębie Lubin,Obrońca,21%,1.7,,25,LPO (D),45,0,0,0,0,0,2,True
827,Mateusz Grzybek,Zagłębie Lubin,Obrońca,21%,1.7,,26,MOT (W),0,0,0,0,0,0,0,False
827,Mateusz Grzybek,Zagłębie Lubin,Obrońca,21%,1.7,,27,ARK (W),0,0,0,0,0,0,0,False
827,Mateusz Grzybek,Zagłębie Lubin,Obrońca,21%,1.7,,28,RAD (D),2,0,0,0,0,0,2,True
827,Mateusz Grzybek,Zagłębie Lubin,Obrońca,21%,1.7,,29,LEG (W),28,0,0,0,0,0,1,True
827,Mateusz Grzybek,Zagłębie Lubin,Obrońca,21%,1.7,,30,BBT (D),63,0,0,0,1,0,1,True
827,Mateusz Grzybek,Zagłębie Lubin,Obrońca,21%,1.7,,31,CRA (D),90,0,0,0,0,0,5,True
827,Mateusz Grzybek,Zagłębie Lubin,Obrońca,21%,1.7,,32,GÓR (W),90,0,0,0,0,0,6,True
827,Mateusz Grzybek,Zagłębie Lubin,Obrońca,21%,1.7,,33,POG (D),85,0,0,0,0,0,2,True
827,Mateusz Grzybek,Zagłębie Lubin,Obrońca,21%,1.7,,34,JAG (W),0,0,0,0,0,0,0,False
860,Wiktor Długosz,Korona Kielce,Obrońca,11%,1.8,,19,LEG (W),89,0,0,0,0,0,3,True
860,Wiktor Długosz,Korona Kielce,Obrońca,11%,1.8,,20,ZAG (D),90,0,0,0,0,0,1,True
860,Wiktor Długosz,Korona Kielce,Obrońca,11%,1.8,,21,RAD (W),89,1,0,0,0,0,12,True
860,Wiktor Długosz,Korona Kielce,Obrońca,11%,1.8,,22,LPO (D),90,0,1,0,0,0,5,True
860,Wiktor Długosz,Korona Kielce,Obrońca,11%,1.8,,23,MOT (W),89,0,0,0,0,0,1,True
860,Wiktor Długosz,Korona Kielce,Obrońca,11%,1.8,,24,BBT (D),83,0,0,0,0,0,3,True
860,Wiktor Długosz,Korona Kielce,Obrońca,11%,1.8,,25,POG (W),90,0,0,0,0,0,1,True
860,Wiktor Długosz,Korona Kielce,Obrońca,11%,1.8,,26,ARK (D),90,0,0,0,0,0,6,True
860,Wiktor Długosz,Korona Kielce,Obrońca,11%,1.8,,27,LGD (W),67,0,0,0,0,0,0,True
860,Wiktor Długosz,Korona Kielce,Obrońca,11%,1.8,,28,JAG (D),90,0,0,0,0,0,2,True
860,Wiktor Długosz,Korona Kielce,Obrońca,11%,1.8,,29,GÓR (W),84,0,0,0,0,0,2,True
860,Wiktor Długosz,Korona Kielce,Obrońca,11%,1.8,,30,GKS (D),90,0,0,0,1,0,1,True
860,Wiktor Długosz,Korona Kielce,Obrońca,11%,1.8,,31,PIA (D),90,0,1,0,0,0,6,True
860,Wiktor Długosz,Korona Kielce,Obrońca,11%,1.8,,32,RCZ (W),25,0,0,0,1,0,1,True
860,Wiktor Długosz,Korona Kielce,Obrońca,11%,1.8,,33,WID (D),0,0,0,0,0,0,0,False
860,Wiktor Długosz,Korona Kielce,Obrońca,11%,1.8,,34,CRA (W),0,0,0,0,0,0,0,False
951,Arkadiusz Jędrych,GKS Katowice,Obrońca,42%,2.0,,19,ZAG (W),90,1,0,0,1,0,12,True
951,Arkadiusz Jędrych,GKS Katowice,Obrońca,42%,2.0,,19,JAG (W),90,0,0,0,0,0,1,True
951,Arkadiusz Jędrych,GKS Katowice,Obrońca,42%,2.0,,20,WID (D),90,0,0,0,0,0,6,True
951,Arkadiusz Jędrych,GKS Katowice,Obrońca,42%,2.0,,21,LEG (D),90,0,0,0,0,0,2,True
951,Arkadiusz Jędrych,GKS Katowice,Obrońca,42%,2.0,,22,ARK (W),90,0,0,0,0,0,1,True
951,Arkadiusz Jędrych,GKS Katowice,Obrońca,42%,2.0,,23,GÓR (D),90,1,0,0,0,0,10,True
951,Arkadiusz Jędrych,GKS Katowice,Obrońca,42%,2.0,,24,RAD (W),90,1,0,0,1,0,12,True
951,Arkadiusz Jędrych,GKS Katowice,Obrońca,42%,2.0,,25,LGD (D),0,0,0,0,0,0,0,False
951,Arkadiusz Jędrych,GKS Katowice,Obrońca,42%,2.0,,26,CRA (W),90,0,0,0,0,0,2,True
951,Arkadiusz Jędrych,GKS Katowice,Obrońca,42%,2.0,,27,WPŁ (D),90,0,0,0,0,0,6,True
951,Arkadiusz Jędrych,GKS Katowice,Obrońca,42%,2.0,,28,LPO (W),90,0,0,0,0,0,-3,True
951,Arkadiusz Jędrych,GKS Katowice,Obrońca,42%,2.0,,29,MOT (D),90,0,0,0,0,0,2,True
951,Arkadiusz Jędrych,GKS Katowice,Obrońca,42%,2.0,,30,KOR (W),90,1,0,0,0,0,9,True
951,Arkadiusz Jędrych,GKS Katowice,Obrońca,42%,2.0,,31,BBT (D),90,0,0,0,0,0,3,True
951,Arkadiusz Jędrych,GKS Katowice,Obrońca,42%,2.0,,32,PIA (W),90,0,0,0,0,0,5,True
951,Arkadiusz Jędrych,GKS Katowice,Obrońca,42%,2.0,,33,JAG (D),90,0,0,0,1,0,0,True
951,Arkadiusz Jędrych,GKS Katowice,Obrońca,42%,2.0,,34,POG (W),0,0,0,0,0,0,0,False
964,Sebastian Milewski,GKS Katowice,Pomocnik,0%,1.7,,19,ZAG (W),84,0,0,0,1,0,3,True
964,Sebastian Milewski,GKS Katowice,Pomocnik,0%,1.7,,19,JAG (W),45,0,0,0,1,0,1,True
964,Sebastian Milewski,GKS Katowice,Pomocnik,0%,1.7,,20,WID (D),90,0,0,0,0,0,4,True
964,Sebastian Milewski,GKS Katowice,Pomocnik,0%,1.7,,21,LEG (D),90,0,0,0,0,0,2,True
964,Sebastian Milewski,GKS Katowice,Pomocnik,0%,1.7,,22,ARK (W),90,0,0,0,0,0,2,True
964,Sebastian Milewski,GKS Katowice,Pomocnik,0%,1.7,,23,GÓR (D),84,0,0,0,1,0,2,True
964,Sebastian Milewski,GKS Katowice,Pomocnik,0%,1.7,,24,RAD (W),90,0,0,0,1,0,3,True
964,Sebastian Milewski,GKS Katowice,Pomocnik,0%,1.7,,25,LGD (D),83,0,1,0,0,0,7,True
964,Sebastian Milewski,GKS Katowice,Pomocnik,0%,1.7,,26,CRA (W),0,0,0,0,0,0,0,False
964,Sebastian Milewski,GKS Katowice,Pomocnik,0%,1.7,,27,WPŁ (D),90,0,0,0,0,0,4,True
964,Sebastian Milewski,GKS Katowice,Pomocnik,0%,1.7,,28,LPO (W),73,0,0,0,0,0,2,True
964,Sebastian Milewski,GKS Katowice,Pomocnik,0%,1.7,,29,MOT (D),90,0,0,0,0,0,3,True
964,Sebastian Milewski,GKS Katowice,Pomocnik,0%,1.7,,30,KOR (W),90,0,0,0,0,0,2,True
964,Sebastian Milewski,GKS Katowice,Pomocnik,0%,1.7,,31,BBT (D),81,0,0,0,0,0,3,True
964,Sebastian Milewski,GKS Katowice,Pomocnik,0%,1.7,,32,PIA (W),90,0,0,0,0,0,3,True
964,Sebastian Milewski,GKS Katowice,Pomocnik,0%,1.7,,33,JAG (D),65,0,0,0,0,0,2,True
964,Sebastian Milewski,GKS Katowice,Pomocnik,0%,1.7,,34,POG (W),0,0,0,0,0,0,0,False
979,Oskar Repka,Raków Częstochowa,Pomocnik,5%,2.0,,19,WPŁ (W),90,0,0,0,0,0,2,True
979,Oskar Repka,Raków Częstochowa,Pomocnik,5%,2.0,,20,RAD (D),90,0,0,0,1,0,2,True
979,Oskar Repka,Raków Częstochowa,Pomocnik,5%,2.0,,21,ZAG (W),90,0,0,0,1,0,2,True
979,Oskar Repka,Raków Częstochowa,Pomocnik,5%,2.0,,22,BBT (D),0,0,0,0,0,0,0,False
979,Oskar Repka,Raków Częstochowa,Pomocnik,5%,2.0,,23,LPO (W),90,0,0,0,0,0,2,True
979,Oskar Repka,Raków Częstochowa,Pomocnik,5%,2.0,,24,POG (D),81,0,1,0,0,0,7,True
979,Oskar Repka,Raków Częstochowa,Pomocnik,5%,2.0,,25,GÓR (W),90,0,0,0,0,0,2,True
979,Oskar Repka,Raków Częstochowa,Pomocnik,5%,2.0,,26,LEG (W),90,0,0,0,1,0,1,True
979,Oskar Repka,Raków Częstochowa,Pomocnik,5%,2.0,,27,WID (D),90,0,0,0,0,0,2,True
979,Oskar Repka,Raków Częstochowa,Pomocnik,5%,2.0,,28,MOT (W),80,0,0,0,0,0,1,True
979,Oskar Repka,Raków Częstochowa,Pomocnik,5%,2.0,,29,CRA (D),90,0,0,0,0,0,3,True
979,Oskar Repka,Raków Częstochowa,Pomocnik,5%,2.0,,30,LGD (W),90,1,0,0,0,0,7,True
979,Oskar Repka,Raków Częstochowa,Pomocnik,5%,2.0,,32,JAG (D),90,0,0,0,1,0,1,True
979,Oskar Repka,Raków Częstochowa,Pomocnik,5%,2.0,,32,KOR (D),90,0,1,0,0,0,7,True
979,Oskar Repka,Raków Częstochowa,Pomocnik,5%,2.0,,33,PIA (W),44,0,0,0,0,0,3,True
979,Oskar Repka,Raków Częstochowa,Pomocnik,5%,2.0,,34,ARK (D),0,0,0,0,0,0,0,False
992,Przemysław Wiśniewski,Widzew Łódź,Obrońca,10%,2.2,,19,JAG (D),1,0,0,0,0,0,1,True
992,Przemysław Wiśniewski,Widzew Łódź,Obrońca,10%,2.2,,20,GKS (W),90,0,0,0,1,0,1,True
992,Przemysław Wiśniewski,Widzew Łódź,Obrońca,10%,2.2,,21,WPŁ (W),90,0,0,0,0,0,6,True
992,Przemysław Wiśniewski,Widzew Łódź,Obrońca,10%,2.2,,22,CRA (D),90,0,0,0,0,0,5,True
992,Przemysław Wiśniewski,Widzew Łódź,Obrońca,10%,2.2,,23,POG (W),90,0,0,0,0,0,2,True
992,Przemysław Wiśniewski,Widzew Łódź,Obrońca,10%,2.2,,24,LPO (D),90,0,0,0,0,0,3,True
992,Przemysław Wiśniewski,Widzew Łódź,Obrońca,10%,2.2,,25,ARK (W),90,0,0,0,0,0,5,True
992,Przemysław Wiśniewski,Widzew Łódź,Obrońca,10%,2.2,,26,GÓR (D),90,0,0,0,0,0,5,True
992,Przemysław Wiśniewski,Widzew Łódź,Obrońca,10%,2.2,,27,RCZ (W),90,0,0,0,0,0,2,True
992,Przemysław Wiśniewski,Widzew Łódź,Obrońca,10%,2.2,,28,BBT (D),90,0,0,0,1,0,5,True
992,Przemysław Wiśniewski,Widzew Łódź,Obrońca,10%,2.2,,29,RAD (W),90,0,0,0,0,0,1,True
992,Przemysław Wiśniewski,Widzew Łódź,Obrońca,10%,2.2,,30,MOT (D),90,0,1,0,0,0,11,True
992,Przemysław Wiśniewski,Widzew Łódź,Obrońca,10%,2.2,,31,LEG (W),90,0,0,0,0,0,2,True
992,Przemysław Wiśniewski,Widzew Łódź,Obrońca,10%,2.2,,32,LGD (D),90,0,0,0,0,0,3,True
992,Przemysław Wiśniewski,Widzew Łódź,Obrońca,10%,2.2,,33,KOR (W),90,0,0,0,0,0,2,True
992,Przemysław Wiśniewski,Widzew Łódź,Obrońca,10%,2.2,,34,PIA (D),0,0,0,0,0,0,0,False
994,Lukas Klemenz,GKS Katowice,Obrońca,12%,2.0,,19,ZAG (W),90,0,0,0,0,0,6,True
994,Lukas Klemenz,GKS Katowice,Obrońca,12%,2.0,,19,JAG (W),90,0,0,0,0,0,1,True
994,Lukas Klemenz,GKS Katowice,Obrońca,12%,2.0,,20,WID (D),90,1,0,0,0,0,13,True
994,Lukas Klemenz,GKS Katowice,Obrońca,12%,2.0,,21,LEG (D),34,0,0,0,0,0,2,True
994,Lukas Klemenz,GKS Katowice,Obrońca,12%,2.0,,22,ARK (W),90,0,0,0,0,0,1,True
994,Lukas Klemenz,GKS Katowice,Obrońca,12%,2.0,,23,GÓR (D),90,0,0,0,0,0,3,True
994,Lukas Klemenz,GKS Katowice,Obrońca,12%,2.0,,24,RAD (W),90,0,0,0,0,0,6,True
994,Lukas Klemenz,GKS Katowice,Obrońca,12%,2.0,,25,LGD (D),90,0,0,0,0,0,6,True
994,Lukas Klemenz,GKS Katowice,Obrońca,12%,2.0,,26,CRA (W),90,0,0,0,0,0,0,True
994,Lukas Klemenz,GKS Katowice,Obrońca,12%,2.0,,27,WPŁ (D),90,1,0,0,0,0,13,True
994,Lukas Klemenz,GKS Katowice,Obrońca,12%,2.0,,28,LPO (W),0,0,0,0,0,0,0,False
994,Lukas Klemenz,GKS Katowice,Obrońca,12%,2.0,,29,MOT (D),90,0,0,0,1,0,1,True
994,Lukas Klemenz,GKS Katowice,Obrońca,12%,2.0,,30,KOR (W),0,0,0,0,0,0,0,False
994,Lukas Klemenz,GKS Katowice,Obrońca,12%,2.0,,31,BBT (D),90,0,0,0,0,0,3,True
994,Lukas Klemenz,GKS Katowice,Obrońca,12%,2.0,,32,PIA (W),0,0,0,0,0,0,0,False
994,Lukas Klemenz,GKS Katowice,Obrońca,12%,2.0,,33,JAG (D),1,0,0,0,0,0,1,True
994,Lukas Klemenz,GKS Katowice,Obrońca,12%,2.0,,34,POG (W),0,0,0,0,0,0,0,False
1010,Jorge Félix Garcia,Piast Gliwice,Pomocnik,9%,1.9,,19,GÓR (W),21,0,0,0,0,0,1,True
1010,Jorge Félix Garcia,Piast Gliwice,Pomocnik,9%,1.9,,19,LPO (D),77,0,1,0,0,0,6,True
1010,Jorge Félix Garcia,Piast Gliwice,Pomocnik,9%,1.9,,20,WPŁ (D),75,1,0,0,0,0,9,True
1010,Jorge Félix Garcia,Piast Gliwice,Pomocnik,9%,1.9,,21,LPO (W),76,0,0,0,0,0,2,True
1010,Jorge Félix Garcia,Piast Gliwice,Pomocnik,9%,1.9,,22,MOT (D),62,0,0,0,0,0,2,True
1010,Jorge Félix Garcia,Piast Gliwice,Pomocnik,9%,1.9,,23,CRA (W),18,1,0,0,0,0,7,True
1010,Jorge Félix Garcia,Piast Gliwice,Pomocnik,9%,1.9,,24,ZAG (D),72,0,0,0,0,0,2,True
1010,Jorge Félix Garcia,Piast Gliwice,Pomocnik,9%,1.9,,25,JAG (W),59,0,0,0,0,0,3,True
1010,Jorge Félix Garcia,Piast Gliwice,Pomocnik,9%,1.9,,26,RAD (D),72,1,1,0,0,0,12,True
1010,Jorge Félix Garcia,Piast Gliwice,Pomocnik,9%,1.9,,27,BBT (W),61,0,0,0,0,0,2,True
1010,Jorge Félix Garcia,Piast Gliwice,Pomocnik,9%,1.9,,28,POG (D),72,0,0,0,0,0,2,True
1010,Jorge Félix Garcia,Piast Gliwice,Pomocnik,9%,1.9,,29,LGD (W),76,0,0,0,0,0,2,True
1010,Jorge Félix Garcia,Piast Gliwice,Pomocnik,9%,1.9,,30,ARK (D),90,0,0,0,0,0,5,True
1010,Jorge Félix Garcia,Piast Gliwice,Pomocnik,9%,1.9,,31,KOR (W),58,0,0,0,0,0,2,True
1010,Jorge Félix Garcia,Piast Gliwice,Pomocnik,9%,1.9,,32,GKS (D),67,0,0,0,0,0,3,True
1010,Jorge Félix Garcia,Piast Gliwice,Pomocnik,9%,1.9,,33,RCZ (D),45,0,0,0,0,0,1,True
1010,Jorge Félix Garcia,Piast Gliwice,Pomocnik,9%,1.9,,34,WID (W),0,0,0,0,0,0,0,False
1097,Kacper Krzepisz,Arka Gdynia,Bramkarz,3%,0.7,,19,RAD (W),0,0,0,0,0,0,0,False
1097,Kacper Krzepisz,Arka Gdynia,Bramkarz,3%,0.7,,20,LEG (D),0,0,0,0,0,0,0,False
1097,Kacper Krzepisz,Arka Gdynia,Bramkarz,3%,0.7,,21,POG (W),0,0,0,0,0,0,0,False
1097,Kacper Krzepisz,Arka Gdynia,Bramkarz,3%,0.7,,22,GKS (D),0,0,0,0,0,0,0,False
1097,Kacper Krzepisz,Arka Gdynia,Bramkarz,3%,0.7,,23,LGD (D),0,0,0,0,0,0,0,False
1097,Kacper Krzepisz,Arka Gdynia,Bramkarz,3%,0.7,,24,WPŁ (W),0,0,0,0,0,0,0,False
1097,Kacper Krzepisz,Arka Gdynia,Bramkarz,3%,0.7,,25,WID (D),0,0,0,0,0,0,0,False
1097,Kacper Krzepisz,Arka Gdynia,Bramkarz,3%,0.7,,26,KOR (W),0,0,0,0,0,0,0,False
1097,Kacper Krzepisz,Arka Gdynia,Bramkarz,3%,0.7,,27,ZAG (D),0,0,0,0,0,0,0,False
1097,Kacper Krzepisz,Arka Gdynia,Bramkarz,3%,0.7,,28,CRA (W),0,0,0,0,0,0,0,False
1097,Kacper Krzepisz,Arka Gdynia,Bramkarz,3%,0.7,,29,JAG (D),0,0,0,0,0,0,0,False
1097,Kacper Krzepisz,Arka Gdynia,Bramkarz,3%,0.7,,30,PIA (W),0,0,0,0,0,0,0,False
1097,Kacper Krzepisz,Arka Gdynia,Bramkarz,3%,0.7,,32,GÓR (D),0,0,0,0,0,0,0,False
1097,Kacper Krzepisz,Arka Gdynia,Bramkarz,3%,0.7,,32,LPO (W),0,0,0,0,0,0,0,False
1097,Kacper Krzepisz,Arka Gdynia,Bramkarz,3%,0.7,,33,BBT (D),0,0,0,0,0,0,0,False
1097,Kacper Krzepisz,Arka Gdynia,Bramkarz,3%,0.7,,34,RCZ (W),0,0,0,0,0,0,0,False
1126,Kamil Piątkowski,Legia Warszawa,Obrońca,8%,1.8,,19,KOR (D),90,0,0,0,0,0,1,True
1126,Kamil Piątkowski,Legia Warszawa,Obrońca,8%,1.8,,20,ARK (W),90,0,0,0,1,0,0,True
1126,Kamil Piątkowski,Legia Warszawa,Obrońca,8%,1.8,,21,GKS (W),90,0,0,0,0,0,2,True
1126,Kamil Piątkowski,Legia Warszawa,Obrońca,8%,1.8,,22,WPŁ (D),90,0,0,0,0,0,3,True
1126,Kamil Piątkowski,Legia Warszawa,Obrońca,8%,1.8,,23,JAG (W),90,0,0,0,0,0,1,True
1126,Kamil Piątkowski,Legia Warszawa,Obrońca,8%,1.8,,24,CRA (D),90,0,0,0,0,0,6,True
1126,Kamil Piątkowski,Legia Warszawa,Obrońca,8%,1.8,,25,RAD (W),90,0,0,0,0,0,2,True
1126,Kamil Piątkowski,Legia Warszawa,Obrońca,8%,1.8,,26,RCZ (D),90,0,0,0,0,0,2,True
1126,Kamil Piątkowski,Legia Warszawa,Obrońca,8%,1.8,,27,POG (W),90,0,0,0,0,0,6,True
1126,Kamil Piątkowski,Legia Warszawa,Obrońca,8%,1.8,,28,GÓR (D),90,0,0,0,0,0,2,True
1126,Kamil Piątkowski,Legia Warszawa,Obrońca,8%,1.8,,29,ZAG (D),90,0,1,0,0,0,11,True
1126,Kamil Piątkowski,Legia Warszawa,Obrońca,8%,1.8,,30,LPO (W),90,0,0,0,0,0,-1,True
1126,Kamil Piątkowski,Legia Warszawa,Obrońca,8%,1.8,,31,WID (D),90,0,0,0,0,0,6,True
1126,Kamil Piątkowski,Legia Warszawa,Obrońca,8%,1.8,,32,BBT (W),90,0,1,0,0,0,10,True
1126,Kamil Piątkowski,Legia Warszawa,Obrońca,8%,1.8,,33,LGD (W),90,0,0,0,0,0,3,True
1126,Kamil Piątkowski,Legia Warszawa,Obrońca,8%,1.8,,34,MOT (D),0,0,0,0,0,0,0,False
1168,Patryk Makuch,Raków Częstochowa,Napastnik,5%,1.8,,19,WPŁ (W),63,0,0,0,0,0,2,True
1168,Patryk Makuch,Raków Częstochowa,Napastnik,5%,1.8,,20,RAD (D),59,0,0,0,0,0,2,True
1168,Patryk Makuch,Raków Częstochowa,Napastnik,5%,1.8,,21,ZAG (W),7,0,0,0,0,0,1,True
1168,Patryk Makuch,Raków Częstochowa,Napastnik,5%,1.8,,22,BBT (D),61,0,0,0,0,0,3,True
1168,Patryk Makuch,Raków Częstochowa,Napastnik,5%,1.8,,23,LPO (W),54,0,0,0,0,0,4,True
1168,Patryk Makuch,Raków Częstochowa,Napastnik,5%,1.8,,24,POG (D),22,1,0,0,0,0,6,True
1168,Patryk Makuch,Raków Częstochowa,Napastnik,5%,1.8,,25,GÓR (W),45,0,0,0,0,0,1,True
1168,Patryk Makuch,Raków Częstochowa,Napastnik,5%,1.8,,26,LEG (W),0,0,0,0,0,0,0,False
1168,Patryk Makuch,Raków Częstochowa,Napastnik,5%,1.8,,27,WID (D),84,0,0,0,0,0,2,True
1168,Patryk Makuch,Raków Częstochowa,Napastnik,5%,1.8,,28,MOT (W),74,0,0,0,0,0,2,True
1168,Patryk Makuch,Raków Częstochowa,Napastnik,5%,1.8,,29,CRA (D),90,2,0,0,0,0,14,True
1168,Patryk Makuch,Raków Częstochowa,Napastnik,5%,1.8,,30,LGD (W),72,0,0,0,0,0,3,True
1168,Patryk Makuch,Raków Częstochowa,Napastnik,5%,1.8,,32,JAG (D),67,0,0,0,0,0,2,True
1168,Patryk Makuch,Raków Częstochowa,Napastnik,5%,1.8,,32,KOR (D),15,0,0,0,0,0,2,True
1168,Patryk Makuch,Raków Częstochowa,Napastnik,5%,1.8,,33,PIA (W),81,0,0,0,0,0,3,True
1168,Patryk Makuch,Raków Częstochowa,Napastnik,5%,1.8,,34,ARK (D),0,0,0,0,0,0,0,False
1192,Erik Janža,Górnik Zabrze,Obrońca,27%,2.2,,19,PIA (D),90,1,0,0,0,0,10,True
1192,Erik Janža,Górnik Zabrze,Obrońca,27%,2.2,,20,LPO (D),90,0,0,0,0,0,2,True
1192,Erik Janža,Górnik Zabrze,Obrońca,27%,2.2,,21,BBT (W),90,0,0,0,0,0,2,True
1192,Erik Janža,Górnik Zabrze,Obrońca,27%,2.2,,22,POG (D),90,0,0,0,1,0,1,True
1192,Erik Janža,Górnik Zabrze,Obrońca,27%,2.2,,23,GKS (W),0,0,0,0,0,0,0,False
1192,Erik Janža,Górnik Zabrze,Obrońca,27%,2.2,,24,MOT (W),90,0,0,0,0,0,5,True
1192,Erik Janža,Górnik Zabrze,Obrońca,27%,2.2,,25,RCZ (D),90,0,1,0,0,0,7,True
1192,Erik Janža,Górnik Zabrze,Obrońca,27%,2.2,,26,WID (W),90,0,0,0,0,0,5,True
1192,Erik Janža,Górnik Zabrze,Obrońca,27%,2.2,,27,CRA (D),81,0,0,0,0,0,6,True
1192,Erik Janža,Górnik Zabrze,Obrońca,27%,2.2,,28,LEG (W),85,0,0,0,0,0,2,True
1192,Erik Janža,Górnik Zabrze,Obrońca,27%,2.2,,29,KOR (D),45,0,0,0,0,0,3,True
1192,Erik Janža,Górnik Zabrze,Obrońca,27%,2.2,,30,JAG (W),0,0,0,0,0,0,0,False
1192,Erik Janža,Górnik Zabrze,Obrońca,27%,2.2,,32,ARK (W),90,0,0,0,0,0,5,True
1192,Erik Janža,Górnik Zabrze,Obrońca,27%,2.2,,32,ZAG (D),76,0,0,0,0,0,1,True
1192,Erik Janža,Górnik Zabrze,Obrońca,27%,2.2,,33,WPŁ (W),20,0,0,0,0,0,2,True
1192,Erik Janža,Górnik Zabrze,Obrońca,27%,2.2,,34,RAD (D),0,0,0,0,0,0,0,False
1280,Damian Michalski,Zagłębie Lubin,Obrońca,9%,1.8,,19,GKS (D),90,0,0,0,0,0,1,True
1280,Damian Michalski,Zagłębie Lubin,Obrońca,9%,1.8,,20,KOR (W),90,0,0,1,0,0,5,True
1280,Damian Michalski,Zagłębie Lubin,Obrońca,9%,1.8,,21,RCZ (D),90,0,0,0,0,0,5,True
1280,Damian Michalski,Zagłębie Lubin,Obrońca,9%,1.8,,22,LGD (W),61,0,0,0,0,0,6,True
1280,Damian Michalski,Zagłębie Lubin,Obrońca,9%,1.8,,23,WPŁ (D),90,0,0,0,1,0,5,True
1280,Damian Michalski,Zagłębie Lubin,Obrońca,9%,1.8,,24,PIA (W),90,1,0,0,0,0,10,True
1280,Damian Michalski,Zagłębie Lubin,Obrońca,9%,1.8,,25,LPO (D),90,0,0,0,0,0,2,True
1280,Damian Michalski,Zagłębie Lubin,Obrońca,9%,1.8,,26,MOT (W),90,0,0,0,0,0,2,True
1280,Damian Michalski,Zagłębie Lubin,Obrońca,9%,1.8,,27,ARK (W),90,0,0,0,0,0,0,True
1280,Damian Michalski,Zagłębie Lubin,Obrońca,9%,1.8,,28,RAD (D),90,0,0,0,0,0,6,True
1280,Damian Michalski,Zagłębie Lubin,Obrońca,9%,1.8,,29,LEG (W),90,0,0,0,0,0,2,True
1280,Damian Michalski,Zagłębie Lubin,Obrońca,9%,1.8,,30,BBT (D),90,0,0,0,0,0,1,True
1280,Damian Michalski,Zagłębie Lubin,Obrońca,9%,1.8,,31,CRA (D),90,0,0,0,0,0,5,True
1280,Damian Michalski,Zagłębie Lubin,Obrońca,9%,1.8,,32,GÓR (W),90,0,0,0,0,0,6,True
1280,Damian Michalski,Zagłębie Lubin,Obrońca,9%,1.8,,33,POG (D),90,0,0,0,0,0,2,True
1280,Damian Michalski,Zagłębie Lubin,Obrońca,9%,1.8,,34,JAG (W),0,0,0,0,0,0,0,False
1299,Jean Carlos Silva,Raków Częstochowa,Obrońca,9%,1.9,,19,WPŁ (W),90,0,0,0,0,0,1,True
1299,Jean Carlos Silva,Raków Częstochowa,Obrońca,9%,1.9,,20,RAD (D),90,0,0,0,0,0,5,True
1299,Jean Carlos Silva,Raków Częstochowa,Obrońca,9%,1.9,,21,ZAG (W),90,0,0,0,1,0,4,True
1299,Jean Carlos Silva,Raków Częstochowa,Obrońca,9%,1.9,,22,BBT (D),61,0,0,0,0,0,6,True
1299,Jean Carlos Silva,Raków Częstochowa,Obrońca,9%,1.9,,23,LPO (W),87,1,0,0,0,0,6,True
1299,Jean Carlos Silva,Raków Częstochowa,Obrońca,9%,1.9,,24,POG (D),0,0,0,0,0,0,0,False
1299,Jean Carlos Silva,Raków Częstochowa,Obrońca,9%,1.9,,25,GÓR (W),45,0,0,0,0,0,1,True
1299,Jean Carlos Silva,Raków Częstochowa,Obrońca,9%,1.9,,26,LEG (W),90,0,0,0,0,0,2,True
1299,Jean Carlos Silva,Raków Częstochowa,Obrońca,9%,1.9,,27,WID (D),90,0,0,0,0,0,2,True
1299,Jean Carlos Silva,Raków Częstochowa,Obrońca,9%,1.9,,28,MOT (W),45,0,0,0,0,0,1,True
1299,Jean Carlos Silva,Raków Częstochowa,Obrońca,9%,1.9,,29,CRA (D),90,0,1,0,0,0,7,True
1299,Jean Carlos Silva,Raków Częstochowa,Obrońca,9%,1.9,,30,LGD (W),83,0,0,0,0,0,3,True
1299,Jean Carlos Silva,Raków Częstochowa,Obrońca,9%,1.9,,32,JAG (D),0,0,0,0,0,0,0,False
1299,Jean Carlos Silva,Raków Częstochowa,Obrońca,9%,1.9,,32,KOR (D),15,0,0,0,0,0,2,True
1299,Jean Carlos Silva,Raków Częstochowa,Obrońca,9%,1.9,,33,PIA (W),90,1,1,0,0,0,13,True
1299,Jean Carlos Silva,Raków Częstochowa,Obrońca,9%,1.9,,34,ARK (D),0,0,0,0,0,0,0,False
1319,Paweł Wszołek,Legia Warszawa,Obrońca,4%,1.9,,19,KOR (D),0,0,0,0,0,0,0,False
1319,Paweł Wszołek,Legia Warszawa,Obrońca,4%,1.9,,20,ARK (W),17,0,0,0,0,0,1,True
1319,Paweł Wszołek,Legia Warszawa,Obrońca,4%,1.9,,21,GKS (W),0,0,0,0,0,0,0,False
1319,Paweł Wszołek,Legia Warszawa,Obrońca,4%,1.9,,22,WPŁ (D),0,0,0,0,0,0,0,False
1319,Paweł Wszołek,Legia Warszawa,Obrońca,4%,1.9,,23,JAG (W),0,0,0,0,0,0,0,False
1319,Paweł Wszołek,Legia Warszawa,Obrońca,4%,1.9,,24,CRA (D),0,0,0,0,0,0,0,False
1319,Paweł Wszołek,Legia Warszawa,Obrońca,4%,1.9,,25,RAD (W),10,0,0,0,0,0,1,True
1319,Paweł Wszołek,Legia Warszawa,Obrońca,4%,1.9,,26,RCZ (D),73,0,0,0,1,0,1,True
1319,Paweł Wszołek,Legia Warszawa,Obrońca,4%,1.9,,27,POG (W),90,0,0,0,0,0,6,True
1319,Paweł Wszołek,Legia Warszawa,Obrońca,4%,1.9,,28,GÓR (D),90,0,0,0,1,0,1,True
1319,Paweł Wszołek,Legia Warszawa,Obrońca,4%,1.9,,29,ZAG (D),90,0,0,0,0,0,6,True
1319,Paweł Wszołek,Legia Warszawa,Obrońca,4%,1.9,,30,LPO (W),90,0,0,0,0,0,-1,True
1319,Paweł Wszołek,Legia Warszawa,Obrońca,4%,1.9,,31,WID (D),42,0,0,0,1,0,2,True
1319,Paweł Wszołek,Legia Warszawa,Obrońca,4%,1.9,,32,BBT (W),0,0,0,0,0,0,0,False
1319,Paweł Wszołek,Legia Warszawa,Obrońca,4%,1.9,,33,LGD (W),0,0,0,0,0,0,0,False
1319,Paweł Wszołek,Legia Warszawa,Obrońca,4%,1.9,,34,MOT (D),0,0,0,0,0,0,0,False
1341,Fran Tudor,Raków Częstochowa,Obrońca,3%,2.0,,19,WPŁ (W),0,0,0,0,0,0,0,False
1341,Fran Tudor,Raków Częstochowa,Obrońca,3%,2.0,,20,RAD (D),90,0,0,0,0,0,5,True
1341,Fran Tudor,Raków Częstochowa,Obrońca,3%,2.0,,21,ZAG (W),90,0,0,0,0,0,5,True
1341,Fran Tudor,Raków Częstochowa,Obrońca,3%,2.0,,22,BBT (D),90,0,0,0,0,0,6,True
1341,Fran Tudor,Raków Częstochowa,Obrońca,3%,2.0,,23,LPO (W),90,0,0,0,0,0,-1,True
1341,Fran Tudor,Raków Częstochowa,Obrońca,3%,2.0,,24,POG (D),90,0,0,0,0,0,6,True
1341,Fran Tudor,Raków Częstochowa,Obrońca,3%,2.0,,25,GÓR (W),0,0,0,0,0,0,0,False
1341,Fran Tudor,Raków Częstochowa,Obrońca,3%,2.0,,26,LEG (W),0,0,0,0,0,0,0,False
1341,Fran Tudor,Raków Częstochowa,Obrońca,3%,2.0,,27,WID (D),0,0,0,0,0,0,0,False
1341,Fran Tudor,Raków Częstochowa,Obrońca,3%,2.0,,28,MOT (W),0,0,0,0,0,0,0,False
1341,Fran Tudor,Raków Częstochowa,Obrońca,3%,2.0,,29,CRA (D),62,0,0,0,0,0,3,True
1341,Fran Tudor,Raków Częstochowa,Obrońca,3%,2.0,,30,LGD (W),72,0,0,0,1,0,2,True
1341,Fran Tudor,Raków Częstochowa,Obrońca,3%,2.0,,32,JAG (D),90,0,0,0,0,0,1,True
1341,Fran Tudor,Raków Częstochowa,Obrońca,3%,2.0,,32,KOR (D),90,0,0,0,0,0,6,True
1341,Fran Tudor,Raków Częstochowa,Obrońca,3%,2.0,,33,PIA (W),0,0,0,0,0,0,0,False
1341,Fran Tudor,Raków Częstochowa,Obrońca,3%,2.0,,34,ARK (D),0,0,0,0,0,0,0,False
1345,Dawid Kocyła,Arka Gdynia,Obrońca,2%,1.7,,19,RAD (W),45,0,0,0,0,0,1,True
1345,Dawid Kocyła,Arka Gdynia,Obrońca,2%,1.7,,20,LEG (D),27,0,0,0,0,0,0,True
1345,Dawid Kocyła,Arka Gdynia,Obrońca,2%,1.7,,21,POG (W),27,0,0,0,0,0,1,True
1345,Dawid Kocyła,Arka Gdynia,Obrońca,2%,1.7,,22,GKS (D),62,0,0,0,0,0,3,True
1345,Dawid Kocyła,Arka Gdynia,Obrońca,2%,1.7,,23,LGD (D),10,0,0,0,0,0,1,True
1345,Dawid Kocyła,Arka Gdynia,Obrońca,2%,1.7,,24,WPŁ (W),73,1,0,0,0,0,13,True
1345,Dawid Kocyła,Arka Gdynia,Obrońca,2%,1.7,,25,WID (D),90,0,0,0,1,0,5,True
1345,Dawid Kocyła,Arka Gdynia,Obrońca,2%,1.7,,26,KOR (W),90,0,0,0,0,0,0,True
1345,Dawid Kocyła,Arka Gdynia,Obrońca,2%,1.7,,27,ZAG (D),72,0,0,0,0,0,3,True
1345,Dawid Kocyła,Arka Gdynia,Obrońca,2%,1.7,,28,CRA (W),61,0,0,0,0,0,1,True
1345,Dawid Kocyła,Arka Gdynia,Obrońca,2%,1.7,,29,JAG (D),66,0,0,0,0,0,1,True
1345,Dawid Kocyła,Arka Gdynia,Obrońca,2%,1.7,,30,PIA (W),67,1,0,0,0,0,5,True
1345,Dawid Kocyła,Arka Gdynia,Obrońca,2%,1.7,,32,GÓR (D),90,0,0,0,0,0,5,True
1345,Dawid Kocyła,Arka Gdynia,Obrońca,2%,1.7,,32,LPO (W),5,0,0,0,0,0,1,True
1345,Dawid Kocyła,Arka Gdynia,Obrońca,2%,1.7,,33,BBT (D),68,0,0,0,0,0,2,True
1345,Dawid Kocyła,Arka Gdynia,Obrońca,2%,1.7,,34,RCZ (W),0,0,0,0,0,0,0,False
1407,Radosław Seweryś,Korona Kielce,Obrońca,2%,0.7,,19,LEG (W),0,0,0,0,0,0,0,False
1407,Radosław Seweryś,Korona Kielce,Obrońca,2%,0.7,,20,ZAG (D),0,0,0,0,0,0,0,False
1407,Radosław Seweryś,Korona Kielce,Obrońca,2%,0.7,,21,RAD (W),0,0,0,0,0,0,0,False
1407,Radosław Seweryś,Korona Kielce,Obrońca,2%,0.7,,22,LPO (D),0,0,0,0,0,0,0,False
1407,Radosław Seweryś,Korona Kielce,Obrońca,2%,0.7,,23,MOT (W),0,0,0,0,0,0,0,False
1407,Radosław Seweryś,Korona Kielce,Obrońca,2%,0.7,,24,BBT (D),0,0,0,0,0,0,0,False
1407,Radosław Seweryś,Korona Kielce,Obrońca,2%,0.7,,25,POG (W),0,0,0,0,0,0,0,False
1407,Radosław Seweryś,Korona Kielce,Obrońca,2%,0.7,,26,ARK (D),0,0,0,0,0,0,0,False
1407,Radosław Seweryś,Korona Kielce,Obrońca,2%,0.7,,27,LGD (W),0,0,0,0,0,0,0,False
1407,Radosław Seweryś,Korona Kielce,Obrońca,2%,0.7,,28,JAG (D),0,0,0,0,0,0,0,False
1407,Radosław Seweryś,Korona Kielce,Obrońca,2%,0.7,,29,GÓR (W),0,0,0,0,0,0,0,False
1407,Radosław Seweryś,Korona Kielce,Obrońca,2%,0.7,,30,GKS (D),0,0,0,0,0,0,0,False
1407,Radosław Seweryś,Korona Kielce,Obrońca,2%,0.7,,31,PIA (D),0,0,0,0,0,0,0,False
1407,Radosław Seweryś,Korona Kielce,Obrońca,2%,0.7,,32,RCZ (W),0,0,0,0,0,0,0,False
1407,Radosław Seweryś,Korona Kielce,Obrońca,2%,0.7,,33,WID (D),0,0,0,0,0,0,0,False
1407,Radosław Seweryś,Korona Kielce,Obrońca,2%,0.7,,34,CRA (W),0,0,0,0,0,0,0,False
1459,Jędrzej Grobelny,Arka Gdynia,Bramkarz,2%,1.5,,19,RAD (W),0,0,0,0,0,0,0,False
1459,Jędrzej Grobelny,Arka Gdynia,Bramkarz,2%,1.5,,20,LEG (D),0,0,0,0,0,0,0,False
1459,Jędrzej Grobelny,Arka Gdynia,Bramkarz,2%,1.5,,21,POG (W),0,0,0,0,0,0,0,False
1459,Jędrzej Grobelny,Arka Gdynia,Bramkarz,2%,1.5,,22,GKS (D),0,0,0,0,0,0,0,False
1459,Jędrzej Grobelny,Arka Gdynia,Bramkarz,2%,1.5,,23,LGD (D),0,0,0,0,0,0,0,False
1459,Jędrzej Grobelny,Arka Gdynia,Bramkarz,2%,1.5,,24,WPŁ (W),0,0,0,0,0,0,0,False
1459,Jędrzej Grobelny,Arka Gdynia,Bramkarz,2%,1.5,,25,WID (D),0,0,0,0,0,0,0,False
1459,Jędrzej Grobelny,Arka Gdynia,Bramkarz,2%,1.5,,26,KOR (W),0,0,0,0,0,0,0,False
1459,Jędrzej Grobelny,Arka Gdynia,Bramkarz,2%,1.5,,27,ZAG (D),0,0,0,0,0,0,0,False
1459,Jędrzej Grobelny,Arka Gdynia,Bramkarz,2%,1.5,,28,CRA (W),90,0,0,5,0,0,2,True
1459,Jędrzej Grobelny,Arka Gdynia,Bramkarz,2%,1.5,,29,JAG (D),90,0,0,2,0,0,0,True
1459,Jędrzej Grobelny,Arka Gdynia,Bramkarz,2%,1.5,,30,PIA (W),90,0,0,8,0,0,1,True
1459,Jędrzej Grobelny,Arka Gdynia,Bramkarz,2%,1.5,,32,GÓR (D),90,0,0,1,0,0,5,True
1459,Jędrzej Grobelny,Arka Gdynia,Bramkarz,2%,1.5,,32,LPO (W),90,0,0,6,1,0,3,True
1459,Jędrzej Grobelny,Arka Gdynia,Bramkarz,2%,1.5,,33,BBT (D),90,0,0,1,0,0,0,True
1459,Jędrzej Grobelny,Arka Gdynia,Bramkarz,2%,1.5,,34,RCZ (W),0,0,0,0,0,0,0,False
1464,Kajetan Szmyt,Jagiellonia Białystok,Pomocnik,3%,1.8,,19,GKS (D) (ZAG),0,0,0,0,0,0,0,False
1464,Kajetan Szmyt,Jagiellonia Białystok,Pomocnik,3%,1.8,,19,GKS (D),26,0,0,0,0,0,2,True
1464,Kajetan Szmyt,Jagiellonia Białystok,Pomocnik,3%,1.8,,20,MOT (D),0,0,0,0,0,0,0,False
1464,Kajetan Szmyt,Jagiellonia Białystok,Pomocnik,3%,1.8,,21,CRA (W),0,0,0,0,0,0,0,False
1464,Kajetan Szmyt,Jagiellonia Białystok,Pomocnik,3%,1.8,,22,RAD (D),32,0,0,0,0,0,1,True
1464,Kajetan Szmyt,Jagiellonia Białystok,Pomocnik,3%,1.8,,23,LEG (D),90,0,0,0,0,0,2,True
1464,Kajetan Szmyt,Jagiellonia Białystok,Pomocnik,3%,1.8,,24,LGD (W),90,0,0,0,0,0,2,True
1464,Kajetan Szmyt,Jagiellonia Białystok,Pomocnik,3%,1.8,,25,PIA (D),79,0,0,0,0,0,2,True
1464,Kajetan Szmyt,Jagiellonia Białystok,Pomocnik,3%,1.8,,26,WPŁ (D),25,0,0,0,0,0,1,True
1464,Kajetan Szmyt,Jagiellonia Białystok,Pomocnik,3%,1.8,,27,LPO (D),72,0,0,0,0,0,3,True
1464,Kajetan Szmyt,Jagiellonia Białystok,Pomocnik,3%,1.8,,28,KOR (W),74,0,0,0,0,0,2,True
1464,Kajetan Szmyt,Jagiellonia Białystok,Pomocnik,3%,1.8,,29,ARK (W),87,0,0,0,0,0,4,True
1464,Kajetan Szmyt,Jagiellonia Białystok,Pomocnik,3%,1.8,,30,GÓR (D),90,0,0,0,1,0,1,True
1464,Kajetan Szmyt,Jagiellonia Białystok,Pomocnik,3%,1.8,,32,RCZ (W),89,1,0,0,0,0,9,True
1464,Kajetan Szmyt,Jagiellonia Białystok,Pomocnik,3%,1.8,,32,POG (D),77,1,0,0,0,0,8,True
1464,Kajetan Szmyt,Jagiellonia Białystok,Pomocnik,3%,1.8,,33,GKS (W),90,0,0,0,0,0,2,True
1464,Kajetan Szmyt,Jagiellonia Białystok,Pomocnik,3%,1.8,,34,ZAG (D),0,0,0,0,0,0,0,False
1475,Mikael Ishak,Lech Poznań,Napastnik,29%,4.1,,19,LGD (D),90,0,0,0,0,0,2,True
1475,Mikael Ishak,Lech Poznań,Napastnik,29%,4.1,,19,PIA (W),90,0,0,0,0,0,2,True
1475,Mikael Ishak,Lech Poznań,Napastnik,29%,4.1,,20,GÓR (W),82,1,0,0,1,0,6,True
1475,Mikael Ishak,Lech Poznań,Napastnik,29%,4.1,,21,PIA (D),0,0,0,0,0,0,0,False
1475,Mikael Ishak,Lech Poznań,Napastnik,29%,4.1,,22,KOR (W),90,0,0,0,0,0,3,True
1475,Mikael Ishak,Lech Poznań,Napastnik,29%,4.1,,23,RCZ (D),79,1,0,1,0,0,9,True
1475,Mikael Ishak,Lech Poznań,Napastnik,29%,4.1,,24,WID (W),32,0,0,0,0,0,1,True
1475,Mikael Ishak,Lech Poznań,Napastnik,29%,4.1,,25,ZAG (W),73,1,0,0,0,0,8,True
1475,Mikael Ishak,Lech Poznań,Napastnik,29%,4.1,,26,BBT (D),85,0,0,1,0,0,5,True
1475,Mikael Ishak,Lech Poznań,Napastnik,29%,4.1,,27,JAG (W),84,0,0,0,0,0,2,True
1475,Mikael Ishak,Lech Poznań,Napastnik,29%,4.1,,28,GKS (D),68,0,0,0,0,0,2,True
1475,Mikael Ishak,Lech Poznań,Napastnik,29%,4.1,,29,POG (W),71,0,0,0,0,0,3,True
1475,Mikael Ishak,Lech Poznań,Napastnik,29%,4.1,,30,LEG (D),90,2,0,0,0,0,12,True
1475,Mikael Ishak,Lech Poznań,Napastnik,29%,4.1,,31,MOT (W),90,0,0,0,0,0,3,True
1475,Mikael Ishak,Lech Poznań,Napastnik,29%,4.1,,32,ARK (D),90,0,1,0,0,0,5,True
1475,Mikael Ishak,Lech Poznań,Napastnik,29%,4.1,,33,RAD (W),84,1,1,0,0,0,10,True
1475,Mikael Ishak,Lech Poznań,Napastnik,29%,4.1,,34,WPŁ (D),0,0,0,0,0,0,0,False
1490,Kacper Trelowski,Raków Częstochowa,Bramkarz,3%,2.0,,19,WPŁ (W),0,0,0,0,0,0,0,False
1490,Kacper Trelowski,Raków Częstochowa,Bramkarz,3%,2.0,,20,RAD (D),0,0,0,0,0,0,0,False
1490,Kacper Trelowski,Raków Częstochowa,Bramkarz,3%,2.0,,21,ZAG (W),0,0,0,0,0,0,0,False
1490,Kacper Trelowski,Raków Częstochowa,Bramkarz,3%,2.0,,22,BBT (D),0,0,0,0,0,0,0,False
1490,Kacper Trelowski,Raków Częstochowa,Bramkarz,3%,2.0,,23,LPO (W),0,0,0,0,0,0,0,False
1490,Kacper Trelowski,Raków Częstochowa,Bramkarz,3%,2.0,,24,POG (D),0,0,0,0,0,0,0,False
1490,Kacper Trelowski,Raków Częstochowa,Bramkarz,3%,2.0,,25,GÓR (W),0,0,0,0,0,0,0,False
1490,Kacper Trelowski,Raków Częstochowa,Bramkarz,3%,2.0,,26,LEG (W),0,0,0,0,0,0,0,False
1490,Kacper Trelowski,Raków Częstochowa,Bramkarz,3%,2.0,,27,WID (D),67,0,0,0,0,0,2,True
1490,Kacper Trelowski,Raków Częstochowa,Bramkarz,3%,2.0,,28,MOT (W),0,0,0,0,0,0,0,False
1490,Kacper Trelowski,Raków Częstochowa,Bramkarz,3%,2.0,,29,CRA (D),0,0,0,0,0,0,0,False
1490,Kacper Trelowski,Raków Częstochowa,Bramkarz,3%,2.0,,30,LGD (W),0,0,0,0,0,0,0,False
1490,Kacper Trelowski,Raków Częstochowa,Bramkarz,3%,2.0,,32,JAG (D),90,0,0,5,0,0,2,True
1490,Kacper Trelowski,Raków Częstochowa,Bramkarz,3%,2.0,,32,KOR (D),90,0,0,3,0,0,7,True
1490,Kacper Trelowski,Raków Częstochowa,Bramkarz,3%,2.0,,33,PIA (W),90,0,0,7,0,0,5,True
1490,Kacper Trelowski,Raków Częstochowa,Bramkarz,3%,2.0,,34,ARK (D),0,0,0,0,0,0,0,False
1524,Dawid Abramowicz,Arka Gdynia,Obrońca,0%,1.7,,19,RAD (W),0,0,0,0,0,0,0,False
1524,Dawid Abramowicz,Arka Gdynia,Obrońca,0%,1.7,,20,LEG (D),0,0,0,0,0,0,0,False
1524,Dawid Abramowicz,Arka Gdynia,Obrońca,0%,1.7,,21,POG (W),4,0,0,0,1,0,0,True
1524,Dawid Abramowicz,Arka Gdynia,Obrońca,0%,1.7,,22,GKS (D),0,0,0,0,0,0,0,False
1524,Dawid Abramowicz,Arka Gdynia,Obrońca,0%,1.7,,23,LGD (D),0,0,0,0,0,0,0,False
1524,Dawid Abramowicz,Arka Gdynia,Obrońca,0%,1.7,,24,WPŁ (W),0,0,0,0,0,0,0,False
1524,Dawid Abramowicz,Arka Gdynia,Obrońca,0%,1.7,,25,WID (D),0,0,0,0,0,0,0,False
1524,Dawid Abramowicz,Arka Gdynia,Obrońca,0%,1.7,,26,KOR (W),0,0,0,0,0,0,0,False
1524,Dawid Abramowicz,Arka Gdynia,Obrońca,0%,1.7,,27,ZAG (D),0,0,0,0,0,0,0,False
1524,Dawid Abramowicz,Arka Gdynia,Obrońca,0%,1.7,,28,CRA (W),0,0,0,0,0,0,0,False
1524,Dawid Abramowicz,Arka Gdynia,Obrońca,0%,1.7,,29,JAG (D),0,0,0,0,0,0,0,False
1524,Dawid Abramowicz,Arka Gdynia,Obrońca,0%,1.7,,30,PIA (W),0,0,0,0,0,0,0,False
1524,Dawid Abramowicz,Arka Gdynia,Obrońca,0%,1.7,,32,GÓR (D),90,0,0,0,0,0,5,True
1524,Dawid Abramowicz,Arka Gdynia,Obrońca,0%,1.7,,32,LPO (W),85,0,0,0,0,0,2,True
1524,Dawid Abramowicz,Arka Gdynia,Obrońca,0%,1.7,,33,BBT (D),90,0,0,0,0,0,0,True
1524,Dawid Abramowicz,Arka Gdynia,Obrońca,0%,1.7,,34,RCZ (W),0,0,0,0,0,0,0,False
1529,Mariusz Fornalczyk,Widzew Łódź,Pomocnik,2%,1.9,,19,JAG (D),34,0,0,0,1,0,2,True
1529,Mariusz Fornalczyk,Widzew Łódź,Pomocnik,2%,1.9,,20,GKS (W),31,0,0,0,0,0,1,True
1529,Mariusz Fornalczyk,Widzew Łódź,Pomocnik,2%,1.9,,21,WPŁ (W),79,0,0,0,1,0,4,True
1529,Mariusz Fornalczyk,Widzew Łódź,Pomocnik,2%,1.9,,22,CRA (D),89,0,0,0,1,0,2,True
1529,Mariusz Fornalczyk,Widzew Łódź,Pomocnik,2%,1.9,,23,POG (W),0,0,0,0,0,0,0,False
1529,Mariusz Fornalczyk,Widzew Łódź,Pomocnik,2%,1.9,,24,LPO (D),28,0,0,0,0,0,2,True
1529,Mariusz Fornalczyk,Widzew Łódź,Pomocnik,2%,1.9,,25,ARK (W),9,0,0,0,0,0,1,True
1529,Mariusz Fornalczyk,Widzew Łódź,Pomocnik,2%,1.9,,26,GÓR (D),0,0,0,0,0,0,0,False
1529,Mariusz Fornalczyk,Widzew Łódź,Pomocnik,2%,1.9,,27,RCZ (W),89,0,0,0,0,0,2,True
1529,Mariusz Fornalczyk,Widzew Łódź,Pomocnik,2%,1.9,,28,BBT (D),89,0,1,0,0,0,8,True
1529,Mariusz Fornalczyk,Widzew Łódź,Pomocnik,2%,1.9,,29,RAD (W),86,0,0,0,0,0,2,True
1529,Mariusz Fornalczyk,Widzew Łódź,Pomocnik,2%,1.9,,30,MOT (D),79,0,0,0,0,0,4,True
1529,Mariusz Fornalczyk,Widzew Łódź,Pomocnik,2%,1.9,,31,LEG (W),78,0,0,0,0,0,2,True
1529,Mariusz Fornalczyk,Widzew Łódź,Pomocnik,2%,1.9,,32,LGD (D),83,0,1,0,0,0,6,True
1529,Mariusz Fornalczyk,Widzew Łódź,Pomocnik,2%,1.9,,33,KOR (W),74,0,0,0,0,0,2,True
1529,Mariusz Fornalczyk,Widzew Łódź,Pomocnik,2%,1.9,,34,PIA (D),0,0,0,0,0,0,0,False
1540,Norbert Wojtuszek,Jagiellonia Białystok,Obrońca,25%,1.8,,19,WID (W),90,1,0,0,0,0,7,True
1540,Norbert Wojtuszek,Jagiellonia Białystok,Obrońca,25%,1.8,,19,GKS (D),90,0,0,0,0,0,3,True
1540,Norbert Wojtuszek,Jagiellonia Białystok,Obrońca,25%,1.8,,20,MOT (D),82,0,0,0,0,0,4,True
1540,Norbert Wojtuszek,Jagiellonia Białystok,Obrońca,25%,1.8,,21,CRA (W),90,0,0,0,0,0,5,True
1540,Norbert Wojtuszek,Jagiellonia Białystok,Obrońca,25%,1.8,,22,RAD (D),80,0,0,0,0,0,2,True
1540,Norbert Wojtuszek,Jagiellonia Białystok,Obrońca,25%,1.8,,23,LEG (D),90,0,0,0,0,0,1,True
1540,Norbert Wojtuszek,Jagiellonia Białystok,Obrońca,25%,1.8,,24,LGD (W),62,0,0,0,0,0,2,True
1540,Norbert Wojtuszek,Jagiellonia Białystok,Obrońca,25%,1.8,,25,PIA (D),45,0,0,0,0,0,2,True
1540,Norbert Wojtuszek,Jagiellonia Białystok,Obrońca,25%,1.8,,26,WPŁ (D),65,0,0,0,0,0,1,True
1540,Norbert Wojtuszek,Jagiellonia Białystok,Obrońca,25%,1.8,,27,LPO (D),90,0,0,0,0,0,5,True
1540,Norbert Wojtuszek,Jagiellonia Białystok,Obrońca,25%,1.8,,28,KOR (W),11,0,0,0,0,0,1,True
1540,Norbert Wojtuszek,Jagiellonia Białystok,Obrońca,25%,1.8,,29,ARK (W),90,0,0,0,0,0,6,True
1540,Norbert Wojtuszek,Jagiellonia Białystok,Obrońca,25%,1.8,,30,GÓR (D),90,0,0,0,0,0,1,True
1540,Norbert Wojtuszek,Jagiellonia Białystok,Obrońca,25%,1.8,,32,RCZ (W),90,0,0,0,1,0,5,True
1540,Norbert Wojtuszek,Jagiellonia Białystok,Obrońca,25%,1.8,,32,POG (D),90,0,0,0,0,0,2,True
1540,Norbert Wojtuszek,Jagiellonia Białystok,Obrońca,25%,1.8,,33,GKS (W),90,0,0,0,0,0,1,True
1540,Norbert Wojtuszek,Jagiellonia Białystok,Obrońca,25%,1.8,,34,ZAG (D),0,0,0,0,0,0,0,False
1561,Szymon Pankiewicz,Jagiellonia Białystok,Obrońca,1%,0.7,,19,WID (W),0,0,0,0,0,0,0,False
1561,Szymon Pankiewicz,Jagiellonia Białystok,Obrońca,1%,0.7,,19,GKS (D),0,0,0,0,0,0,0,False
1561,Szymon Pankiewicz,Jagiellonia Białystok,Obrońca,1%,0.7,,20,MOT (D),0,0,0,0,0,0,0,False
1561,Szymon Pankiewicz,Jagiellonia Białystok,Obrońca,1%,0.7,,21,CRA (W),0,0,0,0,0,0,0,False
1561,Szymon Pankiewicz,Jagiellonia Białystok,Obrońca,1%,0.7,,22,RAD (D),0,0,0,0,0,0,0,False
1561,Szymon Pankiewicz,Jagiellonia Białystok,Obrońca,1%,0.7,,23,LEG (D),0,0,0,0,0,0,0,False
1561,Szymon Pankiewicz,Jagiellonia Białystok,Obrońca,1%,0.7,,24,LGD (W),0,0,0,0,0,0,0,False
1561,Szymon Pankiewicz,Jagiellonia Białystok,Obrońca,1%,0.7,,25,PIA (D),0,0,0,0,0,0,0,False
1561,Szymon Pankiewicz,Jagiellonia Białystok,Obrońca,1%,0.7,,26,WPŁ (D),0,0,0,0,0,0,0,False
1561,Szymon Pankiewicz,Jagiellonia Białystok,Obrońca,1%,0.7,,27,LPO (D),0,0,0,0,0,0,0,False
1561,Szymon Pankiewicz,Jagiellonia Białystok,Obrońca,1%,0.7,,28,KOR (W),0,0,0,0,0,0,0,False
1561,Szymon Pankiewicz,Jagiellonia Białystok,Obrońca,1%,0.7,,29,ARK (W),0,0,0,0,0,0,0,False
1561,Szymon Pankiewicz,Jagiellonia Białystok,Obrońca,1%,0.7,,30,GÓR (D),0,0,0,0,0,0,0,False
1561,Szymon Pankiewicz,Jagiellonia Białystok,Obrońca,1%,0.7,,32,RCZ (W),0,0,0,0,0,0,0,False
1561,Szymon Pankiewicz,Jagiellonia Białystok,Obrońca,1%,0.7,,32,POG (D),0,0,0,0,0,0,0,False
1561,Szymon Pankiewicz,Jagiellonia Białystok,Obrońca,1%,0.7,,33,GKS (W),0,0,0,0,0,0,0,False
1561,Szymon Pankiewicz,Jagiellonia Białystok,Obrońca,1%,0.7,,34,ZAG (D),0,0,0,0,0,0,0,False
1580,Patryk Konik,Legia Warszawa,Obrońca,2%,0.7,,19,KOR (D),0,0,0,0,0,0,0,False
1580,Patryk Konik,Legia Warszawa,Obrońca,2%,0.7,,20,ARK (W),0,0,0,0,0,0,0,False
1580,Patryk Konik,Legia Warszawa,Obrońca,2%,0.7,,21,GKS (W),0,0,0,0,0,0,0,False
1580,Patryk Konik,Legia Warszawa,Obrońca,2%,0.7,,22,WPŁ (D),0,0,0,0,0,0,0,False
1580,Patryk Konik,Legia Warszawa,Obrońca,2%,0.7,,23,JAG (W),0,0,0,0,0,0,0,False
1580,Patryk Konik,Legia Warszawa,Obrońca,2%,0.7,,24,CRA (D),0,0,0,0,0,0,0,False
1580,Patryk Konik,Legia Warszawa,Obrońca,2%,0.7,,25,RAD (W),0,0,0,0,0,0,0,False
1580,Patryk Konik,Legia Warszawa,Obrońca,2%,0.7,,26,RCZ (D),0,0,0,0,0,0,0,False
1580,Patryk Konik,Legia Warszawa,Obrońca,2%,0.7,,27,POG (W),0,0,0,0,0,0,0,False
1580,Patryk Konik,Legia Warszawa,Obrońca,2%,0.7,,28,GÓR (D),0,0,0,0,0,0,0,False
1580,Patryk Konik,Legia Warszawa,Obrońca,2%,0.7,,29,ZAG (D),0,0,0,0,0,0,0,False
1580,Patryk Konik,Legia Warszawa,Obrońca,2%,0.7,,30,LPO (W),0,0,0,0,0,0,0,False
1580,Patryk Konik,Legia Warszawa,Obrońca,2%,0.7,,31,WID (D),0,0,0,0,0,0,0,False
1580,Patryk Konik,Legia Warszawa,Obrońca,2%,0.7,,32,BBT (W),0,0,0,0,0,0,0,False
1580,Patryk Konik,Legia Warszawa,Obrońca,2%,0.7,,33,LGD (W),0,0,0,0,0,0,0,False
1580,Patryk Konik,Legia Warszawa,Obrońca,2%,0.7,,34,MOT (D),0,0,0,0,0,0,0,False
1623,Filip Borowski,Piast Gliwice,Obrońca,3%,1.4,,19,GÓR (W),0,0,0,0,0,0,0,False
1623,Filip Borowski,Piast Gliwice,Obrońca,3%,1.4,,19,LPO (D),14,0,0,0,0,0,2,True
1623,Filip Borowski,Piast Gliwice,Obrońca,3%,1.4,,20,WPŁ (D),15,0,0,0,0,0,2,True
1623,Filip Borowski,Piast Gliwice,Obrońca,3%,1.4,,21,LPO (W),0,0,0,0,0,0,0,False
1623,Filip Borowski,Piast Gliwice,Obrońca,3%,1.4,,22,MOT (D),0,0,0,0,0,0,0,False
1623,Filip Borowski,Piast Gliwice,Obrońca,3%,1.4,,23,CRA (W),0,0,0,0,0,0,0,False
1623,Filip Borowski,Piast Gliwice,Obrońca,3%,1.4,,24,ZAG (D),0,0,0,0,0,0,0,False
1623,Filip Borowski,Piast Gliwice,Obrońca,3%,1.4,,25,JAG (W),45,0,0,0,0,0,2,True
1623,Filip Borowski,Piast Gliwice,Obrońca,3%,1.4,,26,RAD (D),10,0,0,0,0,0,2,True
1623,Filip Borowski,Piast Gliwice,Obrońca,3%,1.4,,27,BBT (W),90,0,0,0,0,0,0,True
1623,Filip Borowski,Piast Gliwice,Obrońca,3%,1.4,,28,POG (D),0,0,0,0,0,0,0,False
1623,Filip Borowski,Piast Gliwice,Obrońca,3%,1.4,,29,LGD (W),62,0,0,0,0,0,1,True
1623,Filip Borowski,Piast Gliwice,Obrońca,3%,1.4,,30,ARK (D),90,1,0,0,0,0,9,True
1623,Filip Borowski,Piast Gliwice,Obrońca,3%,1.4,,31,KOR (W),90,0,0,0,0,0,2,True
1623,Filip Borowski,Piast Gliwice,Obrońca,3%,1.4,,32,GKS (D),90,0,0,0,0,0,5,True
1623,Filip Borowski,Piast Gliwice,Obrońca,3%,1.4,,33,RCZ (D),45,0,0,0,0,0,0,True
1623,Filip Borowski,Piast Gliwice,Obrońca,3%,1.4,,34,WID (W),0,0,0,0,0,0,0,False
1675,Filip Majchrowicz,Radomiak Radom,Bramkarz,3%,1.8,,19,ARK (D),90,0,0,7,0,0,5,True
1675,Filip Majchrowicz,Radomiak Radom,Bramkarz,3%,1.8,,20,RCZ (W),90,0,0,5,0,0,6,True
1675,Filip Majchrowicz,Radomiak Radom,Bramkarz,3%,1.8,,21,KOR (D),90,0,0,0,0,0,1,True
1675,Filip Majchrowicz,Radomiak Radom,Bramkarz,3%,1.8,,22,JAG (W),90,0,0,2,0,0,2,True
1675,Filip Majchrowicz,Radomiak Radom,Bramkarz,3%,1.8,,23,BBT (W),90,0,0,2,0,0,2,True
1675,Filip Majchrowicz,Radomiak Radom,Bramkarz,3%,1.8,,24,GKS (D),90,0,0,1,0,0,2,True
1675,Filip Majchrowicz,Radomiak Radom,Bramkarz,3%,1.8,,25,LEG (D),90,0,0,5,0,0,3,True
1675,Filip Majchrowicz,Radomiak Radom,Bramkarz,3%,1.8,,26,PIA (W),90,0,0,6,0,0,6,True
1675,Filip Majchrowicz,Radomiak Radom,Bramkarz,3%,1.8,,27,MOT (D),90,0,0,3,0,0,3,True
1675,Filip Majchrowicz,Radomiak Radom,Bramkarz,3%,1.8,,28,ZAG (W),90,0,0,2,0,0,2,True
1675,Filip Majchrowicz,Radomiak Radom,Bramkarz,3%,1.8,,29,WID (D),90,0,0,2,0,0,3,True
1675,Filip Majchrowicz,Radomiak Radom,Bramkarz,3%,1.8,,30,WPŁ (W),90,0,0,2,1,0,5,True
1675,Filip Majchrowicz,Radomiak Radom,Bramkarz,3%,1.8,,31,LGD (D),90,0,0,6,0,0,5,True
1675,Filip Majchrowicz,Radomiak Radom,Bramkarz,3%,1.8,,32,CRA (W),90,0,0,4,0,0,6,True
1675,Filip Majchrowicz,Radomiak Radom,Bramkarz,3%,1.8,,33,LPO (D),90,0,0,2,0,0,0,True
1675,Filip Majchrowicz,Radomiak Radom,Bramkarz,3%,1.8,,34,GÓR (W),0,0,0,0,0,0,0,False
1712,Joel Pereira,Lech Poznań,Obrońca,10%,2.1,,19,LGD (D),63,0,0,0,0,0,0,True
1712,Joel Pereira,Lech Poznań,Obrońca,10%,2.1,,19,PIA (W),9,0,0,0,0,0,1,True
1712,Joel Pereira,Lech Poznań,Obrońca,10%,2.1,,20,GÓR (W),0,0,0,0,0,0,0,False
1712,Joel Pereira,Lech Poznań,Obrońca,10%,2.1,,21,PIA (D),0,0,0,0,0,0,0,False
1712,Joel Pereira,Lech Poznań,Obrońca,10%,2.1,,22,KOR (W),0,0,0,0,0,0,0,False
1712,Joel Pereira,Lech Poznań,Obrońca,10%,2.1,,23,RCZ (D),45,0,0,0,0,0,2,True
1712,Joel Pereira,Lech Poznań,Obrońca,10%,2.1,,24,WID (W),10,0,0,0,0,0,1,True
1712,Joel Pereira,Lech Poznań,Obrońca,10%,2.1,,25,ZAG (W),90,0,0,0,0,0,6,True
1712,Joel Pereira,Lech Poznań,Obrońca,10%,2.1,,26,BBT (D),90,0,0,0,0,0,3,True
1712,Joel Pereira,Lech Poznań,Obrońca,10%,2.1,,27,JAG (W),90,0,0,0,0,0,5,True
1712,Joel Pereira,Lech Poznań,Obrońca,10%,2.1,,28,GKS (D),90,0,0,0,0,0,0,True
1712,Joel Pereira,Lech Poznań,Obrońca,10%,2.1,,29,POG (W),90,0,0,0,0,0,3,True
1712,Joel Pereira,Lech Poznań,Obrońca,10%,2.1,,30,LEG (D),86,0,1,0,0,0,10,True
1712,Joel Pereira,Lech Poznań,Obrońca,10%,2.1,,31,MOT (W),90,0,1,0,0,0,10,True
1712,Joel Pereira,Lech Poznań,Obrońca,10%,2.1,,32,ARK (D),90,0,0,0,0,0,2,True
1712,Joel Pereira,Lech Poznań,Obrońca,10%,2.1,,33,RAD (W),90,0,0,0,0,0,3,True
1712,Joel Pereira,Lech Poznań,Obrońca,10%,2.1,,34,WPŁ (D),0,0,0,0,0,0,0,False
1719,Michael Ameyaw,Raków Częstochowa,Pomocnik,3%,2.2,,19,WPŁ (W),81,0,0,0,0,0,2,True
1719,Michael Ameyaw,Raków Częstochowa,Pomocnik,3%,2.2,,20,RAD (D),90,0,0,0,0,0,3,True
1719,Michael Ameyaw,Raków Częstochowa,Pomocnik,3%,2.2,,21,ZAG (W),78,0,0,0,0,0,3,True
1719,Michael Ameyaw,Raków Częstochowa,Pomocnik,3%,2.2,,22,BBT (D),81,0,0,0,0,0,4,True
1719,Michael Ameyaw,Raków Częstochowa,Pomocnik,3%,2.2,,23,LPO (W),90,0,0,0,0,0,2,True
1719,Michael Ameyaw,Raków Częstochowa,Pomocnik,3%,2.2,,24,POG (D),90,0,0,0,0,0,4,True
1719,Michael Ameyaw,Raków Częstochowa,Pomocnik,3%,2.2,,25,GÓR (W),90,1,0,0,0,0,7,True
1719,Michael Ameyaw,Raków Częstochowa,Pomocnik,3%,2.2,,26,LEG (W),0,0,0,0,0,0,0,False
1719,Michael Ameyaw,Raków Częstochowa,Pomocnik,3%,2.2,,27,WID (D),90,0,0,0,0,0,2,True
1719,Michael Ameyaw,Raków Częstochowa,Pomocnik,3%,2.2,,28,MOT (W),45,0,0,0,0,0,2,True
1719,Michael Ameyaw,Raków Częstochowa,Pomocnik,3%,2.2,,29,CRA (D),0,0,0,0,0,0,0,False
1719,Michael Ameyaw,Raków Częstochowa,Pomocnik,3%,2.2,,30,LGD (W),0,0,0,0,0,0,0,False
1719,Michael Ameyaw,Raków Częstochowa,Pomocnik,3%,2.2,,32,JAG (D),67,0,0,0,0,0,2,True
1719,Michael Ameyaw,Raków Częstochowa,Pomocnik,3%,2.2,,32,KOR (D),90,0,0,0,0,0,4,True
1719,Michael Ameyaw,Raków Częstochowa,Pomocnik,3%,2.2,,33,PIA (W),90,0,0,0,0,0,3,True
1719,Michael Ameyaw,Raków Częstochowa,Pomocnik,3%,2.2,,34,ARK (D),0,0,0,0,0,0,0,False
1757,Bartosz Mrozek,Lech Poznań,Bramkarz,21%,2.1,,19,LGD (D),90,0,0,6,0,0,2,True
1757,Bartosz Mrozek,Lech Poznań,Bramkarz,21%,2.1,,19,PIA (W),90,0,0,2,0,0,6,True
1757,Bartosz Mrozek,Lech Poznań,Bramkarz,21%,2.1,,20,GÓR (W),90,0,0,4,0,0,7,True
1757,Bartosz Mrozek,Lech Poznań,Bramkarz,21%,2.1,,21,PIA (D),90,0,0,6,0,0,8,True
1757,Bartosz Mrozek,Lech Poznań,Bramkarz,21%,2.1,,22,KOR (W),90,0,0,0,0,0,3,True
1757,Bartosz Mrozek,Lech Poznań,Bramkarz,21%,2.1,,23,RCZ (D),90,0,0,4,1,0,-1,True
1757,Bartosz Mrozek,Lech Poznań,Bramkarz,21%,2.1,,24,WID (W),90,0,0,2,0,0,1,True
1757,Bartosz Mrozek,Lech Poznań,Bramkarz,21%,2.1,,25,ZAG (W),90,0,0,1,0,0,6,True
1757,Bartosz Mrozek,Lech Poznań,Bramkarz,21%,2.1,,26,BBT (D),90,0,0,4,0,0,4,True
1757,Bartosz Mrozek,Lech Poznań,Bramkarz,21%,2.1,,27,JAG (W),90,0,0,3,0,0,6,True
1757,Bartosz Mrozek,Lech Poznań,Bramkarz,21%,2.1,,28,GKS (D),90,0,0,5,0,0,1,True
1757,Bartosz Mrozek,Lech Poznań,Bramkarz,21%,2.1,,29,POG (W),0,0,0,0,0,0,0,False
1757,Bartosz Mrozek,Lech Poznań,Bramkarz,21%,2.1,,30,LEG (D),90,0,0,0,0,0,6,True
1757,Bartosz Mrozek,Lech Poznań,Bramkarz,21%,2.1,,31,MOT (W),90,0,0,1,0,0,6,True
1757,Bartosz Mrozek,Lech Poznań,Bramkarz,21%,2.1,,32,ARK (D),90,0,0,2,0,0,2,True
1757,Bartosz Mrozek,Lech Poznań,Bramkarz,21%,2.1,,33,RAD (W),90,0,0,2,0,0,3,True
1757,Bartosz Mrozek,Lech Poznań,Bramkarz,21%,2.1,,34,WPŁ (D),0,0,0,0,0,0,0,False
1770,Tomasz Pieńko,Raków Częstochowa,Pomocnik,1%,2.0,,19,WPŁ (W),27,0,0,0,0,0,1,True
1770,Tomasz Pieńko,Raków Częstochowa,Pomocnik,1%,2.0,,20,RAD (D),80,0,0,0,0,0,3,True
1770,Tomasz Pieńko,Raków Częstochowa,Pomocnik,1%,2.0,,21,ZAG (W),66,0,0,0,0,0,3,True
1770,Tomasz Pieńko,Raków Częstochowa,Pomocnik,1%,2.0,,22,BBT (D),9,0,0,0,0,0,2,True
1770,Tomasz Pieńko,Raków Częstochowa,Pomocnik,1%,2.0,,23,LPO (W),0,0,0,0,0,0,0,False
1770,Tomasz Pieńko,Raków Częstochowa,Pomocnik,1%,2.0,,24,POG (D),68,0,0,0,0,0,4,True
1770,Tomasz Pieńko,Raków Częstochowa,Pomocnik,1%,2.0,,25,GÓR (W),0,0,0,0,0,0,0,False
1770,Tomasz Pieńko,Raków Częstochowa,Pomocnik,1%,2.0,,26,LEG (W),0,0,0,0,0,0,0,False
1770,Tomasz Pieńko,Raków Częstochowa,Pomocnik,1%,2.0,,27,WID (D),0,0,0,0,0,0,0,False
1770,Tomasz Pieńko,Raków Częstochowa,Pomocnik,1%,2.0,,28,MOT (W),31,0,0,0,0,0,1,True
1770,Tomasz Pieńko,Raków Częstochowa,Pomocnik,1%,2.0,,29,CRA (D),28,0,0,0,0,0,2,True
1770,Tomasz Pieńko,Raków Częstochowa,Pomocnik,1%,2.0,,30,LGD (W),45,0,0,0,0,0,2,True
1770,Tomasz Pieńko,Raków Częstochowa,Pomocnik,1%,2.0,,32,JAG (D),79,0,0,0,0,0,1,True
1770,Tomasz Pieńko,Raków Częstochowa,Pomocnik,1%,2.0,,32,KOR (D),86,0,0,0,0,0,4,True
1770,Tomasz Pieńko,Raków Częstochowa,Pomocnik,1%,2.0,,33,PIA (W),68,1,0,0,0,0,8,True
1770,Tomasz Pieńko,Raków Częstochowa,Pomocnik,1%,2.0,,34,ARK (D),0,0,0,0,0,0,0,False
1795,Sławomir Abramowicz,Jagiellonia Białystok,Bramkarz,16%,1.9,,19,WID (W),90,0,0,2,1,0,2,True
1795,Sławomir Abramowicz,Jagiellonia Białystok,Bramkarz,16%,1.9,,19,GKS (D),90,0,0,3,0,0,4,True
1795,Sławomir Abramowicz,Jagiellonia Białystok,Bramkarz,16%,1.9,,20,MOT (D),90,0,0,4,0,0,4,True
1795,Sławomir Abramowicz,Jagiellonia Białystok,Bramkarz,16%,1.9,,21,CRA (W),90,0,0,3,0,0,6,True
1795,Sławomir Abramowicz,Jagiellonia Białystok,Bramkarz,16%,1.9,,22,RAD (D),90,0,0,1,0,0,2,True
1795,Sławomir Abramowicz,Jagiellonia Białystok,Bramkarz,16%,1.9,,23,LEG (D),90,0,0,1,0,0,1,True
1795,Sławomir Abramowicz,Jagiellonia Białystok,Bramkarz,16%,1.9,,24,LGD (W),90,0,0,4,0,0,1,True
1795,Sławomir Abramowicz,Jagiellonia Białystok,Bramkarz,16%,1.9,,25,PIA (D),90,0,0,4,0,0,2,True
1795,Sławomir Abramowicz,Jagiellonia Białystok,Bramkarz,16%,1.9,,26,WPŁ (D),90,0,0,1,0,0,1,True
1795,Sławomir Abramowicz,Jagiellonia Białystok,Bramkarz,16%,1.9,,27,LPO (D),90,0,0,3,0,0,7,True
1795,Sławomir Abramowicz,Jagiellonia Białystok,Bramkarz,16%,1.9,,28,KOR (W),90,0,0,4,0,0,3,True
1795,Sławomir Abramowicz,Jagiellonia Białystok,Bramkarz,16%,1.9,,29,ARK (W),90,0,0,6,0,0,8,True
1795,Sławomir Abramowicz,Jagiellonia Białystok,Bramkarz,16%,1.9,,30,GÓR (D),90,0,0,3,0,0,2,True
1795,Sławomir Abramowicz,Jagiellonia Białystok,Bramkarz,16%,1.9,,32,RCZ (W),90,0,0,3,0,0,7,True
1795,Sławomir Abramowicz,Jagiellonia Białystok,Bramkarz,16%,1.9,,32,POG (D),90,0,0,1,0,0,2,True
1795,Sławomir Abramowicz,Jagiellonia Białystok,Bramkarz,16%,1.9,,33,GKS (W),90,0,0,3,0,0,2,True
1795,Sławomir Abramowicz,Jagiellonia Białystok,Bramkarz,16%,1.9,,34,ZAG (D),0,0,0,0,0,0,0,False
1853,Bogdan Racovițan,Raków Częstochowa,Obrońca,9%,2.0,,19,WPŁ (W),90,0,0,0,0,0,1,True
1853,Bogdan Racovițan,Raków Częstochowa,Obrońca,9%,2.0,,20,RAD (D),90,0,0,0,0,0,5,True
1853,Bogdan Racovițan,Raków Częstochowa,Obrońca,9%,2.0,,21,ZAG (W),90,0,0,0,0,0,5,True
1853,Bogdan Racovițan,Raków Częstochowa,Obrońca,9%,2.0,,22,BBT (D),90,0,0,0,0,0,6,True
1853,Bogdan Racovițan,Raków Częstochowa,Obrońca,9%,2.0,,23,LPO (W),90,0,0,0,0,0,-1,True
1853,Bogdan Racovițan,Raków Częstochowa,Obrońca,9%,2.0,,24,POG (D),90,0,0,0,0,0,6,True
1853,Bogdan Racovițan,Raków Częstochowa,Obrońca,9%,2.0,,25,GÓR (W),72,0,0,0,0,0,1,True
1853,Bogdan Racovițan,Raków Częstochowa,Obrońca,9%,2.0,,26,LEG (W),90,0,0,0,0,0,2,True
1853,Bogdan Racovițan,Raków Częstochowa,Obrońca,9%,2.0,,27,WID (D),90,0,0,0,0,0,2,True
1853,Bogdan Racovițan,Raków Częstochowa,Obrońca,9%,2.0,,28,MOT (W),90,0,0,0,0,0,2,True
1853,Bogdan Racovițan,Raków Częstochowa,Obrońca,9%,2.0,,29,CRA (D),90,0,1,0,0,0,7,True
1853,Bogdan Racovițan,Raków Częstochowa,Obrońca,9%,2.0,,30,LGD (W),90,0,0,0,0,0,3,True
1853,Bogdan Racovițan,Raków Częstochowa,Obrońca,9%,2.0,,32,JAG (D),90,0,0,0,0,0,1,True
1853,Bogdan Racovițan,Raków Częstochowa,Obrońca,9%,2.0,,32,KOR (D),90,0,0,0,0,0,6,True
1853,Bogdan Racovițan,Raków Częstochowa,Obrońca,9%,2.0,,33,PIA (W),90,0,0,0,0,0,3,True
1853,Bogdan Racovițan,Raków Częstochowa,Obrońca,9%,2.0,,34,ARK (D),0,0,0,0,0,0,0,False
1880,Ilja Szkurin,GKS Katowice,Napastnik,6%,1.9,,19,ZAG (W),21,0,0,0,0,0,2,True
1880,Ilja Szkurin,GKS Katowice,Napastnik,6%,1.9,,19,JAG (W),82,0,0,0,0,0,2,True
1880,Ilja Szkurin,GKS Katowice,Napastnik,6%,1.9,,20,WID (D),19,0,0,0,0,0,2,True
1880,Ilja Szkurin,GKS Katowice,Napastnik,6%,1.9,,21,LEG (D),45,0,0,0,0,0,2,True
1880,Ilja Szkurin,GKS Katowice,Napastnik,6%,1.9,,22,ARK (W),17,0,0,0,0,0,1,True
1880,Ilja Szkurin,GKS Katowice,Napastnik,6%,1.9,,23,GÓR (D),11,0,0,1,0,0,6,True
1880,Ilja Szkurin,GKS Katowice,Napastnik,6%,1.9,,24,RAD (W),1,0,0,0,0,0,2,True
1880,Ilja Szkurin,GKS Katowice,Napastnik,6%,1.9,,25,LGD (D),83,1,0,0,0,0,7,True
1880,Ilja Szkurin,GKS Katowice,Napastnik,6%,1.9,,26,CRA (W),90,0,0,0,0,0,2,True
1880,Ilja Szkurin,GKS Katowice,Napastnik,6%,1.9,,27,WPŁ (D),80,0,0,0,0,0,3,True
1880,Ilja Szkurin,GKS Katowice,Napastnik,6%,1.9,,28,LPO (W),73,1,0,0,0,0,6,True
1880,Ilja Szkurin,GKS Katowice,Napastnik,6%,1.9,,29,MOT (D),67,0,0,0,0,0,3,True
1880,Ilja Szkurin,GKS Katowice,Napastnik,6%,1.9,,30,KOR (W),77,0,0,0,0,0,2,True
1880,Ilja Szkurin,GKS Katowice,Napastnik,6%,1.9,,31,BBT (D),76,1,1,0,0,0,11,True
1880,Ilja Szkurin,GKS Katowice,Napastnik,6%,1.9,,32,PIA (W),88,0,0,0,0,0,2,True
1880,Ilja Szkurin,GKS Katowice,Napastnik,6%,1.9,,33,JAG (D),25,0,0,0,0,0,1,True
1880,Ilja Szkurin,GKS Katowice,Napastnik,6%,1.9,,34,POG (W),0,0,0,0,0,0,0,False
1909,Rafał Adamski,Legia Warszawa,Napastnik,9%,1.9,,21,GKS (W),0,0,0,0,0,0,0,False
1909,Rafał Adamski,Legia Warszawa,Napastnik,9%,1.9,,22,WPŁ (D),90,1,0,0,0,0,8,True
1909,Rafał Adamski,Legia Warszawa,Napastnik,9%,1.9,,23,JAG (W),89,0,0,0,0,0,2,True
1909,Rafał Adamski,Legia Warszawa,Napastnik,9%,1.9,,24,CRA (D),32,0,0,0,0,0,2,True
1909,Rafał Adamski,Legia Warszawa,Napastnik,9%,1.9,,25,RAD (W),90,0,0,0,0,0,2,True
1909,Rafał Adamski,Legia Warszawa,Napastnik,9%,1.9,,26,RCZ (D),90,0,0,0,0,0,2,True
1909,Rafał Adamski,Legia Warszawa,Napastnik,9%,1.9,,27,POG (W),90,0,1,0,0,0,6,True
1909,Rafał Adamski,Legia Warszawa,Napastnik,9%,1.9,,28,GÓR (D),90,0,0,0,0,0,2,True
1909,Rafał Adamski,Legia Warszawa,Napastnik,9%,1.9,,29,ZAG (D),90,1,0,0,0,0,7,True
1909,Rafał Adamski,Legia Warszawa,Napastnik,9%,1.9,,30,LPO (W),22,0,0,0,0,0,2,True
1909,Rafał Adamski,Legia Warszawa,Napastnik,9%,1.9,,31,WID (D),13,1,0,0,0,0,6,True
1909,Rafał Adamski,Legia Warszawa,Napastnik,9%,1.9,,32,BBT (W),71,1,0,0,0,0,7,True
1909,Rafał Adamski,Legia Warszawa,Napastnik,9%,1.9,,33,LGD (W),29,0,0,0,0,0,2,True
1909,Rafał Adamski,Legia Warszawa,Napastnik,9%,1.9,,34,MOT (D),0,0,0,0,0,0,0,False
1928,Stratos Svarnas,Raków Częstochowa,Obrońca,9%,2.1,,19,WPŁ (W),90,0,1,0,0,0,5,True
1928,Stratos Svarnas,Raków Częstochowa,Obrońca,9%,2.1,,20,RAD (D),90,0,0,0,0,0,5,True
1928,Stratos Svarnas,Raków Częstochowa,Obrońca,9%,2.1,,21,ZAG (W),90,0,0,0,0,0,5,True
1928,Stratos Svarnas,Raków Częstochowa,Obrońca,9%,2.1,,22,BBT (D),0,0,0,0,0,0,0,False
1928,Stratos Svarnas,Raków Częstochowa,Obrońca,9%,2.1,,23,LPO (W),22,0,0,0,0,0,1,True
1928,Stratos Svarnas,Raków Częstochowa,Obrońca,9%,2.1,,24,POG (D),90,0,0,0,0,0,6,True
1928,Stratos Svarnas,Raków Częstochowa,Obrońca,9%,2.1,,25,GÓR (W),90,0,0,0,0,0,0,True
1928,Stratos Svarnas,Raków Częstochowa,Obrońca,9%,2.1,,26,LEG (W),8,0,0,0,0,0,1,True
1928,Stratos Svarnas,Raków Częstochowa,Obrońca,9%,2.1,,27,WID (D),52,1,0,0,0,0,7,True
1928,Stratos Svarnas,Raków Częstochowa,Obrońca,9%,2.1,,28,MOT (W),90,0,0,0,0,0,2,True
1928,Stratos Svarnas,Raków Częstochowa,Obrońca,9%,2.1,,29,CRA (D),90,0,0,0,0,0,3,True
1928,Stratos Svarnas,Raków Częstochowa,Obrońca,9%,2.1,,30,LGD (W),90,0,0,0,1,0,2,True
1928,Stratos Svarnas,Raków Częstochowa,Obrońca,9%,2.1,,32,JAG (D),90,0,0,0,0,0,1,True
1928,Stratos Svarnas,Raków Częstochowa,Obrońca,9%,2.1,,32,KOR (D),90,0,0,0,0,0,6,True
1928,Stratos Svarnas,Raków Częstochowa,Obrońca,9%,2.1,,33,PIA (W),9,0,0,0,0,0,2,True
1928,Stratos Svarnas,Raków Częstochowa,Obrońca,9%,2.1,,34,ARK (D),0,0,0,0,0,0,0,False
1931,Steve Kapuadi,Widzew Łódź,Obrońca,3%,1.8,,19,KOR (D) (LEG),0,0,0,0,0,0,0,False
1931,Steve Kapuadi,Widzew Łódź,Obrońca,3%,1.8,,20,ARK (W) (LEG),0,0,0,0,0,0,0,False
1931,Steve Kapuadi,Widzew Łódź,Obrońca,3%,1.8,,21,GKS (W) (LEG),89,0,0,0,1,0,1,True
1931,Steve Kapuadi,Widzew Łódź,Obrońca,3%,1.8,,22,WPŁ (D) (LEG),45,0,0,0,0,0,2,True
1931,Steve Kapuadi,Widzew Łódź,Obrońca,3%,1.8,,23,POG (W),16,0,0,0,0,0,1,True
1931,Steve Kapuadi,Widzew Łódź,Obrońca,3%,1.8,,24,LPO (D),90,0,0,0,0,0,3,True
1931,Steve Kapuadi,Widzew Łódź,Obrońca,3%,1.8,,25,ARK (W),90,0,0,0,0,0,5,True
1931,Steve Kapuadi,Widzew Łódź,Obrońca,3%,1.8,,26,GÓR (D),90,0,0,0,0,0,5,True
1931,Steve Kapuadi,Widzew Łódź,Obrońca,3%,1.8,,27,RCZ (W),0,0,0,0,0,0,0,False
1931,Steve Kapuadi,Widzew Łódź,Obrońca,3%,1.8,,28,BBT (D),90,0,0,0,0,0,6,True
1931,Steve Kapuadi,Widzew Łódź,Obrońca,3%,1.8,,29,RAD (W),90,0,0,0,0,0,1,True
1931,Steve Kapuadi,Widzew Łódź,Obrońca,3%,1.8,,30,MOT (D),90,0,0,0,0,0,6,True
1931,Steve Kapuadi,Widzew Łódź,Obrońca,3%,1.8,,31,LEG (W),90,0,0,0,0,0,2,True
1931,Steve Kapuadi,Widzew Łódź,Obrońca,3%,1.8,,32,LGD (D),90,1,0,0,0,0,10,True
1931,Steve Kapuadi,Widzew Łódź,Obrońca,3%,1.8,,33,KOR (W),90,0,0,0,0,0,2,True
1931,Steve Kapuadi,Widzew Łódź,Obrońca,3%,1.8,,34,PIA (D),0,0,0,0,0,0,0,False
2110,Camilo Mena,Lechia Gdańsk,Pomocnik,12%,2.2,,19,LPO (W),79,0,1,1,0,0,9,True
2110,Camilo Mena,Lechia Gdańsk,Pomocnik,12%,2.2,,20,CRA (D),90,0,0,0,0,0,2,True
2110,Camilo Mena,Lechia Gdańsk,Pomocnik,12%,2.2,,21,MOT (W),90,2,0,0,0,0,14,True
2110,Camilo Mena,Lechia Gdańsk,Pomocnik,12%,2.2,,22,ZAG (D),90,0,0,0,0,0,2,True
2110,Camilo Mena,Lechia Gdańsk,Pomocnik,12%,2.2,,23,ARK (W),90,0,0,0,0,0,2,True
2110,Camilo Mena,Lechia Gdańsk,Pomocnik,12%,2.2,,24,JAG (D),74,0,0,0,0,0,4,True
2110,Camilo Mena,Lechia Gdańsk,Pomocnik,12%,2.2,,25,GKS (W),0,0,0,0,0,0,0,False
2110,Camilo Mena,Lechia Gdańsk,Pomocnik,12%,2.2,,26,POG (D),0,0,0,0,0,0,0,False
2110,Camilo Mena,Lechia Gdańsk,Pomocnik,12%,2.2,,27,KOR (D),45,0,0,0,1,0,2,True
2110,Camilo Mena,Lechia Gdańsk,Pomocnik,12%,2.2,,28,WPŁ (W),90,0,0,0,0,0,2,True
2110,Camilo Mena,Lechia Gdańsk,Pomocnik,12%,2.2,,29,PIA (D),90,0,0,0,0,0,2,True
2110,Camilo Mena,Lechia Gdańsk,Pomocnik,12%,2.2,,30,RCZ (D),90,0,0,0,1,0,1,True
2110,Camilo Mena,Lechia Gdańsk,Pomocnik,12%,2.2,,31,RAD (W),90,0,0,0,0,0,2,True
2110,Camilo Mena,Lechia Gdańsk,Pomocnik,12%,2.2,,32,WID (W),90,0,0,0,0,0,2,True
2110,Camilo Mena,Lechia Gdańsk,Pomocnik,12%,2.2,,33,LEG (D),90,0,1,0,0,0,5,True
2110,Camilo Mena,Lechia Gdańsk,Pomocnik,12%,2.2,,34,BBT (W),0,0,0,0,0,0,0,False
2114,Jakub Burek,Wisła Płock,Bramkarz,1%,1.0,,19,RCZ (D),0,0,0,0,0,0,0,False
2114,Jakub Burek,Wisła Płock,Bramkarz,1%,1.0,,20,PIA (W),0,0,0,0,0,0,0,False
2114,Jakub Burek,Wisła Płock,Bramkarz,1%,1.0,,21,WID (D),0,0,0,0,0,0,0,False
2114,Jakub Burek,Wisła Płock,Bramkarz,1%,1.0,,22,LEG (W),0,0,0,0,0,0,0,False
2114,Jakub Burek,Wisła Płock,Bramkarz,1%,1.0,,23,ZAG (W),0,0,0,0,0,0,0,False
2114,Jakub Burek,Wisła Płock,Bramkarz,1%,1.0,,24,ARK (D),0,0,0,0,0,0,0,False
2114,Jakub Burek,Wisła Płock,Bramkarz,1%,1.0,,25,CRA (W),0,0,0,0,0,0,0,False
2114,Jakub Burek,Wisła Płock,Bramkarz,1%,1.0,,26,JAG (W),0,0,0,0,0,0,0,False
2114,Jakub Burek,Wisła Płock,Bramkarz,1%,1.0,,27,GKS (W),0,0,0,0,0,0,0,False
2114,Jakub Burek,Wisła Płock,Bramkarz,1%,1.0,,28,LGD (D),0,0,0,0,0,0,0,False
2114,Jakub Burek,Wisła Płock,Bramkarz,1%,1.0,,29,BBT (W),0,0,0,0,0,0,0,False
2114,Jakub Burek,Wisła Płock,Bramkarz,1%,1.0,,30,RAD (D),0,0,0,0,0,0,0,False
2114,Jakub Burek,Wisła Płock,Bramkarz,1%,1.0,,31,POG (W),0,0,0,0,0,0,0,False
2114,Jakub Burek,Wisła Płock,Bramkarz,1%,1.0,,32,MOT (D),90,0,0,2,0,0,-1,True
2114,Jakub Burek,Wisła Płock,Bramkarz,1%,1.0,,33,GÓR (D),0,0,0,0,0,0,0,False
2114,Jakub Burek,Wisła Płock,Bramkarz,1%,1.0,,34,LPO (W),0,0,0,0,0,0,0,False
2123,Michał Gurgul,Lech Poznań,Obrońca,36%,1.9,,19,LGD (D),85,0,0,0,0,0,0,True
2123,Michał Gurgul,Lech Poznań,Obrońca,36%,1.9,,19,PIA (W),90,0,0,0,0,0,2,True
2123,Michał Gurgul,Lech Poznań,Obrońca,36%,1.9,,20,GÓR (W),90,0,0,0,0,0,6,True
2123,Michał Gurgul,Lech Poznań,Obrońca,36%,1.9,,21,PIA (D),89,0,1,0,0,0,10,True
2123,Michał Gurgul,Lech Poznań,Obrońca,36%,1.9,,22,KOR (W),90,0,0,0,0,0,3,True
2123,Michał Gurgul,Lech Poznań,Obrońca,36%,1.9,,23,RCZ (D),90,0,0,1,0,0,3,True
2123,Michał Gurgul,Lech Poznań,Obrońca,36%,1.9,,24,WID (W),90,0,0,0,0,0,1,True
2123,Michał Gurgul,Lech Poznań,Obrońca,36%,1.9,,25,ZAG (W),26,0,0,0,0,0,2,True
2123,Michał Gurgul,Lech Poznań,Obrońca,36%,1.9,,26,BBT (D),90,0,0,0,0,0,3,True
2123,Michał Gurgul,Lech Poznań,Obrońca,36%,1.9,,27,JAG (W),90,0,0,0,0,0,5,True
2123,Michał Gurgul,Lech Poznań,Obrońca,36%,1.9,,28,GKS (D),90,0,0,0,0,0,0,True
2123,Michał Gurgul,Lech Poznań,Obrońca,36%,1.9,,29,POG (W),90,0,0,0,0,0,3,True
2123,Michał Gurgul,Lech Poznań,Obrońca,36%,1.9,,30,LEG (D),90,1,1,0,0,0,17,True
2123,Michał Gurgul,Lech Poznań,Obrońca,36%,1.9,,31,MOT (W),79,0,0,0,0,0,6,True
2123,Michał Gurgul,Lech Poznań,Obrońca,36%,1.9,,32,ARK (D),90,0,0,0,0,0,2,True
2123,Michał Gurgul,Lech Poznań,Obrońca,36%,1.9,,33,RAD (W),90,0,0,0,0,0,3,True
2123,Michał Gurgul,Lech Poznań,Obrońca,36%,1.9,,34,WPŁ (D),0,0,0,0,0,0,0,False
2163,Marcel Pięczek,Korona Kielce,Obrońca,3%,1.8,,19,LEG (W),0,0,0,0,0,0,0,False
2163,Marcel Pięczek,Korona Kielce,Obrońca,3%,1.8,,20,ZAG (D),32,0,0,0,0,0,-3,True
2163,Marcel Pięczek,Korona Kielce,Obrońca,3%,1.8,,21,RAD (W),90,1,0,0,0,0,13,True
2163,Marcel Pięczek,Korona Kielce,Obrońca,3%,1.8,,22,LPO (D),90,0,0,0,0,0,1,True
2163,Marcel Pięczek,Korona Kielce,Obrońca,3%,1.8,,23,MOT (W),90,0,0,0,0,0,1,True
2163,Marcel Pięczek,Korona Kielce,Obrońca,3%,1.8,,24,BBT (D),90,1,0,0,0,0,9,True
2163,Marcel Pięczek,Korona Kielce,Obrońca,3%,1.8,,25,POG (W),90,0,0,0,0,0,1,True
2163,Marcel Pięczek,Korona Kielce,Obrońca,3%,1.8,,26,ARK (D),90,1,0,0,0,0,12,True
2163,Marcel Pięczek,Korona Kielce,Obrońca,3%,1.8,,27,LGD (W),88,0,0,0,0,0,0,True
2163,Marcel Pięczek,Korona Kielce,Obrońca,3%,1.8,,28,JAG (D),90,0,0,0,0,0,2,True
2163,Marcel Pięczek,Korona Kielce,Obrońca,3%,1.8,,29,GÓR (W),90,0,0,0,0,0,2,True
2163,Marcel Pięczek,Korona Kielce,Obrońca,3%,1.8,,30,GKS (D),90,1,0,0,0,0,8,True
2163,Marcel Pięczek,Korona Kielce,Obrońca,3%,1.8,,31,PIA (D),90,0,0,0,0,0,3,True
2163,Marcel Pięczek,Korona Kielce,Obrońca,3%,1.8,,32,RCZ (W),74,0,0,0,0,0,1,True
2163,Marcel Pięczek,Korona Kielce,Obrońca,3%,1.8,,33,WID (D),77,0,0,0,0,0,6,True
2163,Marcel Pięczek,Korona Kielce,Obrońca,3%,1.8,,34,CRA (W),0,0,0,0,0,0,0,False
2176,Mateusz Kowalczyk,GKS Katowice,Pomocnik,1%,1.8,,19,ZAG (W),90,0,0,0,0,0,4,True
2176,Mateusz Kowalczyk,GKS Katowice,Pomocnik,1%,1.8,,19,JAG (W),90,0,1,0,0,0,5,True
2176,Mateusz Kowalczyk,GKS Katowice,Pomocnik,1%,1.8,,20,WID (D),90,0,0,0,0,0,4,True
2176,Mateusz Kowalczyk,GKS Katowice,Pomocnik,1%,1.8,,21,LEG (D),90,0,0,0,0,0,2,True
2176,Mateusz Kowalczyk,GKS Katowice,Pomocnik,1%,1.8,,22,ARK (W),83,0,0,0,0,0,2,True
2176,Mateusz Kowalczyk,GKS Katowice,Pomocnik,1%,1.8,,23,GÓR (D),60,0,0,0,0,0,3,True
2176,Mateusz Kowalczyk,GKS Katowice,Pomocnik,1%,1.8,,24,RAD (W),63,0,0,0,0,0,4,True
2176,Mateusz Kowalczyk,GKS Katowice,Pomocnik,1%,1.8,,25,LGD (D),90,0,0,0,0,0,4,True
2176,Mateusz Kowalczyk,GKS Katowice,Pomocnik,1%,1.8,,26,CRA (W),86,0,0,0,0,0,2,True
2176,Mateusz Kowalczyk,GKS Katowice,Pomocnik,1%,1.8,,27,WPŁ (D),0,0,0,0,0,0,0,False
2176,Mateusz Kowalczyk,GKS Katowice,Pomocnik,1%,1.8,,28,LPO (W),0,0,0,0,0,0,0,False
2176,Mateusz Kowalczyk,GKS Katowice,Pomocnik,1%,1.8,,29,MOT (D),0,0,0,0,0,0,0,False
2176,Mateusz Kowalczyk,GKS Katowice,Pomocnik,1%,1.8,,30,KOR (W),0,0,0,0,0,0,0,False
2176,Mateusz Kowalczyk,GKS Katowice,Pomocnik,1%,1.8,,31,BBT (D),66,1,0,1,0,0,11,True
2176,Mateusz Kowalczyk,GKS Katowice,Pomocnik,1%,1.8,,32,PIA (W),85,0,0,0,0,0,3,True
2176,Mateusz Kowalczyk,GKS Katowice,Pomocnik,1%,1.8,,33,JAG (D),90,0,1,0,0,0,5,True
2176,Mateusz Kowalczyk,GKS Katowice,Pomocnik,1%,1.8,,34,POG (W),0,0,0,0,0,0,0,False
2191,Radovan Pankov,Legia Warszawa,Obrońca,3%,1.8,,19,KOR (D),90,0,0,0,0,0,1,True
2191,Radovan Pankov,Legia Warszawa,Obrońca,3%,1.8,,20,ARK (W),90,0,0,0,1,0,0,True
2191,Radovan Pankov,Legia Warszawa,Obrońca,3%,1.8,,21,GKS (W),90,0,0,0,1,0,1,True
2191,Radovan Pankov,Legia Warszawa,Obrońca,3%,1.8,,22,WPŁ (D),0,0,0,0,0,0,0,False
2191,Radovan Pankov,Legia Warszawa,Obrońca,3%,1.8,,23,JAG (W),90,0,0,1,0,0,3,True
2191,Radovan Pankov,Legia Warszawa,Obrońca,3%,1.8,,24,CRA (D),90,0,0,0,0,0,6,True
2191,Radovan Pankov,Legia Warszawa,Obrońca,3%,1.8,,25,RAD (W),90,1,0,0,0,0,9,True
2191,Radovan Pankov,Legia Warszawa,Obrońca,3%,1.8,,26,RCZ (D),90,0,0,0,0,0,2,True
2191,Radovan Pankov,Legia Warszawa,Obrońca,3%,1.8,,27,POG (W),86,0,0,0,0,0,6,True
2191,Radovan Pankov,Legia Warszawa,Obrońca,3%,1.8,,28,GÓR (D),90,0,0,0,0,0,2,True
2191,Radovan Pankov,Legia Warszawa,Obrońca,3%,1.8,,29,ZAG (D),90,0,0,0,0,0,6,True
2191,Radovan Pankov,Legia Warszawa,Obrońca,3%,1.8,,30,LPO (W),72,0,0,0,0,0,-1,True
2191,Radovan Pankov,Legia Warszawa,Obrońca,3%,1.8,,31,WID (D),90,0,0,0,0,0,6,True
2191,Radovan Pankov,Legia Warszawa,Obrońca,3%,1.8,,32,BBT (W),90,0,0,0,0,0,6,True
2191,Radovan Pankov,Legia Warszawa,Obrońca,3%,1.8,,33,LGD (W),0,0,0,0,0,0,0,False
2191,Radovan Pankov,Legia Warszawa,Obrońca,3%,1.8,,34,MOT (D),0,0,0,0,0,0,0,False
2205,Afimico Pululu,Jagiellonia Białystok,Napastnik,56%,2.5,,19,WID (W),89,1,0,0,0,0,10,True
2205,Afimico Pululu,Jagiellonia Białystok,Napastnik,56%,2.5,,19,GKS (D),79,0,0,0,0,0,3,True
2205,Afimico Pululu,Jagiellonia Białystok,Napastnik,56%,2.5,,20,MOT (D),90,1,1,0,0,0,11,True
2205,Afimico Pululu,Jagiellonia Białystok,Napastnik,56%,2.5,,21,CRA (W),89,0,0,0,1,0,1,True
2205,Afimico Pululu,Jagiellonia Białystok,Napastnik,56%,2.5,,22,RAD (D),90,0,1,0,0,0,5,True
2205,Afimico Pululu,Jagiellonia Białystok,Napastnik,56%,2.5,,23,LEG (D),90,1,0,0,0,0,7,True
2205,Afimico Pululu,Jagiellonia Białystok,Napastnik,56%,2.5,,24,LGD (W),73,0,0,0,0,0,2,True
2205,Afimico Pululu,Jagiellonia Białystok,Napastnik,56%,2.5,,25,PIA (D),35,0,0,0,0,0,1,True
2205,Afimico Pululu,Jagiellonia Białystok,Napastnik,56%,2.5,,26,WPŁ (D),25,0,0,0,0,0,1,True
2205,Afimico Pululu,Jagiellonia Białystok,Napastnik,56%,2.5,,27,LPO (D),90,0,0,0,1,0,1,True
2205,Afimico Pululu,Jagiellonia Białystok,Napastnik,56%,2.5,,28,KOR (W),74,1,0,0,0,0,6,True
2205,Afimico Pululu,Jagiellonia Białystok,Napastnik,56%,2.5,,29,ARK (W),71,0,2,0,0,0,10,True
2205,Afimico Pululu,Jagiellonia Białystok,Napastnik,56%,2.5,,30,GÓR (D),90,1,0,0,1,0,5,True
2205,Afimico Pululu,Jagiellonia Białystok,Napastnik,56%,2.5,,32,RCZ (W),90,0,0,0,0,0,3,True
2205,Afimico Pululu,Jagiellonia Białystok,Napastnik,56%,2.5,,32,POG (D),82,1,0,0,0,0,8,True
2205,Afimico Pululu,Jagiellonia Białystok,Napastnik,56%,2.5,,33,GKS (W),63,1,0,0,0,0,6,True
2205,Afimico Pululu,Jagiellonia Białystok,Napastnik,56%,2.5,,34,ZAG (D),0,0,0,0,0,0,0,False
2211,Juergen Elitim,Legia Warszawa,Pomocnik,2%,1.8,,19,KOR (D),90,0,0,0,0,0,4,True
2211,Juergen Elitim,Legia Warszawa,Pomocnik,2%,1.8,,20,ARK (W),0,0,0,0,0,0,0,False
2211,Juergen Elitim,Legia Warszawa,Pomocnik,2%,1.8,,21,GKS (W),0,0,0,0,0,0,0,False
2211,Juergen Elitim,Legia Warszawa,Pomocnik,2%,1.8,,22,WPŁ (D),31,0,0,0,0,0,2,True
2211,Juergen Elitim,Legia Warszawa,Pomocnik,2%,1.8,,23,JAG (W),90,0,0,0,0,0,2,True
2211,Juergen Elitim,Legia Warszawa,Pomocnik,2%,1.8,,24,CRA (D),80,0,0,0,0,0,4,True
2211,Juergen Elitim,Legia Warszawa,Pomocnik,2%,1.8,,25,RAD (W),90,0,1,0,1,0,4,True
2211,Juergen Elitim,Legia Warszawa,Pomocnik,2%,1.8,,26,RCZ (D),90,0,0,0,0,0,2,True
2211,Juergen Elitim,Legia Warszawa,Pomocnik,2%,1.8,,27,POG (W),90,0,0,0,0,0,4,True
2211,Juergen Elitim,Legia Warszawa,Pomocnik,2%,1.8,,28,GÓR (D),90,0,0,0,0,0,2,True
2211,Juergen Elitim,Legia Warszawa,Pomocnik,2%,1.8,,29,ZAG (D),90,0,0,0,0,0,4,True
2211,Juergen Elitim,Legia Warszawa,Pomocnik,2%,1.8,,30,LPO (W),90,0,0,0,0,0,2,True
2211,Juergen Elitim,Legia Warszawa,Pomocnik,2%,1.8,,31,WID (D),90,0,0,0,1,0,3,True
2211,Juergen Elitim,Legia Warszawa,Pomocnik,2%,1.8,,32,BBT (W),90,0,0,0,0,0,4,True
2211,Juergen Elitim,Legia Warszawa,Pomocnik,2%,1.8,,33,LGD (W),90,0,0,0,0,0,3,True
2211,Juergen Elitim,Legia Warszawa,Pomocnik,2%,1.8,,34,MOT (D),0,0,0,0,0,0,0,False
2225,Fran Álvarez,Widzew Łódź,Pomocnik,5%,2.0,,19,JAG (D),0,0,0,0,0,0,0,False
2225,Fran Álvarez,Widzew Łódź,Pomocnik,5%,2.0,,20,GKS (W),31,0,0,0,0,0,1,True
2225,Fran Álvarez,Widzew Łódź,Pomocnik,5%,2.0,,21,WPŁ (W),0,0,0,0,0,0,0,False
2225,Fran Álvarez,Widzew Łódź,Pomocnik,5%,2.0,,22,CRA (D),5,0,0,0,0,0,1,True
2225,Fran Álvarez,Widzew Łódź,Pomocnik,5%,2.0,,23,POG (W),74,0,0,0,0,0,2,True
2225,Fran Álvarez,Widzew Łódź,Pomocnik,5%,2.0,,24,LPO (D),62,1,0,0,0,0,9,True
2225,Fran Álvarez,Widzew Łódź,Pomocnik,5%,2.0,,25,ARK (W),81,0,0,0,0,0,3,True
2225,Fran Álvarez,Widzew Łódź,Pomocnik,5%,2.0,,26,GÓR (D),83,0,0,0,0,0,3,True
2225,Fran Álvarez,Widzew Łódź,Pomocnik,5%,2.0,,27,RCZ (W),90,1,0,0,0,0,7,True
2225,Fran Álvarez,Widzew Łódź,Pomocnik,5%,2.0,,28,BBT (D),90,0,0,0,1,0,3,True
2225,Fran Álvarez,Widzew Łódź,Pomocnik,5%,2.0,,29,RAD (W),90,0,0,0,0,0,2,True
2225,Fran Álvarez,Widzew Łódź,Pomocnik,5%,2.0,,30,MOT (D),90,0,0,0,1,0,3,True
2225,Fran Álvarez,Widzew Łódź,Pomocnik,5%,2.0,,31,LEG (W),90,0,0,0,1,0,1,True
2225,Fran Álvarez,Widzew Łódź,Pomocnik,5%,2.0,,32,LGD (D),83,0,0,0,0,0,3,True
2225,Fran Álvarez,Widzew Łódź,Pomocnik,5%,2.0,,33,KOR (W),79,0,0,0,0,0,2,True
2225,Fran Álvarez,Widzew Łódź,Pomocnik,5%,2.0,,34,PIA (D),0,0,0,0,0,0,0,False
2281,Sebastian Kerk,Arka Gdynia,Pomocnik,10%,2.1,,19,RAD (W),80,0,0,0,0,0,2,True
2281,Sebastian Kerk,Arka Gdynia,Pomocnik,10%,2.1,,20,LEG (D),82,0,2,0,0,0,9,True
2281,Sebastian Kerk,Arka Gdynia,Pomocnik,10%,2.1,,21,POG (W),90,0,0,0,0,0,2,True
2281,Sebastian Kerk,Arka Gdynia,Pomocnik,10%,2.1,,22,GKS (D),89,0,1,0,0,0,6,True
2281,Sebastian Kerk,Arka Gdynia,Pomocnik,10%,2.1,,23,LGD (D),90,0,0,0,0,0,2,True
2281,Sebastian Kerk,Arka Gdynia,Pomocnik,10%,2.1,,24,WPŁ (W),86,0,1,0,0,0,8,True
2281,Sebastian Kerk,Arka Gdynia,Pomocnik,10%,2.1,,25,WID (D),90,0,0,0,0,0,3,True
2281,Sebastian Kerk,Arka Gdynia,Pomocnik,10%,2.1,,26,KOR (W),80,0,0,0,0,0,2,True
2281,Sebastian Kerk,Arka Gdynia,Pomocnik,10%,2.1,,27,ZAG (D),89,1,0,0,0,0,9,True
2281,Sebastian Kerk,Arka Gdynia,Pomocnik,10%,2.1,,28,CRA (W),90,0,1,0,0,0,5,True
2281,Sebastian Kerk,Arka Gdynia,Pomocnik,10%,2.1,,29,JAG (D),78,0,0,0,0,0,2,True
2281,Sebastian Kerk,Arka Gdynia,Pomocnik,10%,2.1,,30,PIA (W),90,0,0,0,0,0,2,True
2281,Sebastian Kerk,Arka Gdynia,Pomocnik,10%,2.1,,32,GÓR (D),90,0,0,0,0,0,3,True
2281,Sebastian Kerk,Arka Gdynia,Pomocnik,10%,2.1,,32,LPO (W),85,0,0,0,0,0,2,True
2281,Sebastian Kerk,Arka Gdynia,Pomocnik,10%,2.1,,33,BBT (D),22,0,0,0,0,0,1,True
2281,Sebastian Kerk,Arka Gdynia,Pomocnik,10%,2.1,,34,RCZ (W),0,0,0,0,0,0,0,False
2286,Valentin Cojocaru,Pogoń Szczecin,Bramkarz,4%,1.9,,19,MOT (W),90,0,0,5,0,0,2,True
2286,Valentin Cojocaru,Pogoń Szczecin,Bramkarz,4%,1.9,,20,BBT (D),90,0,0,7,1,0,3,True
2286,Valentin Cojocaru,Pogoń Szczecin,Bramkarz,4%,1.9,,21,ARK (D),90,0,0,1,0,0,6,True
2286,Valentin Cojocaru,Pogoń Szczecin,Bramkarz,4%,1.9,,22,GÓR (W),90,0,0,2,0,0,6,True
2286,Valentin Cojocaru,Pogoń Szczecin,Bramkarz,4%,1.9,,23,WID (D),90,0,0,2,1,0,5,True
2286,Valentin Cojocaru,Pogoń Szczecin,Bramkarz,4%,1.9,,24,RCZ (W),90,0,0,4,0,0,2,True
2286,Valentin Cojocaru,Pogoń Szczecin,Bramkarz,4%,1.9,,25,KOR (D),90,0,0,4,0,0,1,True
2286,Valentin Cojocaru,Pogoń Szczecin,Bramkarz,4%,1.9,,26,LGD (W),90,0,0,4,0,0,2,True
2286,Valentin Cojocaru,Pogoń Szczecin,Bramkarz,4%,1.9,,27,LEG (D),90,0,0,4,0,0,2,True
2286,Valentin Cojocaru,Pogoń Szczecin,Bramkarz,4%,1.9,,28,PIA (W),90,0,0,2,0,0,6,True
2286,Valentin Cojocaru,Pogoń Szczecin,Bramkarz,4%,1.9,,29,LPO (D),90,0,0,9,0,0,4,True
2286,Valentin Cojocaru,Pogoń Szczecin,Bramkarz,4%,1.9,,30,CRA (W),90,0,0,3,0,0,3,True
2286,Valentin Cojocaru,Pogoń Szczecin,Bramkarz,4%,1.9,,31,WPŁ (D),90,0,0,4,0,0,7,True
2286,Valentin Cojocaru,Pogoń Szczecin,Bramkarz,4%,1.9,,32,JAG (W),90,0,0,11,0,0,3,True
2286,Valentin Cojocaru,Pogoń Szczecin,Bramkarz,4%,1.9,,33,ZAG (W),90,0,0,3,1,0,6,True
2286,Valentin Cojocaru,Pogoń Szczecin,Bramkarz,4%,1.9,,34,GKS (D),0,0,0,0,0,0,0,False
2287,Oliwier Zych,Raków Częstochowa,Bramkarz,5%,1.9,,19,WPŁ (W),90,0,0,4,0,0,2,True
2287,Oliwier Zych,Raków Częstochowa,Bramkarz,5%,1.9,,20,RAD (D),90,0,0,1,0,0,5,True
2287,Oliwier Zych,Raków Częstochowa,Bramkarz,5%,1.9,,21,ZAG (W),90,0,0,2,0,0,5,True
2287,Oliwier Zych,Raków Częstochowa,Bramkarz,5%,1.9,,22,BBT (D),90,0,0,5,0,0,7,True
2287,Oliwier Zych,Raków Częstochowa,Bramkarz,5%,1.9,,23,LPO (W),90,0,0,8,0,0,1,True
2287,Oliwier Zych,Raków Częstochowa,Bramkarz,5%,1.9,,24,POG (D),90,0,0,1,0,0,6,True
2287,Oliwier Zych,Raków Częstochowa,Bramkarz,5%,1.9,,25,GÓR (W),90,0,0,3,0,0,1,True
2287,Oliwier Zych,Raków Częstochowa,Bramkarz,5%,1.9,,26,LEG (W),90,0,0,1,0,0,2,True
2287,Oliwier Zych,Raków Częstochowa,Bramkarz,5%,1.9,,27,WID (D),23,0,0,1,0,0,1,True
2287,Oliwier Zych,Raków Częstochowa,Bramkarz,5%,1.9,,28,MOT (W),90,0,0,2,0,0,2,True
2287,Oliwier Zych,Raków Częstochowa,Bramkarz,5%,1.9,,29,CRA (D),90,0,0,5,0,0,5,True
2287,Oliwier Zych,Raków Częstochowa,Bramkarz,5%,1.9,,30,LGD (W),90,0,0,5,0,0,5,True
2287,Oliwier Zych,Raków Częstochowa,Bramkarz,5%,1.9,,32,JAG (D),0,0,0,0,0,0,0,False
2287,Oliwier Zych,Raków Częstochowa,Bramkarz,5%,1.9,,32,KOR (D),0,0,0,0,0,0,0,False
2287,Oliwier Zych,Raków Częstochowa,Bramkarz,5%,1.9,,33,PIA (W),0,0,0,0,0,0,0,False
2287,Oliwier Zych,Raków Częstochowa,Bramkarz,5%,1.9,,34,ARK (D),0,0,0,0,0,0,0,False
2293,Radosław Turek,Korona Kielce,Obrońca,4%,0.7,,19,LEG (W),0,0,0,0,0,0,0,False
2293,Radosław Turek,Korona Kielce,Obrońca,4%,0.7,,20,ZAG (D),0,0,0,0,0,0,0,False
2293,Radosław Turek,Korona Kielce,Obrońca,4%,0.7,,21,RAD (W),0,0,0,0,0,0,0,False
2293,Radosław Turek,Korona Kielce,Obrońca,4%,0.7,,22,LPO (D),0,0,0,0,0,0,0,False
2293,Radosław Turek,Korona Kielce,Obrońca,4%,0.7,,23,MOT (W),0,0,0,0,0,0,0,False
2293,Radosław Turek,Korona Kielce,Obrońca,4%,0.7,,24,BBT (D),0,0,0,0,0,0,0,False
2293,Radosław Turek,Korona Kielce,Obrońca,4%,0.7,,25,POG (W),0,0,0,0,0,0,0,False
2293,Radosław Turek,Korona Kielce,Obrońca,4%,0.7,,26,ARK (D),0,0,0,0,0,0,0,False
2293,Radosław Turek,Korona Kielce,Obrońca,4%,0.7,,27,LGD (W),0,0,0,0,0,0,0,False
2293,Radosław Turek,Korona Kielce,Obrońca,4%,0.7,,28,JAG (D),0,0,0,0,0,0,0,False
2293,Radosław Turek,Korona Kielce,Obrońca,4%,0.7,,29,GÓR (W),0,0,0,0,0,0,0,False
2293,Radosław Turek,Korona Kielce,Obrońca,4%,0.7,,30,GKS (D),0,0,0,0,0,0,0,False
2293,Radosław Turek,Korona Kielce,Obrońca,4%,0.7,,31,PIA (D),0,0,0,0,0,0,0,False
2293,Radosław Turek,Korona Kielce,Obrońca,4%,0.7,,32,RCZ (W),0,0,0,0,0,0,0,False
2293,Radosław Turek,Korona Kielce,Obrońca,4%,0.7,,33,WID (D),0,0,0,0,0,0,0,False
2293,Radosław Turek,Korona Kielce,Obrońca,4%,0.7,,34,CRA (W),0,0,0,0,0,0,0,False
2366,Konrad Golonka,Cracovia,Bramkarz,3%,0.7,,19,BBT (W),0,0,0,0,0,0,0,False
2366,Konrad Golonka,Cracovia,Bramkarz,3%,0.7,,20,LGD (W),0,0,0,0,0,0,0,False
2366,Konrad Golonka,Cracovia,Bramkarz,3%,0.7,,21,JAG (D),0,0,0,0,0,0,0,False
2366,Konrad Golonka,Cracovia,Bramkarz,3%,0.7,,22,WID (W),0,0,0,0,0,0,0,False
2366,Konrad Golonka,Cracovia,Bramkarz,3%,0.7,,23,PIA (D),0,0,0,0,0,0,0,False
2366,Konrad Golonka,Cracovia,Bramkarz,3%,0.7,,24,LEG (W),0,0,0,0,0,0,0,False
2366,Konrad Golonka,Cracovia,Bramkarz,3%,0.7,,25,WPŁ (D),0,0,0,0,0,0,0,False
2366,Konrad Golonka,Cracovia,Bramkarz,3%,0.7,,26,GKS (D),0,0,0,0,0,0,0,False
2366,Konrad Golonka,Cracovia,Bramkarz,3%,0.7,,27,GÓR (W),0,0,0,0,0,0,0,False
2366,Konrad Golonka,Cracovia,Bramkarz,3%,0.7,,28,ARK (D),0,0,0,0,0,0,0,False
2366,Konrad Golonka,Cracovia,Bramkarz,3%,0.7,,29,RCZ (W),0,0,0,0,0,0,0,False
2366,Konrad Golonka,Cracovia,Bramkarz,3%,0.7,,30,POG (D),0,0,0,0,0,0,0,False
2366,Konrad Golonka,Cracovia,Bramkarz,3%,0.7,,31,ZAG (W),0,0,0,0,0,0,0,False
2366,Konrad Golonka,Cracovia,Bramkarz,3%,0.7,,32,RAD (D),0,0,0,0,0,0,0,False
2366,Konrad Golonka,Cracovia,Bramkarz,3%,0.7,,33,MOT (W),0,0,0,0,0,0,0,False
2366,Konrad Golonka,Cracovia,Bramkarz,3%,0.7,,34,KOR (D),0,0,0,0,0,0,0,False
2367,Wojciech Mońka,Lech Poznań,Obrońca,11%,1.8,,19,LGD (D),0,0,0,0,0,0,0,False
2367,Wojciech Mońka,Lech Poznań,Obrońca,11%,1.8,,19,PIA (W),90,0,0,0,0,0,2,True
2367,Wojciech Mońka,Lech Poznań,Obrońca,11%,1.8,,20,GÓR (W),90,0,0,0,0,0,7,True
2367,Wojciech Mońka,Lech Poznań,Obrońca,11%,1.8,,21,PIA (D),90,0,0,0,0,0,6,True
2367,Wojciech Mońka,Lech Poznań,Obrońca,11%,1.8,,22,KOR (W),90,0,0,0,0,0,3,True
2367,Wojciech Mońka,Lech Poznań,Obrońca,11%,1.8,,23,RCZ (D),90,0,0,0,0,0,1,True
2367,Wojciech Mońka,Lech Poznań,Obrońca,11%,1.8,,24,WID (W),90,0,0,0,0,0,1,True
2367,Wojciech Mońka,Lech Poznań,Obrońca,11%,1.8,,25,ZAG (W),90,0,0,0,1,0,6,True
2367,Wojciech Mońka,Lech Poznań,Obrońca,11%,1.8,,26,BBT (D),90,0,0,0,0,0,3,True
2367,Wojciech Mońka,Lech Poznań,Obrońca,11%,1.8,,27,JAG (W),0,0,0,0,0,0,0,False
2367,Wojciech Mońka,Lech Poznań,Obrońca,11%,1.8,,28,GKS (D),90,0,0,0,0,0,0,True
2367,Wojciech Mońka,Lech Poznań,Obrońca,11%,1.8,,29,POG (W),90,0,0,0,0,0,3,True
2367,Wojciech Mońka,Lech Poznań,Obrońca,11%,1.8,,30,LEG (D),90,0,0,0,0,0,6,True
2367,Wojciech Mońka,Lech Poznań,Obrońca,11%,1.8,,31,MOT (W),90,0,0,0,0,0,6,True
2367,Wojciech Mońka,Lech Poznań,Obrońca,11%,1.8,,32,ARK (D),90,0,0,0,0,0,2,True
2367,Wojciech Mońka,Lech Poznań,Obrońca,11%,1.8,,33,RAD (W),90,0,0,0,0,0,3,True
2367,Wojciech Mońka,Lech Poznań,Obrońca,11%,1.8,,34,WPŁ (D),0,0,0,0,0,0,0,False
2387,José Manuel Josema,Górnik Zabrze,Obrońca,2%,1.8,,19,PIA (D),90,0,0,0,0,0,3,True
2387,José Manuel Josema,Górnik Zabrze,Obrońca,2%,1.8,,20,LPO (D),90,0,0,0,0,0,2,True
2387,José Manuel Josema,Górnik Zabrze,Obrońca,2%,1.8,,21,BBT (W),90,0,0,0,0,0,2,True
2387,José Manuel Josema,Górnik Zabrze,Obrońca,2%,1.8,,22,POG (D),90,0,0,0,0,0,0,True
2387,José Manuel Josema,Górnik Zabrze,Obrońca,2%,1.8,,23,GKS (W),45,0,0,0,0,0,2,True
2387,José Manuel Josema,Górnik Zabrze,Obrońca,2%,1.8,,24,MOT (W),90,0,0,0,0,0,5,True
2387,José Manuel Josema,Górnik Zabrze,Obrońca,2%,1.8,,25,RCZ (D),68,0,0,0,0,0,3,True
2387,José Manuel Josema,Górnik Zabrze,Obrońca,2%,1.8,,26,WID (W),82,0,0,0,0,0,5,True
2387,José Manuel Josema,Górnik Zabrze,Obrońca,2%,1.8,,27,CRA (D),90,0,0,0,0,0,6,True
2387,José Manuel Josema,Górnik Zabrze,Obrońca,2%,1.8,,28,LEG (W),0,0,0,0,0,0,0,False
2387,José Manuel Josema,Górnik Zabrze,Obrońca,2%,1.8,,29,KOR (D),90,0,0,0,0,0,6,True
2387,José Manuel Josema,Górnik Zabrze,Obrońca,2%,1.8,,30,JAG (W),90,0,0,0,1,0,2,True
2387,José Manuel Josema,Górnik Zabrze,Obrońca,2%,1.8,,32,ARK (W),90,0,0,0,0,0,5,True
2387,José Manuel Josema,Górnik Zabrze,Obrońca,2%,1.8,,32,ZAG (D),0,0,0,0,0,0,0,False
2387,José Manuel Josema,Górnik Zabrze,Obrońca,2%,1.8,,33,WPŁ (W),90,0,0,0,0,0,6,True
2387,José Manuel Josema,Górnik Zabrze,Obrońca,2%,1.8,,34,RAD (D),0,0,0,0,0,0,0,False
2389,Lamine Diaby-Fadiga,Raków Częstochowa,Pomocnik,5%,2.0,,19,WPŁ (W),81,0,0,0,0,0,2,True
2389,Lamine Diaby-Fadiga,Raków Częstochowa,Pomocnik,5%,2.0,,20,RAD (D),90,0,0,0,0,0,3,True
2389,Lamine Diaby-Fadiga,Raków Częstochowa,Pomocnik,5%,2.0,,21,ZAG (W),83,0,0,0,0,0,3,True
2389,Lamine Diaby-Fadiga,Raków Częstochowa,Pomocnik,5%,2.0,,22,BBT (D),29,0,0,0,0,0,2,True
2389,Lamine Diaby-Fadiga,Raków Częstochowa,Pomocnik,5%,2.0,,23,LPO (W),36,0,0,0,0,0,1,True
2389,Lamine Diaby-Fadiga,Raków Częstochowa,Pomocnik,5%,2.0,,24,POG (D),0,0,0,0,0,0,0,False
2389,Lamine Diaby-Fadiga,Raków Częstochowa,Pomocnik,5%,2.0,,25,GÓR (W),90,0,0,0,0,0,2,True
2389,Lamine Diaby-Fadiga,Raków Częstochowa,Pomocnik,5%,2.0,,26,LEG (W),63,1,0,0,0,0,7,True
2389,Lamine Diaby-Fadiga,Raków Częstochowa,Pomocnik,5%,2.0,,27,WID (D),6,0,1,0,0,0,4,True
2389,Lamine Diaby-Fadiga,Raków Częstochowa,Pomocnik,5%,2.0,,28,MOT (W),59,0,0,0,0,0,2,True
2389,Lamine Diaby-Fadiga,Raków Częstochowa,Pomocnik,5%,2.0,,29,CRA (D),0,0,0,0,0,0,0,False
2389,Lamine Diaby-Fadiga,Raków Częstochowa,Pomocnik,5%,2.0,,30,LGD (W),0,0,0,0,0,0,0,False
2389,Lamine Diaby-Fadiga,Raków Częstochowa,Pomocnik,5%,2.0,,32,JAG (D),11,0,0,0,0,0,2,True
2389,Lamine Diaby-Fadiga,Raków Częstochowa,Pomocnik,5%,2.0,,32,KOR (D),75,1,1,0,0,0,13,True
2389,Lamine Diaby-Fadiga,Raków Częstochowa,Pomocnik,5%,2.0,,33,PIA (W),0,0,0,0,0,0,0,False
2389,Lamine Diaby-Fadiga,Raków Częstochowa,Pomocnik,5%,2.0,,34,ARK (D),0,0,0,0,0,0,0,False
2406,Maksym Chłań,Górnik Zabrze,Pomocnik,24%,2.0,,19,PIA (D),89,1,0,0,0,0,9,True
2406,Maksym Chłań,Górnik Zabrze,Pomocnik,24%,2.0,,20,LPO (D),82,0,0,0,0,0,2,True
2406,Maksym Chłań,Górnik Zabrze,Pomocnik,24%,2.0,,21,BBT (W),83,0,0,0,0,0,2,True
2406,Maksym Chłań,Górnik Zabrze,Pomocnik,24%,2.0,,22,POG (D),90,0,0,0,0,0,2,True
2406,Maksym Chłań,Górnik Zabrze,Pomocnik,24%,2.0,,23,GKS (W),90,0,0,0,0,0,2,True
2406,Maksym Chłań,Górnik Zabrze,Pomocnik,24%,2.0,,24,MOT (W),34,0,0,0,0,0,1,True
2406,Maksym Chłań,Górnik Zabrze,Pomocnik,24%,2.0,,25,RCZ (D),89,0,1,0,0,0,6,True
2406,Maksym Chłań,Górnik Zabrze,Pomocnik,24%,2.0,,26,WID (W),81,0,0,0,0,0,3,True
2406,Maksym Chłań,Górnik Zabrze,Pomocnik,24%,2.0,,27,CRA (D),90,0,1,0,0,0,7,True
2406,Maksym Chłań,Górnik Zabrze,Pomocnik,24%,2.0,,28,LEG (W),75,0,0,0,1,0,1,True
2406,Maksym Chłań,Górnik Zabrze,Pomocnik,24%,2.0,,29,KOR (D),90,0,0,0,0,0,4,True
2406,Maksym Chłań,Górnik Zabrze,Pomocnik,24%,2.0,,30,JAG (W),84,0,0,1,0,0,6,True
2406,Maksym Chłań,Górnik Zabrze,Pomocnik,24%,2.0,,32,ARK (W),89,0,0,0,0,0,3,True
2406,Maksym Chłań,Górnik Zabrze,Pomocnik,24%,2.0,,32,ZAG (D),90,0,0,0,0,0,2,True
2406,Maksym Chłań,Górnik Zabrze,Pomocnik,24%,2.0,,33,WPŁ (W),78,1,0,0,0,0,9,True
2406,Maksym Chłań,Górnik Zabrze,Pomocnik,24%,2.0,,34,RAD (D),0,0,0,0,0,0,0,False
2410,Iwan Żelizko,Lechia Gdańsk,Pomocnik,2%,1.9,,19,LPO (W),90,0,0,0,0,0,3,True
2410,Iwan Żelizko,Lechia Gdańsk,Pomocnik,2%,1.9,,20,CRA (D),90,0,1,0,0,0,5,True
2410,Iwan Żelizko,Lechia Gdańsk,Pomocnik,2%,1.9,,21,MOT (W),90,0,0,0,0,0,3,True
2410,Iwan Żelizko,Lechia Gdańsk,Pomocnik,2%,1.9,,22,ZAG (D),90,0,0,0,1,0,1,True
2410,Iwan Żelizko,Lechia Gdańsk,Pomocnik,2%,1.9,,23,ARK (W),90,1,0,0,0,0,7,True
2410,Iwan Żelizko,Lechia Gdańsk,Pomocnik,2%,1.9,,24,JAG (D),90,0,1,0,0,0,7,True
2410,Iwan Żelizko,Lechia Gdańsk,Pomocnik,2%,1.9,,25,GKS (W),90,0,0,0,1,0,1,True
2410,Iwan Żelizko,Lechia Gdańsk,Pomocnik,2%,1.9,,26,POG (D),90,0,1,0,0,0,6,True
2410,Iwan Żelizko,Lechia Gdańsk,Pomocnik,2%,1.9,,27,KOR (D),90,0,0,0,0,0,3,True
2410,Iwan Żelizko,Lechia Gdańsk,Pomocnik,2%,1.9,,28,WPŁ (W),90,0,0,0,1,0,1,True
2410,Iwan Żelizko,Lechia Gdańsk,Pomocnik,2%,1.9,,29,PIA (D),90,1,0,0,0,0,7,True
2410,Iwan Żelizko,Lechia Gdańsk,Pomocnik,2%,1.9,,30,RCZ (D),90,0,0,0,0,0,2,True
2410,Iwan Żelizko,Lechia Gdańsk,Pomocnik,2%,1.9,,31,RAD (W),90,0,0,0,0,0,2,True
2410,Iwan Żelizko,Lechia Gdańsk,Pomocnik,2%,1.9,,32,WID (W),90,1,0,0,1,0,6,True
2410,Iwan Żelizko,Lechia Gdańsk,Pomocnik,2%,1.9,,33,LEG (D),87,0,0,0,1,1,-1,True
2410,Iwan Żelizko,Lechia Gdańsk,Pomocnik,2%,1.9,,34,BBT (W),0,0,0,0,0,0,0,False
2411,Tomáš Bobček,Lechia Gdańsk,Napastnik,15%,3.5,,19,LPO (W),90,1,0,0,0,0,8,True
2411,Tomáš Bobček,Lechia Gdańsk,Napastnik,15%,3.5,,20,CRA (D),90,0,0,0,1,0,-1,True
2411,Tomáš Bobček,Lechia Gdańsk,Napastnik,15%,3.5,,21,MOT (W),0,0,0,0,0,0,0,False
2411,Tomáš Bobček,Lechia Gdańsk,Napastnik,15%,3.5,,22,ZAG (D),90,0,0,0,0,0,2,True
2411,Tomáš Bobček,Lechia Gdańsk,Napastnik,15%,3.5,,23,ARK (W),90,0,0,0,0,0,2,True
2411,Tomáš Bobček,Lechia Gdańsk,Napastnik,15%,3.5,,24,JAG (D),90,0,1,0,0,0,6,True
2411,Tomáš Bobček,Lechia Gdańsk,Napastnik,15%,3.5,,25,GKS (W),0,0,0,0,0,0,0,False
2411,Tomáš Bobček,Lechia Gdańsk,Napastnik,15%,3.5,,26,POG (D),0,0,0,0,0,0,0,False
2411,Tomáš Bobček,Lechia Gdańsk,Napastnik,15%,3.5,,27,KOR (D),62,1,1,0,0,0,13,True
2411,Tomáš Bobček,Lechia Gdańsk,Napastnik,15%,3.5,,28,WPŁ (W),90,0,0,0,0,0,2,True
2411,Tomáš Bobček,Lechia Gdańsk,Napastnik,15%,3.5,,29,PIA (D),90,0,0,0,0,0,2,True
2411,Tomáš Bobček,Lechia Gdańsk,Napastnik,15%,3.5,,30,RCZ (D),90,1,0,0,0,0,6,True
2411,Tomáš Bobček,Lechia Gdańsk,Napastnik,15%,3.5,,31,RAD (W),90,1,0,0,0,0,6,True
2411,Tomáš Bobček,Lechia Gdańsk,Napastnik,15%,3.5,,32,WID (W),90,0,0,0,0,0,2,True
2411,Tomáš Bobček,Lechia Gdańsk,Napastnik,15%,3.5,,33,LEG (D),90,1,0,0,1,0,5,True
2411,Tomáš Bobček,Lechia Gdańsk,Napastnik,15%,3.5,,34,BBT (W),0,0,0,0,0,0,0,False
2415,Marek Bartoš,Motor Lublin,Obrońca,2%,1.7,,19,POG (D),90,0,0,0,0,0,3,True
2415,Marek Bartoš,Motor Lublin,Obrońca,2%,1.7,,20,JAG (W),90,0,0,0,0,0,-1,True
2415,Marek Bartoš,Motor Lublin,Obrońca,2%,1.7,,21,LGD (D),72,0,0,0,0,0,1,True
2415,Marek Bartoš,Motor Lublin,Obrońca,2%,1.7,,22,PIA (W),0,0,0,0,0,0,0,False
2415,Marek Bartoš,Motor Lublin,Obrońca,2%,1.7,,23,KOR (D),18,0,0,0,0,0,2,True
2415,Marek Bartoš,Motor Lublin,Obrońca,2%,1.7,,24,GÓR (D),90,0,0,0,0,0,5,True
2415,Marek Bartoš,Motor Lublin,Obrońca,2%,1.7,,25,BBT (W),90,0,0,0,0,0,3,True
2415,Marek Bartoš,Motor Lublin,Obrońca,2%,1.7,,26,ZAG (D),90,0,0,0,0,0,7,True
2415,Marek Bartoš,Motor Lublin,Obrońca,2%,1.7,,27,RAD (W),90,0,0,0,1,0,1,True
2415,Marek Bartoš,Motor Lublin,Obrońca,2%,1.7,,28,RCZ (D),0,0,0,0,0,0,0,False
2415,Marek Bartoš,Motor Lublin,Obrońca,2%,1.7,,29,GKS (W),0,0,0,0,0,0,0,False
2415,Marek Bartoš,Motor Lublin,Obrońca,2%,1.7,,30,WID (W),0,0,0,0,0,0,0,False
2415,Marek Bartoš,Motor Lublin,Obrońca,2%,1.7,,31,LPO (D),90,0,0,0,0,0,2,True
2415,Marek Bartoš,Motor Lublin,Obrońca,2%,1.7,,32,WPŁ (W),90,1,0,0,0,0,13,True
2415,Marek Bartoš,Motor Lublin,Obrońca,2%,1.7,,33,CRA (D),90,0,0,0,0,0,0,True
2415,Marek Bartoš,Motor Lublin,Obrońca,2%,1.7,,34,LEG (W),0,0,0,0,0,0,0,False
2417,Filip Luberecki,Motor Lublin,Obrońca,2%,1.7,,19,POG (D),90,0,0,0,1,0,2,True
2417,Filip Luberecki,Motor Lublin,Obrońca,2%,1.7,,20,JAG (W),90,0,0,0,0,0,-1,True
2417,Filip Luberecki,Motor Lublin,Obrońca,2%,1.7,,21,LGD (D),90,0,0,0,1,0,-1,True
2417,Filip Luberecki,Motor Lublin,Obrońca,2%,1.7,,22,PIA (W),0,0,0,0,0,0,0,False
2417,Filip Luberecki,Motor Lublin,Obrońca,2%,1.7,,23,KOR (D),82,0,1,0,0,0,10,True
2417,Filip Luberecki,Motor Lublin,Obrońca,2%,1.7,,24,GÓR (D),73,0,0,0,0,0,5,True
2417,Filip Luberecki,Motor Lublin,Obrońca,2%,1.7,,25,BBT (W),90,0,0,0,0,0,3,True
2417,Filip Luberecki,Motor Lublin,Obrońca,2%,1.7,,26,ZAG (D),76,0,0,0,0,0,6,True
2417,Filip Luberecki,Motor Lublin,Obrońca,2%,1.7,,27,RAD (W),90,0,0,0,0,0,2,True
2417,Filip Luberecki,Motor Lublin,Obrońca,2%,1.7,,28,RCZ (D),90,0,0,0,0,0,2,True
2417,Filip Luberecki,Motor Lublin,Obrońca,2%,1.7,,29,GKS (W),90,0,0,0,1,0,-1,True
2417,Filip Luberecki,Motor Lublin,Obrońca,2%,1.7,,30,WID (W),90,0,0,0,0,0,1,True
2417,Filip Luberecki,Motor Lublin,Obrońca,2%,1.7,,31,LPO (D),90,0,0,0,0,0,2,True
2417,Filip Luberecki,Motor Lublin,Obrońca,2%,1.7,,32,WPŁ (W),90,0,0,0,0,0,6,True
2417,Filip Luberecki,Motor Lublin,Obrońca,2%,1.7,,33,CRA (D),90,0,0,0,0,0,0,True
2417,Filip Luberecki,Motor Lublin,Obrońca,2%,1.7,,34,LEG (W),0,0,0,0,0,0,0,False
2423,Mbaye N'Diaye,Motor Lublin,Pomocnik,31%,2.1,,19,POG (D),85,1,0,0,0,0,9,True
2423,Mbaye N'Diaye,Motor Lublin,Pomocnik,31%,2.1,,20,JAG (W),90,1,0,0,0,0,7,True
2423,Mbaye N'Diaye,Motor Lublin,Pomocnik,31%,2.1,,21,LGD (D),90,0,0,0,0,0,2,True
2423,Mbaye N'Diaye,Motor Lublin,Pomocnik,31%,2.1,,22,PIA (W),72,1,0,0,1,0,7,True
2423,Mbaye N'Diaye,Motor Lublin,Pomocnik,31%,2.1,,23,KOR (D),72,1,0,0,1,0,9,True
2423,Mbaye N'Diaye,Motor Lublin,Pomocnik,31%,2.1,,24,GÓR (D),0,0,0,0,0,0,0,False
2423,Mbaye N'Diaye,Motor Lublin,Pomocnik,31%,2.1,,25,BBT (W),65,0,1,0,1,0,5,True
2423,Mbaye N'Diaye,Motor Lublin,Pomocnik,31%,2.1,,26,ZAG (D),86,1,0,0,0,0,10,True
2423,Mbaye N'Diaye,Motor Lublin,Pomocnik,31%,2.1,,27,RAD (W),83,0,0,0,0,0,2,True
2423,Mbaye N'Diaye,Motor Lublin,Pomocnik,31%,2.1,,28,RCZ (D),90,1,0,0,1,0,7,True
2423,Mbaye N'Diaye,Motor Lublin,Pomocnik,31%,2.1,,29,GKS (W),90,0,0,0,0,0,2,True
2423,Mbaye N'Diaye,Motor Lublin,Pomocnik,31%,2.1,,30,WID (W),64,0,0,0,0,0,2,True
2423,Mbaye N'Diaye,Motor Lublin,Pomocnik,31%,2.1,,31,LPO (D),65,0,0,0,0,0,2,True
2423,Mbaye N'Diaye,Motor Lublin,Pomocnik,31%,2.1,,32,WPŁ (W),77,0,0,0,0,0,4,True
2423,Mbaye N'Diaye,Motor Lublin,Pomocnik,31%,2.1,,33,CRA (D),78,0,0,0,0,0,2,True
2423,Mbaye N'Diaye,Motor Lublin,Pomocnik,31%,2.1,,34,LEG (W),0,0,0,0,0,0,0,False
2424,Bartosz Wolski,Motor Lublin,Pomocnik,14%,2.0,,19,POG (D),90,0,1,0,0,0,4,True
2424,Bartosz Wolski,Motor Lublin,Pomocnik,14%,2.0,,20,JAG (W),90,0,0,0,0,0,2,True
2424,Bartosz Wolski,Motor Lublin,Pomocnik,14%,2.0,,21,LGD (D),85,1,0,0,0,0,7,True
2424,Bartosz Wolski,Motor Lublin,Pomocnik,14%,2.0,,22,PIA (W),53,0,1,0,0,0,6,True
2424,Bartosz Wolski,Motor Lublin,Pomocnik,14%,2.0,,23,KOR (D),90,0,0,0,0,0,4,True
2424,Bartosz Wolski,Motor Lublin,Pomocnik,14%,2.0,,24,GÓR (D),90,0,0,0,0,0,3,True
2424,Bartosz Wolski,Motor Lublin,Pomocnik,14%,2.0,,25,BBT (W),90,1,0,0,0,0,8,True
2424,Bartosz Wolski,Motor Lublin,Pomocnik,14%,2.0,,26,ZAG (D),90,0,0,0,0,0,4,True
2424,Bartosz Wolski,Motor Lublin,Pomocnik,14%,2.0,,27,RAD (W),84,0,0,0,0,0,2,True
2424,Bartosz Wolski,Motor Lublin,Pomocnik,14%,2.0,,28,RCZ (D),79,0,0,0,0,0,2,True
2424,Bartosz Wolski,Motor Lublin,Pomocnik,14%,2.0,,29,GKS (W),90,1,0,0,0,0,7,True
2424,Bartosz Wolski,Motor Lublin,Pomocnik,14%,2.0,,30,WID (W),72,0,0,0,0,0,2,True
2424,Bartosz Wolski,Motor Lublin,Pomocnik,14%,2.0,,31,LPO (D),90,0,0,0,0,0,2,True
2424,Bartosz Wolski,Motor Lublin,Pomocnik,14%,2.0,,32,WPŁ (W),90,1,2,0,0,0,16,True
2424,Bartosz Wolski,Motor Lublin,Pomocnik,14%,2.0,,33,CRA (D),90,0,2,0,0,0,8,True
2424,Bartosz Wolski,Motor Lublin,Pomocnik,14%,2.0,,34,LEG (W),0,0,0,0,0,0,0,False
2443,Samuel Kozlovský,Widzew Łódź,Obrońca,0%,1.7,,19,JAG (D),0,0,0,0,0,0,0,False
2443,Samuel Kozlovský,Widzew Łódź,Obrońca,0%,1.7,,20,GKS (W),0,0,0,0,0,0,0,False
2443,Samuel Kozlovský,Widzew Łódź,Obrońca,0%,1.7,,21,WPŁ (W),0,0,0,0,0,0,0,False
2443,Samuel Kozlovský,Widzew Łódź,Obrońca,0%,1.7,,22,CRA (D),0,0,0,0,0,0,0,False
2443,Samuel Kozlovský,Widzew Łódź,Obrońca,0%,1.7,,23,POG (W),5,0,0,0,0,0,1,True
2443,Samuel Kozlovský,Widzew Łódź,Obrońca,0%,1.7,,24,LPO (D),0,0,0,0,0,0,0,False
2443,Samuel Kozlovský,Widzew Łódź,Obrońca,0%,1.7,,25,ARK (W),9,0,0,0,0,0,1,True
2443,Samuel Kozlovský,Widzew Łódź,Obrońca,0%,1.7,,26,GÓR (D),62,0,0,0,0,0,4,True
2443,Samuel Kozlovský,Widzew Łódź,Obrońca,0%,1.7,,27,RCZ (W),90,0,0,0,0,0,2,True
2443,Samuel Kozlovský,Widzew Łódź,Obrońca,0%,1.7,,28,BBT (D),90,0,0,0,0,0,6,True
2443,Samuel Kozlovský,Widzew Łódź,Obrońca,0%,1.7,,29,RAD (W),90,0,0,0,0,0,1,True
2443,Samuel Kozlovský,Widzew Łódź,Obrońca,0%,1.7,,30,MOT (D),90,0,0,0,0,0,6,True
2443,Samuel Kozlovský,Widzew Łódź,Obrońca,0%,1.7,,31,LEG (W),90,0,0,0,0,0,2,True
2443,Samuel Kozlovský,Widzew Łódź,Obrońca,0%,1.7,,32,LGD (D),90,0,0,0,0,0,3,True
2443,Samuel Kozlovský,Widzew Łódź,Obrońca,0%,1.7,,33,KOR (W),90,0,0,0,0,0,2,True
2443,Samuel Kozlovský,Widzew Łódź,Obrońca,0%,1.7,,34,PIA (D),0,0,0,0,0,0,0,False
2454,Pau Resta,Korona Kielce,Obrońca,2%,1.8,,19,LEG (W),90,0,1,0,0,0,7,True
2454,Pau Resta,Korona Kielce,Obrońca,2%,1.8,,20,ZAG (D),58,1,0,0,0,0,8,True
2454,Pau Resta,Korona Kielce,Obrońca,2%,1.8,,21,RAD (W),0,0,0,0,0,0,0,False
2454,Pau Resta,Korona Kielce,Obrońca,2%,1.8,,22,LPO (D),0,0,0,0,0,0,0,False
2454,Pau Resta,Korona Kielce,Obrońca,2%,1.8,,23,MOT (W),0,0,0,0,0,0,0,False
2454,Pau Resta,Korona Kielce,Obrońca,2%,1.8,,24,BBT (D),90,0,0,0,0,0,3,True
2454,Pau Resta,Korona Kielce,Obrońca,2%,1.8,,25,POG (W),90,0,0,0,0,0,1,True
2454,Pau Resta,Korona Kielce,Obrońca,2%,1.8,,26,ARK (D),90,0,0,0,0,0,6,True
2454,Pau Resta,Korona Kielce,Obrońca,2%,1.8,,27,LGD (W),90,1,0,0,0,0,7,True
2454,Pau Resta,Korona Kielce,Obrońca,2%,1.8,,28,JAG (D),90,0,0,0,0,0,2,True
2454,Pau Resta,Korona Kielce,Obrońca,2%,1.8,,29,GÓR (W),90,0,0,0,1,0,1,True
2454,Pau Resta,Korona Kielce,Obrońca,2%,1.8,,30,GKS (D),90,0,0,0,0,0,2,True
2454,Pau Resta,Korona Kielce,Obrońca,2%,1.8,,31,PIA (D),90,0,0,0,0,0,2,True
2454,Pau Resta,Korona Kielce,Obrońca,2%,1.8,,32,RCZ (W),90,0,0,0,0,0,1,True
2454,Pau Resta,Korona Kielce,Obrońca,2%,1.8,,33,WID (D),90,0,0,0,0,0,6,True
2454,Pau Resta,Korona Kielce,Obrońca,2%,1.8,,34,CRA (W),0,0,0,0,0,0,0,False
2468,Krystian Harciński,Radomiak Radom,Bramkarz,1%,0.7,,19,ARK (D),0,0,0,0,0,0,0,False
2468,Krystian Harciński,Radomiak Radom,Bramkarz,1%,0.7,,20,RCZ (W),0,0,0,0,0,0,0,False
2468,Krystian Harciński,Radomiak Radom,Bramkarz,1%,0.7,,21,KOR (D),0,0,0,0,0,0,0,False
2468,Krystian Harciński,Radomiak Radom,Bramkarz,1%,0.7,,22,JAG (W),0,0,0,0,0,0,0,False
2468,Krystian Harciński,Radomiak Radom,Bramkarz,1%,0.7,,23,BBT (W),0,0,0,0,0,0,0,False
2468,Krystian Harciński,Radomiak Radom,Bramkarz,1%,0.7,,24,GKS (D),0,0,0,0,0,0,0,False
2468,Krystian Harciński,Radomiak Radom,Bramkarz,1%,0.7,,25,LEG (D),0,0,0,0,0,0,0,False
2468,Krystian Harciński,Radomiak Radom,Bramkarz,1%,0.7,,26,PIA (W),0,0,0,0,0,0,0,False
2468,Krystian Harciński,Radomiak Radom,Bramkarz,1%,0.7,,27,MOT (D),0,0,0,0,0,0,0,False
2468,Krystian Harciński,Radomiak Radom,Bramkarz,1%,0.7,,28,ZAG (W),0,0,0,0,0,0,0,False
2468,Krystian Harciński,Radomiak Radom,Bramkarz,1%,0.7,,29,WID (D),0,0,0,0,0,0,0,False
2468,Krystian Harciński,Radomiak Radom,Bramkarz,1%,0.7,,30,WPŁ (W),0,0,0,0,0,0,0,False
2468,Krystian Harciński,Radomiak Radom,Bramkarz,1%,0.7,,31,LGD (D),0,0,0,0,0,0,0,False
2468,Krystian Harciński,Radomiak Radom,Bramkarz,1%,0.7,,32,CRA (W),0,0,0,0,0,0,0,False
2468,Krystian Harciński,Radomiak Radom,Bramkarz,1%,0.7,,33,LPO (D),0,0,0,0,0,0,0,False
2468,Krystian Harciński,Radomiak Radom,Bramkarz,1%,0.7,,34,GÓR (W),0,0,0,0,0,0,0,False
2469,Tymoteusz Gmur,Lech Poznań,Pomocnik,0%,0.7,,19,LGD (D),0,0,0,0,0,0,0,False
2469,Tymoteusz Gmur,Lech Poznań,Pomocnik,0%,0.7,,19,PIA (W),0,0,0,0,0,0,0,False
2469,Tymoteusz Gmur,Lech Poznań,Pomocnik,0%,0.7,,20,GÓR (W),0,0,0,0,0,0,0,False
2469,Tymoteusz Gmur,Lech Poznań,Pomocnik,0%,0.7,,21,PIA (D),0,0,0,0,0,0,0,False
2469,Tymoteusz Gmur,Lech Poznań,Pomocnik,0%,0.7,,22,KOR (W),0,0,0,0,0,0,0,False
2469,Tymoteusz Gmur,Lech Poznań,Pomocnik,0%,0.7,,23,RCZ (D),0,0,0,0,0,0,0,False
2469,Tymoteusz Gmur,Lech Poznań,Pomocnik,0%,0.7,,24,WID (W),0,0,0,0,0,0,0,False
2469,Tymoteusz Gmur,Lech Poznań,Pomocnik,0%,0.7,,25,ZAG (W),0,0,0,0,0,0,0,False
2469,Tymoteusz Gmur,Lech Poznań,Pomocnik,0%,0.7,,26,BBT (D),0,0,0,0,0,0,0,False
2469,Tymoteusz Gmur,Lech Poznań,Pomocnik,0%,0.7,,27,JAG (W),0,0,0,0,0,0,0,False
2469,Tymoteusz Gmur,Lech Poznań,Pomocnik,0%,0.7,,28,GKS (D),0,0,0,0,0,0,0,False
2469,Tymoteusz Gmur,Lech Poznań,Pomocnik,0%,0.7,,29,POG (W),0,0,0,0,0,0,0,False
2469,Tymoteusz Gmur,Lech Poznań,Pomocnik,0%,0.7,,30,LEG (D),0,0,0,0,0,0,0,False
2469,Tymoteusz Gmur,Lech Poznań,Pomocnik,0%,0.7,,31,MOT (W),0,0,0,0,0,0,0,False
2469,Tymoteusz Gmur,Lech Poznań,Pomocnik,0%,0.7,,32,ARK (D),0,0,0,0,0,0,0,False
2469,Tymoteusz Gmur,Lech Poznań,Pomocnik,0%,0.7,,33,RAD (W),0,0,0,0,0,0,0,False
2469,Tymoteusz Gmur,Lech Poznań,Pomocnik,0%,0.7,,34,WPŁ (D),0,0,0,0,0,0,0,False
2475,Jakub Grzejszczak,Widzew Łódź,Obrońca,2%,0.7,,19,JAG (D),0,0,0,0,0,0,0,False
2475,Jakub Grzejszczak,Widzew Łódź,Obrońca,2%,0.7,,20,GKS (W),0,0,0,0,0,0,0,False
2475,Jakub Grzejszczak,Widzew Łódź,Obrońca,2%,0.7,,21,WPŁ (W),0,0,0,0,0,0,0,False
2475,Jakub Grzejszczak,Widzew Łódź,Obrońca,2%,0.7,,22,CRA (D),0,0,0,0,0,0,0,False
2475,Jakub Grzejszczak,Widzew Łódź,Obrońca,2%,0.7,,23,POG (W),0,0,0,0,0,0,0,False
2475,Jakub Grzejszczak,Widzew Łódź,Obrońca,2%,0.7,,24,LPO (D),0,0,0,0,0,0,0,False
2475,Jakub Grzejszczak,Widzew Łódź,Obrońca,2%,0.7,,25,ARK (W),0,0,0,0,0,0,0,False
2475,Jakub Grzejszczak,Widzew Łódź,Obrońca,2%,0.7,,26,GÓR (D),0,0,0,0,0,0,0,False
2475,Jakub Grzejszczak,Widzew Łódź,Obrońca,2%,0.7,,27,RCZ (W),0,0,0,0,0,0,0,False
2475,Jakub Grzejszczak,Widzew Łódź,Obrońca,2%,0.7,,28,BBT (D),0,0,0,0,0,0,0,False
2475,Jakub Grzejszczak,Widzew Łódź,Obrońca,2%,0.7,,29,RAD (W),0,0,0,0,0,0,0,False
2475,Jakub Grzejszczak,Widzew Łódź,Obrońca,2%,0.7,,30,MOT (D),0,0,0,0,0,0,0,False
2475,Jakub Grzejszczak,Widzew Łódź,Obrońca,2%,0.7,,31,LEG (W),0,0,0,0,0,0,0,False
2475,Jakub Grzejszczak,Widzew Łódź,Obrońca,2%,0.7,,32,LGD (D),0,0,0,0,0,0,0,False
2475,Jakub Grzejszczak,Widzew Łódź,Obrońca,2%,0.7,,33,KOR (W),0,0,0,0,0,0,0,False
2475,Jakub Grzejszczak,Widzew Łódź,Obrońca,2%,0.7,,34,PIA (D),0,0,0,0,0,0,0,False
2476,Jonatan Braut Brunes,Raków Częstochowa,Napastnik,39%,2.7,,19,WPŁ (W),90,1,0,0,1,0,5,True
2476,Jonatan Braut Brunes,Raków Częstochowa,Napastnik,39%,2.7,,20,RAD (D),0,0,0,0,0,0,0,False
2476,Jonatan Braut Brunes,Raków Częstochowa,Napastnik,39%,2.7,,21,ZAG (W),90,0,0,0,0,0,2,True
2476,Jonatan Braut Brunes,Raków Częstochowa,Napastnik,39%,2.7,,22,BBT (D),81,0,0,0,0,0,3,True
2476,Jonatan Braut Brunes,Raków Częstochowa,Napastnik,39%,2.7,,23,LPO (W),90,1,0,1,1,0,8,True
2476,Jonatan Braut Brunes,Raków Częstochowa,Napastnik,39%,2.7,,24,POG (D),81,1,0,0,0,0,8,True
2476,Jonatan Braut Brunes,Raków Częstochowa,Napastnik,39%,2.7,,25,GÓR (W),45,0,0,0,0,0,1,True
2476,Jonatan Braut Brunes,Raków Częstochowa,Napastnik,39%,2.7,,26,LEG (W),90,0,0,0,0,0,2,True
2476,Jonatan Braut Brunes,Raków Częstochowa,Napastnik,39%,2.7,,27,WID (D),84,0,0,0,0,0,2,True
2476,Jonatan Braut Brunes,Raków Częstochowa,Napastnik,39%,2.7,,28,MOT (W),90,1,0,0,0,0,8,True
2476,Jonatan Braut Brunes,Raków Częstochowa,Napastnik,39%,2.7,,29,CRA (D),82,1,0,0,0,0,7,True
2476,Jonatan Braut Brunes,Raków Częstochowa,Napastnik,39%,2.7,,30,LGD (W),90,1,0,0,0,0,7,True
2476,Jonatan Braut Brunes,Raków Częstochowa,Napastnik,39%,2.7,,32,JAG (D),90,0,0,0,0,0,2,True
2476,Jonatan Braut Brunes,Raków Częstochowa,Napastnik,39%,2.7,,32,KOR (D),86,0,0,0,0,0,3,True
2476,Jonatan Braut Brunes,Raków Częstochowa,Napastnik,39%,2.7,,33,PIA (W),68,0,0,0,0,0,3,True
2476,Jonatan Braut Brunes,Raków Częstochowa,Napastnik,39%,2.7,,34,ARK (D),0,0,0,0,0,0,0,False
2477,Marcel Reguła,Zagłębie Lubin,Pomocnik,9%,1.9,,19,GKS (D),0,0,0,0,0,0,0,False
2477,Marcel Reguła,Zagłębie Lubin,Pomocnik,9%,1.9,,20,KOR (W),0,0,0,0,0,0,0,False
2477,Marcel Reguła,Zagłębie Lubin,Pomocnik,9%,1.9,,21,RCZ (D),45,0,0,0,0,0,1,True
2477,Marcel Reguła,Zagłębie Lubin,Pomocnik,9%,1.9,,22,LGD (W),69,1,0,0,0,0,9,True
2477,Marcel Reguła,Zagłębie Lubin,Pomocnik,9%,1.9,,23,WPŁ (D),64,0,0,0,0,0,4,True
2477,Marcel Reguła,Zagłębie Lubin,Pomocnik,9%,1.9,,24,PIA (W),86,0,0,0,0,0,3,True
2477,Marcel Reguła,Zagłębie Lubin,Pomocnik,9%,1.9,,25,LPO (D),90,0,0,0,0,0,2,True
2477,Marcel Reguła,Zagłębie Lubin,Pomocnik,9%,1.9,,26,MOT (W),76,0,0,0,0,0,2,True
2477,Marcel Reguła,Zagłębie Lubin,Pomocnik,9%,1.9,,27,ARK (W),84,0,1,0,0,0,5,True
2477,Marcel Reguła,Zagłębie Lubin,Pomocnik,9%,1.9,,28,RAD (D),64,1,0,0,0,0,10,True
2477,Marcel Reguła,Zagłębie Lubin,Pomocnik,9%,1.9,,29,LEG (W),90,0,0,0,0,0,2,True
2477,Marcel Reguła,Zagłębie Lubin,Pomocnik,9%,1.9,,30,BBT (D),66,1,0,0,1,1,4,True
2477,Marcel Reguła,Zagłębie Lubin,Pomocnik,9%,1.9,,31,CRA (D),70,0,0,0,1,0,2,True
2477,Marcel Reguła,Zagłębie Lubin,Pomocnik,9%,1.9,,32,GÓR (W),74,0,0,0,0,0,4,True
2477,Marcel Reguła,Zagłębie Lubin,Pomocnik,9%,1.9,,33,POG (D),90,0,0,0,0,0,2,True
2477,Marcel Reguła,Zagłębie Lubin,Pomocnik,9%,1.9,,34,JAG (W),0,0,0,0,0,0,0,False
2498,Patrik Wålemark,Lech Poznań,Pomocnik,5%,2.0,,19,LGD (D),27,0,0,0,0,0,1,True
2498,Patrik Wålemark,Lech Poznań,Pomocnik,5%,2.0,,19,PIA (W),29,0,0,0,0,0,1,True
2498,Patrik Wålemark,Lech Poznań,Pomocnik,5%,2.0,,20,GÓR (W),58,0,0,0,0,0,3,True
2498,Patrik Wålemark,Lech Poznań,Pomocnik,5%,2.0,,21,PIA (D),27,0,0,0,0,0,2,True
2498,Patrik Wålemark,Lech Poznań,Pomocnik,5%,2.0,,22,KOR (W),44,0,0,0,0,0,2,True
2498,Patrik Wålemark,Lech Poznań,Pomocnik,5%,2.0,,23,RCZ (D),12,0,0,0,0,0,2,True
2498,Patrik Wålemark,Lech Poznań,Pomocnik,5%,2.0,,24,WID (W),19,0,0,0,0,0,1,True
2498,Patrik Wålemark,Lech Poznań,Pomocnik,5%,2.0,,25,ZAG (W),64,0,0,0,0,0,4,True
2498,Patrik Wålemark,Lech Poznań,Pomocnik,5%,2.0,,26,BBT (D),60,0,0,0,0,0,3,True
2498,Patrik Wålemark,Lech Poznań,Pomocnik,5%,2.0,,27,JAG (W),64,0,0,0,0,0,3,True
2498,Patrik Wålemark,Lech Poznań,Pomocnik,5%,2.0,,28,GKS (D),68,0,0,0,1,0,1,True
2498,Patrik Wålemark,Lech Poznań,Pomocnik,5%,2.0,,29,POG (W),63,0,0,0,0,0,3,True
2498,Patrik Wålemark,Lech Poznań,Pomocnik,5%,2.0,,30,LEG (D),65,0,1,1,0,0,9,True
2498,Patrik Wålemark,Lech Poznań,Pomocnik,5%,2.0,,31,MOT (W),65,0,0,0,0,0,4,True
2498,Patrik Wålemark,Lech Poznań,Pomocnik,5%,2.0,,32,ARK (D),90,0,0,0,0,0,2,True
2498,Patrik Wålemark,Lech Poznań,Pomocnik,5%,2.0,,33,RAD (W),66,1,0,0,0,0,8,True
2498,Patrik Wålemark,Lech Poznań,Pomocnik,5%,2.0,,34,WPŁ (D),0,0,0,0,0,0,0,False
2524,Daniel Gryzio,Widzew Łódź,Napastnik,1%,0.7,,19,JAG (D),0,0,0,0,0,0,0,False
2524,Daniel Gryzio,Widzew Łódź,Napastnik,1%,0.7,,20,GKS (W),0,0,0,0,0,0,0,False
2524,Daniel Gryzio,Widzew Łódź,Napastnik,1%,0.7,,21,WPŁ (W),0,0,0,0,0,0,0,False
2524,Daniel Gryzio,Widzew Łódź,Napastnik,1%,0.7,,22,CRA (D),0,0,0,0,0,0,0,False
2524,Daniel Gryzio,Widzew Łódź,Napastnik,1%,0.7,,23,POG (W),0,0,0,0,0,0,0,False
2524,Daniel Gryzio,Widzew Łódź,Napastnik,1%,0.7,,24,LPO (D),0,0,0,0,0,0,0,False
2524,Daniel Gryzio,Widzew Łódź,Napastnik,1%,0.7,,25,ARK (W),0,0,0,0,0,0,0,False
2524,Daniel Gryzio,Widzew Łódź,Napastnik,1%,0.7,,26,GÓR (D),0,0,0,0,0,0,0,False
2524,Daniel Gryzio,Widzew Łódź,Napastnik,1%,0.7,,27,RCZ (W),0,0,0,0,0,0,0,False
2524,Daniel Gryzio,Widzew Łódź,Napastnik,1%,0.7,,28,BBT (D),0,0,0,0,0,0,0,False
2524,Daniel Gryzio,Widzew Łódź,Napastnik,1%,0.7,,29,RAD (W),0,0,0,0,0,0,0,False
2524,Daniel Gryzio,Widzew Łódź,Napastnik,1%,0.7,,30,MOT (D),0,0,0,0,0,0,0,False
2524,Daniel Gryzio,Widzew Łódź,Napastnik,1%,0.7,,31,LEG (W),0,0,0,0,0,0,0,False
2524,Daniel Gryzio,Widzew Łódź,Napastnik,1%,0.7,,32,LGD (D),0,0,0,0,0,0,0,False
2524,Daniel Gryzio,Widzew Łódź,Napastnik,1%,0.7,,33,KOR (W),0,0,0,0,0,0,0,False
2524,Daniel Gryzio,Widzew Łódź,Napastnik,1%,0.7,,34,PIA (D),0,0,0,0,0,0,0,False
2526,Sondre Liseth,Górnik Zabrze,Napastnik,3%,2.0,,19,PIA (D),0,0,0,0,0,0,0,False
2526,Sondre Liseth,Górnik Zabrze,Napastnik,3%,2.0,,20,LPO (D),90,0,0,0,0,0,2,True
2526,Sondre Liseth,Górnik Zabrze,Napastnik,3%,2.0,,21,BBT (W),83,0,0,0,0,0,2,True
2526,Sondre Liseth,Górnik Zabrze,Napastnik,3%,2.0,,22,POG (D),79,0,0,0,0,0,2,True
2526,Sondre Liseth,Górnik Zabrze,Napastnik,3%,2.0,,23,GKS (W),90,1,0,0,0,0,6,True
2526,Sondre Liseth,Górnik Zabrze,Napastnik,3%,2.0,,24,MOT (W),73,0,0,0,0,0,2,True
2526,Sondre Liseth,Górnik Zabrze,Napastnik,3%,2.0,,25,RCZ (D),89,0,0,0,0,0,3,True
2526,Sondre Liseth,Górnik Zabrze,Napastnik,3%,2.0,,26,WID (W),90,0,0,0,0,0,2,True
2526,Sondre Liseth,Górnik Zabrze,Napastnik,3%,2.0,,27,CRA (D),72,0,0,0,0,0,3,True
2526,Sondre Liseth,Górnik Zabrze,Napastnik,3%,2.0,,28,LEG (W),45,0,0,0,0,0,2,True
2526,Sondre Liseth,Górnik Zabrze,Napastnik,3%,2.0,,29,KOR (D),82,0,0,0,0,0,3,True
2526,Sondre Liseth,Górnik Zabrze,Napastnik,3%,2.0,,30,JAG (W),35,0,0,0,0,0,2,True
2526,Sondre Liseth,Górnik Zabrze,Napastnik,3%,2.0,,32,ARK (W),90,0,0,0,0,0,2,True
2526,Sondre Liseth,Górnik Zabrze,Napastnik,3%,2.0,,32,ZAG (D),76,0,0,0,0,0,2,True
2526,Sondre Liseth,Górnik Zabrze,Napastnik,3%,2.0,,33,WPŁ (W),90,0,0,0,0,0,3,True
2526,Sondre Liseth,Górnik Zabrze,Napastnik,3%,2.0,,34,RAD (D),0,0,0,0,0,0,0,False
2530,Franciszek Lewandowski,Motor Lublin,Pomocnik,3%,0.7,,19,POG (D),5,0,0,0,0,0,2,True
2530,Franciszek Lewandowski,Motor Lublin,Pomocnik,3%,0.7,,20,JAG (W),0,0,0,0,0,0,0,False
2530,Franciszek Lewandowski,Motor Lublin,Pomocnik,3%,0.7,,21,LGD (D),0,0,0,0,0,0,0,False
2530,Franciszek Lewandowski,Motor Lublin,Pomocnik,3%,0.7,,22,PIA (W),0,0,0,0,0,0,0,False
2530,Franciszek Lewandowski,Motor Lublin,Pomocnik,3%,0.7,,23,KOR (D),0,0,0,0,0,0,0,False
2530,Franciszek Lewandowski,Motor Lublin,Pomocnik,3%,0.7,,24,GÓR (D),0,0,0,0,0,0,0,False
2530,Franciszek Lewandowski,Motor Lublin,Pomocnik,3%,0.7,,25,BBT (W),0,0,0,0,0,0,0,False
2530,Franciszek Lewandowski,Motor Lublin,Pomocnik,3%,0.7,,26,ZAG (D),0,0,0,0,0,0,0,False
2530,Franciszek Lewandowski,Motor Lublin,Pomocnik,3%,0.7,,27,RAD (W),0,0,0,0,0,0,0,False
2530,Franciszek Lewandowski,Motor Lublin,Pomocnik,3%,0.7,,28,RCZ (D),0,0,0,0,0,0,0,False
2530,Franciszek Lewandowski,Motor Lublin,Pomocnik,3%,0.7,,29,GKS (W),0,0,0,0,0,0,0,False
2530,Franciszek Lewandowski,Motor Lublin,Pomocnik,3%,0.7,,30,WID (W),0,0,0,0,0,0,0,False
2530,Franciszek Lewandowski,Motor Lublin,Pomocnik,3%,0.7,,31,LPO (D),0,0,0,0,0,0,0,False
2530,Franciszek Lewandowski,Motor Lublin,Pomocnik,3%,0.7,,32,WPŁ (W),0,0,0,0,0,0,0,False
2530,Franciszek Lewandowski,Motor Lublin,Pomocnik,3%,0.7,,33,CRA (D),0,0,0,0,0,0,0,False
2530,Franciszek Lewandowski,Motor Lublin,Pomocnik,3%,0.7,,34,LEG (W),0,0,0,0,0,0,0,False
2531,Gašper Tratnik,Motor Lublin,Bramkarz,1%,1.6,,19,POG (D),0,0,0,0,0,0,0,False
2531,Gašper Tratnik,Motor Lublin,Bramkarz,1%,1.6,,20,JAG (W),0,0,0,0,0,0,0,False
2531,Gašper Tratnik,Motor Lublin,Bramkarz,1%,1.6,,21,LGD (D),0,0,0,0,0,0,0,False
2531,Gašper Tratnik,Motor Lublin,Bramkarz,1%,1.6,,22,PIA (W),0,0,0,0,0,0,0,False
2531,Gašper Tratnik,Motor Lublin,Bramkarz,1%,1.6,,23,KOR (D),0,0,0,0,0,0,0,False
2531,Gašper Tratnik,Motor Lublin,Bramkarz,1%,1.6,,24,GÓR (D),0,0,0,0,0,0,0,False
2531,Gašper Tratnik,Motor Lublin,Bramkarz,1%,1.6,,25,BBT (W),0,0,0,0,0,0,0,False
2531,Gašper Tratnik,Motor Lublin,Bramkarz,1%,1.6,,26,ZAG (D),0,0,0,0,0,0,0,False
2531,Gašper Tratnik,Motor Lublin,Bramkarz,1%,1.6,,27,RAD (W),0,0,0,0,0,0,0,False
2531,Gašper Tratnik,Motor Lublin,Bramkarz,1%,1.6,,28,RCZ (D),0,0,0,0,0,0,0,False
2531,Gašper Tratnik,Motor Lublin,Bramkarz,1%,1.6,,29,GKS (W),67,0,0,4,0,0,0,True
2531,Gašper Tratnik,Motor Lublin,Bramkarz,1%,1.6,,30,WID (W),90,0,0,3,0,0,2,True
2531,Gašper Tratnik,Motor Lublin,Bramkarz,1%,1.6,,31,LPO (D),90,0,0,5,0,0,3,True
2531,Gašper Tratnik,Motor Lublin,Bramkarz,1%,1.6,,32,WPŁ (W),90,0,0,4,0,0,7,True
2531,Gašper Tratnik,Motor Lublin,Bramkarz,1%,1.6,,33,CRA (D),90,0,0,4,0,0,1,True
2531,Gašper Tratnik,Motor Lublin,Bramkarz,1%,1.6,,34,LEG (W),0,0,0,0,0,0,0,False
2557,Abdoul Tapsoba,Radomiak Radom,Napastnik,1%,1.7,,19,ARK (D),15,0,0,0,0,0,2,True
2557,Abdoul Tapsoba,Radomiak Radom,Napastnik,1%,1.7,,20,RCZ (W),59,0,0,0,1,0,1,True
2557,Abdoul Tapsoba,Radomiak Radom,Napastnik,1%,1.7,,21,KOR (D),6,0,0,0,0,0,1,True
2557,Abdoul Tapsoba,Radomiak Radom,Napastnik,1%,1.7,,22,JAG (W),19,0,0,0,0,0,1,True
2557,Abdoul Tapsoba,Radomiak Radom,Napastnik,1%,1.7,,23,BBT (W),23,1,0,0,0,0,5,True
2557,Abdoul Tapsoba,Radomiak Radom,Napastnik,1%,1.7,,24,GKS (D),30,0,0,0,0,0,1,True
2557,Abdoul Tapsoba,Radomiak Radom,Napastnik,1%,1.7,,25,LEG (D),14,0,0,0,0,0,1,True
2557,Abdoul Tapsoba,Radomiak Radom,Napastnik,1%,1.7,,26,PIA (W),16,0,0,0,0,0,1,True
2557,Abdoul Tapsoba,Radomiak Radom,Napastnik,1%,1.7,,27,MOT (D),7,0,0,0,0,0,1,True
2557,Abdoul Tapsoba,Radomiak Radom,Napastnik,1%,1.7,,28,ZAG (W),13,0,0,0,0,0,1,True
2557,Abdoul Tapsoba,Radomiak Radom,Napastnik,1%,1.7,,29,WID (D),70,0,0,0,0,0,3,True
2557,Abdoul Tapsoba,Radomiak Radom,Napastnik,1%,1.7,,30,WPŁ (W),72,0,0,0,0,0,3,True
2557,Abdoul Tapsoba,Radomiak Radom,Napastnik,1%,1.7,,31,LGD (D),70,3,0,0,0,0,16,True
2557,Abdoul Tapsoba,Radomiak Radom,Napastnik,1%,1.7,,32,CRA (W),60,0,0,0,0,1,-1,True
2557,Abdoul Tapsoba,Radomiak Radom,Napastnik,1%,1.7,,33,LPO (D),0,0,0,0,0,0,0,False
2557,Abdoul Tapsoba,Radomiak Radom,Napastnik,1%,1.7,,34,GÓR (W),0,0,0,0,0,0,0,False
2560,Konrad Ciszek,Korona Kielce,Obrońca,21%,0.7,,19,LEG (W),0,0,0,0,0,0,0,False
2560,Konrad Ciszek,Korona Kielce,Obrońca,21%,0.7,,20,ZAG (D),0,0,0,0,0,0,0,False
2560,Konrad Ciszek,Korona Kielce,Obrońca,21%,0.7,,21,RAD (W),45,0,0,0,1,0,1,True
2560,Konrad Ciszek,Korona Kielce,Obrońca,21%,0.7,,22,LPO (D),90,0,0,0,0,0,1,True
2560,Konrad Ciszek,Korona Kielce,Obrońca,21%,0.7,,23,MOT (W),90,0,0,0,0,0,1,True
2560,Konrad Ciszek,Korona Kielce,Obrońca,21%,0.7,,24,BBT (D),0,0,0,0,0,0,0,False
2560,Konrad Ciszek,Korona Kielce,Obrońca,21%,0.7,,25,POG (W),0,0,0,0,0,0,0,False
2560,Konrad Ciszek,Korona Kielce,Obrońca,21%,0.7,,26,ARK (D),0,0,0,0,0,0,0,False
2560,Konrad Ciszek,Korona Kielce,Obrońca,21%,0.7,,27,LGD (W),0,0,0,0,0,0,0,False
2560,Konrad Ciszek,Korona Kielce,Obrońca,21%,0.7,,28,JAG (D),0,0,0,0,0,0,0,False
2560,Konrad Ciszek,Korona Kielce,Obrońca,21%,0.7,,29,GÓR (W),0,0,0,0,0,0,0,False
2560,Konrad Ciszek,Korona Kielce,Obrońca,21%,0.7,,30,GKS (D),0,0,0,0,0,0,0,False
2560,Konrad Ciszek,Korona Kielce,Obrońca,21%,0.7,,31,PIA (D),0,0,0,0,0,0,0,False
2560,Konrad Ciszek,Korona Kielce,Obrońca,21%,0.7,,32,RCZ (W),0,0,0,0,0,0,0,False
2560,Konrad Ciszek,Korona Kielce,Obrońca,21%,0.7,,33,WID (D),0,0,0,0,0,0,0,False
2560,Konrad Ciszek,Korona Kielce,Obrońca,21%,0.7,,34,CRA (W),0,0,0,0,0,0,0,False
2561,Michał Mikielewicz,Korona Kielce,Bramkarz,7%,0.7,,19,LEG (W),0,0,0,0,0,0,0,False
2561,Michał Mikielewicz,Korona Kielce,Bramkarz,7%,0.7,,20,ZAG (D),0,0,0,0,0,0,0,False
2561,Michał Mikielewicz,Korona Kielce,Bramkarz,7%,0.7,,21,RAD (W),0,0,0,0,0,0,0,False
2561,Michał Mikielewicz,Korona Kielce,Bramkarz,7%,0.7,,22,LPO (D),0,0,0,0,0,0,0,False
2561,Michał Mikielewicz,Korona Kielce,Bramkarz,7%,0.7,,23,MOT (W),0,0,0,0,0,0,0,False
2561,Michał Mikielewicz,Korona Kielce,Bramkarz,7%,0.7,,24,BBT (D),0,0,0,0,0,0,0,False
2561,Michał Mikielewicz,Korona Kielce,Bramkarz,7%,0.7,,25,POG (W),0,0,0,0,0,0,0,False
2561,Michał Mikielewicz,Korona Kielce,Bramkarz,7%,0.7,,26,ARK (D),0,0,0,0,0,0,0,False
2561,Michał Mikielewicz,Korona Kielce,Bramkarz,7%,0.7,,27,LGD (W),0,0,0,0,0,0,0,False
2561,Michał Mikielewicz,Korona Kielce,Bramkarz,7%,0.7,,28,JAG (D),0,0,0,0,0,0,0,False
2561,Michał Mikielewicz,Korona Kielce,Bramkarz,7%,0.7,,29,GÓR (W),0,0,0,0,0,0,0,False
2561,Michał Mikielewicz,Korona Kielce,Bramkarz,7%,0.7,,30,GKS (D),0,0,0,0,0,0,0,False
2561,Michał Mikielewicz,Korona Kielce,Bramkarz,7%,0.7,,31,PIA (D),0,0,0,0,0,0,0,False
2561,Michał Mikielewicz,Korona Kielce,Bramkarz,7%,0.7,,32,RCZ (W),0,0,0,0,0,0,0,False
2561,Michał Mikielewicz,Korona Kielce,Bramkarz,7%,0.7,,33,WID (D),0,0,0,0,0,0,0,False
2561,Michał Mikielewicz,Korona Kielce,Bramkarz,7%,0.7,,34,CRA (W),0,0,0,0,0,0,0,False
2562,Bartosz Mazurek,Jagiellonia Białystok,Pomocnik,8%,1.6,,19,WID (W),81,1,0,0,0,0,8,True
2562,Bartosz Mazurek,Jagiellonia Białystok,Pomocnik,8%,1.6,,19,GKS (D),90,0,0,0,1,0,2,True
2562,Bartosz Mazurek,Jagiellonia Białystok,Pomocnik,8%,1.6,,20,MOT (D),90,0,0,0,1,0,2,True
2562,Bartosz Mazurek,Jagiellonia Białystok,Pomocnik,8%,1.6,,21,CRA (W),90,0,0,0,0,0,3,True
2562,Bartosz Mazurek,Jagiellonia Białystok,Pomocnik,8%,1.6,,22,RAD (D),22,0,0,0,0,0,1,True
2562,Bartosz Mazurek,Jagiellonia Białystok,Pomocnik,8%,1.6,,23,LEG (D),90,0,1,0,0,0,5,True
2562,Bartosz Mazurek,Jagiellonia Białystok,Pomocnik,8%,1.6,,24,LGD (W),88,0,0,0,0,0,2,True
2562,Bartosz Mazurek,Jagiellonia Białystok,Pomocnik,8%,1.6,,25,PIA (D),35,0,1,0,0,0,4,True
2562,Bartosz Mazurek,Jagiellonia Białystok,Pomocnik,8%,1.6,,26,WPŁ (D),90,0,0,0,0,0,2,True
2562,Bartosz Mazurek,Jagiellonia Białystok,Pomocnik,8%,1.6,,27,LPO (D),90,0,0,0,0,0,3,True
2562,Bartosz Mazurek,Jagiellonia Białystok,Pomocnik,8%,1.6,,28,KOR (W),85,0,0,0,0,0,2,True
2562,Bartosz Mazurek,Jagiellonia Białystok,Pomocnik,8%,1.6,,29,ARK (W),87,0,0,0,0,0,4,True
2562,Bartosz Mazurek,Jagiellonia Białystok,Pomocnik,8%,1.6,,30,GÓR (D),75,0,0,0,1,0,-2,True
2562,Bartosz Mazurek,Jagiellonia Białystok,Pomocnik,8%,1.6,,32,RCZ (W),34,0,0,0,0,0,2,True
2562,Bartosz Mazurek,Jagiellonia Białystok,Pomocnik,8%,1.6,,32,POG (D),0,0,0,0,0,0,0,False
2562,Bartosz Mazurek,Jagiellonia Białystok,Pomocnik,8%,1.6,,33,GKS (W),27,0,0,0,0,0,1,True
2562,Bartosz Mazurek,Jagiellonia Białystok,Pomocnik,8%,1.6,,34,ZAG (D),0,0,0,0,0,0,0,False
2577,Josip Ćorluka,Zagłębie Lubin,Obrońca,3%,1.8,,19,GKS (D),0,0,0,0,0,0,0,False
2577,Josip Ćorluka,Zagłębie Lubin,Obrońca,3%,1.8,,20,KOR (W),0,0,0,0,0,0,0,False
2577,Josip Ćorluka,Zagłębie Lubin,Obrońca,3%,1.8,,21,RCZ (D),90,0,0,0,0,0,5,True
2577,Josip Ćorluka,Zagłębie Lubin,Obrońca,3%,1.8,,22,LGD (W),90,0,0,0,1,0,5,True
2577,Josip Ćorluka,Zagłębie Lubin,Obrońca,3%,1.8,,23,WPŁ (D),90,0,0,0,0,0,6,True
2577,Josip Ćorluka,Zagłębie Lubin,Obrońca,3%,1.8,,24,PIA (W),90,1,0,0,0,0,9,True
2577,Josip Ćorluka,Zagłębie Lubin,Obrońca,3%,1.8,,25,LPO (D),90,0,0,0,0,0,2,True
2577,Josip Ćorluka,Zagłębie Lubin,Obrońca,3%,1.8,,26,MOT (W),90,0,0,0,0,0,2,True
2577,Josip Ćorluka,Zagłębie Lubin,Obrońca,3%,1.8,,27,ARK (W),66,0,0,0,0,0,1,True
2577,Josip Ćorluka,Zagłębie Lubin,Obrońca,3%,1.8,,28,RAD (D),88,0,0,0,0,0,6,True
2577,Josip Ćorluka,Zagłębie Lubin,Obrońca,3%,1.8,,29,LEG (W),62,0,0,0,0,0,2,True
2577,Josip Ćorluka,Zagłębie Lubin,Obrońca,3%,1.8,,30,BBT (D),90,0,0,0,0,0,1,True
2577,Josip Ćorluka,Zagłębie Lubin,Obrońca,3%,1.8,,31,CRA (D),90,0,0,0,0,0,5,True
2577,Josip Ćorluka,Zagłębie Lubin,Obrońca,3%,1.8,,32,GÓR (W),90,0,0,0,0,0,6,True
2577,Josip Ćorluka,Zagłębie Lubin,Obrońca,3%,1.8,,33,POG (D),90,0,0,0,0,0,2,True
2577,Josip Ćorluka,Zagłębie Lubin,Obrońca,3%,1.8,,34,JAG (W),0,0,0,0,0,0,0,False
2598,Adam Matysek,Zagłębie Lubin,Bramkarz,13%,0.7,,19,GKS (D),0,0,0,0,0,0,0,False
2598,Adam Matysek,Zagłębie Lubin,Bramkarz,13%,0.7,,20,KOR (W),0,0,0,0,0,0,0,False
2598,Adam Matysek,Zagłębie Lubin,Bramkarz,13%,0.7,,21,RCZ (D),0,0,0,0,0,0,0,False
2598,Adam Matysek,Zagłębie Lubin,Bramkarz,13%,0.7,,22,LGD (W),0,0,0,0,0,0,0,False
2598,Adam Matysek,Zagłębie Lubin,Bramkarz,13%,0.7,,23,WPŁ (D),0,0,0,0,0,0,0,False
2598,Adam Matysek,Zagłębie Lubin,Bramkarz,13%,0.7,,24,PIA (W),0,0,0,0,0,0,0,False
2598,Adam Matysek,Zagłębie Lubin,Bramkarz,13%,0.7,,25,LPO (D),0,0,0,0,0,0,0,False
2598,Adam Matysek,Zagłębie Lubin,Bramkarz,13%,0.7,,26,MOT (W),0,0,0,0,0,0,0,False
2598,Adam Matysek,Zagłębie Lubin,Bramkarz,13%,0.7,,27,ARK (W),0,0,0,0,0,0,0,False
2598,Adam Matysek,Zagłębie Lubin,Bramkarz,13%,0.7,,28,RAD (D),0,0,0,0,0,0,0,False
2598,Adam Matysek,Zagłębie Lubin,Bramkarz,13%,0.7,,29,LEG (W),0,0,0,0,0,0,0,False
2598,Adam Matysek,Zagłębie Lubin,Bramkarz,13%,0.7,,30,BBT (D),0,0,0,0,0,0,0,False
2598,Adam Matysek,Zagłębie Lubin,Bramkarz,13%,0.7,,31,CRA (D),0,0,0,0,0,0,0,False
2598,Adam Matysek,Zagłębie Lubin,Bramkarz,13%,0.7,,32,GÓR (W),0,0,0,0,0,0,0,False
2598,Adam Matysek,Zagłębie Lubin,Bramkarz,13%,0.7,,33,POG (D),0,0,0,0,0,0,0,False
2598,Adam Matysek,Zagłębie Lubin,Bramkarz,13%,0.7,,34,JAG (W),0,0,0,0,0,0,0,False
2600,Radosław Szafrański,Górnik Zabrze,Obrońca,3%,0.7,,19,PIA (D),0,0,0,0,0,0,0,False
2600,Radosław Szafrański,Górnik Zabrze,Obrońca,3%,0.7,,20,LPO (D),0,0,0,0,0,0,0,False
2600,Radosław Szafrański,Górnik Zabrze,Obrońca,3%,0.7,,21,BBT (W),0,0,0,0,0,0,0,False
2600,Radosław Szafrański,Górnik Zabrze,Obrońca,3%,0.7,,22,POG (D),0,0,0,0,0,0,0,False
2600,Radosław Szafrański,Górnik Zabrze,Obrońca,3%,0.7,,23,GKS (W),0,0,0,0,0,0,0,False
2600,Radosław Szafrański,Górnik Zabrze,Obrońca,3%,0.7,,24,MOT (W),0,0,0,0,0,0,0,False
2600,Radosław Szafrański,Górnik Zabrze,Obrońca,3%,0.7,,25,RCZ (D),0,0,0,0,0,0,0,False
2600,Radosław Szafrański,Górnik Zabrze,Obrońca,3%,0.7,,26,WID (W),0,0,0,0,0,0,0,False
2600,Radosław Szafrański,Górnik Zabrze,Obrońca,3%,0.7,,27,CRA (D),0,0,0,0,0,0,0,False
2600,Radosław Szafrański,Górnik Zabrze,Obrońca,3%,0.7,,28,LEG (W),0,0,0,0,0,0,0,False
2600,Radosław Szafrański,Górnik Zabrze,Obrońca,3%,0.7,,29,KOR (D),0,0,0,0,0,0,0,False
2600,Radosław Szafrański,Górnik Zabrze,Obrońca,3%,0.7,,30,JAG (W),0,0,0,0,0,0,0,False
2600,Radosław Szafrański,Górnik Zabrze,Obrońca,3%,0.7,,32,ARK (W),0,0,0,0,0,0,0,False
2600,Radosław Szafrański,Górnik Zabrze,Obrońca,3%,0.7,,32,ZAG (D),0,0,0,0,0,0,0,False
2600,Radosław Szafrański,Górnik Zabrze,Obrońca,3%,0.7,,33,WPŁ (W),0,0,0,0,0,0,0,False
2600,Radosław Szafrański,Górnik Zabrze,Obrońca,3%,0.7,,34,RAD (D),0,0,0,0,0,0,0,False
2603,Oscar Kubiak,Arka Gdynia,Pomocnik,9%,1.4,,19,RAD (W),90,0,0,0,0,0,2,True
2603,Oscar Kubiak,Arka Gdynia,Pomocnik,9%,1.4,,20,LEG (D),0,0,0,0,0,0,0,False
2603,Oscar Kubiak,Arka Gdynia,Pomocnik,9%,1.4,,21,POG (W),27,0,0,0,0,0,1,True
2603,Oscar Kubiak,Arka Gdynia,Pomocnik,9%,1.4,,22,GKS (D),90,0,0,0,1,0,2,True
2603,Oscar Kubiak,Arka Gdynia,Pomocnik,9%,1.4,,23,LGD (D),90,1,0,0,0,0,8,True
2603,Oscar Kubiak,Arka Gdynia,Pomocnik,9%,1.4,,24,WPŁ (W),90,0,0,0,0,0,4,True
2603,Oscar Kubiak,Arka Gdynia,Pomocnik,9%,1.4,,25,WID (D),90,0,0,0,0,0,3,True
2603,Oscar Kubiak,Arka Gdynia,Pomocnik,9%,1.4,,26,KOR (W),45,0,0,0,0,0,2,True
2603,Oscar Kubiak,Arka Gdynia,Pomocnik,9%,1.4,,27,ZAG (D),90,1,0,0,0,0,9,True
2603,Oscar Kubiak,Arka Gdynia,Pomocnik,9%,1.4,,28,CRA (W),73,1,0,0,0,0,8,True
2603,Oscar Kubiak,Arka Gdynia,Pomocnik,9%,1.4,,29,JAG (D),86,0,0,0,0,0,2,True
2603,Oscar Kubiak,Arka Gdynia,Pomocnik,9%,1.4,,30,PIA (W),23,0,0,0,0,0,2,True
2603,Oscar Kubiak,Arka Gdynia,Pomocnik,9%,1.4,,32,GÓR (D),18,0,0,0,0,0,1,True
2603,Oscar Kubiak,Arka Gdynia,Pomocnik,9%,1.4,,32,LPO (W),61,0,0,0,0,0,2,True
2603,Oscar Kubiak,Arka Gdynia,Pomocnik,9%,1.4,,33,BBT (D),79,0,1,0,0,0,5,True
2603,Oscar Kubiak,Arka Gdynia,Pomocnik,9%,1.4,,34,RCZ (W),0,0,0,0,0,0,0,False
2606,Kike Hermoso,Arka Gdynia,Obrońca,0%,1.7,,19,RAD (W),0,0,0,0,0,0,0,False
2606,Kike Hermoso,Arka Gdynia,Obrońca,0%,1.7,,20,LEG (D),0,0,0,0,0,0,0,False
2606,Kike Hermoso,Arka Gdynia,Obrońca,0%,1.7,,21,POG (W),0,0,0,0,0,0,0,False
2606,Kike Hermoso,Arka Gdynia,Obrońca,0%,1.7,,22,GKS (D),0,0,0,0,0,0,0,False
2606,Kike Hermoso,Arka Gdynia,Obrońca,0%,1.7,,23,LGD (D),90,0,1,0,0,0,6,True
2606,Kike Hermoso,Arka Gdynia,Obrońca,0%,1.7,,24,WPŁ (W),0,0,0,0,0,0,0,False
2606,Kike Hermoso,Arka Gdynia,Obrońca,0%,1.7,,25,WID (D),0,0,0,0,0,0,0,False
2606,Kike Hermoso,Arka Gdynia,Obrońca,0%,1.7,,26,KOR (W),0,0,0,0,0,0,0,False
2606,Kike Hermoso,Arka Gdynia,Obrońca,0%,1.7,,27,ZAG (D),90,0,0,0,0,0,3,True
2606,Kike Hermoso,Arka Gdynia,Obrońca,0%,1.7,,28,CRA (W),90,0,0,0,0,0,1,True
2606,Kike Hermoso,Arka Gdynia,Obrońca,0%,1.7,,29,JAG (D),90,0,0,0,0,0,0,True
2606,Kike Hermoso,Arka Gdynia,Obrońca,0%,1.7,,30,PIA (W),0,0,0,0,0,0,0,False
2606,Kike Hermoso,Arka Gdynia,Obrońca,0%,1.7,,32,GÓR (D),90,0,0,0,0,0,5,True
2606,Kike Hermoso,Arka Gdynia,Obrońca,0%,1.7,,32,LPO (W),90,1,0,0,0,0,9,True
2606,Kike Hermoso,Arka Gdynia,Obrońca,0%,1.7,,33,BBT (D),90,0,0,0,1,0,-1,True
2606,Kike Hermoso,Arka Gdynia,Obrońca,0%,1.7,,34,RCZ (W),0,0,0,0,0,0,0,False
2608,Volodymyr Vereshchak,Arka Gdynia,Obrońca,8%,0.7,,19,RAD (W),0,0,0,0,0,0,0,False
2608,Volodymyr Vereshchak,Arka Gdynia,Obrońca,8%,0.7,,20,LEG (D),0,0,0,0,0,0,0,False
2608,Volodymyr Vereshchak,Arka Gdynia,Obrońca,8%,0.7,,21,POG (W),0,0,0,0,0,0,0,False
2608,Volodymyr Vereshchak,Arka Gdynia,Obrońca,8%,0.7,,22,GKS (D),0,0,0,0,0,0,0,False
2608,Volodymyr Vereshchak,Arka Gdynia,Obrońca,8%,0.7,,23,LGD (D),0,0,0,0,0,0,0,False
2608,Volodymyr Vereshchak,Arka Gdynia,Obrońca,8%,0.7,,24,WPŁ (W),0,0,0,0,0,0,0,False
2608,Volodymyr Vereshchak,Arka Gdynia,Obrońca,8%,0.7,,25,WID (D),0,0,0,0,0,0,0,False
2608,Volodymyr Vereshchak,Arka Gdynia,Obrońca,8%,0.7,,26,KOR (W),0,0,0,0,0,0,0,False
2608,Volodymyr Vereshchak,Arka Gdynia,Obrońca,8%,0.7,,27,ZAG (D),0,0,0,0,0,0,0,False
2608,Volodymyr Vereshchak,Arka Gdynia,Obrońca,8%,0.7,,28,CRA (W),0,0,0,0,0,0,0,False
2608,Volodymyr Vereshchak,Arka Gdynia,Obrońca,8%,0.7,,29,JAG (D),0,0,0,0,0,0,0,False
2608,Volodymyr Vereshchak,Arka Gdynia,Obrońca,8%,0.7,,30,PIA (W),0,0,0,0,0,0,0,False
2608,Volodymyr Vereshchak,Arka Gdynia,Obrońca,8%,0.7,,32,GÓR (D),0,0,0,0,0,0,0,False
2608,Volodymyr Vereshchak,Arka Gdynia,Obrońca,8%,0.7,,32,LPO (W),0,0,0,0,0,0,0,False
2608,Volodymyr Vereshchak,Arka Gdynia,Obrońca,8%,0.7,,33,BBT (D),0,0,0,0,0,0,0,False
2608,Volodymyr Vereshchak,Arka Gdynia,Obrońca,8%,0.7,,34,RCZ (W),0,0,0,0,0,0,0,False
2609,Dawid Gojny,Arka Gdynia,Obrońca,1%,1.7,,19,RAD (W),90,1,0,0,1,0,5,True
2609,Dawid Gojny,Arka Gdynia,Obrońca,1%,1.7,,20,LEG (D),90,0,0,0,0,0,1,True
2609,Dawid Gojny,Arka Gdynia,Obrońca,1%,1.7,,21,POG (W),86,0,0,0,0,0,2,True
2609,Dawid Gojny,Arka Gdynia,Obrońca,1%,1.7,,22,GKS (D),90,0,0,0,0,0,3,True
2609,Dawid Gojny,Arka Gdynia,Obrońca,1%,1.7,,23,LGD (D),90,0,0,0,0,0,1,True
2609,Dawid Gojny,Arka Gdynia,Obrońca,1%,1.7,,24,WPŁ (W),90,0,0,0,0,0,6,True
2609,Dawid Gojny,Arka Gdynia,Obrońca,1%,1.7,,25,WID (D),90,0,0,0,0,0,5,True
2609,Dawid Gojny,Arka Gdynia,Obrońca,1%,1.7,,26,KOR (W),90,0,0,0,0,0,0,True
2609,Dawid Gojny,Arka Gdynia,Obrońca,1%,1.7,,27,ZAG (D),90,0,0,0,0,0,3,True
2609,Dawid Gojny,Arka Gdynia,Obrońca,1%,1.7,,28,CRA (W),90,0,1,0,0,0,5,True
2609,Dawid Gojny,Arka Gdynia,Obrońca,1%,1.7,,29,JAG (D),90,0,0,0,1,0,-1,True
2609,Dawid Gojny,Arka Gdynia,Obrońca,1%,1.7,,30,PIA (W),90,0,0,0,0,0,-1,True
2609,Dawid Gojny,Arka Gdynia,Obrońca,1%,1.7,,32,GÓR (D),0,0,0,0,0,0,0,False
2609,Dawid Gojny,Arka Gdynia,Obrońca,1%,1.7,,32,LPO (W),90,0,0,0,1,0,1,True
2609,Dawid Gojny,Arka Gdynia,Obrońca,1%,1.7,,33,BBT (D),11,0,0,0,0,0,1,True
2609,Dawid Gojny,Arka Gdynia,Obrońca,1%,1.7,,34,RCZ (W),0,0,0,0,0,0,0,False
2616,Kamil Jakubczyk,Arka Gdynia,Pomocnik,0%,1.7,,19,RAD (W),79,0,0,0,0,0,1,True
2616,Kamil Jakubczyk,Arka Gdynia,Pomocnik,0%,1.7,,20,LEG (D),82,0,0,0,0,0,2,True
2616,Kamil Jakubczyk,Arka Gdynia,Pomocnik,0%,1.7,,21,POG (W),86,0,0,0,1,0,1,True
2616,Kamil Jakubczyk,Arka Gdynia,Pomocnik,0%,1.7,,22,GKS (D),0,0,0,0,0,0,0,False
2616,Kamil Jakubczyk,Arka Gdynia,Pomocnik,0%,1.7,,23,LGD (D),80,0,0,0,0,0,2,True
2616,Kamil Jakubczyk,Arka Gdynia,Pomocnik,0%,1.7,,24,WPŁ (W),90,0,0,0,0,0,4,True
2616,Kamil Jakubczyk,Arka Gdynia,Pomocnik,0%,1.7,,25,WID (D),90,0,0,0,0,0,3,True
2616,Kamil Jakubczyk,Arka Gdynia,Pomocnik,0%,1.7,,26,KOR (W),90,0,0,0,0,0,2,True
2616,Kamil Jakubczyk,Arka Gdynia,Pomocnik,0%,1.7,,27,ZAG (D),72,0,0,0,1,0,2,True
2616,Kamil Jakubczyk,Arka Gdynia,Pomocnik,0%,1.7,,28,CRA (W),82,0,0,0,0,0,2,True
2616,Kamil Jakubczyk,Arka Gdynia,Pomocnik,0%,1.7,,29,JAG (D),90,0,0,0,0,0,2,True
2616,Kamil Jakubczyk,Arka Gdynia,Pomocnik,0%,1.7,,30,PIA (W),45,0,0,0,0,0,1,True
2616,Kamil Jakubczyk,Arka Gdynia,Pomocnik,0%,1.7,,32,GÓR (D),90,0,0,0,0,0,3,True
2616,Kamil Jakubczyk,Arka Gdynia,Pomocnik,0%,1.7,,32,LPO (W),90,0,0,0,0,0,2,True
2616,Kamil Jakubczyk,Arka Gdynia,Pomocnik,0%,1.7,,33,BBT (D),90,0,0,0,0,0,2,True
2616,Kamil Jakubczyk,Arka Gdynia,Pomocnik,0%,1.7,,34,RCZ (W),0,0,0,0,0,0,0,False
2623,Eric Topór,Bruk-Bet Termalica Nieciecza,Bramkarz,5%,0.7,,19,CRA (D),0,0,0,0,0,0,0,False
2623,Eric Topór,Bruk-Bet Termalica Nieciecza,Bramkarz,5%,0.7,,20,POG (W),0,0,0,0,0,0,0,False
2623,Eric Topór,Bruk-Bet Termalica Nieciecza,Bramkarz,5%,0.7,,21,GÓR (D),0,0,0,0,0,0,0,False
2623,Eric Topór,Bruk-Bet Termalica Nieciecza,Bramkarz,5%,0.7,,22,RCZ (W),0,0,0,0,0,0,0,False
2623,Eric Topór,Bruk-Bet Termalica Nieciecza,Bramkarz,5%,0.7,,23,RAD (D),0,0,0,0,0,0,0,False
2623,Eric Topór,Bruk-Bet Termalica Nieciecza,Bramkarz,5%,0.7,,24,KOR (W),0,0,0,0,0,0,0,False
2623,Eric Topór,Bruk-Bet Termalica Nieciecza,Bramkarz,5%,0.7,,25,MOT (D),0,0,0,0,0,0,0,False
2623,Eric Topór,Bruk-Bet Termalica Nieciecza,Bramkarz,5%,0.7,,26,LPO (W),0,0,0,0,0,0,0,False
2623,Eric Topór,Bruk-Bet Termalica Nieciecza,Bramkarz,5%,0.7,,27,PIA (D),0,0,0,0,0,0,0,False
2623,Eric Topór,Bruk-Bet Termalica Nieciecza,Bramkarz,5%,0.7,,28,WID (W),0,0,0,0,0,0,0,False
2623,Eric Topór,Bruk-Bet Termalica Nieciecza,Bramkarz,5%,0.7,,29,WPŁ (D),0,0,0,0,0,0,0,False
2623,Eric Topór,Bruk-Bet Termalica Nieciecza,Bramkarz,5%,0.7,,30,ZAG (W),0,0,0,0,0,0,0,False
2623,Eric Topór,Bruk-Bet Termalica Nieciecza,Bramkarz,5%,0.7,,31,GKS (W),0,0,0,0,0,0,0,False
2623,Eric Topór,Bruk-Bet Termalica Nieciecza,Bramkarz,5%,0.7,,32,LEG (D),0,0,0,0,0,0,0,False
2623,Eric Topór,Bruk-Bet Termalica Nieciecza,Bramkarz,5%,0.7,,33,ARK (W),0,0,0,0,0,0,0,False
2623,Eric Topór,Bruk-Bet Termalica Nieciecza,Bramkarz,5%,0.7,,34,LGD (D),0,0,0,0,0,0,0,False
2643,Filip Zając,Wisła Płock,Obrońca,4%,0.7,,19,RCZ (D),0,0,0,0,0,0,0,False
2643,Filip Zając,Wisła Płock,Obrońca,4%,0.7,,20,PIA (W),0,0,0,0,0,0,0,False
2643,Filip Zając,Wisła Płock,Obrońca,4%,0.7,,21,WID (D),0,0,0,0,0,0,0,False
2643,Filip Zając,Wisła Płock,Obrońca,4%,0.7,,22,LEG (W),0,0,0,0,0,0,0,False
2643,Filip Zając,Wisła Płock,Obrońca,4%,0.7,,23,ZAG (W),0,0,0,0,0,0,0,False
2643,Filip Zając,Wisła Płock,Obrońca,4%,0.7,,24,ARK (D),0,0,0,0,0,0,0,False
2643,Filip Zając,Wisła Płock,Obrońca,4%,0.7,,25,CRA (W),0,0,0,0,0,0,0,False
2643,Filip Zając,Wisła Płock,Obrońca,4%,0.7,,26,JAG (W),0,0,0,0,0,0,0,False
2643,Filip Zając,Wisła Płock,Obrońca,4%,0.7,,27,GKS (W),0,0,0,0,0,0,0,False
2643,Filip Zając,Wisła Płock,Obrońca,4%,0.7,,28,LGD (D),0,0,0,0,0,0,0,False
2643,Filip Zając,Wisła Płock,Obrońca,4%,0.7,,29,BBT (W),0,0,0,0,0,0,0,False
2643,Filip Zając,Wisła Płock,Obrońca,4%,0.7,,30,RAD (D),0,0,0,0,0,0,0,False
2643,Filip Zając,Wisła Płock,Obrońca,4%,0.7,,31,POG (W),0,0,0,0,0,0,0,False
2643,Filip Zając,Wisła Płock,Obrońca,4%,0.7,,32,MOT (D),0,0,0,0,0,0,0,False
2643,Filip Zając,Wisła Płock,Obrońca,4%,0.7,,33,GÓR (D),0,0,0,0,0,0,0,False
2643,Filip Zając,Wisła Płock,Obrońca,4%,0.7,,34,LPO (W),0,0,0,0,0,0,0,False
2659,Marcel Łubik,Górnik Zabrze,Bramkarz,14%,1.9,,19,PIA (D),90,0,0,0,0,0,3,True
2659,Marcel Łubik,Górnik Zabrze,Bramkarz,14%,1.9,,20,LPO (D),90,0,0,2,0,0,2,True
2659,Marcel Łubik,Górnik Zabrze,Bramkarz,14%,1.9,,21,BBT (W),90,0,0,2,0,0,2,True
2659,Marcel Łubik,Górnik Zabrze,Bramkarz,14%,1.9,,22,POG (D),90,0,0,1,0,0,2,True
2659,Marcel Łubik,Górnik Zabrze,Bramkarz,14%,1.9,,23,GKS (W),90,0,0,3,0,0,1,True
2659,Marcel Łubik,Górnik Zabrze,Bramkarz,14%,1.9,,24,MOT (W),90,0,0,0,0,0,5,True
2659,Marcel Łubik,Górnik Zabrze,Bramkarz,14%,1.9,,25,RCZ (D),90,0,0,2,0,0,3,True
2659,Marcel Łubik,Górnik Zabrze,Bramkarz,14%,1.9,,26,WID (W),90,0,0,0,0,0,5,True
2659,Marcel Łubik,Górnik Zabrze,Bramkarz,14%,1.9,,27,CRA (D),90,0,0,3,0,0,7,True
2659,Marcel Łubik,Górnik Zabrze,Bramkarz,14%,1.9,,28,LEG (W),90,0,0,0,0,0,2,True
2659,Marcel Łubik,Górnik Zabrze,Bramkarz,14%,1.9,,29,KOR (D),90,0,0,3,0,0,7,True
2659,Marcel Łubik,Górnik Zabrze,Bramkarz,14%,1.9,,30,JAG (W),90,0,0,7,0,0,5,True
2659,Marcel Łubik,Górnik Zabrze,Bramkarz,14%,1.9,,32,ARK (W),90,0,0,2,0,0,5,True
2659,Marcel Łubik,Górnik Zabrze,Bramkarz,14%,1.9,,32,ZAG (D),90,0,0,4,0,0,2,True
2659,Marcel Łubik,Górnik Zabrze,Bramkarz,14%,1.9,,33,WPŁ (W),90,0,0,1,0,0,6,True
2659,Marcel Łubik,Górnik Zabrze,Bramkarz,14%,1.9,,34,RAD (D),0,0,0,0,0,0,0,False
2671,Karol Czubak,Motor Lublin,Napastnik,36%,2.9,,19,POG (D),73,1,0,0,0,0,7,True
2671,Karol Czubak,Motor Lublin,Napastnik,36%,2.9,,20,JAG (W),67,0,0,0,0,0,2,True
2671,Karol Czubak,Motor Lublin,Napastnik,36%,2.9,,21,LGD (D),90,0,0,0,0,0,0,True
2671,Karol Czubak,Motor Lublin,Napastnik,36%,2.9,,22,PIA (W),71,1,0,0,0,0,7,True
2671,Karol Czubak,Motor Lublin,Napastnik,36%,2.9,,23,KOR (D),82,1,0,0,0,0,7,True
2671,Karol Czubak,Motor Lublin,Napastnik,36%,2.9,,24,GÓR (D),73,0,0,0,0,0,2,True
2671,Karol Czubak,Motor Lublin,Napastnik,36%,2.9,,25,BBT (W),75,1,0,0,0,0,7,True
2671,Karol Czubak,Motor Lublin,Napastnik,36%,2.9,,26,ZAG (D),90,0,1,0,0,0,6,True
2671,Karol Czubak,Motor Lublin,Napastnik,36%,2.9,,27,RAD (W),90,1,0,0,0,0,6,True
2671,Karol Czubak,Motor Lublin,Napastnik,36%,2.9,,28,RCZ (D),79,0,0,0,0,0,2,True
2671,Karol Czubak,Motor Lublin,Napastnik,36%,2.9,,29,GKS (W),90,1,0,0,1,1,3,True
2671,Karol Czubak,Motor Lublin,Napastnik,36%,2.9,,30,WID (W),90,0,0,0,0,0,2,True
2671,Karol Czubak,Motor Lublin,Napastnik,36%,2.9,,31,LPO (D),77,0,0,0,0,0,2,True
2671,Karol Czubak,Motor Lublin,Napastnik,36%,2.9,,32,WPŁ (W),77,1,0,0,1,0,7,True
2671,Karol Czubak,Motor Lublin,Napastnik,36%,2.9,,33,CRA (D),90,2,0,0,0,0,10,True
2671,Karol Czubak,Motor Lublin,Napastnik,36%,2.9,,34,LEG (W),0,0,0,0,0,0,0,False
2675,Quentin Boisgard,Piast Gliwice,Pomocnik,0%,1.7,,19,GÓR (W),90,1,0,0,0,0,7,True
2675,Quentin Boisgard,Piast Gliwice,Pomocnik,0%,1.7,,19,LPO (D),13,0,0,0,0,0,3,True
2675,Quentin Boisgard,Piast Gliwice,Pomocnik,0%,1.7,,20,WPŁ (D),0,0,0,0,0,0,0,False
2675,Quentin Boisgard,Piast Gliwice,Pomocnik,0%,1.7,,21,LPO (W),0,0,0,0,0,0,0,False
2675,Quentin Boisgard,Piast Gliwice,Pomocnik,0%,1.7,,22,MOT (D),0,0,0,0,0,0,0,False
2675,Quentin Boisgard,Piast Gliwice,Pomocnik,0%,1.7,,23,CRA (W),72,0,0,0,0,0,3,True
2675,Quentin Boisgard,Piast Gliwice,Pomocnik,0%,1.7,,24,ZAG (D),0,0,0,0,0,0,0,False
2675,Quentin Boisgard,Piast Gliwice,Pomocnik,0%,1.7,,25,JAG (W),0,0,0,0,0,0,0,False
2675,Quentin Boisgard,Piast Gliwice,Pomocnik,0%,1.7,,26,RAD (D),0,0,0,0,0,0,0,False
2675,Quentin Boisgard,Piast Gliwice,Pomocnik,0%,1.7,,27,BBT (W),0,0,0,0,0,0,0,False
2675,Quentin Boisgard,Piast Gliwice,Pomocnik,0%,1.7,,28,POG (D),29,0,0,0,0,0,1,True
2675,Quentin Boisgard,Piast Gliwice,Pomocnik,0%,1.7,,29,LGD (W),0,0,0,0,0,0,0,False
2675,Quentin Boisgard,Piast Gliwice,Pomocnik,0%,1.7,,30,ARK (D),68,1,0,0,0,0,8,True
2675,Quentin Boisgard,Piast Gliwice,Pomocnik,0%,1.7,,31,KOR (W),80,0,0,0,0,0,2,True
2675,Quentin Boisgard,Piast Gliwice,Pomocnik,0%,1.7,,32,GKS (D),85,0,0,0,0,0,3,True
2675,Quentin Boisgard,Piast Gliwice,Pomocnik,0%,1.7,,33,RCZ (D),45,0,0,0,0,0,2,True
2675,Quentin Boisgard,Piast Gliwice,Pomocnik,0%,1.7,,34,WID (W),0,0,0,0,0,0,0,False
2679,Paul Mukairu,Pogoń Szczecin,Pomocnik,8%,2.1,,19,MOT (W),90,0,0,0,0,0,2,True
2679,Paul Mukairu,Pogoń Szczecin,Pomocnik,8%,2.1,,20,BBT (D),90,0,0,0,0,0,2,True
2679,Paul Mukairu,Pogoń Szczecin,Pomocnik,8%,2.1,,21,ARK (D),90,1,0,0,0,0,10,True
2679,Paul Mukairu,Pogoń Szczecin,Pomocnik,8%,2.1,,22,GÓR (W),90,0,0,0,0,0,4,True
2679,Paul Mukairu,Pogoń Szczecin,Pomocnik,8%,2.1,,23,WID (D),87,0,0,0,0,0,4,True
2679,Paul Mukairu,Pogoń Szczecin,Pomocnik,8%,2.1,,24,RCZ (W),90,0,0,0,0,0,2,True
2679,Paul Mukairu,Pogoń Szczecin,Pomocnik,8%,2.1,,25,KOR (D),90,0,0,0,0,0,3,True
2679,Paul Mukairu,Pogoń Szczecin,Pomocnik,8%,2.1,,26,LGD (W),90,1,0,0,0,0,7,True
2679,Paul Mukairu,Pogoń Szczecin,Pomocnik,8%,2.1,,27,LEG (D),90,0,0,0,0,0,2,True
2679,Paul Mukairu,Pogoń Szczecin,Pomocnik,8%,2.1,,28,PIA (W),90,1,0,0,0,0,9,True
2679,Paul Mukairu,Pogoń Szczecin,Pomocnik,8%,2.1,,29,LPO (D),90,1,0,0,0,0,7,True
2679,Paul Mukairu,Pogoń Szczecin,Pomocnik,8%,2.1,,30,CRA (W),87,0,0,0,0,0,2,True
2679,Paul Mukairu,Pogoń Szczecin,Pomocnik,8%,2.1,,31,WPŁ (D),82,0,0,1,0,0,6,True
2679,Paul Mukairu,Pogoń Szczecin,Pomocnik,8%,2.1,,32,JAG (W),90,0,0,0,0,0,2,True
2679,Paul Mukairu,Pogoń Szczecin,Pomocnik,8%,2.1,,33,ZAG (W),74,0,0,0,0,0,4,True
2679,Paul Mukairu,Pogoń Szczecin,Pomocnik,8%,2.1,,34,GKS (D),0,0,0,0,0,0,0,False
2696,Mateusz Głowiński,Korona Kielce,Napastnik,3%,0.7,,19,LEG (W),0,0,0,0,0,0,0,False
2696,Mateusz Głowiński,Korona Kielce,Napastnik,3%,0.7,,20,ZAG (D),0,0,0,0,0,0,0,False
2696,Mateusz Głowiński,Korona Kielce,Napastnik,3%,0.7,,21,RAD (W),0,0,0,0,0,0,0,False
2696,Mateusz Głowiński,Korona Kielce,Napastnik,3%,0.7,,22,LPO (D),0,0,0,0,0,0,0,False
2696,Mateusz Głowiński,Korona Kielce,Napastnik,3%,0.7,,23,MOT (W),0,0,0,0,0,0,0,False
2696,Mateusz Głowiński,Korona Kielce,Napastnik,3%,0.7,,24,BBT (D),0,0,0,0,0,0,0,False
2696,Mateusz Głowiński,Korona Kielce,Napastnik,3%,0.7,,25,POG (W),0,0,0,0,0,0,0,False
2696,Mateusz Głowiński,Korona Kielce,Napastnik,3%,0.7,,26,ARK (D),0,0,0,0,0,0,0,False
2696,Mateusz Głowiński,Korona Kielce,Napastnik,3%,0.7,,27,LGD (W),0,0,0,0,0,0,0,False
2696,Mateusz Głowiński,Korona Kielce,Napastnik,3%,0.7,,28,JAG (D),0,0,0,0,0,0,0,False
2696,Mateusz Głowiński,Korona Kielce,Napastnik,3%,0.7,,29,GÓR (W),0,0,0,0,0,0,0,False
2696,Mateusz Głowiński,Korona Kielce,Napastnik,3%,0.7,,30,GKS (D),0,0,0,0,0,0,0,False
2696,Mateusz Głowiński,Korona Kielce,Napastnik,3%,0.7,,31,PIA (D),0,0,0,0,0,0,0,False
2696,Mateusz Głowiński,Korona Kielce,Napastnik,3%,0.7,,32,RCZ (W),0,0,0,0,0,0,0,False
2696,Mateusz Głowiński,Korona Kielce,Napastnik,3%,0.7,,33,WID (D),0,0,0,0,0,0,0,False
2696,Mateusz Głowiński,Korona Kielce,Napastnik,3%,0.7,,34,CRA (W),0,0,0,0,0,0,0,False
2698,Leo Bengtsson,Lech Poznań,Pomocnik,22%,2.2,,19,LGD (D),63,0,0,0,0,0,2,True
2698,Leo Bengtsson,Lech Poznań,Pomocnik,22%,2.2,,19,PIA (W),61,0,0,0,0,0,2,True
2698,Leo Bengtsson,Lech Poznań,Pomocnik,22%,2.2,,20,GÓR (W),77,0,1,0,1,0,6,True
2698,Leo Bengtsson,Lech Poznań,Pomocnik,22%,2.2,,21,PIA (D),62,0,0,0,0,0,4,True
2698,Leo Bengtsson,Lech Poznań,Pomocnik,22%,2.2,,22,KOR (W),64,0,1,0,0,0,6,True
2698,Leo Bengtsson,Lech Poznań,Pomocnik,22%,2.2,,23,RCZ (D),69,0,0,0,0,0,3,True
2698,Leo Bengtsson,Lech Poznań,Pomocnik,22%,2.2,,24,WID (W),71,0,0,0,0,0,2,True
2698,Leo Bengtsson,Lech Poznań,Pomocnik,22%,2.2,,25,ZAG (W),90,0,0,1,0,0,6,True
2698,Leo Bengtsson,Lech Poznań,Pomocnik,22%,2.2,,26,BBT (D),84,2,0,0,0,0,14,True
2698,Leo Bengtsson,Lech Poznań,Pomocnik,22%,2.2,,27,JAG (W),89,0,0,0,0,0,3,True
2698,Leo Bengtsson,Lech Poznań,Pomocnik,22%,2.2,,28,GKS (D),68,0,0,0,0,0,2,True
2698,Leo Bengtsson,Lech Poznań,Pomocnik,22%,2.2,,29,POG (W),0,0,0,0,0,0,0,False
2698,Leo Bengtsson,Lech Poznań,Pomocnik,22%,2.2,,30,LEG (D),90,0,0,0,0,0,4,True
2698,Leo Bengtsson,Lech Poznań,Pomocnik,22%,2.2,,31,MOT (W),79,1,0,0,0,0,10,True
2698,Leo Bengtsson,Lech Poznań,Pomocnik,22%,2.2,,32,ARK (D),64,0,0,0,0,0,2,True
2698,Leo Bengtsson,Lech Poznań,Pomocnik,22%,2.2,,33,RAD (W),78,0,1,0,1,0,5,True
2698,Leo Bengtsson,Lech Poznań,Pomocnik,22%,2.2,,34,WPŁ (D),0,0,0,0,0,0,0,False
2706,Patryk Kukulski,Motor Lublin,Bramkarz,3%,0.7,,19,POG (D),0,0,0,0,0,0,0,False
2706,Patryk Kukulski,Motor Lublin,Bramkarz,3%,0.7,,20,JAG (W),0,0,0,0,0,0,0,False
2706,Patryk Kukulski,Motor Lublin,Bramkarz,3%,0.7,,21,LGD (D),0,0,0,0,0,0,0,False
2706,Patryk Kukulski,Motor Lublin,Bramkarz,3%,0.7,,22,PIA (W),0,0,0,0,0,0,0,False
2706,Patryk Kukulski,Motor Lublin,Bramkarz,3%,0.7,,23,KOR (D),0,0,0,0,0,0,0,False
2706,Patryk Kukulski,Motor Lublin,Bramkarz,3%,0.7,,24,GÓR (D),0,0,0,0,0,0,0,False
2706,Patryk Kukulski,Motor Lublin,Bramkarz,3%,0.7,,25,BBT (W),0,0,0,0,0,0,0,False
2706,Patryk Kukulski,Motor Lublin,Bramkarz,3%,0.7,,26,ZAG (D),0,0,0,0,0,0,0,False
2706,Patryk Kukulski,Motor Lublin,Bramkarz,3%,0.7,,27,RAD (W),0,0,0,0,0,0,0,False
2706,Patryk Kukulski,Motor Lublin,Bramkarz,3%,0.7,,28,RCZ (D),0,0,0,0,0,0,0,False
2706,Patryk Kukulski,Motor Lublin,Bramkarz,3%,0.7,,29,GKS (W),0,0,0,0,0,0,0,False
2706,Patryk Kukulski,Motor Lublin,Bramkarz,3%,0.7,,30,WID (W),0,0,0,0,0,0,0,False
2706,Patryk Kukulski,Motor Lublin,Bramkarz,3%,0.7,,31,LPO (D),0,0,0,0,0,0,0,False
2706,Patryk Kukulski,Motor Lublin,Bramkarz,3%,0.7,,32,WPŁ (W),0,0,0,0,0,0,0,False
2706,Patryk Kukulski,Motor Lublin,Bramkarz,3%,0.7,,33,CRA (D),0,0,0,0,0,0,0,False
2706,Patryk Kukulski,Motor Lublin,Bramkarz,3%,0.7,,34,LEG (W),0,0,0,0,0,0,0,False
2707,Alejandro Pozo,Jagiellonia Białystok,Pomocnik,3%,2.0,,19,WID (W),81,0,0,0,0,0,3,True
2707,Alejandro Pozo,Jagiellonia Białystok,Pomocnik,3%,2.0,,19,GKS (D),80,1,0,0,0,0,8,True
2707,Alejandro Pozo,Jagiellonia Białystok,Pomocnik,3%,2.0,,20,MOT (D),59,0,0,0,0,0,3,True
2707,Alejandro Pozo,Jagiellonia Białystok,Pomocnik,3%,2.0,,21,CRA (W),62,0,0,0,0,0,3,True
2707,Alejandro Pozo,Jagiellonia Białystok,Pomocnik,3%,2.0,,22,RAD (D),32,0,0,0,1,0,0,True
2707,Alejandro Pozo,Jagiellonia Białystok,Pomocnik,3%,2.0,,23,LEG (D),85,0,0,0,0,0,2,True
2707,Alejandro Pozo,Jagiellonia Białystok,Pomocnik,3%,2.0,,24,LGD (W),90,0,0,0,0,0,2,True
2707,Alejandro Pozo,Jagiellonia Białystok,Pomocnik,3%,2.0,,25,PIA (D),45,0,0,0,0,0,1,True
2707,Alejandro Pozo,Jagiellonia Białystok,Pomocnik,3%,2.0,,26,WPŁ (D),78,0,0,0,0,0,2,True
2707,Alejandro Pozo,Jagiellonia Białystok,Pomocnik,3%,2.0,,27,LPO (D),90,0,0,0,0,0,3,True
2707,Alejandro Pozo,Jagiellonia Białystok,Pomocnik,3%,2.0,,28,KOR (W),79,0,0,0,0,0,2,True
2707,Alejandro Pozo,Jagiellonia Białystok,Pomocnik,3%,2.0,,29,ARK (W),79,0,1,0,1,0,6,True
2707,Alejandro Pozo,Jagiellonia Białystok,Pomocnik,3%,2.0,,30,GÓR (D),0,0,0,0,0,0,0,False
2707,Alejandro Pozo,Jagiellonia Białystok,Pomocnik,3%,2.0,,32,RCZ (W),80,0,0,0,0,0,4,True
2707,Alejandro Pozo,Jagiellonia Białystok,Pomocnik,3%,2.0,,32,POG (D),89,0,1,0,0,0,6,True
2707,Alejandro Pozo,Jagiellonia Białystok,Pomocnik,3%,2.0,,33,GKS (W),76,0,0,0,0,0,2,True
2707,Alejandro Pozo,Jagiellonia Białystok,Pomocnik,3%,2.0,,34,ZAG (D),0,0,0,0,0,0,0,False
2708,Mileta Rajović,Legia Warszawa,Napastnik,6%,1.8,,19,KOR (D),90,0,0,0,0,0,-1,True
2708,Mileta Rajović,Legia Warszawa,Napastnik,6%,1.8,,20,ARK (W),90,0,0,0,0,0,2,True
2708,Mileta Rajović,Legia Warszawa,Napastnik,6%,1.8,,21,GKS (W),31,0,0,0,0,0,1,True
2708,Mileta Rajović,Legia Warszawa,Napastnik,6%,1.8,,22,WPŁ (D),90,0,0,0,0,0,3,True
2708,Mileta Rajović,Legia Warszawa,Napastnik,6%,1.8,,23,JAG (W),74,0,0,0,0,0,2,True
2708,Mileta Rajović,Legia Warszawa,Napastnik,6%,1.8,,24,CRA (D),66,1,0,0,0,0,6,True
2708,Mileta Rajović,Legia Warszawa,Napastnik,6%,1.8,,25,RAD (W),65,0,0,0,0,0,2,True
2708,Mileta Rajović,Legia Warszawa,Napastnik,6%,1.8,,26,RCZ (D),17,0,0,0,0,0,1,True
2708,Mileta Rajović,Legia Warszawa,Napastnik,6%,1.8,,27,POG (W),89,2,0,0,0,0,12,True
2708,Mileta Rajović,Legia Warszawa,Napastnik,6%,1.8,,28,GÓR (D),85,0,0,0,1,0,1,True
2708,Mileta Rajović,Legia Warszawa,Napastnik,6%,1.8,,29,ZAG (D),90,0,0,0,0,0,3,True
2708,Mileta Rajović,Legia Warszawa,Napastnik,6%,1.8,,30,LPO (W),90,0,0,0,0,0,2,True
2708,Mileta Rajović,Legia Warszawa,Napastnik,6%,1.8,,31,WID (D),90,0,0,0,0,0,3,True
2708,Mileta Rajović,Legia Warszawa,Napastnik,6%,1.8,,32,BBT (W),17,0,0,0,0,0,2,True
2708,Mileta Rajović,Legia Warszawa,Napastnik,6%,1.8,,33,LGD (W),0,0,0,0,0,0,0,False
2708,Mileta Rajović,Legia Warszawa,Napastnik,6%,1.8,,34,MOT (D),0,0,0,0,0,0,0,False
2724,Roberto Massimo,Górnik Zabrze,Pomocnik,0%,1.7,,19,PIA (D),0,0,0,0,0,0,0,False
2724,Roberto Massimo,Górnik Zabrze,Pomocnik,0%,1.7,,20,LPO (D),0,0,0,0,0,0,0,False
2724,Roberto Massimo,Górnik Zabrze,Pomocnik,0%,1.7,,21,BBT (W),7,0,0,0,0,0,1,True
2724,Roberto Massimo,Górnik Zabrze,Pomocnik,0%,1.7,,22,POG (D),0,0,0,0,0,0,0,False
2724,Roberto Massimo,Górnik Zabrze,Pomocnik,0%,1.7,,23,GKS (W),23,0,0,0,0,0,1,True
2724,Roberto Massimo,Górnik Zabrze,Pomocnik,0%,1.7,,24,MOT (W),0,0,0,0,0,0,0,False
2724,Roberto Massimo,Górnik Zabrze,Pomocnik,0%,1.7,,25,RCZ (D),0,0,0,0,0,0,0,False
2724,Roberto Massimo,Górnik Zabrze,Pomocnik,0%,1.7,,26,WID (W),0,0,0,0,0,0,0,False
2724,Roberto Massimo,Górnik Zabrze,Pomocnik,0%,1.7,,27,CRA (D),0,0,0,0,0,0,0,False
2724,Roberto Massimo,Górnik Zabrze,Pomocnik,0%,1.7,,28,LEG (W),15,0,0,0,0,0,1,True
2724,Roberto Massimo,Górnik Zabrze,Pomocnik,0%,1.7,,29,KOR (D),0,0,0,0,0,0,0,False
2724,Roberto Massimo,Górnik Zabrze,Pomocnik,0%,1.7,,30,JAG (W),84,0,0,0,0,0,3,True
2724,Roberto Massimo,Górnik Zabrze,Pomocnik,0%,1.7,,32,ARK (W),61,0,0,0,0,0,3,True
2724,Roberto Massimo,Górnik Zabrze,Pomocnik,0%,1.7,,32,ZAG (D),0,0,0,0,0,0,0,False
2724,Roberto Massimo,Górnik Zabrze,Pomocnik,0%,1.7,,33,WPŁ (W),5,0,0,0,0,0,2,True
2724,Roberto Massimo,Górnik Zabrze,Pomocnik,0%,1.7,,34,RAD (D),0,0,0,0,0,0,0,False
2727,Natan Ława,Pogoń Szczecin,Pomocnik,7%,0.8,,19,MOT (W),0,0,0,0,0,0,0,False
2727,Natan Ława,Pogoń Szczecin,Pomocnik,7%,0.8,,20,BBT (D),0,0,0,0,0,0,0,False
2727,Natan Ława,Pogoń Szczecin,Pomocnik,7%,0.8,,21,ARK (D),0,0,0,0,0,0,0,False
2727,Natan Ława,Pogoń Szczecin,Pomocnik,7%,0.8,,22,GÓR (W),0,0,0,0,0,0,0,False
2727,Natan Ława,Pogoń Szczecin,Pomocnik,7%,0.8,,23,WID (D),0,0,0,0,0,0,0,False
2727,Natan Ława,Pogoń Szczecin,Pomocnik,7%,0.8,,24,RCZ (W),0,0,0,0,0,0,0,False
2727,Natan Ława,Pogoń Szczecin,Pomocnik,7%,0.8,,25,KOR (D),3,0,0,0,0,0,2,True
2727,Natan Ława,Pogoń Szczecin,Pomocnik,7%,0.8,,26,LGD (W),62,0,0,0,0,0,2,True
2727,Natan Ława,Pogoń Szczecin,Pomocnik,7%,0.8,,27,LEG (D),45,0,0,0,0,0,1,True
2727,Natan Ława,Pogoń Szczecin,Pomocnik,7%,0.8,,28,PIA (W),80,0,0,0,0,0,4,True
2727,Natan Ława,Pogoń Szczecin,Pomocnik,7%,0.8,,29,LPO (D),85,0,0,0,1,0,1,True
2727,Natan Ława,Pogoń Szczecin,Pomocnik,7%,0.8,,30,CRA (W),60,0,0,0,0,0,2,True
2727,Natan Ława,Pogoń Szczecin,Pomocnik,7%,0.8,,31,WPŁ (D),64,0,0,0,0,0,4,True
2727,Natan Ława,Pogoń Szczecin,Pomocnik,7%,0.8,,32,JAG (W),45,0,0,0,0,0,1,True
2727,Natan Ława,Pogoń Szczecin,Pomocnik,7%,0.8,,33,ZAG (W),87,0,0,0,0,0,4,True
2727,Natan Ława,Pogoń Szczecin,Pomocnik,7%,0.8,,34,GKS (D),0,0,0,0,0,0,0,False
2728,Juande Rivas,Piast Gliwice,Obrońca,1%,1.8,,19,GÓR (W),0,0,0,0,0,0,0,False
2728,Juande Rivas,Piast Gliwice,Obrońca,1%,1.8,,19,LPO (D),90,0,0,0,0,0,6,True
2728,Juande Rivas,Piast Gliwice,Obrońca,1%,1.8,,20,WPŁ (D),90,0,0,0,1,0,5,True
2728,Juande Rivas,Piast Gliwice,Obrońca,1%,1.8,,21,LPO (W),90,0,0,0,1,0,-1,True
2728,Juande Rivas,Piast Gliwice,Obrońca,1%,1.8,,22,MOT (D),90,0,0,0,0,0,1,True
2728,Juande Rivas,Piast Gliwice,Obrońca,1%,1.8,,23,CRA (W),90,0,0,0,0,0,2,True
2728,Juande Rivas,Piast Gliwice,Obrońca,1%,1.8,,24,ZAG (D),90,0,0,0,0,0,0,True
2728,Juande Rivas,Piast Gliwice,Obrońca,1%,1.8,,25,JAG (W),90,0,0,0,1,0,2,True
2728,Juande Rivas,Piast Gliwice,Obrońca,1%,1.8,,26,RAD (D),0,0,0,0,0,0,0,False
2728,Juande Rivas,Piast Gliwice,Obrońca,1%,1.8,,27,BBT (W),90,1,0,0,0,0,6,True
2728,Juande Rivas,Piast Gliwice,Obrońca,1%,1.8,,28,POG (D),90,0,0,0,0,0,1,True
2728,Juande Rivas,Piast Gliwice,Obrońca,1%,1.8,,29,LGD (W),90,0,0,0,0,0,2,True
2728,Juande Rivas,Piast Gliwice,Obrońca,1%,1.8,,30,ARK (D),90,0,0,0,0,0,3,True
2728,Juande Rivas,Piast Gliwice,Obrońca,1%,1.8,,31,KOR (W),90,1,0,0,0,0,9,True
2728,Juande Rivas,Piast Gliwice,Obrońca,1%,1.8,,32,GKS (D),90,0,0,0,0,0,5,True
2728,Juande Rivas,Piast Gliwice,Obrońca,1%,1.8,,33,RCZ (D),90,0,0,0,1,0,-1,True
2728,Juande Rivas,Piast Gliwice,Obrońca,1%,1.8,,34,WID (W),0,0,0,0,0,0,0,False
2733,Luis Palma,Lech Poznań,Pomocnik,11%,2.8,,19,LGD (D),27,0,0,0,1,0,0,True
2733,Luis Palma,Lech Poznań,Pomocnik,11%,2.8,,19,PIA (W),61,0,0,0,0,0,0,True
2733,Luis Palma,Lech Poznań,Pomocnik,11%,2.8,,20,GÓR (W),32,0,0,0,0,0,2,True
2733,Luis Palma,Lech Poznań,Pomocnik,11%,2.8,,21,PIA (D),28,0,0,0,0,0,2,True
2733,Luis Palma,Lech Poznań,Pomocnik,11%,2.8,,22,KOR (W),26,0,0,0,0,0,2,True
2733,Luis Palma,Lech Poznań,Pomocnik,11%,2.8,,23,RCZ (D),78,1,0,0,0,0,8,True
2733,Luis Palma,Lech Poznań,Pomocnik,11%,2.8,,24,WID (W),90,0,0,0,0,0,2,True
2733,Luis Palma,Lech Poznań,Pomocnik,11%,2.8,,25,ZAG (W),26,0,0,0,0,0,2,True
2733,Luis Palma,Lech Poznań,Pomocnik,11%,2.8,,26,BBT (D),30,0,0,0,0,0,2,True
2733,Luis Palma,Lech Poznań,Pomocnik,11%,2.8,,27,JAG (W),1,0,0,0,0,0,1,True
2733,Luis Palma,Lech Poznań,Pomocnik,11%,2.8,,28,GKS (D),22,1,1,0,0,0,10,True
2733,Luis Palma,Lech Poznań,Pomocnik,11%,2.8,,29,POG (W),63,1,0,0,0,0,8,True
2733,Luis Palma,Lech Poznań,Pomocnik,11%,2.8,,30,LEG (D),25,0,0,0,0,0,2,True
2733,Luis Palma,Lech Poznań,Pomocnik,11%,2.8,,31,MOT (W),25,0,0,0,0,0,2,True
2733,Luis Palma,Lech Poznań,Pomocnik,11%,2.8,,32,ARK (D),82,1,0,0,0,0,7,True
2733,Luis Palma,Lech Poznań,Pomocnik,11%,2.8,,33,RAD (W),66,1,1,0,0,0,11,True
2733,Luis Palma,Lech Poznań,Pomocnik,11%,2.8,,34,WPŁ (D),0,0,0,0,0,0,0,False
2736,Cyprian Popielec,Zagłębie Lubin,Pomocnik,3%,0.7,,19,GKS (D),0,0,0,0,0,0,0,False
2736,Cyprian Popielec,Zagłębie Lubin,Pomocnik,3%,0.7,,20,KOR (W),0,0,0,0,0,0,0,False
2736,Cyprian Popielec,Zagłębie Lubin,Pomocnik,3%,0.7,,21,RCZ (D),0,0,0,0,0,0,0,False
2736,Cyprian Popielec,Zagłębie Lubin,Pomocnik,3%,0.7,,22,LGD (W),0,0,0,0,0,0,0,False
2736,Cyprian Popielec,Zagłębie Lubin,Pomocnik,3%,0.7,,23,WPŁ (D),0,0,0,0,0,0,0,False
2736,Cyprian Popielec,Zagłębie Lubin,Pomocnik,3%,0.7,,24,PIA (W),0,0,0,0,0,0,0,False
2736,Cyprian Popielec,Zagłębie Lubin,Pomocnik,3%,0.7,,25,LPO (D),0,0,0,0,0,0,0,False
2736,Cyprian Popielec,Zagłębie Lubin,Pomocnik,3%,0.7,,26,MOT (W),0,0,0,0,0,0,0,False
2736,Cyprian Popielec,Zagłębie Lubin,Pomocnik,3%,0.7,,27,ARK (W),0,0,0,0,0,0,0,False
2736,Cyprian Popielec,Zagłębie Lubin,Pomocnik,3%,0.7,,28,RAD (D),0,0,0,0,0,0,0,False
2736,Cyprian Popielec,Zagłębie Lubin,Pomocnik,3%,0.7,,29,LEG (W),0,0,0,0,0,0,0,False
2736,Cyprian Popielec,Zagłębie Lubin,Pomocnik,3%,0.7,,30,BBT (D),0,0,0,0,0,0,0,False
2736,Cyprian Popielec,Zagłębie Lubin,Pomocnik,3%,0.7,,31,CRA (D),0,0,0,0,0,0,0,False
2736,Cyprian Popielec,Zagłębie Lubin,Pomocnik,3%,0.7,,32,GÓR (W),0,0,0,0,0,0,0,False
2736,Cyprian Popielec,Zagłębie Lubin,Pomocnik,3%,0.7,,33,POG (D),0,0,0,0,0,0,0,False
2736,Cyprian Popielec,Zagłębie Lubin,Pomocnik,3%,0.7,,34,JAG (W),0,0,0,0,0,0,0,False
2737,Marko Bulat,Raków Częstochowa,Pomocnik,1%,1.9,,19,WPŁ (W),63,0,0,0,0,0,2,True
2737,Marko Bulat,Raków Częstochowa,Pomocnik,1%,1.9,,20,RAD (D),65,0,0,0,0,0,3,True
2737,Marko Bulat,Raków Częstochowa,Pomocnik,1%,1.9,,21,ZAG (W),24,0,0,0,0,0,1,True
2737,Marko Bulat,Raków Częstochowa,Pomocnik,1%,1.9,,22,BBT (D),90,0,0,0,0,0,4,True
2737,Marko Bulat,Raków Częstochowa,Pomocnik,1%,1.9,,23,LPO (W),22,0,0,0,0,0,1,True
2737,Marko Bulat,Raków Częstochowa,Pomocnik,1%,1.9,,24,POG (D),28,0,0,0,0,0,2,True
2737,Marko Bulat,Raków Częstochowa,Pomocnik,1%,1.9,,25,GÓR (W),45,0,0,0,0,0,2,True
2737,Marko Bulat,Raków Częstochowa,Pomocnik,1%,1.9,,26,LEG (W),62,0,0,0,1,0,0,True
2737,Marko Bulat,Raków Częstochowa,Pomocnik,1%,1.9,,27,WID (D),23,0,0,0,0,0,1,True
2737,Marko Bulat,Raków Częstochowa,Pomocnik,1%,1.9,,28,MOT (W),90,0,0,0,0,0,2,True
2737,Marko Bulat,Raków Częstochowa,Pomocnik,1%,1.9,,29,CRA (D),82,0,0,0,0,0,3,True
2737,Marko Bulat,Raków Częstochowa,Pomocnik,1%,1.9,,30,LGD (W),83,0,0,0,0,0,3,True
2737,Marko Bulat,Raków Częstochowa,Pomocnik,1%,1.9,,32,JAG (D),79,0,0,0,0,0,2,True
2737,Marko Bulat,Raków Częstochowa,Pomocnik,1%,1.9,,32,KOR (D),65,1,0,0,1,0,8,True
2737,Marko Bulat,Raków Częstochowa,Pomocnik,1%,1.9,,33,PIA (W),90,1,0,0,0,0,8,True
2737,Marko Bulat,Raków Częstochowa,Pomocnik,1%,1.9,,34,ARK (D),0,0,0,0,0,0,0,False
2739,Konrad Cymerys,Cracovia,Bramkarz,1%,0.7,,19,BBT (W),0,0,0,0,0,0,0,False
2739,Konrad Cymerys,Cracovia,Bramkarz,1%,0.7,,20,LGD (W),0,0,0,0,0,0,0,False
2739,Konrad Cymerys,Cracovia,Bramkarz,1%,0.7,,21,JAG (D),0,0,0,0,0,0,0,False
2739,Konrad Cymerys,Cracovia,Bramkarz,1%,0.7,,22,WID (W),0,0,0,0,0,0,0,False
2739,Konrad Cymerys,Cracovia,Bramkarz,1%,0.7,,23,PIA (D),0,0,0,0,0,0,0,False
2739,Konrad Cymerys,Cracovia,Bramkarz,1%,0.7,,24,LEG (W),0,0,0,0,0,0,0,False
2739,Konrad Cymerys,Cracovia,Bramkarz,1%,0.7,,25,WPŁ (D),0,0,0,0,0,0,0,False
2739,Konrad Cymerys,Cracovia,Bramkarz,1%,0.7,,26,GKS (D),0,0,0,0,0,0,0,False
2739,Konrad Cymerys,Cracovia,Bramkarz,1%,0.7,,27,GÓR (W),0,0,0,0,0,0,0,False
2739,Konrad Cymerys,Cracovia,Bramkarz,1%,0.7,,28,ARK (D),0,0,0,0,0,0,0,False
2739,Konrad Cymerys,Cracovia,Bramkarz,1%,0.7,,29,RCZ (W),0,0,0,0,0,0,0,False
2739,Konrad Cymerys,Cracovia,Bramkarz,1%,0.7,,30,POG (D),0,0,0,0,0,0,0,False
2739,Konrad Cymerys,Cracovia,Bramkarz,1%,0.7,,31,ZAG (W),0,0,0,0,0,0,0,False
2739,Konrad Cymerys,Cracovia,Bramkarz,1%,0.7,,32,RAD (D),0,0,0,0,0,0,0,False
2739,Konrad Cymerys,Cracovia,Bramkarz,1%,0.7,,33,MOT (W),0,0,0,0,0,0,0,False
2739,Konrad Cymerys,Cracovia,Bramkarz,1%,0.7,,34,KOR (D),0,0,0,0,0,0,0,False
2741,Alex Peškovič,Pogoń Szczecin,Bramkarz,2%,0.7,,19,MOT (W),0,0,0,0,0,0,0,False
2741,Alex Peškovič,Pogoń Szczecin,Bramkarz,2%,0.7,,20,BBT (D),0,0,0,0,0,0,0,False
2741,Alex Peškovič,Pogoń Szczecin,Bramkarz,2%,0.7,,21,ARK (D),0,0,0,0,0,0,0,False
2741,Alex Peškovič,Pogoń Szczecin,Bramkarz,2%,0.7,,22,GÓR (W),0,0,0,0,0,0,0,False
2741,Alex Peškovič,Pogoń Szczecin,Bramkarz,2%,0.7,,23,WID (D),0,0,0,0,0,0,0,False
2741,Alex Peškovič,Pogoń Szczecin,Bramkarz,2%,0.7,,24,RCZ (W),0,0,0,0,0,0,0,False
2741,Alex Peškovič,Pogoń Szczecin,Bramkarz,2%,0.7,,25,KOR (D),0,0,0,0,0,0,0,False
2741,Alex Peškovič,Pogoń Szczecin,Bramkarz,2%,0.7,,26,LGD (W),0,0,0,0,0,0,0,False
2741,Alex Peškovič,Pogoń Szczecin,Bramkarz,2%,0.7,,27,LEG (D),0,0,0,0,0,0,0,False
2741,Alex Peškovič,Pogoń Szczecin,Bramkarz,2%,0.7,,28,PIA (W),0,0,0,0,0,0,0,False
2741,Alex Peškovič,Pogoń Szczecin,Bramkarz,2%,0.7,,29,LPO (D),0,0,0,0,0,0,0,False
2741,Alex Peškovič,Pogoń Szczecin,Bramkarz,2%,0.7,,30,CRA (W),0,0,0,0,0,0,0,False
2741,Alex Peškovič,Pogoń Szczecin,Bramkarz,2%,0.7,,31,WPŁ (D),0,0,0,0,0,0,0,False
2741,Alex Peškovič,Pogoń Szczecin,Bramkarz,2%,0.7,,32,JAG (W),0,0,0,0,0,0,0,False
2741,Alex Peškovič,Pogoń Szczecin,Bramkarz,2%,0.7,,33,ZAG (W),0,0,0,0,0,0,0,False
2741,Alex Peškovič,Pogoń Szczecin,Bramkarz,2%,0.7,,34,GKS (D),0,0,0,0,0,0,0,False
2745,Mateusz Klich,Cracovia,Pomocnik,1%,1.7,,19,BBT (W),88,0,0,0,0,0,4,True
2745,Mateusz Klich,Cracovia,Pomocnik,1%,1.7,,20,LGD (W),89,0,0,0,0,0,2,True
2745,Mateusz Klich,Cracovia,Pomocnik,1%,1.7,,21,JAG (D),16,0,0,0,0,0,1,True
2745,Mateusz Klich,Cracovia,Pomocnik,1%,1.7,,22,WID (W),89,0,0,0,1,0,2,True
2745,Mateusz Klich,Cracovia,Pomocnik,1%,1.7,,23,PIA (D),90,0,0,0,0,0,2,True
2745,Mateusz Klich,Cracovia,Pomocnik,1%,1.7,,24,LEG (W),90,0,0,0,1,0,1,True
2745,Mateusz Klich,Cracovia,Pomocnik,1%,1.7,,25,WPŁ (D),90,0,0,0,0,0,2,True
2745,Mateusz Klich,Cracovia,Pomocnik,1%,1.7,,26,GKS (D),77,0,0,0,1,0,3,True
2745,Mateusz Klich,Cracovia,Pomocnik,1%,1.7,,27,GÓR (W),0,0,0,0,0,0,0,False
2745,Mateusz Klich,Cracovia,Pomocnik,1%,1.7,,28,ARK (D),90,0,0,0,0,0,2,True
2745,Mateusz Klich,Cracovia,Pomocnik,1%,1.7,,29,RCZ (W),72,0,0,0,0,0,2,True
2745,Mateusz Klich,Cracovia,Pomocnik,1%,1.7,,30,POG (D),32,0,1,0,0,0,4,True
2745,Mateusz Klich,Cracovia,Pomocnik,1%,1.7,,31,ZAG (W),90,0,0,0,0,0,3,True
2745,Mateusz Klich,Cracovia,Pomocnik,1%,1.7,,32,RAD (D),90,0,0,0,0,0,3,True
2745,Mateusz Klich,Cracovia,Pomocnik,1%,1.7,,33,MOT (W),89,1,0,0,0,0,7,True
2745,Mateusz Klich,Cracovia,Pomocnik,1%,1.7,,34,KOR (D),0,0,0,0,0,0,0,False
2750,Rafał Jakubowski,Pogoń Szczecin,Obrońca,3%,0.7,,19,MOT (W),0,0,0,0,0,0,0,False
2750,Rafał Jakubowski,Pogoń Szczecin,Obrońca,3%,0.7,,20,BBT (D),0,0,0,0,0,0,0,False
2750,Rafał Jakubowski,Pogoń Szczecin,Obrońca,3%,0.7,,21,ARK (D),0,0,0,0,0,0,0,False
2750,Rafał Jakubowski,Pogoń Szczecin,Obrońca,3%,0.7,,22,GÓR (W),0,0,0,0,0,0,0,False
2750,Rafał Jakubowski,Pogoń Szczecin,Obrońca,3%,0.7,,23,WID (D),0,0,0,0,0,0,0,False
2750,Rafał Jakubowski,Pogoń Szczecin,Obrońca,3%,0.7,,24,RCZ (W),0,0,0,0,0,0,0,False
2750,Rafał Jakubowski,Pogoń Szczecin,Obrońca,3%,0.7,,25,KOR (D),0,0,0,0,0,0,0,False
2750,Rafał Jakubowski,Pogoń Szczecin,Obrońca,3%,0.7,,26,LGD (W),0,0,0,0,0,0,0,False
2750,Rafał Jakubowski,Pogoń Szczecin,Obrońca,3%,0.7,,27,LEG (D),0,0,0,0,0,0,0,False
2750,Rafał Jakubowski,Pogoń Szczecin,Obrońca,3%,0.7,,28,PIA (W),0,0,0,0,0,0,0,False
2750,Rafał Jakubowski,Pogoń Szczecin,Obrońca,3%,0.7,,29,LPO (D),0,0,0,0,0,0,0,False
2750,Rafał Jakubowski,Pogoń Szczecin,Obrońca,3%,0.7,,30,CRA (W),0,0,0,0,0,0,0,False
2750,Rafał Jakubowski,Pogoń Szczecin,Obrońca,3%,0.7,,31,WPŁ (D),0,0,0,0,0,0,0,False
2750,Rafał Jakubowski,Pogoń Szczecin,Obrońca,3%,0.7,,32,JAG (W),0,0,0,0,0,0,0,False
2750,Rafał Jakubowski,Pogoń Szczecin,Obrońca,3%,0.7,,33,ZAG (W),0,0,0,0,0,0,0,False
2750,Rafał Jakubowski,Pogoń Szczecin,Obrońca,3%,0.7,,34,GKS (D),0,0,0,0,0,0,0,False
2754,Oskar Klat,Wisła Płock,Bramkarz,2%,0.7,,19,RCZ (D),0,0,0,0,0,0,0,False
2754,Oskar Klat,Wisła Płock,Bramkarz,2%,0.7,,20,PIA (W),0,0,0,0,0,0,0,False
2754,Oskar Klat,Wisła Płock,Bramkarz,2%,0.7,,21,WID (D),0,0,0,0,0,0,0,False
2754,Oskar Klat,Wisła Płock,Bramkarz,2%,0.7,,22,LEG (W),0,0,0,0,0,0,0,False
2754,Oskar Klat,Wisła Płock,Bramkarz,2%,0.7,,23,ZAG (W),0,0,0,0,0,0,0,False
2754,Oskar Klat,Wisła Płock,Bramkarz,2%,0.7,,24,ARK (D),0,0,0,0,0,0,0,False
2754,Oskar Klat,Wisła Płock,Bramkarz,2%,0.7,,25,CRA (W),0,0,0,0,0,0,0,False
2754,Oskar Klat,Wisła Płock,Bramkarz,2%,0.7,,26,JAG (W),0,0,0,0,0,0,0,False
2754,Oskar Klat,Wisła Płock,Bramkarz,2%,0.7,,27,GKS (W),0,0,0,0,0,0,0,False
2754,Oskar Klat,Wisła Płock,Bramkarz,2%,0.7,,28,LGD (D),0,0,0,0,0,0,0,False
2754,Oskar Klat,Wisła Płock,Bramkarz,2%,0.7,,29,BBT (W),0,0,0,0,0,0,0,False
2754,Oskar Klat,Wisła Płock,Bramkarz,2%,0.7,,30,RAD (D),0,0,0,0,0,0,0,False
2754,Oskar Klat,Wisła Płock,Bramkarz,2%,0.7,,31,POG (W),0,0,0,0,0,0,0,False
2754,Oskar Klat,Wisła Płock,Bramkarz,2%,0.7,,32,MOT (D),0,0,0,0,0,0,0,False
2754,Oskar Klat,Wisła Płock,Bramkarz,2%,0.7,,33,GÓR (D),0,0,0,0,0,0,0,False
2754,Oskar Klat,Wisła Płock,Bramkarz,2%,0.7,,34,LPO (W),0,0,0,0,0,0,0,False
2756,Alex Paulsen,Lechia Gdańsk,Bramkarz,2%,1.7,,19,LPO (W),90,0,0,4,0,0,4,True
2756,Alex Paulsen,Lechia Gdańsk,Bramkarz,2%,1.7,,20,CRA (D),90,0,0,4,0,0,3,True
2756,Alex Paulsen,Lechia Gdańsk,Bramkarz,2%,1.7,,21,MOT (W),90,0,0,2,1,0,1,True
2756,Alex Paulsen,Lechia Gdańsk,Bramkarz,2%,1.7,,22,ZAG (D),90,0,0,3,0,0,2,True
2756,Alex Paulsen,Lechia Gdańsk,Bramkarz,2%,1.7,,23,ARK (W),90,0,0,2,0,0,1,True
2756,Alex Paulsen,Lechia Gdańsk,Bramkarz,2%,1.7,,24,JAG (D),90,0,0,1,0,0,6,True
2756,Alex Paulsen,Lechia Gdańsk,Bramkarz,2%,1.7,,25,GKS (W),90,0,0,5,0,0,2,True
2756,Alex Paulsen,Lechia Gdańsk,Bramkarz,2%,1.7,,26,POG (D),90,0,0,6,0,0,6,True
2756,Alex Paulsen,Lechia Gdańsk,Bramkarz,2%,1.7,,27,KOR (D),90,0,0,2,0,0,2,True
2756,Alex Paulsen,Lechia Gdańsk,Bramkarz,2%,1.7,,28,WPŁ (W),90,0,0,3,0,0,3,True
2756,Alex Paulsen,Lechia Gdańsk,Bramkarz,2%,1.7,,29,PIA (D),90,0,0,1,0,0,2,True
2756,Alex Paulsen,Lechia Gdańsk,Bramkarz,2%,1.7,,30,RCZ (D),90,0,0,2,0,0,1,True
2756,Alex Paulsen,Lechia Gdańsk,Bramkarz,2%,1.7,,31,RAD (W),90,0,0,2,0,0,0,True
2756,Alex Paulsen,Lechia Gdańsk,Bramkarz,2%,1.7,,32,WID (W),90,0,0,1,0,0,0,True
2756,Alex Paulsen,Lechia Gdańsk,Bramkarz,2%,1.7,,33,LEG (D),90,0,0,2,0,0,1,True
2756,Alex Paulsen,Lechia Gdańsk,Bramkarz,2%,1.7,,34,BBT (W),0,0,0,0,0,0,0,False
2759,Eman Markovic,GKS Katowice,Pomocnik,14%,1.9,,19,ZAG (W),1,0,0,0,0,0,2,True
2759,Eman Markovic,GKS Katowice,Pomocnik,14%,1.9,,19,JAG (W),45,0,0,0,1,0,0,True
2759,Eman Markovic,GKS Katowice,Pomocnik,14%,1.9,,20,WID (D),19,0,0,0,0,0,2,True
2759,Eman Markovic,GKS Katowice,Pomocnik,14%,1.9,,21,LEG (D),22,0,0,0,0,0,1,True
2759,Eman Markovic,GKS Katowice,Pomocnik,14%,1.9,,22,ARK (W),26,0,0,0,0,0,1,True
2759,Eman Markovic,GKS Katowice,Pomocnik,14%,1.9,,23,GÓR (D),6,0,0,0,0,0,2,True
2759,Eman Markovic,GKS Katowice,Pomocnik,14%,1.9,,24,RAD (W),0,0,0,0,0,0,0,False
2759,Eman Markovic,GKS Katowice,Pomocnik,14%,1.9,,25,LGD (D),0,0,0,0,0,0,0,False
2759,Eman Markovic,GKS Katowice,Pomocnik,14%,1.9,,26,CRA (W),22,0,0,0,0,0,1,True
2759,Eman Markovic,GKS Katowice,Pomocnik,14%,1.9,,27,WPŁ (D),23,0,0,0,1,0,1,True
2759,Eman Markovic,GKS Katowice,Pomocnik,14%,1.9,,28,LPO (W),89,2,0,0,0,0,13,True
2759,Eman Markovic,GKS Katowice,Pomocnik,14%,1.9,,29,MOT (D),86,2,0,0,0,0,14,True
2759,Eman Markovic,GKS Katowice,Pomocnik,14%,1.9,,30,KOR (W),65,0,0,0,0,0,2,True
2759,Eman Markovic,GKS Katowice,Pomocnik,14%,1.9,,31,BBT (D),76,2,1,0,0,0,17,True
2759,Eman Markovic,GKS Katowice,Pomocnik,14%,1.9,,32,PIA (W),85,0,0,0,0,0,3,True
2759,Eman Markovic,GKS Katowice,Pomocnik,14%,1.9,,33,JAG (D),65,0,0,0,0,0,2,True
2759,Eman Markovic,GKS Katowice,Pomocnik,14%,1.9,,34,POG (W),0,0,0,0,0,0,0,False
2777,Andy Pelmard,Jagiellonia Białystok,Obrońca,0%,1.7,,19,WID (W),90,0,0,0,1,0,2,True
2777,Andy Pelmard,Jagiellonia Białystok,Obrońca,0%,1.7,,19,GKS (D),90,0,0,0,0,0,3,True
2777,Andy Pelmard,Jagiellonia Białystok,Obrońca,0%,1.7,,20,MOT (D),90,0,0,0,0,0,3,True
2777,Andy Pelmard,Jagiellonia Białystok,Obrońca,0%,1.7,,21,CRA (W),45,0,0,0,1,0,1,True
2777,Andy Pelmard,Jagiellonia Białystok,Obrońca,0%,1.7,,22,RAD (D),0,0,0,0,0,0,0,False
2777,Andy Pelmard,Jagiellonia Białystok,Obrońca,0%,1.7,,23,LEG (D),45,0,0,0,0,0,1,True
2777,Andy Pelmard,Jagiellonia Białystok,Obrońca,0%,1.7,,24,LGD (W),90,0,0,0,0,0,0,True
2777,Andy Pelmard,Jagiellonia Białystok,Obrońca,0%,1.7,,25,PIA (D),0,0,0,0,0,0,0,False
2777,Andy Pelmard,Jagiellonia Białystok,Obrońca,0%,1.7,,26,WPŁ (D),45,0,0,0,0,0,1,True
2777,Andy Pelmard,Jagiellonia Białystok,Obrońca,0%,1.7,,27,LPO (D),90,0,0,0,0,0,5,True
2777,Andy Pelmard,Jagiellonia Białystok,Obrońca,0%,1.7,,28,KOR (W),90,0,0,0,0,0,2,True
2777,Andy Pelmard,Jagiellonia Białystok,Obrońca,0%,1.7,,29,ARK (W),0,0,0,0,0,0,0,False
2777,Andy Pelmard,Jagiellonia Białystok,Obrońca,0%,1.7,,30,GÓR (D),0,0,0,0,0,0,0,False
2777,Andy Pelmard,Jagiellonia Białystok,Obrońca,0%,1.7,,32,RCZ (W),0,0,0,0,0,0,0,False
2777,Andy Pelmard,Jagiellonia Białystok,Obrońca,0%,1.7,,32,POG (D),0,0,0,0,0,0,0,False
2777,Andy Pelmard,Jagiellonia Białystok,Obrońca,0%,1.7,,33,GKS (W),0,0,0,0,0,0,0,False
2777,Andy Pelmard,Jagiellonia Białystok,Obrońca,0%,1.7,,34,ZAG (D),0,0,0,0,0,0,0,False
2780,Aleksandar Ćirković,Lechia Gdańsk,Pomocnik,13%,2.0,,19,LPO (W),90,0,1,0,1,0,5,True
2780,Aleksandar Ćirković,Lechia Gdańsk,Pomocnik,13%,2.0,,20,CRA (D),90,0,0,0,0,0,2,True
2780,Aleksandar Ćirković,Lechia Gdańsk,Pomocnik,13%,2.0,,21,MOT (W),86,0,0,0,1,0,2,True
2780,Aleksandar Ćirković,Lechia Gdańsk,Pomocnik,13%,2.0,,22,ZAG (D),45,0,0,0,0,0,2,True
2780,Aleksandar Ćirković,Lechia Gdańsk,Pomocnik,13%,2.0,,23,ARK (W),67,0,1,0,0,0,5,True
2780,Aleksandar Ćirković,Lechia Gdańsk,Pomocnik,13%,2.0,,24,JAG (D),90,2,0,0,0,0,15,True
2780,Aleksandar Ćirković,Lechia Gdańsk,Pomocnik,13%,2.0,,25,GKS (W),90,0,0,0,0,0,2,True
2780,Aleksandar Ćirković,Lechia Gdańsk,Pomocnik,13%,2.0,,26,POG (D),89,0,1,0,0,0,7,True
2780,Aleksandar Ćirković,Lechia Gdańsk,Pomocnik,13%,2.0,,27,KOR (D),90,1,0,0,0,0,9,True
2780,Aleksandar Ćirković,Lechia Gdańsk,Pomocnik,13%,2.0,,28,WPŁ (W),90,0,0,0,0,0,2,True
2780,Aleksandar Ćirković,Lechia Gdańsk,Pomocnik,13%,2.0,,29,PIA (D),90,0,0,0,0,0,2,True
2780,Aleksandar Ćirković,Lechia Gdańsk,Pomocnik,13%,2.0,,30,RCZ (D),90,0,0,0,0,0,2,True
2780,Aleksandar Ćirković,Lechia Gdańsk,Pomocnik,13%,2.0,,31,RAD (W),90,0,0,0,0,0,2,True
2780,Aleksandar Ćirković,Lechia Gdańsk,Pomocnik,13%,2.0,,32,WID (W),90,0,0,0,0,0,2,True
2780,Aleksandar Ćirković,Lechia Gdańsk,Pomocnik,13%,2.0,,33,LEG (D),0,0,0,0,0,0,0,False
2780,Aleksandar Ćirković,Lechia Gdańsk,Pomocnik,13%,2.0,,34,BBT (W),0,0,0,0,0,0,0,False
2789,Jakub Kokosiński,GKS Katowice,Napastnik,3%,0.7,,19,ZAG (W),0,0,0,0,0,0,0,False
2789,Jakub Kokosiński,GKS Katowice,Napastnik,3%,0.7,,19,JAG (W),8,0,0,0,0,0,1,True
2789,Jakub Kokosiński,GKS Katowice,Napastnik,3%,0.7,,20,WID (D),0,0,0,0,0,0,0,False
2789,Jakub Kokosiński,GKS Katowice,Napastnik,3%,0.7,,21,LEG (D),0,0,0,0,0,0,0,False
2789,Jakub Kokosiński,GKS Katowice,Napastnik,3%,0.7,,22,ARK (W),0,0,0,0,0,0,0,False
2789,Jakub Kokosiński,GKS Katowice,Napastnik,3%,0.7,,23,GÓR (D),0,0,0,0,0,0,0,False
2789,Jakub Kokosiński,GKS Katowice,Napastnik,3%,0.7,,24,RAD (W),0,0,0,0,0,0,0,False
2789,Jakub Kokosiński,GKS Katowice,Napastnik,3%,0.7,,25,LGD (D),7,0,0,0,0,0,2,True
2789,Jakub Kokosiński,GKS Katowice,Napastnik,3%,0.7,,26,CRA (W),0,0,0,0,0,0,0,False
2789,Jakub Kokosiński,GKS Katowice,Napastnik,3%,0.7,,27,WPŁ (D),10,0,0,0,0,0,2,True
2789,Jakub Kokosiński,GKS Katowice,Napastnik,3%,0.7,,28,LPO (W),0,0,0,0,0,0,0,False
2789,Jakub Kokosiński,GKS Katowice,Napastnik,3%,0.7,,29,MOT (D),0,0,0,0,0,0,0,False
2789,Jakub Kokosiński,GKS Katowice,Napastnik,3%,0.7,,30,KOR (W),13,0,0,0,0,0,1,True
2789,Jakub Kokosiński,GKS Katowice,Napastnik,3%,0.7,,31,BBT (D),14,0,0,0,0,0,2,True
2789,Jakub Kokosiński,GKS Katowice,Napastnik,3%,0.7,,32,PIA (W),2,0,0,0,0,0,1,True
2789,Jakub Kokosiński,GKS Katowice,Napastnik,3%,0.7,,33,JAG (D),0,0,0,0,0,0,0,False
2789,Jakub Kokosiński,GKS Katowice,Napastnik,3%,0.7,,34,POG (W),0,0,0,0,0,0,0,False
2790,Michał Kaczorowski,Lechia Gdańsk,Bramkarz,5%,0.7,,19,LPO (W),0,0,0,0,0,0,0,False
2790,Michał Kaczorowski,Lechia Gdańsk,Bramkarz,5%,0.7,,20,CRA (D),0,0,0,0,0,0,0,False
2790,Michał Kaczorowski,Lechia Gdańsk,Bramkarz,5%,0.7,,21,MOT (W),0,0,0,0,0,0,0,False
2790,Michał Kaczorowski,Lechia Gdańsk,Bramkarz,5%,0.7,,22,ZAG (D),0,0,0,0,0,0,0,False
2790,Michał Kaczorowski,Lechia Gdańsk,Bramkarz,5%,0.7,,23,ARK (W),0,0,0,0,0,0,0,False
2790,Michał Kaczorowski,Lechia Gdańsk,Bramkarz,5%,0.7,,24,JAG (D),0,0,0,0,0,0,0,False
2790,Michał Kaczorowski,Lechia Gdańsk,Bramkarz,5%,0.7,,25,GKS (W),0,0,0,0,0,0,0,False
2790,Michał Kaczorowski,Lechia Gdańsk,Bramkarz,5%,0.7,,26,POG (D),0,0,0,0,0,0,0,False
2790,Michał Kaczorowski,Lechia Gdańsk,Bramkarz,5%,0.7,,27,KOR (D),0,0,0,0,0,0,0,False
2790,Michał Kaczorowski,Lechia Gdańsk,Bramkarz,5%,0.7,,28,WPŁ (W),0,0,0,0,0,0,0,False
2790,Michał Kaczorowski,Lechia Gdańsk,Bramkarz,5%,0.7,,29,PIA (D),0,0,0,0,0,0,0,False
2790,Michał Kaczorowski,Lechia Gdańsk,Bramkarz,5%,0.7,,30,RCZ (D),0,0,0,0,0,0,0,False
2790,Michał Kaczorowski,Lechia Gdańsk,Bramkarz,5%,0.7,,31,RAD (W),0,0,0,0,0,0,0,False
2790,Michał Kaczorowski,Lechia Gdańsk,Bramkarz,5%,0.7,,32,WID (W),0,0,0,0,0,0,0,False
2790,Michał Kaczorowski,Lechia Gdańsk,Bramkarz,5%,0.7,,33,LEG (D),0,0,0,0,0,0,0,False
2790,Michał Kaczorowski,Lechia Gdańsk,Bramkarz,5%,0.7,,34,BBT (W),0,0,0,0,0,0,0,False
2791,Hubert Janyszka,Lech Poznań,Obrońca,1%,0.7,,19,LGD (D),0,0,0,0,0,0,0,False
2791,Hubert Janyszka,Lech Poznań,Obrońca,1%,0.7,,19,PIA (W),0,0,0,0,0,0,0,False
2791,Hubert Janyszka,Lech Poznań,Obrońca,1%,0.7,,20,GÓR (W),0,0,0,0,0,0,0,False
2791,Hubert Janyszka,Lech Poznań,Obrońca,1%,0.7,,21,PIA (D),0,0,0,0,0,0,0,False
2791,Hubert Janyszka,Lech Poznań,Obrońca,1%,0.7,,22,KOR (W),0,0,0,0,0,0,0,False
2791,Hubert Janyszka,Lech Poznań,Obrońca,1%,0.7,,23,RCZ (D),0,0,0,0,0,0,0,False
2791,Hubert Janyszka,Lech Poznań,Obrońca,1%,0.7,,24,WID (W),0,0,0,0,0,0,0,False
2791,Hubert Janyszka,Lech Poznań,Obrońca,1%,0.7,,25,ZAG (W),0,0,0,0,0,0,0,False
2791,Hubert Janyszka,Lech Poznań,Obrońca,1%,0.7,,26,BBT (D),0,0,0,0,0,0,0,False
2791,Hubert Janyszka,Lech Poznań,Obrońca,1%,0.7,,27,JAG (W),0,0,0,0,0,0,0,False
2791,Hubert Janyszka,Lech Poznań,Obrońca,1%,0.7,,28,GKS (D),0,0,0,0,0,0,0,False
2791,Hubert Janyszka,Lech Poznań,Obrońca,1%,0.7,,29,POG (W),0,0,0,0,0,0,0,False
2791,Hubert Janyszka,Lech Poznań,Obrońca,1%,0.7,,30,LEG (D),4,0,0,0,0,0,2,True
2791,Hubert Janyszka,Lech Poznań,Obrońca,1%,0.7,,31,MOT (W),0,0,0,0,0,0,0,False
2791,Hubert Janyszka,Lech Poznań,Obrońca,1%,0.7,,32,ARK (D),0,0,0,0,0,0,0,False
2791,Hubert Janyszka,Lech Poznań,Obrońca,1%,0.7,,33,RAD (W),0,0,0,0,0,0,0,False
2791,Hubert Janyszka,Lech Poznań,Obrońca,1%,0.7,,34,WPŁ (D),0,0,0,0,0,0,0,False
2794,Lukáš Sadílek,Górnik Zabrze,Pomocnik,4%,1.8,,19,PIA (D),90,0,0,0,0,0,3,True
2794,Lukáš Sadílek,Górnik Zabrze,Pomocnik,4%,1.8,,20,LPO (D),90,0,0,0,0,0,2,True
2794,Lukáš Sadílek,Górnik Zabrze,Pomocnik,4%,1.8,,21,BBT (W),90,0,0,1,0,0,4,True
2794,Lukáš Sadílek,Górnik Zabrze,Pomocnik,4%,1.8,,22,POG (D),61,0,0,0,0,0,2,True
2794,Lukáš Sadílek,Górnik Zabrze,Pomocnik,4%,1.8,,23,GKS (W),67,0,0,0,0,0,2,True
2794,Lukáš Sadílek,Górnik Zabrze,Pomocnik,4%,1.8,,24,MOT (W),34,0,0,0,0,0,1,True
2794,Lukáš Sadílek,Górnik Zabrze,Pomocnik,4%,1.8,,25,RCZ (D),90,2,0,0,0,0,14,True
2794,Lukáš Sadílek,Górnik Zabrze,Pomocnik,4%,1.8,,26,WID (W),76,0,0,0,1,0,2,True
2794,Lukáš Sadílek,Górnik Zabrze,Pomocnik,4%,1.8,,27,CRA (D),81,0,1,1,0,0,9,True
2794,Lukáš Sadílek,Górnik Zabrze,Pomocnik,4%,1.8,,28,LEG (W),85,0,0,0,1,0,1,True
2794,Lukáš Sadílek,Górnik Zabrze,Pomocnik,4%,1.8,,29,KOR (D),14,0,0,0,0,0,2,True
2794,Lukáš Sadílek,Górnik Zabrze,Pomocnik,4%,1.8,,30,JAG (W),76,0,0,0,1,0,2,True
2794,Lukáš Sadílek,Górnik Zabrze,Pomocnik,4%,1.8,,32,ARK (W),81,0,0,0,0,0,3,True
2794,Lukáš Sadílek,Górnik Zabrze,Pomocnik,4%,1.8,,32,ZAG (D),0,0,0,0,0,0,0,False
2794,Lukáš Sadílek,Górnik Zabrze,Pomocnik,4%,1.8,,33,WPŁ (W),70,0,0,0,0,0,4,True
2794,Lukáš Sadílek,Górnik Zabrze,Pomocnik,4%,1.8,,34,RAD (D),0,0,0,0,0,0,0,False
2801,Bartłomiej Drągowski,Widzew Łódź,Bramkarz,8%,1.8,,19,JAG (D),90,0,0,0,0,0,0,True
2801,Bartłomiej Drągowski,Widzew Łódź,Bramkarz,8%,1.8,,20,GKS (W),90,0,0,3,0,0,3,True
2801,Bartłomiej Drągowski,Widzew Łódź,Bramkarz,8%,1.8,,21,WPŁ (W),90,0,0,1,0,0,6,True
2801,Bartłomiej Drągowski,Widzew Łódź,Bramkarz,8%,1.8,,22,CRA (D),90,0,0,1,0,0,5,True
2801,Bartłomiej Drągowski,Widzew Łódź,Bramkarz,8%,1.8,,23,POG (W),90,0,0,2,1,0,1,True
2801,Bartłomiej Drągowski,Widzew Łódź,Bramkarz,8%,1.8,,24,LPO (D),0,0,0,0,0,0,0,False
2801,Bartłomiej Drągowski,Widzew Łódź,Bramkarz,8%,1.8,,25,ARK (W),90,0,0,1,0,0,5,True
2801,Bartłomiej Drągowski,Widzew Łódź,Bramkarz,8%,1.8,,26,GÓR (D),90,0,0,2,0,0,5,True
2801,Bartłomiej Drągowski,Widzew Łódź,Bramkarz,8%,1.8,,27,RCZ (W),90,0,0,2,1,0,1,True
2801,Bartłomiej Drągowski,Widzew Łódź,Bramkarz,8%,1.8,,28,BBT (D),90,0,0,2,0,0,6,True
2801,Bartłomiej Drągowski,Widzew Łódź,Bramkarz,8%,1.8,,29,RAD (W),90,0,0,3,0,0,2,True
2801,Bartłomiej Drągowski,Widzew Łódź,Bramkarz,8%,1.8,,30,MOT (D),90,0,0,1,0,0,6,True
2801,Bartłomiej Drągowski,Widzew Łódź,Bramkarz,8%,1.8,,31,LEG (W),90,0,0,2,0,0,2,True
2801,Bartłomiej Drągowski,Widzew Łódź,Bramkarz,8%,1.8,,32,LGD (D),90,0,0,1,0,0,3,True
2801,Bartłomiej Drągowski,Widzew Łódź,Bramkarz,8%,1.8,,33,KOR (W),90,0,0,1,0,0,2,True
2801,Bartłomiej Drągowski,Widzew Łódź,Bramkarz,8%,1.8,,34,PIA (D),0,0,0,0,0,0,0,False
2805,Otto Hindrich,Legia Warszawa,Bramkarz,8%,1.8,,19,KOR (D),0,0,0,0,0,0,0,False
2805,Otto Hindrich,Legia Warszawa,Bramkarz,8%,1.8,,20,ARK (W),0,0,0,0,0,0,0,False
2805,Otto Hindrich,Legia Warszawa,Bramkarz,8%,1.8,,21,GKS (W),0,0,0,0,0,0,0,False
2805,Otto Hindrich,Legia Warszawa,Bramkarz,8%,1.8,,22,WPŁ (D),90,0,0,3,0,0,4,True
2805,Otto Hindrich,Legia Warszawa,Bramkarz,8%,1.8,,23,JAG (W),90,0,0,3,0,0,2,True
2805,Otto Hindrich,Legia Warszawa,Bramkarz,8%,1.8,,24,CRA (D),90,0,0,3,0,0,8,True
2805,Otto Hindrich,Legia Warszawa,Bramkarz,8%,1.8,,25,RAD (W),90,0,0,0,0,0,2,True
2805,Otto Hindrich,Legia Warszawa,Bramkarz,8%,1.8,,26,RCZ (D),90,0,0,3,0,0,3,True
2805,Otto Hindrich,Legia Warszawa,Bramkarz,8%,1.8,,27,POG (W),90,0,0,1,0,0,6,True
2805,Otto Hindrich,Legia Warszawa,Bramkarz,8%,1.8,,28,GÓR (D),90,0,0,1,0,0,2,True
2805,Otto Hindrich,Legia Warszawa,Bramkarz,8%,1.8,,29,ZAG (D),90,0,0,1,0,0,6,True
2805,Otto Hindrich,Legia Warszawa,Bramkarz,8%,1.8,,30,LPO (W),90,0,0,3,0,0,0,True
2805,Otto Hindrich,Legia Warszawa,Bramkarz,8%,1.8,,31,WID (D),90,0,0,1,0,0,6,True
2805,Otto Hindrich,Legia Warszawa,Bramkarz,8%,1.8,,32,BBT (W),90,0,0,4,0,0,8,True
2805,Otto Hindrich,Legia Warszawa,Bramkarz,8%,1.8,,33,LGD (W),90,0,0,5,0,0,4,True
2805,Otto Hindrich,Legia Warszawa,Bramkarz,8%,1.8,,34,MOT (D),0,0,0,0,0,0,0,False
2810,Carlos Isaac,Widzew Łódź,Obrońca,0%,1.8,,19,JAG (D),25,0,0,0,1,0,0,True
2810,Carlos Isaac,Widzew Łódź,Obrońca,0%,1.8,,20,GKS (W),90,0,0,0,0,0,2,True
2810,Carlos Isaac,Widzew Łódź,Obrońca,0%,1.8,,21,WPŁ (W),1,0,0,0,0,0,2,True
2810,Carlos Isaac,Widzew Łódź,Obrońca,0%,1.8,,22,CRA (D),1,0,0,0,0,0,1,True
2810,Carlos Isaac,Widzew Łódź,Obrońca,0%,1.8,,23,POG (W),85,0,0,0,0,0,2,True
2810,Carlos Isaac,Widzew Łódź,Obrońca,0%,1.8,,24,LPO (D),0,0,0,0,0,0,0,False
2810,Carlos Isaac,Widzew Łódź,Obrońca,0%,1.8,,25,ARK (W),0,0,0,0,0,0,0,False
2810,Carlos Isaac,Widzew Łódź,Obrońca,0%,1.8,,26,GÓR (D),26,0,0,0,0,0,1,True
2810,Carlos Isaac,Widzew Łódź,Obrońca,0%,1.8,,27,RCZ (W),0,0,0,0,0,0,0,False
2810,Carlos Isaac,Widzew Łódź,Obrońca,0%,1.8,,28,BBT (D),82,0,0,0,0,0,6,True
2810,Carlos Isaac,Widzew Łódź,Obrońca,0%,1.8,,29,RAD (W),89,0,0,0,0,0,1,True
2810,Carlos Isaac,Widzew Łódź,Obrońca,0%,1.8,,30,MOT (D),89,1,0,0,0,0,12,True
2810,Carlos Isaac,Widzew Łódź,Obrońca,0%,1.8,,31,LEG (W),82,0,0,0,0,0,2,True
2810,Carlos Isaac,Widzew Łódź,Obrońca,0%,1.8,,32,LGD (D),45,0,0,0,1,0,2,True
2810,Carlos Isaac,Widzew Łódź,Obrońca,0%,1.8,,33,KOR (W),0,0,0,0,0,0,0,False
2810,Carlos Isaac,Widzew Łódź,Obrońca,0%,1.8,,34,PIA (D),0,0,0,0,0,0,0,False
2823,Jan Leszczyński,Legia Warszawa,Obrońca,2%,1.2,,19,KOR (D),0,0,0,0,0,0,0,False
2823,Jan Leszczyński,Legia Warszawa,Obrońca,2%,1.2,,20,ARK (W),0,0,0,0,0,0,0,False
2823,Jan Leszczyński,Legia Warszawa,Obrońca,2%,1.2,,21,GKS (W),1,0,0,0,0,0,1,True
2823,Jan Leszczyński,Legia Warszawa,Obrońca,2%,1.2,,22,WPŁ (D),45,0,0,0,0,0,3,True
2823,Jan Leszczyński,Legia Warszawa,Obrońca,2%,1.2,,23,JAG (W),0,0,0,0,0,0,0,False
2823,Jan Leszczyński,Legia Warszawa,Obrońca,2%,1.2,,24,CRA (D),0,0,0,0,0,0,0,False
2823,Jan Leszczyński,Legia Warszawa,Obrońca,2%,1.2,,25,RAD (W),0,0,0,0,0,0,0,False
2823,Jan Leszczyński,Legia Warszawa,Obrońca,2%,1.2,,26,RCZ (D),0,0,0,0,0,0,0,False
2823,Jan Leszczyński,Legia Warszawa,Obrońca,2%,1.2,,27,POG (W),0,0,0,0,0,0,0,False
2823,Jan Leszczyński,Legia Warszawa,Obrońca,2%,1.2,,28,GÓR (D),0,0,0,0,0,0,0,False
2823,Jan Leszczyński,Legia Warszawa,Obrońca,2%,1.2,,29,ZAG (D),0,0,0,0,0,0,0,False
2823,Jan Leszczyński,Legia Warszawa,Obrońca,2%,1.2,,30,LPO (W),0,0,0,0,0,0,0,False
2823,Jan Leszczyński,Legia Warszawa,Obrońca,2%,1.2,,31,WID (D),0,0,0,0,0,0,0,False
2823,Jan Leszczyński,Legia Warszawa,Obrońca,2%,1.2,,32,BBT (W),0,0,0,0,0,0,0,False
2823,Jan Leszczyński,Legia Warszawa,Obrońca,2%,1.2,,33,LGD (W),90,0,0,0,1,0,2,True
2823,Jan Leszczyński,Legia Warszawa,Obrońca,2%,1.2,,34,MOT (D),0,0,0,0,0,0,0,False
2826,Levente Szabó,Zagłębie Lubin,Napastnik,2%,1.8,,19,GKS (D),21,0,0,0,0,0,1,True
2826,Levente Szabó,Zagłębie Lubin,Napastnik,2%,1.8,,20,KOR (W),25,1,0,0,0,0,6,True
2826,Levente Szabó,Zagłębie Lubin,Napastnik,2%,1.8,,21,RCZ (D),45,0,0,0,0,0,1,True
2826,Levente Szabó,Zagłębie Lubin,Napastnik,2%,1.8,,22,LGD (W),89,0,0,0,0,0,3,True
2826,Levente Szabó,Zagłębie Lubin,Napastnik,2%,1.8,,23,WPŁ (D),64,0,0,0,0,0,3,True
2826,Levente Szabó,Zagłębie Lubin,Napastnik,2%,1.8,,24,PIA (W),61,0,0,0,0,0,3,True
2826,Levente Szabó,Zagłębie Lubin,Napastnik,2%,1.8,,25,LPO (D),45,0,0,0,0,0,1,True
2826,Levente Szabó,Zagłębie Lubin,Napastnik,2%,1.8,,26,MOT (W),28,0,0,0,0,0,1,True
2826,Levente Szabó,Zagłębie Lubin,Napastnik,2%,1.8,,27,ARK (W),66,1,0,0,0,0,6,True
2826,Levente Szabó,Zagłębie Lubin,Napastnik,2%,1.8,,28,RAD (D),73,0,0,0,0,0,3,True
2826,Levente Szabó,Zagłębie Lubin,Napastnik,2%,1.8,,29,LEG (W),74,0,0,0,0,0,2,True
2826,Levente Szabó,Zagłębie Lubin,Napastnik,2%,1.8,,30,BBT (D),77,0,0,0,0,0,2,True
2826,Levente Szabó,Zagłębie Lubin,Napastnik,2%,1.8,,31,CRA (D),20,0,0,0,0,0,1,True
2826,Levente Szabó,Zagłębie Lubin,Napastnik,2%,1.8,,32,GÓR (W),31,1,1,0,1,0,8,True
2826,Levente Szabó,Zagłębie Lubin,Napastnik,2%,1.8,,33,POG (D),45,0,0,0,1,0,0,True
2826,Levente Szabó,Zagłębie Lubin,Napastnik,2%,1.8,,34,JAG (W),0,0,0,0,0,0,0,False
2827,Jakub Ligocki,Zagłębie Lubin,Pomocnik,2%,0.7,,19,GKS (D),21,0,0,0,0,0,1,True
2827,Jakub Ligocki,Zagłębie Lubin,Pomocnik,2%,0.7,,20,KOR (W),0,0,0,0,0,0,0,False
2827,Jakub Ligocki,Zagłębie Lubin,Pomocnik,2%,0.7,,21,RCZ (D),0,0,0,0,0,0,0,False
2827,Jakub Ligocki,Zagłębie Lubin,Pomocnik,2%,0.7,,22,LGD (W),0,0,0,0,0,0,0,False
2827,Jakub Ligocki,Zagłębie Lubin,Pomocnik,2%,0.7,,23,WPŁ (D),0,0,0,0,0,0,0,False
2827,Jakub Ligocki,Zagłębie Lubin,Pomocnik,2%,0.7,,24,PIA (W),0,0,0,0,0,0,0,False
2827,Jakub Ligocki,Zagłębie Lubin,Pomocnik,2%,0.7,,25,LPO (D),0,0,0,0,0,0,0,False
2827,Jakub Ligocki,Zagłębie Lubin,Pomocnik,2%,0.7,,26,MOT (W),0,0,0,0,0,0,0,False
2827,Jakub Ligocki,Zagłębie Lubin,Pomocnik,2%,0.7,,27,ARK (W),24,0,0,0,0,0,1,True
2827,Jakub Ligocki,Zagłębie Lubin,Pomocnik,2%,0.7,,28,RAD (D),0,0,0,0,0,0,0,False
2827,Jakub Ligocki,Zagłębie Lubin,Pomocnik,2%,0.7,,29,LEG (W),0,0,0,0,0,0,0,False
2827,Jakub Ligocki,Zagłębie Lubin,Pomocnik,2%,0.7,,30,BBT (D),0,0,0,0,0,0,0,False
2827,Jakub Ligocki,Zagłębie Lubin,Pomocnik,2%,0.7,,31,CRA (D),0,0,0,0,0,0,0,False
2827,Jakub Ligocki,Zagłębie Lubin,Pomocnik,2%,0.7,,32,GÓR (W),0,0,0,0,0,0,0,False
2827,Jakub Ligocki,Zagłębie Lubin,Pomocnik,2%,0.7,,33,POG (D),0,0,0,0,0,0,0,False
2827,Jakub Ligocki,Zagłębie Lubin,Pomocnik,2%,0.7,,34,JAG (W),0,0,0,0,0,0,0,False
2829,Maciej Urbański,Zagłębie Lubin,Obrońca,6%,0.7,,19,GKS (D),0,0,0,0,0,0,0,False
2829,Maciej Urbański,Zagłębie Lubin,Obrońca,6%,0.7,,20,KOR (W),0,0,0,0,0,0,0,False
2829,Maciej Urbański,Zagłębie Lubin,Obrońca,6%,0.7,,21,RCZ (D),0,0,0,0,0,0,0,False
2829,Maciej Urbański,Zagłębie Lubin,Obrońca,6%,0.7,,22,LGD (W),0,0,0,0,0,0,0,False
2829,Maciej Urbański,Zagłębie Lubin,Obrońca,6%,0.7,,23,WPŁ (D),0,0,0,0,0,0,0,False
2829,Maciej Urbański,Zagłębie Lubin,Obrońca,6%,0.7,,24,PIA (W),0,0,0,0,0,0,0,False
2829,Maciej Urbański,Zagłębie Lubin,Obrońca,6%,0.7,,25,LPO (D),0,0,0,0,0,0,0,False
2829,Maciej Urbański,Zagłębie Lubin,Obrońca,6%,0.7,,26,MOT (W),0,0,0,0,0,0,0,False
2829,Maciej Urbański,Zagłębie Lubin,Obrońca,6%,0.7,,27,ARK (W),0,0,0,0,0,0,0,False
2829,Maciej Urbański,Zagłębie Lubin,Obrońca,6%,0.7,,28,RAD (D),0,0,0,0,0,0,0,False
2829,Maciej Urbański,Zagłębie Lubin,Obrońca,6%,0.7,,29,LEG (W),0,0,0,0,0,0,0,False
2829,Maciej Urbański,Zagłębie Lubin,Obrońca,6%,0.7,,30,BBT (D),0,0,0,0,0,0,0,False
2829,Maciej Urbański,Zagłębie Lubin,Obrońca,6%,0.7,,31,CRA (D),0,0,0,0,0,0,0,False
2829,Maciej Urbański,Zagłębie Lubin,Obrońca,6%,0.7,,32,GÓR (W),0,0,0,0,0,0,0,False
2829,Maciej Urbański,Zagłębie Lubin,Obrońca,6%,0.7,,33,POG (D),0,0,0,0,0,0,0,False
2829,Maciej Urbański,Zagłębie Lubin,Obrońca,6%,0.7,,34,JAG (W),0,0,0,0,0,0,0,False
2830,Zachary Zalewski,Jagiellonia Białystok,Pomocnik,1%,0.7,,19,WID (W),0,0,0,0,0,0,0,False
2830,Zachary Zalewski,Jagiellonia Białystok,Pomocnik,1%,0.7,,19,GKS (D),0,0,0,0,0,0,0,False
2830,Zachary Zalewski,Jagiellonia Białystok,Pomocnik,1%,0.7,,20,MOT (D),0,0,0,0,0,0,0,False
2830,Zachary Zalewski,Jagiellonia Białystok,Pomocnik,1%,0.7,,21,CRA (W),0,0,0,0,0,0,0,False
2830,Zachary Zalewski,Jagiellonia Białystok,Pomocnik,1%,0.7,,22,RAD (D),0,0,0,0,0,0,0,False
2830,Zachary Zalewski,Jagiellonia Białystok,Pomocnik,1%,0.7,,23,LEG (D),0,0,0,0,0,0,0,False
2830,Zachary Zalewski,Jagiellonia Białystok,Pomocnik,1%,0.7,,24,LGD (W),0,0,0,0,0,0,0,False
2830,Zachary Zalewski,Jagiellonia Białystok,Pomocnik,1%,0.7,,25,PIA (D),11,0,0,0,0,0,1,True
2830,Zachary Zalewski,Jagiellonia Białystok,Pomocnik,1%,0.7,,26,WPŁ (D),12,0,0,0,0,0,1,True
2830,Zachary Zalewski,Jagiellonia Białystok,Pomocnik,1%,0.7,,27,LPO (D),0,0,0,0,0,0,0,False
2830,Zachary Zalewski,Jagiellonia Białystok,Pomocnik,1%,0.7,,28,KOR (W),11,0,0,0,0,0,1,True
2830,Zachary Zalewski,Jagiellonia Białystok,Pomocnik,1%,0.7,,29,ARK (W),11,0,0,0,1,0,1,True
2830,Zachary Zalewski,Jagiellonia Białystok,Pomocnik,1%,0.7,,30,GÓR (D),10,0,0,0,0,0,1,True
2830,Zachary Zalewski,Jagiellonia Białystok,Pomocnik,1%,0.7,,32,RCZ (W),0,0,0,0,0,0,0,False
2830,Zachary Zalewski,Jagiellonia Białystok,Pomocnik,1%,0.7,,32,POG (D),0,0,0,0,0,0,0,False
2830,Zachary Zalewski,Jagiellonia Białystok,Pomocnik,1%,0.7,,33,GKS (W),0,0,0,0,0,0,0,False
2830,Zachary Zalewski,Jagiellonia Białystok,Pomocnik,1%,0.7,,34,ZAG (D),0,0,0,0,0,0,0,False
2832,Jakub Grelich,Piast Gliwice,Bramkarz,2%,0.7,,19,GÓR (W),0,0,0,0,0,0,0,False
2832,Jakub Grelich,Piast Gliwice,Bramkarz,2%,0.7,,19,LPO (D),0,0,0,0,0,0,0,False
2832,Jakub Grelich,Piast Gliwice,Bramkarz,2%,0.7,,20,WPŁ (D),0,0,0,0,0,0,0,False
2832,Jakub Grelich,Piast Gliwice,Bramkarz,2%,0.7,,21,LPO (W),0,0,0,0,0,0,0,False
2832,Jakub Grelich,Piast Gliwice,Bramkarz,2%,0.7,,22,MOT (D),0,0,0,0,0,0,0,False
2832,Jakub Grelich,Piast Gliwice,Bramkarz,2%,0.7,,23,CRA (W),0,0,0,0,0,0,0,False
2832,Jakub Grelich,Piast Gliwice,Bramkarz,2%,0.7,,24,ZAG (D),0,0,0,0,0,0,0,False
2832,Jakub Grelich,Piast Gliwice,Bramkarz,2%,0.7,,25,JAG (W),0,0,0,0,0,0,0,False
2832,Jakub Grelich,Piast Gliwice,Bramkarz,2%,0.7,,26,RAD (D),0,0,0,0,0,0,0,False
2832,Jakub Grelich,Piast Gliwice,Bramkarz,2%,0.7,,27,BBT (W),0,0,0,0,0,0,0,False
2832,Jakub Grelich,Piast Gliwice,Bramkarz,2%,0.7,,28,POG (D),0,0,0,0,0,0,0,False
2832,Jakub Grelich,Piast Gliwice,Bramkarz,2%,0.7,,29,LGD (W),0,0,0,0,0,0,0,False
2832,Jakub Grelich,Piast Gliwice,Bramkarz,2%,0.7,,30,ARK (D),0,0,0,0,0,0,0,False
2832,Jakub Grelich,Piast Gliwice,Bramkarz,2%,0.7,,31,KOR (W),0,0,0,0,0,0,0,False
2832,Jakub Grelich,Piast Gliwice,Bramkarz,2%,0.7,,32,GKS (D),0,0,0,0,0,0,0,False
2832,Jakub Grelich,Piast Gliwice,Bramkarz,2%,0.7,,33,RCZ (D),0,0,0,0,0,0,0,False
2832,Jakub Grelich,Piast Gliwice,Bramkarz,2%,0.7,,34,WID (W),0,0,0,0,0,0,0,False
2846,Filip Čuić,Pogoń Szczecin,Napastnik,1%,1.8,,23,WID (D),29,0,0,0,0,0,2,True
2846,Filip Čuić,Pogoń Szczecin,Napastnik,1%,1.8,,24,RCZ (W),45,0,0,0,0,0,1,True
2846,Filip Čuić,Pogoń Szczecin,Napastnik,1%,1.8,,25,KOR (D),31,0,0,0,0,0,2,True
2846,Filip Čuić,Pogoń Szczecin,Napastnik,1%,1.8,,26,LGD (W),62,0,0,0,0,0,2,True
2846,Filip Čuić,Pogoń Szczecin,Napastnik,1%,1.8,,27,LEG (D),32,0,0,0,0,0,1,True
2846,Filip Čuić,Pogoń Szczecin,Napastnik,1%,1.8,,28,PIA (W),0,0,0,0,0,0,0,False
2846,Filip Čuić,Pogoń Szczecin,Napastnik,1%,1.8,,29,LPO (D),0,0,0,0,0,0,0,False
2846,Filip Čuić,Pogoń Szczecin,Napastnik,1%,1.8,,30,CRA (W),90,0,0,0,1,0,1,True
2846,Filip Čuić,Pogoń Szczecin,Napastnik,1%,1.8,,31,WPŁ (D),90,2,0,0,0,0,12,True
2846,Filip Čuić,Pogoń Szczecin,Napastnik,1%,1.8,,32,JAG (W),90,1,0,0,0,0,6,True
2846,Filip Čuić,Pogoń Szczecin,Napastnik,1%,1.8,,33,ZAG (W),90,0,0,0,0,0,3,True
2846,Filip Čuić,Pogoń Szczecin,Napastnik,1%,1.8,,34,GKS (D),0,0,0,0,0,0,0,False
2848,Ondřej Zmrzlý,Górnik Zabrze,Obrońca,0%,1.8,,23,GKS (W),45,0,0,0,0,0,0,True
2848,Ondřej Zmrzlý,Górnik Zabrze,Obrońca,0%,1.8,,24,MOT (W),56,0,0,0,0,0,2,True
2848,Ondřej Zmrzlý,Górnik Zabrze,Obrońca,0%,1.8,,25,RCZ (D),45,0,0,0,0,0,2,True
2848,Ondřej Zmrzlý,Górnik Zabrze,Obrońca,0%,1.8,,26,WID (W),66,0,0,0,0,0,5,True
2848,Ondřej Zmrzlý,Górnik Zabrze,Obrońca,0%,1.8,,27,CRA (D),9,0,0,0,0,0,2,True
2848,Ondřej Zmrzlý,Górnik Zabrze,Obrońca,0%,1.8,,28,LEG (W),90,0,0,0,0,0,2,True
2848,Ondřej Zmrzlý,Górnik Zabrze,Obrońca,0%,1.8,,29,KOR (D),45,0,1,0,0,0,6,True
2848,Ondřej Zmrzlý,Górnik Zabrze,Obrońca,0%,1.8,,30,JAG (W),90,0,0,0,0,0,3,True
2848,Ondřej Zmrzlý,Górnik Zabrze,Obrońca,0%,1.8,,32,ARK (W),0,0,0,0,0,0,0,False
2848,Ondřej Zmrzlý,Górnik Zabrze,Obrońca,0%,1.8,,32,ZAG (D),45,0,0,0,0,0,0,True
2848,Ondřej Zmrzlý,Górnik Zabrze,Obrońca,0%,1.8,,33,WPŁ (W),70,0,0,0,0,0,6,True
2848,Ondřej Zmrzlý,Górnik Zabrze,Obrońca,0%,1.8,,34,RAD (D),0,0,0,0,0,0,0,False
2850,Oskar Markiewicz,Radomiak Radom,Obrońca,1%,0.7,,23,BBT (W),0,0,0,0,0,0,0,False
2850,Oskar Markiewicz,Radomiak Radom,Obrońca,1%,0.7,,24,GKS (D),0,0,0,0,0,0,0,False
2850,Oskar Markiewicz,Radomiak Radom,Obrońca,1%,0.7,,25,LEG (D),0,0,0,0,0,0,0,False
2850,Oskar Markiewicz,Radomiak Radom,Obrońca,1%,0.7,,26,PIA (W),0,0,0,0,0,0,0,False
2850,Oskar Markiewicz,Radomiak Radom,Obrońca,1%,0.7,,27,MOT (D),0,0,0,0,0,0,0,False
2850,Oskar Markiewicz,Radomiak Radom,Obrońca,1%,0.7,,28,ZAG (W),0,0,0,0,0,0,0,False
2850,Oskar Markiewicz,Radomiak Radom,Obrońca,1%,0.7,,29,WID (D),0,0,0,0,0,0,0,False
2850,Oskar Markiewicz,Radomiak Radom,Obrońca,1%,0.7,,30,WPŁ (W),0,0,0,0,0,0,0,False
2850,Oskar Markiewicz,Radomiak Radom,Obrońca,1%,0.7,,31,LGD (D),0,0,0,0,0,0,0,False
2850,Oskar Markiewicz,Radomiak Radom,Obrońca,1%,0.7,,32,CRA (W),0,0,0,0,0,0,0,False
2850,Oskar Markiewicz,Radomiak Radom,Obrońca,1%,0.7,,33,LPO (D),0,0,0,0,0,0,0,False
2850,Oskar Markiewicz,Radomiak Radom,Obrońca,1%,0.7,,34,GÓR (W),0,0,0,0,0,0,0,False
2852,Krystian Brzozowski,Motor Lublin,Obrońca,0%,0.7,,26,ZAG (D),0,0,0,0,0,0,0,False
2852,Krystian Brzozowski,Motor Lublin,Obrońca,0%,0.7,,27,RAD (W),0,0,0,0,0,0,0,False
2852,Krystian Brzozowski,Motor Lublin,Obrońca,0%,0.7,,28,RCZ (D),0,0,0,0,0,0,0,False
2852,Krystian Brzozowski,Motor Lublin,Obrońca,0%,0.7,,29,GKS (W),0,0,0,0,0,0,0,False
2852,Krystian Brzozowski,Motor Lublin,Obrońca,0%,0.7,,30,WID (W),0,0,0,0,0,0,0,False
2852,Krystian Brzozowski,Motor Lublin,Obrońca,0%,0.7,,31,LPO (D),0,0,0,0,0,0,0,False
2852,Krystian Brzozowski,Motor Lublin,Obrońca,0%,0.7,,32,WPŁ (W),0,0,0,0,0,0,0,False
2852,Krystian Brzozowski,Motor Lublin,Obrońca,0%,0.7,,33,CRA (D),0,0,0,0,0,0,0,False
2852,Krystian Brzozowski,Motor Lublin,Obrońca,0%,0.7,,34,LEG (W),0,0,0,0,0,0,0,False
2858,Maciej Janicki,Bruk-Bet Termalica Nieciecza,Bramkarz,0%,0.7,,32,LEG (D),0,0,0,0,0,0,0,False
2858,Maciej Janicki,Bruk-Bet Termalica Nieciecza,Bramkarz,0%,0.7,,33,ARK (W),0,0,0,0,0,0,0,False
2858,Maciej Janicki,Bruk-Bet Termalica Nieciecza,Bramkarz,0%,0.7,,34,LGD (D),0,0,0,0,0,0,0,False
