player_id,name,team,position,popularity_pct,price,price_change,round,opponent,minutes,goals,assists,assist_lotto,yellow_cards,red_cards,points,played
86,Taras Romanczuk,Jagiellonia Białystok,Pomocnik,4%,1.8,,19,WID (W),90,0,0,0,0,0,3,True
86,Taras Romanczuk,Jagiellonia Białystok,Pomocnik,4%,1.8,,19,GKS (D),90,1,0,0,1,0,7,True
86,Taras Romanczuk,Jagiellonia Białystok,Pomocnik,4%,1.8,,20,MOT (D),90,1,0,0,0,0,9,True
86,Taras Romanczuk,Jagiellonia Białystok,Pomocnik,4%,1.8,,21,CRA (W),90,0,0,0,0,0,3,True
86,Taras Romanczuk,Jagiellonia Białystok,Pomocnik,4%,1.8,,22,RAD (D),90,0,0,0,1,0,1,True
86,Taras Romanczuk,Jagiellonia Białystok,Pomocnik,4%,1.8,,23,LEG (D),0,0,0,0,0,0,0,False
86,Taras Romanczuk,Jagiellonia Białystok,Pomocnik,4%,1.8,,24,LGD (W),90,0,0,0,0,0,2,True
86,Taras Romanczuk,Jagiellonia Białystok,Pomocnik,4%,1.8,,25,PIA (D),90,0,0,0,0,0,2,True
86,Taras Romanczuk,Jagiellonia Białystok,Pomocnik,4%,1.8,,26,WPŁ (D),90,0,0,0,0,0,2,True
86,Taras Romanczuk,Jagiellonia Białystok,Pomocnik,4%,1.8,,27,LPO (D),18,0,0,0,0,0,1,True
86,Taras Romanczuk,Jagiellonia Białystok,Pomocnik,4%,1.8,,28,KOR (W),90,0,0,0,1,0,1,True
86,Taras Romanczuk,Jagiellonia Białystok,Pomocnik,4%,1.8,,29,ARK (W),0,0,0,0,0,0,0,False
86,Taras Romanczuk,Jagiellonia Białystok,Pomocnik,4%,1.8,,30,GÓR (D),0,0,0,0,0,0,0,False
86,Taras Romanczuk,Jagiellonia Białystok,Pomocnik,4%,1.8,,32,RCZ (W),0,0,0,0,0,0,0,False
86,Taras Romanczuk,Jagiellonia Białystok,Pomocnik,4%,1.8,,32,POG (D),0,0,0,0,0,0,0,False
86,Taras Romanczuk,Jagiellonia Białystok,Pomocnik,4%,1.8,,33,GKS (W),0,0,0,0,0,0,0,False
86,Taras Romanczuk,Jagiellonia Białystok,Pomocnik,4%,1.8,,34,ZAG (D),0,0,0,0,0,0,0,False
130,Jasmin Burić,Zagłębie Lubin,Bramkarz,16%,1.8,,19,GKS (D),90,0,0,5,0,0,2,True
130,Jasmin Burić,Zagłębie Lubin,Bramkarz,16%,1.8,,20,KOR (W),90,0,0,4,0,0,4,True
130,Jasmin Burić,Zagłębie Lubin,Bramkarz,16%,1.8,,21,RCZ (D),90,0,0,8,0,0,8,True
130,Jasmin Burić,Zagłębie Lubin,Bramkarz,16%,1.8,,22,LGD (W),90,0,0,6,0,0,9,True
130,Jasmin Burić,Zagłębie Lubin,Bramkarz,16%,1.8,,23,WPŁ (D),90,0,0,4,0,0,7,True
130,Jasmin Burić,Zagłębie Lubin,Bramkarz,16%,1.8,,24,PIA (W),90,0,0,2,0,0,3,True
130,Jasmin Burić,Zagłębie Lubin,Bramkarz,16%,1.8,,25,LPO (D),90,0,0,3,0,0,3,True
130,Jasmin Burić,Zagłębie Lubin,Bramkarz,16%,1.8,,26,MOT (W),90,0,0,0,0,0,2,True
130,Jasmin Burić,Zagłębie Lubin,Bramkarz,16%,1.8,,27,ARK (W),90,0,0,2,0,0,0,True
130,Jasmin Burić,Zagłębie Lubin,Bramkarz,16%,1.8,,28,RAD (D),90,0,0,0,1,0,5,True
130,Jasmin Burić,Zagłębie Lubin,Bramkarz,16%,1.8,,29,LEG (W),0,0,0,0,0,0,0,False
130,Jasmin Burić,Zagłębie Lubin,Bramkarz,16%,1.8,,30,BBT (D),0,0,0,0,0,0,0,False
130,Jasmin Burić,Zagłębie Lubin,Bramkarz,16%,1.8,,31,CRA (D),0,0,0,0,0,0,0,False
130,Jasmin Burić,Zagłębie Lubin,Bramkarz,16%,1.8,,32,GÓR (W),0,0,0,0,0,0,0,False
130,Jasmin Burić,Zagłębie Lubin,Bramkarz,16%,1.8,,33,POG (D),0,0,0,0,0,0,0,False
130,Jasmin Burić,Zagłębie Lubin,Bramkarz,16%,1.8,,34,JAG (W),0,0,0,0,0,0,0,False
166,Rafał Janicki,Górnik Zabrze,Obrońca,3%,1.8,,19,PIA (D),90,0,0,0,0,0,3,True
166,Rafał Janicki,Górnik Zabrze,Obrońca,3%,1.8,,20,LPO (D),90,0,0,0,1,0,1,True
166,Rafał Janicki,Górnik Zabrze,Obrońca,3%,1.8,,21,BBT (W),0,0,0,0,0,0,0,False
166,Rafał Janicki,Górnik Zabrze,Obrońca,3%,1.8,,22,POG (D),90,0,0,0,0,0,2,True
166,Rafał Janicki,Górnik Zabrze,Obrońca,3%,1.8,,23,GKS (W),90,0,0,0,0,0,0,True
166,Rafał Janicki,Górnik Zabrze,Obrońca,3%,1.8,,24,MOT (W),90,0,0,0,0,0,5,True
166,Rafał Janicki,Górnik Zabrze,Obrońca,3%,1.8,,25,RCZ (D),90,0,0,0,0,0,3,True
166,Rafał Janicki,Górnik Zabrze,Obrońca,3%,1.8,,26,WID (W),90,0,0,0,0,0,5,True
166,Rafał Janicki,Górnik Zabrze,Obrońca,3%,1.8,,27,CRA (D),90,0,0,0,0,0,6,True
166,Rafał Janicki,Górnik Zabrze,Obrońca,3%,1.8,,28,LEG (W),90,0,0,0,0,0,0,True
166,Rafał Janicki,Górnik Zabrze,Obrońca,3%,1.8,,29,KOR (D),0,0,0,0,0,0,0,False
166,Rafał Janicki,Górnik Zabrze,Obrońca,3%,1.8,,30,JAG (W),0,0,0,0,0,0,0,False
166,Rafał Janicki,Górnik Zabrze,Obrońca,3%,1.8,,32,ARK (W),0,0,0,0,0,0,0,False
166,Rafał Janicki,Górnik Zabrze,Obrońca,3%,1.8,,32,ZAG (D),0,0,0,0,0,0,0,False
166,Rafał Janicki,Górnik Zabrze,Obrońca,3%,1.8,,33,WPŁ (W),0,0,0,0,0,0,0,False
166,Rafał Janicki,Górnik Zabrze,Obrońca,3%,1.8,,34,RAD (D),0,0,0,0,0,0,0,False
184,Rafał Wolski,Radomiak Radom,Pomocnik,4%,2.2,,19,ARK (D),75,1,0,0,1,0,7,True
184,Rafał Wolski,Radomiak Radom,Pomocnik,4%,2.2,,20,RCZ (W),71,0,0,0,0,0,3,True
184,Rafał Wolski,Radomiak Radom,Pomocnik,4%,2.2,,21,KOR (D),65,0,0,0,0,0,2,True
184,Rafał Wolski,Radomiak Radom,Pomocnik,4%,2.2,,22,JAG (W),90,1,0,0,1,0,6,True
184,Rafał Wolski,Radomiak Radom,Pomocnik,4%,2.2,,23,BBT (W),0,0,0,0,0,0,0,False
184,Rafał Wolski,Radomiak Radom,Pomocnik,4%,2.2,,24,GKS (D),71,0,0,0,1,0,1,True
184,Rafał Wolski,Radomiak Radom,Pomocnik,4%,2.2,,25,LEG (D),90,0,1,0,0,0,5,True
184,Rafał Wolski,Radomiak Radom,Pomocnik,4%,2.2,,26,PIA (W),78,1,0,0,0,0,7,True
184,Rafał Wolski,Radomiak Radom,Pomocnik,4%,2.2,,27,MOT (D),75,1,0,0,0,0,7,True
184,Rafał Wolski,Radomiak Radom,Pomocnik,4%,2.2,,28,ZAG (W),77,0,0,0,0,0,2,True
184,Rafał Wolski,Radomiak Radom,Pomocnik,4%,2.2,,29,WID (D),0,0,0,0,0,0,0,False
184,Rafał Wolski,Radomiak Radom,Pomocnik,4%,2.2,,30,WPŁ (W),0,0,0,0,0,0,0,False
184,Rafał Wolski,Radomiak Radom,Pomocnik,4%,2.2,,31,LGD (D),0,0,0,0,0,0,0,False
184,Rafał Wolski,Radomiak Radom,Pomocnik,4%,2.2,,32,CRA (W),0,0,0,0,0,0,0,False
184,Rafał Wolski,Radomiak Radom,Pomocnik,4%,2.2,,33,LPO (D),0,0,0,0,0,0,0,False
184,Rafał Wolski,Radomiak Radom,Pomocnik,4%,2.2,,34,GÓR (W),0,0,0,0,0,0,0,False
256,Jakub Czerwiński,Piast Gliwice,Obrońca,1%,1.7,,19,GÓR (W),90,0,0,0,0,0,1,True
256,Jakub Czerwiński,Piast Gliwice,Obrońca,1%,1.7,,19,LPO (D),0,0,0,0,0,0,0,False
256,Jakub Czerwiński,Piast Gliwice,Obrońca,1%,1.7,,20,WPŁ (D),90,0,0,0,0,0,6,True
256,Jakub Czerwiński,Piast Gliwice,Obrońca,1%,1.7,,21,LPO (W),90,0,0,0,0,0,0,True
256,Jakub Czerwiński,Piast Gliwice,Obrońca,1%,1.7,,22,MOT (D),79,0,0,0,0,0,1,True
256,Jakub Czerwiński,Piast Gliwice,Obrońca,1%,1.7,,23,CRA (W),90,0,0,0,0,0,2,True
256,Jakub Czerwiński,Piast Gliwice,Obrońca,1%,1.7,,24,ZAG (D),90,0,0,0,0,0,0,True
256,Jakub Czerwiński,Piast Gliwice,Obrońca,1%,1.7,,25,JAG (W),0,0,0,0,0,0,0,False
256,Jakub Czerwiński,Piast Gliwice,Obrońca,1%,1.7,,26,RAD (D),90,0,0,0,1,0,2,True
256,Jakub Czerwiński,Piast Gliwice,Obrońca,1%,1.7,,27,BBT (W),0,0,0,0,0,0,0,False
256,Jakub Czerwiński,Piast Gliwice,Obrońca,1%,1.7,,28,POG (D),0,0,0,0,0,0,0,False
256,Jakub Czerwiński,Piast Gliwice,Obrońca,1%,1.7,,29,LGD (W),0,0,0,0,0,0,0,False
256,Jakub Czerwiński,Piast Gliwice,Obrońca,1%,1.7,,30,ARK (D),0,0,0,0,0,0,0,False
256,Jakub Czerwiński,Piast Gliwice,Obrońca,1%,1.7,,31,KOR (W),0,0,0,0,0,0,0,False
256,Jakub Czerwiński,Piast Gliwice,Obrońca,1%,1.7,,32,GKS (D),0,0,0,0,0,0,0,False
256,Jakub Czerwiński,Piast Gliwice,Obrońca,1%,1.7,,33,RCZ (D),0,0,0,0,0,0,0,False
256,Jakub Czerwiński,Piast Gliwice,Obrońca,1%,1.7,,34,WID (W),0,0,0,0,0,0,0,False
303,Mariusz Stępiński,Korona Kielce,Napastnik,36%,2.2,,19,LEG (W),89,2,0,0,0,0,12,True
303,Mariusz Stępiński,Korona Kielce,Napastnik,36%,2.2,,20,ZAG (D),90,0,0,0,0,0,2,True
303,Mariusz Stępiński,Korona Kielce,Napastnik,36%,2.2,,21,RAD (W),76,0,0,0,1,0,2,True
303,Mariusz Stępiński,Korona Kielce,Napastnik,36%,2.2,,22,LPO (D),90,1,0,0,0,0,6,True
303,Mariusz Stępiński,Korona Kielce,Napastnik,36%,2.2,,23,MOT (W),90,0,0,0,0,0,2,True
303,Mariusz Stępiński,Korona Kielce,Napastnik,36%,2.2,,24,BBT (D),90,0,0,0,1,0,2,True
303,Mariusz Stępiński,Korona Kielce,Napastnik,36%,2.2,,25,POG (W),90,0,0,0,0,0,2,True
303,Mariusz Stępiński,Korona Kielce,Napastnik,36%,2.2,,26,ARK (D),76,1,0,0,0,0,7,True
303,Mariusz Stępiński,Korona Kielce,Napastnik,36%,2.2,,27,LGD (W),67,0,0,0,0,0,2,True
303,Mariusz Stępiński,Korona Kielce,Napastnik,36%,2.2,,28,JAG (D),89,0,0,0,0,0,2,True
303,Mariusz Stępiński,Korona Kielce,Napastnik,36%,2.2,,29,GÓR (W),0,0,0,0,0,0,0,False
303,Mariusz Stępiński,Korona Kielce,Napastnik,36%,2.2,,30,GKS (D),0,0,0,0,0,0,0,False
303,Mariusz Stępiński,Korona Kielce,Napastnik,36%,2.2,,31,PIA (D),0,0,0,0,0,0,0,False
303,Mariusz Stępiński,Korona Kielce,Napastnik,36%,2.2,,32,RCZ (W),0,0,0,0,0,0,0,False
303,Mariusz Stępiński,Korona Kielce,Napastnik,36%,2.2,,33,WID (D),0,0,0,0,0,0,0,False
303,Mariusz Stępiński,Korona Kielce,Napastnik,36%,2.2,,34,CRA (W),0,0,0,0,0,0,0,False
346,Vladislavs Gutkovskis,Arka Gdynia,Napastnik,2%,1.9,,19,RAD (W),80,0,0,0,0,0,2,True
346,Vladislavs Gutkovskis,Arka Gdynia,Napastnik,2%,1.9,,20,LEG (D),27,0,0,0,0,0,1,True
346,Vladislavs Gutkovskis,Arka Gdynia,Napastnik,2%,1.9,,21,POG (W),17,0,0,0,0,0,1,True
346,Vladislavs Gutkovskis,Arka Gdynia,Napastnik,2%,1.9,,22,GKS (D),62,0,0,0,1,0,2,True
346,Vladislavs Gutkovskis,Arka Gdynia,Napastnik,2%,1.9,,23,LGD (D),19,0,0,0,0,0,1,True
346,Vladislavs Gutkovskis,Arka Gdynia,Napastnik,2%,1.9,,24,WPŁ (W),73,1,0,0,0,0,7,True
346,Vladislavs Gutkovskis,Arka Gdynia,Napastnik,2%,1.9,,25,WID (D),76,0,0,0,0,0,2,True
346,Vladislavs Gutkovskis,Arka Gdynia,Napastnik,2%,1.9,,26,KOR (W),45,0,0,0,0,0,2,True
346,Vladislavs Gutkovskis,Arka Gdynia,Napastnik,2%,1.9,,27,ZAG (D),89,1,0,0,0,0,7,True
346,Vladislavs Gutkovskis,Arka Gdynia,Napastnik,2%,1.9,,28,CRA (W),82,1,0,0,0,0,6,True
346,Vladislavs Gutkovskis,Arka Gdynia,Napastnik,2%,1.9,,29,JAG (D),0,0,0,0,0,0,0,False
346,Vladislavs Gutkovskis,Arka Gdynia,Napastnik,2%,1.9,,30,PIA (W),0,0,0,0,0,0,0,False
346,Vladislavs Gutkovskis,Arka Gdynia,Napastnik,2%,1.9,,32,GÓR (D),0,0,0,0,0,0,0,False
346,Vladislavs Gutkovskis,Arka Gdynia,Napastnik,2%,1.9,,32,LPO (W),0,0,0,0,0,0,0,False
346,Vladislavs Gutkovskis,Arka Gdynia,Napastnik,2%,1.9,,33,BBT (D),0,0,0,0,0,0,0,False
346,Vladislavs Gutkovskis,Arka Gdynia,Napastnik,2%,1.9,,34,RCZ (W),0,0,0,0,0,0,0,False
415,Michał Marcjanik,Arka Gdynia,Obrońca,3%,1.8,,19,RAD (W),90,0,0,0,0,0,0,True
415,Michał Marcjanik,Arka Gdynia,Obrońca,3%,1.8,,20,LEG (D),90,1,0,0,1,0,6,True
415,Michał Marcjanik,Arka Gdynia,Obrońca,3%,1.8,,21,POG (W),90,0,0,0,0,0,2,True
415,Michał Marcjanik,Arka Gdynia,Obrońca,3%,1.8,,22,GKS (D),90,1,0,0,1,0,9,True
415,Michał Marcjanik,Arka Gdynia,Obrońca,3%,1.8,,23,LGD (D),0,0,0,0,0,0,0,False
415,Michał Marcjanik,Arka Gdynia,Obrońca,3%,1.8,,24,WPŁ (W),90,0,0,0,0,0,6,True
415,Michał Marcjanik,Arka Gdynia,Obrońca,3%,1.8,,25,WID (D),90,0,0,0,0,0,5,True
415,Michał Marcjanik,Arka Gdynia,Obrońca,3%,1.8,,26,KOR (W),90,0,0,0,0,0,0,True
415,Michał Marcjanik,Arka Gdynia,Obrońca,3%,1.8,,27,ZAG (D),90,0,0,0,0,0,3,True
415,Michał Marcjanik,Arka Gdynia,Obrońca,3%,1.8,,28,CRA (W),90,0,0,0,0,0,1,True
415,Michał Marcjanik,Arka Gdynia,Obrońca,3%,1.8,,29,JAG (D),0,0,0,0,0,0,0,False
415,Michał Marcjanik,Arka Gdynia,Obrońca,3%,1.8,,30,PIA (W),0,0,0,0,0,0,0,False
415,Michał Marcjanik,Arka Gdynia,Obrońca,3%,1.8,,32,GÓR (D),0,0,0,0,0,0,0,False
415,Michał Marcjanik,Arka Gdynia,Obrońca,3%,1.8,,32,LPO (W),0,0,0,0,0,0,0,False
415,Michał Marcjanik,Arka Gdynia,Obrońca,3%,1.8,,33,BBT (D),0,0,0,0,0,0,0,False
415,Michał Marcjanik,Arka Gdynia,Obrońca,3%,1.8,,34,RCZ (W),0,0,0,0,0,0,0,False
480,Bartosz Nowak,GKS Katowice,Pomocnik,69%,2.7,,19,ZAG (W),89,1,1,0,0,0,13,True
480,Bartosz Nowak,GKS Katowice,Pomocnik,69%,2.7,,19,JAG (W),90,0,0,0,0,0,2,True
480,Bartosz Nowak,GKS Katowice,Pomocnik,69%,2.7,,20,WID (D),89,0,1,0,0,0,7,True
480,Bartosz Nowak,GKS Katowice,Pomocnik,69%,2.7,,21,LEG (D),90,0,1,0,0,0,6,True
480,Bartosz Nowak,GKS Katowice,Pomocnik,69%,2.7,,22,ARK (W),83,0,1,0,0,0,6,True
480,Bartosz Nowak,GKS Katowice,Pomocnik,69%,2.7,,23,GÓR (D),90,1,0,0,0,0,9,True
480,Bartosz Nowak,GKS Katowice,Pomocnik,69%,2.7,,24,RAD (W),90,0,0,1,0,0,6,True
480,Bartosz Nowak,GKS Katowice,Pomocnik,69%,2.7,,25,LGD (D),89,0,1,0,0,0,8,True
480,Bartosz Nowak,GKS Katowice,Pomocnik,69%,2.7,,26,CRA (W),90,0,0,0,0,0,2,True
480,Bartosz Nowak,GKS Katowice,Pomocnik,69%,2.7,,27,WPŁ (D),90,0,1,0,0,0,8,True
480,Bartosz Nowak,GKS Katowice,Pomocnik,69%,2.7,,28,LPO (W),90,0,0,0,0,0,2,True
480,Bartosz Nowak,GKS Katowice,Pomocnik,69%,2.7,,29,MOT (D),0,0,0,0,0,0,0,False
480,Bartosz Nowak,GKS Katowice,Pomocnik,69%,2.7,,30,KOR (W),0,0,0,0,0,0,0,False
480,Bartosz Nowak,GKS Katowice,Pomocnik,69%,2.7,,31,BBT (D),0,0,0,0,0,0,0,False
480,Bartosz Nowak,GKS Katowice,Pomocnik,69%,2.7,,32,PIA (W),0,0,0,0,0,0,0,False
480,Bartosz Nowak,GKS Katowice,Pomocnik,69%,2.7,,33,JAG (D),0,0,0,0,0,0,0,False
480,Bartosz Nowak,GKS Katowice,Pomocnik,69%,2.7,,34,POG (W),0,0,0,0,0,0,0,False
563,Marcin Wasielewski,GKS Katowice,Obrońca,13%,1.9,,19,ZAG (W),90,0,0,0,0,0,6,True
563,Marcin Wasielewski,GKS Katowice,Obrońca,13%,1.9,,19,JAG (W),90,0,0,0,0,0,1,True
563,Marcin Wasielewski,GKS Katowice,Obrońca,13%,1.9,,20,WID (D),90,0,0,0,0,0,7,True
563,Marcin Wasielewski,GKS Katowice,Obrońca,13%,1.9,,21,LEG (D),90,0,0,0,0,0,2,True
563,Marcin Wasielewski,GKS Katowice,Obrońca,13%,1.9,,22,ARK (W),90,0,0,0,0,0,1,True
563,Marcin Wasielewski,GKS Katowice,Obrońca,13%,1.9,,23,GÓR (D),90,0,0,0,0,0,3,True
563,Marcin Wasielewski,GKS Katowice,Obrońca,13%,1.9,,24,RAD (W),90,0,0,0,0,0,6,True
563,Marcin Wasielewski,GKS Katowice,Obrońca,13%,1.9,,25,LGD (D),90,0,0,0,0,0,6,True
563,Marcin Wasielewski,GKS Katowice,Obrońca,13%,1.9,,26,CRA (W),80,0,0,0,0,0,2,True
563,Marcin Wasielewski,GKS Katowice,Obrońca,13%,1.9,,27,WPŁ (D),90,0,0,0,1,0,5,True
563,Marcin Wasielewski,GKS Katowice,Obrońca,13%,1.9,,28,LPO (W),90,0,0,0,0,0,0,True
563,Marcin Wasielewski,GKS Katowice,Obrońca,13%,1.9,,29,MOT (D),0,0,0,0,0,0,0,False
563,Marcin Wasielewski,GKS Katowice,Obrońca,13%,1.9,,30,KOR (W),0,0,0,0,0,0,0,False
563,Marcin Wasielewski,GKS Katowice,Obrońca,13%,1.9,,31,BBT (D),0,0,0,0,0,0,0,False
563,Marcin Wasielewski,GKS Katowice,Obrońca,13%,1.9,,32,PIA (W),0,0,0,0,0,0,0,False
563,Marcin Wasielewski,GKS Katowice,Obrońca,13%,1.9,,33,JAG (D),0,0,0,0,0,0,0,False
563,Marcin Wasielewski,GKS Katowice,Obrońca,13%,1.9,,34,POG (W),0,0,0,0,0,0,0,False
587,Patryk Dziczek,Piast Gliwice,Pomocnik,1%,1.9,,19,GÓR (W),90,0,0,0,0,0,2,True
587,Patryk Dziczek,Piast Gliwice,Pomocnik,1%,1.9,,19,LPO (D),90,0,0,0,1,0,0,True
587,Patryk Dziczek,Piast Gliwice,Pomocnik,1%,1.9,,20,WPŁ (D),0,0,0,0,0,0,0,False
587,Patryk Dziczek,Piast Gliwice,Pomocnik,1%,1.9,,21,LPO (W),90,0,0,0,0,0,2,True
587,Patryk Dziczek,Piast Gliwice,Pomocnik,1%,1.9,,22,MOT (D),90,0,0,0,1,0,1,True
587,Patryk Dziczek,Piast Gliwice,Pomocnik,1%,1.9,,23,CRA (W),90,0,0,0,0,0,3,True
587,Patryk Dziczek,Piast Gliwice,Pomocnik,1%,1.9,,24,ZAG (D),90,0,1,0,1,0,4,True
587,Patryk Dziczek,Piast Gliwice,Pomocnik,1%,1.9,,25,JAG (W),90,0,0,0,0,0,3,True
587,Patryk Dziczek,Piast Gliwice,Pomocnik,1%,1.9,,26,RAD (D),90,0,0,0,0,0,3,True
587,Patryk Dziczek,Piast Gliwice,Pomocnik,1%,1.9,,27,BBT (W),90,0,0,0,0,0,2,True
587,Patryk Dziczek,Piast Gliwice,Pomocnik,1%,1.9,,28,POG (D),90,0,0,0,0,0,2,True
587,Patryk Dziczek,Piast Gliwice,Pomocnik,1%,1.9,,29,LGD (W),0,0,0,0,0,0,0,False
587,Patryk Dziczek,Piast Gliwice,Pomocnik,1%,1.9,,30,ARK (D),0,0,0,0,0,0,0,False
587,Patryk Dziczek,Piast Gliwice,Pomocnik,1%,1.9,,31,KOR (W),0,0,0,0,0,0,0,False
587,Patryk Dziczek,Piast Gliwice,Pomocnik,1%,1.9,,32,GKS (D),0,0,0,0,0,0,0,False
587,Patryk Dziczek,Piast Gliwice,Pomocnik,1%,1.9,,33,RCZ (D),0,0,0,0,0,0,0,False
587,Patryk Dziczek,Piast Gliwice,Pomocnik,1%,1.9,,34,WID (W),0,0,0,0,0,0,0,False
632,Wiktor Nowak,Wisła Płock,Pomocnik,4%,1.7,,19,RCZ (D),90,1,0,0,0,0,8,True
632,Wiktor Nowak,Wisła Płock,Pomocnik,4%,1.7,,20,PIA (W),90,0,0,0,0,0,2,True
632,Wiktor Nowak,Wisła Płock,Pomocnik,4%,1.7,,21,WID (D),74,0,0,0,1,0,1,True
632,Wiktor Nowak,Wisła Płock,Pomocnik,4%,1.7,,22,LEG (W),90,1,0,0,0,0,7,True
632,Wiktor Nowak,Wisła Płock,Pomocnik,4%,1.7,,23,ZAG (W),90,0,0,0,0,0,2,True
632,Wiktor Nowak,Wisła Płock,Pomocnik,4%,1.7,,24,ARK (D),90,0,0,0,1,0,1,True
632,Wiktor Nowak,Wisła Płock,Pomocnik,4%,1.7,,25,CRA (W),90,0,0,0,0,0,3,True
632,Wiktor Nowak,Wisła Płock,Pomocnik,4%,1.7,,26,JAG (W),90,0,0,0,0,0,3,True
632,Wiktor Nowak,Wisła Płock,Pomocnik,4%,1.7,,27,GKS (W),90,0,0,0,1,0,1,True
632,Wiktor Nowak,Wisła Płock,Pomocnik,4%,1.7,,28,LGD (D),90,0,0,0,0,0,4,True
632,Wiktor Nowak,Wisła Płock,Pomocnik,4%,1.7,,29,BBT (W),0,0,0,0,0,0,0,False
632,Wiktor Nowak,Wisła Płock,Pomocnik,4%,1.7,,30,RAD (D),0,0,0,0,0,0,0,False
632,Wiktor Nowak,Wisła Płock,Pomocnik,4%,1.7,,31,POG (W),0,0,0,0,0,0,0,False
632,Wiktor Nowak,Wisła Płock,Pomocnik,4%,1.7,,32,MOT (D),0,0,0,0,0,0,0,False
632,Wiktor Nowak,Wisła Płock,Pomocnik,4%,1.7,,33,GÓR (D),0,0,0,0,0,0,0,False
632,Wiktor Nowak,Wisła Płock,Pomocnik,4%,1.7,,34,LPO (W),0,0,0,0,0,0,0,False
633,Mateusz Wdowiak,GKS Katowice,Pomocnik,4%,1.8,,19,ZAG (W),69,0,0,0,0,0,4,True
633,Mateusz Wdowiak,GKS Katowice,Pomocnik,4%,1.8,,19,JAG (W),45,0,0,0,0,0,2,True
633,Mateusz Wdowiak,GKS Katowice,Pomocnik,4%,1.8,,20,WID (D),71,0,0,0,0,0,4,True
633,Mateusz Wdowiak,GKS Katowice,Pomocnik,4%,1.8,,21,LEG (D),68,0,0,0,1,0,1,True
633,Mateusz Wdowiak,GKS Katowice,Pomocnik,4%,1.8,,22,ARK (W),64,1,0,0,0,0,7,True
633,Mateusz Wdowiak,GKS Katowice,Pomocnik,4%,1.8,,23,GÓR (D),60,0,0,0,0,0,3,True
633,Mateusz Wdowiak,GKS Katowice,Pomocnik,4%,1.8,,24,RAD (W),87,0,0,0,0,0,4,True
633,Mateusz Wdowiak,GKS Katowice,Pomocnik,4%,1.8,,25,LGD (D),76,1,0,0,0,0,9,True
633,Mateusz Wdowiak,GKS Katowice,Pomocnik,4%,1.8,,26,CRA (W),68,0,0,0,0,0,2,True
633,Mateusz Wdowiak,GKS Katowice,Pomocnik,4%,1.8,,27,WPŁ (D),67,0,0,0,0,0,4,True
633,Mateusz Wdowiak,GKS Katowice,Pomocnik,4%,1.8,,28,LPO (W),1,0,0,0,0,0,1,True
633,Mateusz Wdowiak,GKS Katowice,Pomocnik,4%,1.8,,29,MOT (D),0,0,0,0,0,0,0,False
633,Mateusz Wdowiak,GKS Katowice,Pomocnik,4%,1.8,,30,KOR (W),0,0,0,0,0,0,0,False
633,Mateusz Wdowiak,GKS Katowice,Pomocnik,4%,1.8,,31,BBT (D),0,0,0,0,0,0,0,False
633,Mateusz Wdowiak,GKS Katowice,Pomocnik,4%,1.8,,32,PIA (W),0,0,0,0,0,0,0,False
633,Mateusz Wdowiak,GKS Katowice,Pomocnik,4%,1.8,,33,JAG (D),0,0,0,0,0,0,0,False
633,Mateusz Wdowiak,GKS Katowice,Pomocnik,4%,1.8,,34,POG (W),0,0,0,0,0,0,0,False
701,Patryk Kun,Legia Warszawa,Obrońca,10%,1.7,,19,KOR (D),7,0,0,0,0,0,1,True
701,Patryk Kun,Legia Warszawa,Obrońca,10%,1.7,,20,ARK (W),0,0,0,0,0,0,0,False
701,Patryk Kun,Legia Warszawa,Obrońca,10%,1.7,,21,GKS (W),90,0,1,0,0,0,6,True
701,Patryk Kun,Legia Warszawa,Obrońca,10%,1.7,,22,WPŁ (D),82,0,0,0,0,0,3,True
701,Patryk Kun,Legia Warszawa,Obrońca,10%,1.7,,23,JAG (W),90,0,0,0,0,0,1,True
701,Patryk Kun,Legia Warszawa,Obrońca,10%,1.7,,24,CRA (D),90,0,0,0,0,0,7,True
701,Patryk Kun,Legia Warszawa,Obrońca,10%,1.7,,25,RAD (W),80,0,0,0,0,0,2,True
701,Patryk Kun,Legia Warszawa,Obrońca,10%,1.7,,26,RCZ (D),86,0,0,0,0,0,2,True
701,Patryk Kun,Legia Warszawa,Obrońca,10%,1.7,,27,POG (W),86,0,0,0,0,0,6,True
701,Patryk Kun,Legia Warszawa,Obrońca,10%,1.7,,28,GÓR (D),85,0,0,0,0,0,2,True
701,Patryk Kun,Legia Warszawa,Obrońca,10%,1.7,,29,ZAG (D),0,0,0,0,0,0,0,False
701,Patryk Kun,Legia Warszawa,Obrońca,10%,1.7,,30,LPO (W),0,0,0,0,0,0,0,False
701,Patryk Kun,Legia Warszawa,Obrońca,10%,1.7,,31,WID (D),0,0,0,0,0,0,0,False
701,Patryk Kun,Legia Warszawa,Obrońca,10%,1.7,,32,BBT (W),0,0,0,0,0,0,0,False
701,Patryk Kun,Legia Warszawa,Obrońca,10%,1.7,,33,LGD (W),0,0,0,0,0,0,0,False
701,Patryk Kun,Legia Warszawa,Obrońca,10%,1.7,,34,MOT (D),0,0,0,0,0,0,0,False
765,Jesús Imaz,Jagiellonia Białystok,Pomocnik,24%,4.2,,19,WID (W),90,0,1,0,0,0,6,True
765,Jesús Imaz,Jagiellonia Białystok,Pomocnik,24%,4.2,,19,GKS (D),90,0,0,0,0,0,3,True
765,Jesús Imaz,Jagiellonia Białystok,Pomocnik,24%,4.2,,20,MOT (D),87,1,0,0,1,0,7,True
765,Jesús Imaz,Jagiellonia Białystok,Pomocnik,24%,4.2,,21,CRA (W),0,0,0,0,0,0,0,False
765,Jesús Imaz,Jagiellonia Białystok,Pomocnik,24%,4.2,,22,RAD (D),90,1,0,0,1,0,6,True
765,Jesús Imaz,Jagiellonia Białystok,Pomocnik,24%,4.2,,23,LEG (D),85,0,0,0,0,0,2,True
765,Jesús Imaz,Jagiellonia Białystok,Pomocnik,24%,4.2,,24,LGD (W),90,0,0,0,0,0,2,True
765,Jesús Imaz,Jagiellonia Białystok,Pomocnik,24%,4.2,,25,PIA (D),90,1,0,0,0,0,7,True
765,Jesús Imaz,Jagiellonia Białystok,Pomocnik,24%,4.2,,26,WPŁ (D),90,0,0,0,0,0,2,True
765,Jesús Imaz,Jagiellonia Białystok,Pomocnik,24%,4.2,,27,LPO (D),90,0,0,0,0,0,3,True
765,Jesús Imaz,Jagiellonia Białystok,Pomocnik,24%,4.2,,28,KOR (W),79,0,0,0,0,0,2,True
765,Jesús Imaz,Jagiellonia Białystok,Pomocnik,24%,4.2,,29,ARK (W),0,0,0,0,0,0,0,False
765,Jesús Imaz,Jagiellonia Białystok,Pomocnik,24%,4.2,,30,GÓR (D),0,0,0,0,0,0,0,False
765,Jesús Imaz,Jagiellonia Białystok,Pomocnik,24%,4.2,,32,RCZ (W),0,0,0,0,0,0,0,False
765,Jesús Imaz,Jagiellonia Białystok,Pomocnik,24%,4.2,,32,POG (D),0,0,0,0,0,0,0,False
765,Jesús Imaz,Jagiellonia Białystok,Pomocnik,24%,4.2,,33,GKS (W),0,0,0,0,0,0,0,False
765,Jesús Imaz,Jagiellonia Białystok,Pomocnik,24%,4.2,,34,ZAG (D),0,0,0,0,0,0,0,False
774,Sebastian Bergier,Widzew Łódź,Napastnik,14%,2.3,,19,JAG (D),90,1,0,0,0,0,6,True
774,Sebastian Bergier,Widzew Łódź,Napastnik,14%,2.3,,20,GKS (W),74,0,0,0,0,0,2,True
774,Sebastian Bergier,Widzew Łódź,Napastnik,14%,2.3,,21,WPŁ (W),79,1,0,0,1,0,6,True
774,Sebastian Bergier,Widzew Łódź,Napastnik,14%,2.3,,22,CRA (D),0,0,0,0,0,0,0,False
774,Sebastian Bergier,Widzew Łódź,Napastnik,14%,2.3,,23,POG (W),90,0,0,0,0,0,2,True
774,Sebastian Bergier,Widzew Łódź,Napastnik,14%,2.3,,24,LPO (D),62,0,0,0,0,0,3,True
774,Sebastian Bergier,Widzew Łódź,Napastnik,14%,2.3,,25,ARK (W),90,0,0,0,0,0,2,True
774,Sebastian Bergier,Widzew Łódź,Napastnik,14%,2.3,,26,GÓR (D),64,0,0,0,0,0,2,True
774,Sebastian Bergier,Widzew Łódź,Napastnik,14%,2.3,,27,RCZ (W),24,0,1,0,0,0,4,True
774,Sebastian Bergier,Widzew Łódź,Napastnik,14%,2.3,,28,BBT (D),90,1,0,0,0,0,7,True
774,Sebastian Bergier,Widzew Łódź,Napastnik,14%,2.3,,29,RAD (W),0,0,0,0,0,0,0,False
774,Sebastian Bergier,Widzew Łódź,Napastnik,14%,2.3,,30,MOT (D),0,0,0,0,0,0,0,False
774,Sebastian Bergier,Widzew Łódź,Napastnik,14%,2.3,,31,LEG (W),0,0,0,0,0,0,0,False
774,Sebastian Bergier,Widzew Łódź,Napastnik,14%,2.3,,32,LGD (D),0,0,0,0,0,0,0,False
774,Sebastian Bergier,Widzew Łódź,Napastnik,14%,2.3,,33,KOR (W),0,0,0,0,0,0,0,False
774,Sebastian Bergier,Widzew Łódź,Napastnik,14%,2.3,,34,PIA (D),0,0,0,0,0,0,0,False
791,Dawid Błanik,Korona Kielce,Pomocnik,2%,2.2,,19,LEG (W),26,0,0,0,0,0,2,True
791,Dawid Błanik,Korona Kielce,Pomocnik,2%,2.2,,20,ZAG (D),45,0,0,0,0,0,1,True
791,Dawid Błanik,Korona Kielce,Pomocnik,2%,2.2,,21,RAD (W),0,0,0,0,0,0,0,False
791,Dawid Błanik,Korona Kielce,Pomocnik,2%,2.2,,22,LPO (D),0,0,0,0,0,0,0,False
791,Dawid Błanik,Korona Kielce,Pomocnik,2%,2.2,,23,MOT (W),0,0,0,0,0,0,0,False
791,Dawid Błanik,Korona Kielce,Pomocnik,2%,2.2,,24,BBT (D),26,0,0,0,0,0,2,True
791,Dawid Błanik,Korona Kielce,Pomocnik,2%,2.2,,25,POG (W),57,0,0,0,0,0,2,True
791,Dawid Błanik,Korona Kielce,Pomocnik,2%,2.2,,26,ARK (D),71,0,2,0,0,0,11,True
791,Dawid Błanik,Korona Kielce,Pomocnik,2%,2.2,,27,LGD (W),90,1,0,0,0,0,7,True
791,Dawid Błanik,Korona Kielce,Pomocnik,2%,2.2,,28,JAG (D),82,0,0,0,0,0,2,True
791,Dawid Błanik,Korona Kielce,Pomocnik,2%,2.2,,29,GÓR (W),0,0,0,0,0,0,0,False
791,Dawid Błanik,Korona Kielce,Pomocnik,2%,2.2,,30,GKS (D),0,0,0,0,0,0,0,False
791,Dawid Błanik,Korona Kielce,Pomocnik,2%,2.2,,31,PIA (D),0,0,0,0,0,0,0,False
791,Dawid Błanik,Korona Kielce,Pomocnik,2%,2.2,,32,RCZ (W),0,0,0,0,0,0,0,False
791,Dawid Błanik,Korona Kielce,Pomocnik,2%,2.2,,33,WID (D),0,0,0,0,0,0,0,False
791,Dawid Błanik,Korona Kielce,Pomocnik,2%,2.2,,34,CRA (W),0,0,0,0,0,0,0,False
813,Mateusz Żyro,Widzew Łódź,Obrońca,2%,1.7,,19,JAG (D),0,0,0,0,0,0,0,False
813,Mateusz Żyro,Widzew Łódź,Obrońca,2%,1.7,,20,GKS (W),0,0,0,0,0,0,0,False
813,Mateusz Żyro,Widzew Łódź,Obrońca,2%,1.7,,21,WPŁ (W),1,0,0,0,0,0,2,True
813,Mateusz Żyro,Widzew Łódź,Obrońca,2%,1.7,,22,CRA (D),0,0,0,0,0,0,0,False
813,Mateusz Żyro,Widzew Łódź,Obrońca,2%,1.7,,23,POG (W),0,0,0,0,0,0,0,False
813,Mateusz Żyro,Widzew Łódź,Obrońca,2%,1.7,,24,LPO (D),90,0,0,0,1,0,2,True
813,Mateusz Żyro,Widzew Łódź,Obrońca,2%,1.7,,25,ARK (W),90,0,0,0,0,0,5,True
813,Mateusz Żyro,Widzew Łódź,Obrońca,2%,1.7,,26,GÓR (D),90,0,0,0,0,0,5,True
813,Mateusz Żyro,Widzew Łódź,Obrońca,2%,1.7,,27,RCZ (W),45,0,0,0,0,0,2,True
813,Mateusz Żyro,Widzew Łódź,Obrońca,2%,1.7,,28,BBT (D),1,0,0,0,0,0,2,True
813,Mateusz Żyro,Widzew Łódź,Obrońca,2%,1.7,,29,RAD (W),0,0,0,0,0,0,0,False
813,Mateusz Żyro,Widzew Łódź,Obrońca,2%,1.7,,30,MOT (D),0,0,0,0,0,0,0,False
813,Mateusz Żyro,Widzew Łódź,Obrońca,2%,1.7,,31,LEG (W),0,0,0,0,0,0,0,False
813,Mateusz Żyro,Widzew Łódź,Obrońca,2%,1.7,,32,LGD (D),0,0,0,0,0,0,0,False
813,Mateusz Żyro,Widzew Łódź,Obrońca,2%,1.7,,33,KOR (W),0,0,0,0,0,0,0,False
813,Mateusz Żyro,Widzew Łódź,Obrońca,2%,1.7,,34,PIA (D),0,0,0,0,0,0,0,False
827,Mateusz Grzybek,Zagłębie Lubin,Obrońca,23%,1.8,,19,GKS (D),0,0,0,0,0,0,0,False
827,Mateusz Grzybek,Zagłębie Lubin,Obrońca,23%,1.8,,20,KOR (W),45,0,0,0,0,0,2,True
827,Mateusz Grzybek,Zagłębie Lubin,Obrońca,23%,1.8,,21,RCZ (D),90,0,0,0,0,0,5,True
827,Mateusz Grzybek,Zagłębie Lubin,Obrońca,23%,1.8,,22,LGD (W),89,1,0,0,1,0,12,True
827,Mateusz Grzybek,Zagłębie Lubin,Obrońca,23%,1.8,,23,WPŁ (D),90,2,0,0,0,0,19,True
827,Mateusz Grzybek,Zagłębie Lubin,Obrońca,23%,1.8,,24,PIA (W),86,0,0,0,0,0,3,True
827,Mateusz Grzybek,Zagłębie Lubin,Obrońca,23%,1.8,,25,LPO (D),45,0,0,0,0,0,2,True
827,Mateusz Grzybek,Zagłębie Lubin,Obrońca,23%,1.8,,26,MOT (W),0,0,0,0,0,0,0,False
827,Mateusz Grzybek,Zagłębie Lubin,Obrońca,23%,1.8,,27,ARK (W),0,0,0,0,0,0,0,False
827,Mateusz Grzybek,Zagłębie Lubin,Obrońca,23%,1.8,,28,RAD (D),2,0,0,0,0,0,2,True
827,Mateusz Grzybek,Zagłębie Lubin,Obrońca,23%,1.8,,29,LEG (W),0,0,0,0,0,0,0,False
827,Mateusz Grzybek,Zagłębie Lubin,Obrońca,23%,1.8,,30,BBT (D),0,0,0,0,0,0,0,False
827,Mateusz Grzybek,Zagłębie Lubin,Obrońca,23%,1.8,,31,CRA (D),0,0,0,0,0,0,0,False
827,Mateusz Grzybek,Zagłębie Lubin,Obrońca,23%,1.8,,32,GÓR (W),0,0,0,0,0,0,0,False
827,Mateusz Grzybek,Zagłębie Lubin,Obrońca,23%,1.8,,33,POG (D),0,0,0,0,0,0,0,False
827,Mateusz Grzybek,Zagłębie Lubin,Obrońca,23%,1.8,,34,JAG (W),0,0,0,0,0,0,0,False
830,Serafin Szota,Arka Gdynia,Obrońca,1%,1.6,,19,RAD (W),90,0,0,0,0,0,0,True
830,Serafin Szota,Arka Gdynia,Obrońca,1%,1.6,,20,LEG (D),90,0,0,0,0,0,1,True
830,Serafin Szota,Arka Gdynia,Obrońca,1%,1.6,,21,POG (W),90,0,0,0,0,0,2,True
830,Serafin Szota,Arka Gdynia,Obrońca,1%,1.6,,22,GKS (D),90,0,0,0,0,0,3,True
830,Serafin Szota,Arka Gdynia,Obrońca,1%,1.6,,23,LGD (D),90,0,0,0,0,0,1,True
830,Serafin Szota,Arka Gdynia,Obrońca,1%,1.6,,24,WPŁ (W),86,0,0,0,1,0,5,True
830,Serafin Szota,Arka Gdynia,Obrońca,1%,1.6,,25,WID (D),90,0,0,0,0,0,5,True
830,Serafin Szota,Arka Gdynia,Obrońca,1%,1.6,,26,KOR (W),60,0,0,0,0,0,0,True
830,Serafin Szota,Arka Gdynia,Obrońca,1%,1.6,,27,ZAG (D),0,0,0,0,0,0,0,False
830,Serafin Szota,Arka Gdynia,Obrońca,1%,1.6,,28,CRA (W),0,0,0,0,0,0,0,False
830,Serafin Szota,Arka Gdynia,Obrońca,1%,1.6,,29,JAG (D),0,0,0,0,0,0,0,False
830,Serafin Szota,Arka Gdynia,Obrońca,1%,1.6,,30,PIA (W),0,0,0,0,0,0,0,False
830,Serafin Szota,Arka Gdynia,Obrońca,1%,1.6,,32,GÓR (D),0,0,0,0,0,0,0,False
830,Serafin Szota,Arka Gdynia,Obrońca,1%,1.6,,32,LPO (W),0,0,0,0,0,0,0,False
830,Serafin Szota,Arka Gdynia,Obrońca,1%,1.6,,33,BBT (D),0,0,0,0,0,0,0,False
830,Serafin Szota,Arka Gdynia,Obrońca,1%,1.6,,34,RCZ (W),0,0,0,0,0,0,0,False
860,Wiktor Długosz,Korona Kielce,Obrońca,25%,1.8,,19,LEG (W),89,0,0,0,0,0,3,True
860,Wiktor Długosz,Korona Kielce,Obrońca,25%,1.8,,20,ZAG (D),90,0,0,0,0,0,1,True
860,Wiktor Długosz,Korona Kielce,Obrońca,25%,1.8,,21,RAD (W),89,1,0,0,0,0,12,True
860,Wiktor Długosz,Korona Kielce,Obrońca,25%,1.8,,22,LPO (D),90,0,1,0,0,0,5,True
860,Wiktor Długosz,Korona Kielce,Obrońca,25%,1.8,,23,MOT (W),89,0,0,0,0,0,1,True
860,Wiktor Długosz,Korona Kielce,Obrońca,25%,1.8,,24,BBT (D),83,0,0,0,0,0,3,True
860,Wiktor Długosz,Korona Kielce,Obrońca,25%,1.8,,25,POG (W),90,0,0,0,0,0,1,True
860,Wiktor Długosz,Korona Kielce,Obrońca,25%,1.8,,26,ARK (D),90,0,0,0,0,0,6,True
860,Wiktor Długosz,Korona Kielce,Obrońca,25%,1.8,,27,LGD (W),67,0,0,0,0,0,0,True
860,Wiktor Długosz,Korona Kielce,Obrońca,25%,1.8,,28,JAG (D),90,0,0,0,0,0,2,True
860,Wiktor Długosz,Korona Kielce,Obrońca,25%,1.8,,29,GÓR (W),0,0,0,0,0,0,0,False
860,Wiktor Długosz,Korona Kielce,Obrońca,25%,1.8,,30,GKS (D),0,0,0,0,0,0,0,False
860,Wiktor Długosz,Korona Kielce,Obrońca,25%,1.8,,31,PIA (D),0,0,0,0,0,0,0,False
860,Wiktor Długosz,Korona Kielce,Obrońca,25%,1.8,,32,RCZ (W),0,0,0,0,0,0,0,False
860,Wiktor Długosz,Korona Kielce,Obrońca,25%,1.8,,33,WID (D),0,0,0,0,0,0,0,False
860,Wiktor Długosz,Korona Kielce,Obrońca,25%,1.8,,34,CRA (W),0,0,0,0,0,0,0,False
923,Rafał Augustyniak,Legia Warszawa,Pomocnik,1%,1.7,,19,KOR (D),34,0,0,0,0,0,1,True
923,Rafał Augustyniak,Legia Warszawa,Pomocnik,1%,1.7,,20,ARK (W),90,0,0,0,1,0,1,True
923,Rafał Augustyniak,Legia Warszawa,Pomocnik,1%,1.7,,21,GKS (W),0,0,0,0,0,0,0,False
923,Rafał Augustyniak,Legia Warszawa,Pomocnik,1%,1.7,,22,WPŁ (D),90,0,0,0,0,0,3,True
923,Rafał Augustyniak,Legia Warszawa,Pomocnik,1%,1.7,,23,JAG (W),90,0,0,0,0,0,2,True
923,Rafał Augustyniak,Legia Warszawa,Pomocnik,1%,1.7,,24,CRA (D),90,0,0,0,1,0,3,True
923,Rafał Augustyniak,Legia Warszawa,Pomocnik,1%,1.7,,25,RAD (W),90,0,0,0,0,0,2,True
923,Rafał Augustyniak,Legia Warszawa,Pomocnik,1%,1.7,,26,RCZ (D),90,0,0,0,0,0,2,True
923,Rafał Augustyniak,Legia Warszawa,Pomocnik,1%,1.7,,27,POG (W),90,0,0,0,0,0,4,True
923,Rafał Augustyniak,Legia Warszawa,Pomocnik,1%,1.7,,28,GÓR (D),90,1,0,0,0,0,8,True
923,Rafał Augustyniak,Legia Warszawa,Pomocnik,1%,1.7,,29,ZAG (D),0,0,0,0,0,0,0,False
923,Rafał Augustyniak,Legia Warszawa,Pomocnik,1%,1.7,,30,LPO (W),0,0,0,0,0,0,0,False
923,Rafał Augustyniak,Legia Warszawa,Pomocnik,1%,1.7,,31,WID (D),0,0,0,0,0,0,0,False
923,Rafał Augustyniak,Legia Warszawa,Pomocnik,1%,1.7,,32,BBT (W),0,0,0,0,0,0,0,False
923,Rafał Augustyniak,Legia Warszawa,Pomocnik,1%,1.7,,33,LGD (W),0,0,0,0,0,0,0,False
923,Rafał Augustyniak,Legia Warszawa,Pomocnik,1%,1.7,,34,MOT (D),0,0,0,0,0,0,0,False
951,Arkadiusz Jędrych,GKS Katowice,Obrońca,35%,2.0,,19,ZAG (W),90,1,0,0,1,0,12,True
951,Arkadiusz Jędrych,GKS Katowice,Obrońca,35%,2.0,,19,JAG (W),90,0,0,0,0,0,1,True
951,Arkadiusz Jędrych,GKS Katowice,Obrońca,35%,2.0,,20,WID (D),90,0,0,0,0,0,6,True
951,Arkadiusz Jędrych,GKS Katowice,Obrońca,35%,2.0,,21,LEG (D),90,0,0,0,0,0,2,True
951,Arkadiusz Jędrych,GKS Katowice,Obrońca,35%,2.0,,22,ARK (W),90,0,0,0,0,0,1,True
951,Arkadiusz Jędrych,GKS Katowice,Obrońca,35%,2.0,,23,GÓR (D),90,1,0,0,0,0,10,True
951,Arkadiusz Jędrych,GKS Katowice,Obrońca,35%,2.0,,24,RAD (W),90,1,0,0,1,0,12,True
951,Arkadiusz Jędrych,GKS Katowice,Obrońca,35%,2.0,,25,LGD (D),0,0,0,0,0,0,0,False
951,Arkadiusz Jędrych,GKS Katowice,Obrońca,35%,2.0,,26,CRA (W),90,0,0,0,0,0,2,True
951,Arkadiusz Jędrych,GKS Katowice,Obrońca,35%,2.0,,27,WPŁ (D),90,0,0,0,0,0,6,True
951,Arkadiusz Jędrych,GKS Katowice,Obrońca,35%,2.0,,28,LPO (W),90,0,0,0,0,0,-3,True
951,Arkadiusz Jędrych,GKS Katowice,Obrońca,35%,2.0,,29,MOT (D),0,0,0,0,0,0,0,False
951,Arkadiusz Jędrych,GKS Katowice,Obrońca,35%,2.0,,30,KOR (W),0,0,0,0,0,0,0,False
951,Arkadiusz Jędrych,GKS Katowice,Obrońca,35%,2.0,,31,BBT (D),0,0,0,0,0,0,0,False
951,Arkadiusz Jędrych,GKS Katowice,Obrońca,35%,2.0,,32,PIA (W),0,0,0,0,0,0,0,False
951,Arkadiusz Jędrych,GKS Katowice,Obrońca,35%,2.0,,33,JAG (D),0,0,0,0,0,0,0,False
951,Arkadiusz Jędrych,GKS Katowice,Obrońca,35%,2.0,,34,POG (W),0,0,0,0,0,0,0,False
991,Tomasz Neugebauer,Lechia Gdańsk,Pomocnik,3%,1.8,,19,LPO (W),90,1,0,0,1,0,7,True
991,Tomasz Neugebauer,Lechia Gdańsk,Pomocnik,3%,1.8,,20,CRA (D),0,0,0,0,0,0,0,False
991,Tomasz Neugebauer,Lechia Gdańsk,Pomocnik,3%,1.8,,21,MOT (W),82,1,0,0,1,0,7,True
991,Tomasz Neugebauer,Lechia Gdańsk,Pomocnik,3%,1.8,,22,ZAG (D),71,0,0,0,0,0,2,True
991,Tomasz Neugebauer,Lechia Gdańsk,Pomocnik,3%,1.8,,23,ARK (W),23,0,0,0,0,0,1,True
991,Tomasz Neugebauer,Lechia Gdańsk,Pomocnik,3%,1.8,,24,JAG (D),16,0,0,0,0,0,2,True
991,Tomasz Neugebauer,Lechia Gdańsk,Pomocnik,3%,1.8,,25,GKS (W),64,0,0,0,0,0,2,True
991,Tomasz Neugebauer,Lechia Gdańsk,Pomocnik,3%,1.8,,26,POG (D),72,1,0,0,0,0,8,True
991,Tomasz Neugebauer,Lechia Gdańsk,Pomocnik,3%,1.8,,27,KOR (D),45,0,1,0,0,0,5,True
991,Tomasz Neugebauer,Lechia Gdańsk,Pomocnik,3%,1.8,,28,WPŁ (W),31,0,0,0,0,0,1,True
991,Tomasz Neugebauer,Lechia Gdańsk,Pomocnik,3%,1.8,,29,PIA (D),0,0,0,0,0,0,0,False
991,Tomasz Neugebauer,Lechia Gdańsk,Pomocnik,3%,1.8,,30,RCZ (D),0,0,0,0,0,0,0,False
991,Tomasz Neugebauer,Lechia Gdańsk,Pomocnik,3%,1.8,,31,RAD (W),0,0,0,0,0,0,0,False
991,Tomasz Neugebauer,Lechia Gdańsk,Pomocnik,3%,1.8,,32,WID (W),0,0,0,0,0,0,0,False
991,Tomasz Neugebauer,Lechia Gdańsk,Pomocnik,3%,1.8,,33,LEG (D),0,0,0,0,0,0,0,False
991,Tomasz Neugebauer,Lechia Gdańsk,Pomocnik,3%,1.8,,34,BBT (W),0,0,0,0,0,0,0,False
992,Przemysław Wiśniewski,Widzew Łódź,Obrońca,8%,2.2,,19,JAG (D),1,0,0,0,0,0,1,True
992,Przemysław Wiśniewski,Widzew Łódź,Obrońca,8%,2.2,,20,GKS (W),90,0,0,0,1,0,1,True
992,Przemysław Wiśniewski,Widzew Łódź,Obrońca,8%,2.2,,21,WPŁ (W),90,0,0,0,0,0,6,True
992,Przemysław Wiśniewski,Widzew Łódź,Obrońca,8%,2.2,,22,CRA (D),90,0,0,0,0,0,5,True
992,Przemysław Wiśniewski,Widzew Łódź,Obrońca,8%,2.2,,23,POG (W),90,0,0,0,0,0,2,True
992,Przemysław Wiśniewski,Widzew Łódź,Obrońca,8%,2.2,,24,LPO (D),90,0,0,0,0,0,3,True
992,Przemysław Wiśniewski,Widzew Łódź,Obrońca,8%,2.2,,25,ARK (W),90,0,0,0,0,0,5,True
992,Przemysław Wiśniewski,Widzew Łódź,Obrońca,8%,2.2,,26,GÓR (D),90,0,0,0,0,0,5,True
992,Przemysław Wiśniewski,Widzew Łódź,Obrońca,8%,2.2,,27,RCZ (W),90,0,0,0,0,0,2,True
992,Przemysław Wiśniewski,Widzew Łódź,Obrońca,8%,2.2,,28,BBT (D),90,0,0,0,1,0,5,True
992,Przemysław Wiśniewski,Widzew Łódź,Obrońca,8%,2.2,,29,RAD (W),0,0,0,0,0,0,0,False
992,Przemysław Wiśniewski,Widzew Łódź,Obrońca,8%,2.2,,30,MOT (D),0,0,0,0,0,0,0,False
992,Przemysław Wiśniewski,Widzew Łódź,Obrońca,8%,2.2,,31,LEG (W),0,0,0,0,0,0,0,False
992,Przemysław Wiśniewski,Widzew Łódź,Obrońca,8%,2.2,,32,LGD (D),0,0,0,0,0,0,0,False
992,Przemysław Wiśniewski,Widzew Łódź,Obrońca,8%,2.2,,33,KOR (W),0,0,0,0,0,0,0,False
992,Przemysław Wiśniewski,Widzew Łódź,Obrońca,8%,2.2,,34,PIA (D),0,0,0,0,0,0,0,False
994,Lukas Klemenz,GKS Katowice,Obrońca,18%,2.0,,19,ZAG (W),90,0,0,0,0,0,6,True
994,Lukas Klemenz,GKS Katowice,Obrońca,18%,2.0,,19,JAG (W),90,0,0,0,0,0,1,True
994,Lukas Klemenz,GKS Katowice,Obrońca,18%,2.0,,20,WID (D),90,1,0,0,0,0,13,True
994,Lukas Klemenz,GKS Katowice,Obrońca,18%,2.0,,21,LEG (D),34,0,0,0,0,0,2,True
994,Lukas Klemenz,GKS Katowice,Obrońca,18%,2.0,,22,ARK (W),90,0,0,0,0,0,1,True
994,Lukas Klemenz,GKS Katowice,Obrońca,18%,2.0,,23,GÓR (D),90,0,0,0,0,0,3,True
994,Lukas Klemenz,GKS Katowice,Obrońca,18%,2.0,,24,RAD (W),90,0,0,0,0,0,6,True
994,Lukas Klemenz,GKS Katowice,Obrońca,18%,2.0,,25,LGD (D),90,0,0,0,0,0,6,True
994,Lukas Klemenz,GKS Katowice,Obrońca,18%,2.0,,26,CRA (W),90,0,0,0,0,0,0,True
994,Lukas Klemenz,GKS Katowice,Obrońca,18%,2.0,,27,WPŁ (D),90,1,0,0,0,0,13,True
994,Lukas Klemenz,GKS Katowice,Obrońca,18%,2.0,,28,LPO (W),0,0,0,0,0,0,0,False
994,Lukas Klemenz,GKS Katowice,Obrońca,18%,2.0,,29,MOT (D),0,0,0,0,0,0,0,False
994,Lukas Klemenz,GKS Katowice,Obrońca,18%,2.0,,30,KOR (W),0,0,0,0,0,0,0,False
994,Lukas Klemenz,GKS Katowice,Obrońca,18%,2.0,,31,BBT (D),0,0,0,0,0,0,0,False
994,Lukas Klemenz,GKS Katowice,Obrońca,18%,2.0,,32,PIA (W),0,0,0,0,0,0,0,False
994,Lukas Klemenz,GKS Katowice,Obrońca,18%,2.0,,33,JAG (D),0,0,0,0,0,0,0,False
994,Lukas Klemenz,GKS Katowice,Obrońca,18%,2.0,,34,POG (W),0,0,0,0,0,0,0,False
1001,Karol Szymański,Piast Gliwice,Bramkarz,2%,1.5,,19,GÓR (W),0,0,0,0,0,0,0,False
1001,Karol Szymański,Piast Gliwice,Bramkarz,2%,1.5,,19,LPO (D),0,0,0,0,0,0,0,False
1001,Karol Szymański,Piast Gliwice,Bramkarz,2%,1.5,,20,WPŁ (D),0,0,0,0,0,0,0,False
1001,Karol Szymański,Piast Gliwice,Bramkarz,2%,1.5,,21,LPO (W),0,0,0,0,0,0,0,False
1001,Karol Szymański,Piast Gliwice,Bramkarz,2%,1.5,,22,MOT (D),0,0,0,0,0,0,0,False
1001,Karol Szymański,Piast Gliwice,Bramkarz,2%,1.5,,23,CRA (W),0,0,0,0,0,0,0,False
1001,Karol Szymański,Piast Gliwice,Bramkarz,2%,1.5,,24,ZAG (D),0,0,0,0,0,0,0,False
1001,Karol Szymański,Piast Gliwice,Bramkarz,2%,1.5,,25,JAG (W),90,0,0,4,0,0,4,True
1001,Karol Szymański,Piast Gliwice,Bramkarz,2%,1.5,,26,RAD (D),90,0,0,1,0,0,3,True
1001,Karol Szymański,Piast Gliwice,Bramkarz,2%,1.5,,27,BBT (W),90,0,0,2,0,0,0,True
1001,Karol Szymański,Piast Gliwice,Bramkarz,2%,1.5,,28,POG (D),90,0,0,1,0,0,1,True
1001,Karol Szymański,Piast Gliwice,Bramkarz,2%,1.5,,29,LGD (W),0,0,0,0,0,0,0,False
1001,Karol Szymański,Piast Gliwice,Bramkarz,2%,1.5,,30,ARK (D),0,0,0,0,0,0,0,False
1001,Karol Szymański,Piast Gliwice,Bramkarz,2%,1.5,,31,KOR (W),0,0,0,0,0,0,0,False
1001,Karol Szymański,Piast Gliwice,Bramkarz,2%,1.5,,32,GKS (D),0,0,0,0,0,0,0,False
1001,Karol Szymański,Piast Gliwice,Bramkarz,2%,1.5,,33,RCZ (D),0,0,0,0,0,0,0,False
1001,Karol Szymański,Piast Gliwice,Bramkarz,2%,1.5,,34,WID (W),0,0,0,0,0,0,0,False
1010,Jorge Félix Garcia,Piast Gliwice,Pomocnik,15%,1.9,,19,GÓR (W),21,0,0,0,0,0,1,True
1010,Jorge Félix Garcia,Piast Gliwice,Pomocnik,15%,1.9,,19,LPO (D),77,0,1,0,0,0,6,True
1010,Jorge Félix Garcia,Piast Gliwice,Pomocnik,15%,1.9,,20,WPŁ (D),75,1,0,0,0,0,9,True
1010,Jorge Félix Garcia,Piast Gliwice,Pomocnik,15%,1.9,,21,LPO (W),76,0,0,0,0,0,2,True
1010,Jorge Félix Garcia,Piast Gliwice,Pomocnik,15%,1.9,,22,MOT (D),62,0,0,0,0,0,2,True
1010,Jorge Félix Garcia,Piast Gliwice,Pomocnik,15%,1.9,,23,CRA (W),18,1,0,0,0,0,7,True
1010,Jorge Félix Garcia,Piast Gliwice,Pomocnik,15%,1.9,,24,ZAG (D),72,0,0,0,0,0,2,True
1010,Jorge Félix Garcia,Piast Gliwice,Pomocnik,15%,1.9,,25,JAG (W),59,0,0,0,0,0,3,True
1010,Jorge Félix Garcia,Piast Gliwice,Pomocnik,15%,1.9,,26,RAD (D),72,1,1,0,0,0,12,True
1010,Jorge Félix Garcia,Piast Gliwice,Pomocnik,15%,1.9,,27,BBT (W),61,0,0,0,0,0,2,True
1010,Jorge Félix Garcia,Piast Gliwice,Pomocnik,15%,1.9,,28,POG (D),72,0,0,0,0,0,2,True
1010,Jorge Félix Garcia,Piast Gliwice,Pomocnik,15%,1.9,,29,LGD (W),0,0,0,0,0,0,0,False
1010,Jorge Félix Garcia,Piast Gliwice,Pomocnik,15%,1.9,,30,ARK (D),0,0,0,0,0,0,0,False
1010,Jorge Félix Garcia,Piast Gliwice,Pomocnik,15%,1.9,,31,KOR (W),0,0,0,0,0,0,0,False
1010,Jorge Félix Garcia,Piast Gliwice,Pomocnik,15%,1.9,,32,GKS (D),0,0,0,0,0,0,0,False
1010,Jorge Félix Garcia,Piast Gliwice,Pomocnik,15%,1.9,,33,RCZ (D),0,0,0,0,0,0,0,False
1010,Jorge Félix Garcia,Piast Gliwice,Pomocnik,15%,1.9,,34,WID (W),0,0,0,0,0,0,0,False
1097,Kacper Krzepisz,Arka Gdynia,Bramkarz,4%,0.7,,19,RAD (W),0,0,0,0,0,0,0,False
1097,Kacper Krzepisz,Arka Gdynia,Bramkarz,4%,0.7,,20,LEG (D),0,0,0,0,0,0,0,False
1097,Kacper Krzepisz,Arka Gdynia,Bramkarz,4%,0.7,,21,POG (W),0,0,0,0,0,0,0,False
1097,Kacper Krzepisz,Arka Gdynia,Bramkarz,4%,0.7,,22,GKS (D),0,0,0,0,0,0,0,False
1097,Kacper Krzepisz,Arka Gdynia,Bramkarz,4%,0.7,,23,LGD (D),0,0,0,0,0,0,0,False
1097,Kacper Krzepisz,Arka Gdynia,Bramkarz,4%,0.7,,24,WPŁ (W),0,0,0,0,0,0,0,False
1097,Kacper Krzepisz,Arka Gdynia,Bramkarz,4%,0.7,,25,WID (D),0,0,0,0,0,0,0,False
1097,Kacper Krzepisz,Arka Gdynia,Bramkarz,4%,0.7,,26,KOR (W),0,0,0,0,0,0,0,False
1097,Kacper Krzepisz,Arka Gdynia,Bramkarz,4%,0.7,,27,ZAG (D),0,0,0,0,0,0,0,False
1097,Kacper Krzepisz,Arka Gdynia,Bramkarz,4%,0.7,,28,CRA (W),0,0,0,0,0,0,0,False
1097,Kacper Krzepisz,Arka Gdynia,Bramkarz,4%,0.7,,29,JAG (D),0,0,0,0,0,0,0,False
1097,Kacper Krzepisz,Arka Gdynia,Bramkarz,4%,0.7,,30,PIA (W),0,0,0,0,0,0,0,False
1097,Kacper Krzepisz,Arka Gdynia,Bramkarz,4%,0.7,,32,GÓR (D),0,0,0,0,0,0,0,False
1097,Kacper Krzepisz,Arka Gdynia,Bramkarz,4%,0.7,,32,LPO (W),0,0,0,0,0,0,0,False
1097,Kacper Krzepisz,Arka Gdynia,Bramkarz,4%,0.7,,33,BBT (D),0,0,0,0,0,0,0,False
1097,Kacper Krzepisz,Arka Gdynia,Bramkarz,4%,0.7,,34,RCZ (W),0,0,0,0,0,0,0,False
1126,Kamil Piątkowski,Legia Warszawa,Obrońca,5%,1.8,,19,KOR (D),90,0,0,0,0,0,1,True
1126,Kamil Piątkowski,Legia Warszawa,Obrońca,5%,1.8,,20,ARK (W),90,0,0,0,1,0,0,True
1126,Kamil Piątkowski,Legia Warszawa,Obrońca,5%,1.8,,21,GKS (W),90,0,0,0,0,0,2,True
1126,Kamil Piątkowski,Legia Warszawa,Obrońca,5%,1.8,,22,WPŁ (D),90,0,0,0,0,0,3,True
1126,Kamil Piątkowski,Legia Warszawa,Obrońca,5%,1.8,,23,JAG (W),90,0,0,0,0,0,1,True
1126,Kamil Piątkowski,Legia Warszawa,Obrońca,5%,1.8,,24,CRA (D),90,0,0,0,0,0,6,True
1126,Kamil Piątkowski,Legia Warszawa,Obrońca,5%,1.8,,25,RAD (W),90,0,0,0,0,0,2,True
1126,Kamil Piątkowski,Legia Warszawa,Obrońca,5%,1.8,,26,RCZ (D),90,0,0,0,0,0,2,True
1126,Kamil Piątkowski,Legia Warszawa,Obrońca,5%,1.8,,27,POG (W),90,0,0,0,0,0,6,True
1126,Kamil Piątkowski,Legia Warszawa,Obrońca,5%,1.8,,28,GÓR (D),90,0,0,0,0,0,2,True
1126,Kamil Piątkowski,Legia Warszawa,Obrońca,5%,1.8,,29,ZAG (D),0,0,0,0,0,0,0,False
1126,Kamil Piątkowski,Legia Warszawa,Obrońca,5%,1.8,,30,LPO (W),0,0,0,0,0,0,0,False
1126,Kamil Piątkowski,Legia Warszawa,Obrońca,5%,1.8,,31,WID (D),0,0,0,0,0,0,0,False
1126,Kamil Piątkowski,Legia Warszawa,Obrońca,5%,1.8,,32,BBT (W),0,0,0,0,0,0,0,False
1126,Kamil Piątkowski,Legia Warszawa,Obrońca,5%,1.8,,33,LGD (W),0,0,0,0,0,0,0,False
1126,Kamil Piątkowski,Legia Warszawa,Obrońca,5%,1.8,,34,MOT (D),0,0,0,0,0,0,0,False
1192,Erik Janža,Górnik Zabrze,Obrońca,28%,2.2,,19,PIA (D),90,1,0,0,0,0,10,True
1192,Erik Janža,Górnik Zabrze,Obrońca,28%,2.2,,20,LPO (D),90,0,0,0,0,0,2,True
1192,Erik Janža,Górnik Zabrze,Obrońca,28%,2.2,,21,BBT (W),90,0,0,0,0,0,2,True
1192,Erik Janža,Górnik Zabrze,Obrońca,28%,2.2,,22,POG (D),90,0,0,0,1,0,1,True
1192,Erik Janža,Górnik Zabrze,Obrońca,28%,2.2,,23,GKS (W),0,0,0,0,0,0,0,False
1192,Erik Janža,Górnik Zabrze,Obrońca,28%,2.2,,24,MOT (W),90,0,0,0,0,0,5,True
1192,Erik Janža,Górnik Zabrze,Obrońca,28%,2.2,,25,RCZ (D),90,0,1,0,0,0,7,True
1192,Erik Janža,Górnik Zabrze,Obrońca,28%,2.2,,26,WID (W),90,0,0,0,0,0,5,True
1192,Erik Janža,Górnik Zabrze,Obrońca,28%,2.2,,27,CRA (D),81,0,0,0,0,0,6,True
1192,Erik Janža,Górnik Zabrze,Obrońca,28%,2.2,,28,LEG (W),85,0,0,0,0,0,2,True
1192,Erik Janža,Górnik Zabrze,Obrońca,28%,2.2,,29,KOR (D),0,0,0,0,0,0,0,False
1192,Erik Janža,Górnik Zabrze,Obrońca,28%,2.2,,30,JAG (W),0,0,0,0,0,0,0,False
1192,Erik Janža,Górnik Zabrze,Obrońca,28%,2.2,,32,ARK (W),0,0,0,0,0,0,0,False
1192,Erik Janža,Górnik Zabrze,Obrońca,28%,2.2,,32,ZAG (D),0,0,0,0,0,0,0,False
1192,Erik Janža,Górnik Zabrze,Obrońca,28%,2.2,,33,WPŁ (W),0,0,0,0,0,0,0,False
1192,Erik Janža,Górnik Zabrze,Obrońca,28%,2.2,,34,RAD (D),0,0,0,0,0,0,0,False
1225,Jan Grzesik,Radomiak Radom,Obrońca,11%,2.3,,19,ARK (D),89,0,0,0,0,0,3,True
1225,Jan Grzesik,Radomiak Radom,Obrońca,11%,2.3,,20,RCZ (W),90,0,0,0,0,0,5,True
1225,Jan Grzesik,Radomiak Radom,Obrońca,11%,2.3,,21,KOR (D),90,0,0,0,0,0,1,True
1225,Jan Grzesik,Radomiak Radom,Obrońca,11%,2.3,,22,JAG (W),90,0,0,0,0,0,2,True
1225,Jan Grzesik,Radomiak Radom,Obrońca,11%,2.3,,23,BBT (W),90,0,0,0,0,0,2,True
1225,Jan Grzesik,Radomiak Radom,Obrońca,11%,2.3,,24,GKS (D),90,0,0,0,0,0,2,True
1225,Jan Grzesik,Radomiak Radom,Obrońca,11%,2.3,,25,LEG (D),90,0,0,0,0,0,2,True
1225,Jan Grzesik,Radomiak Radom,Obrońca,11%,2.3,,26,PIA (W),45,0,0,0,0,0,0,True
1225,Jan Grzesik,Radomiak Radom,Obrońca,11%,2.3,,27,MOT (D),90,0,0,0,0,0,2,True
1225,Jan Grzesik,Radomiak Radom,Obrońca,11%,2.3,,28,ZAG (W),90,0,0,0,0,0,2,True
1225,Jan Grzesik,Radomiak Radom,Obrońca,11%,2.3,,29,WID (D),0,0,0,0,0,0,0,False
1225,Jan Grzesik,Radomiak Radom,Obrońca,11%,2.3,,30,WPŁ (W),0,0,0,0,0,0,0,False
1225,Jan Grzesik,Radomiak Radom,Obrońca,11%,2.3,,31,LGD (D),0,0,0,0,0,0,0,False
1225,Jan Grzesik,Radomiak Radom,Obrońca,11%,2.3,,32,CRA (W),0,0,0,0,0,0,0,False
1225,Jan Grzesik,Radomiak Radom,Obrońca,11%,2.3,,33,LPO (D),0,0,0,0,0,0,0,False
1225,Jan Grzesik,Radomiak Radom,Obrońca,11%,2.3,,34,GÓR (W),0,0,0,0,0,0,0,False
1280,Damian Michalski,Zagłębie Lubin,Obrońca,6%,1.9,,19,GKS (D),90,0,0,0,0,0,1,True
1280,Damian Michalski,Zagłębie Lubin,Obrońca,6%,1.9,,20,KOR (W),90,0,0,1,0,0,5,True
1280,Damian Michalski,Zagłębie Lubin,Obrońca,6%,1.9,,21,RCZ (D),90,0,0,0,0,0,5,True
1280,Damian Michalski,Zagłębie Lubin,Obrońca,6%,1.9,,22,LGD (W),61,0,0,0,0,0,6,True
1280,Damian Michalski,Zagłębie Lubin,Obrońca,6%,1.9,,23,WPŁ (D),90,0,0,0,1,0,5,True
1280,Damian Michalski,Zagłębie Lubin,Obrońca,6%,1.9,,24,PIA (W),90,1,0,0,0,0,10,True
1280,Damian Michalski,Zagłębie Lubin,Obrońca,6%,1.9,,25,LPO (D),90,0,0,0,0,0,2,True
1280,Damian Michalski,Zagłębie Lubin,Obrońca,6%,1.9,,26,MOT (W),90,0,0,0,0,0,2,True
1280,Damian Michalski,Zagłębie Lubin,Obrońca,6%,1.9,,27,ARK (W),90,0,0,0,0,0,0,True
1280,Damian Michalski,Zagłębie Lubin,Obrońca,6%,1.9,,28,RAD (D),90,0,0,0,0,0,6,True
1280,Damian Michalski,Zagłębie Lubin,Obrońca,6%,1.9,,29,LEG (W),0,0,0,0,0,0,0,False
1280,Damian Michalski,Zagłębie Lubin,Obrońca,6%,1.9,,30,BBT (D),0,0,0,0,0,0,0,False
1280,Damian Michalski,Zagłębie Lubin,Obrońca,6%,1.9,,31,CRA (D),0,0,0,0,0,0,0,False
1280,Damian Michalski,Zagłębie Lubin,Obrońca,6%,1.9,,32,GÓR (W),0,0,0,0,0,0,0,False
1280,Damian Michalski,Zagłębie Lubin,Obrońca,6%,1.9,,33,POG (D),0,0,0,0,0,0,0,False
1280,Damian Michalski,Zagłębie Lubin,Obrońca,6%,1.9,,34,JAG (W),0,0,0,0,0,0,0,False
1299,Jean Carlos Silva,Raków Częstochowa,Obrońca,10%,1.9,,19,WPŁ (W),90,0,0,0,0,0,1,True
1299,Jean Carlos Silva,Raków Częstochowa,Obrońca,10%,1.9,,20,RAD (D),90,0,0,0,0,0,5,True
1299,Jean Carlos Silva,Raków Częstochowa,Obrońca,10%,1.9,,21,ZAG (W),90,0,0,0,1,0,4,True
1299,Jean Carlos Silva,Raków Częstochowa,Obrońca,10%,1.9,,22,BBT (D),61,0,0,0,0,0,6,True
1299,Jean Carlos Silva,Raków Częstochowa,Obrońca,10%,1.9,,23,LPO (W),87,1,0,0,0,0,6,True
1299,Jean Carlos Silva,Raków Częstochowa,Obrońca,10%,1.9,,24,POG (D),0,0,0,0,0,0,0,False
1299,Jean Carlos Silva,Raków Częstochowa,Obrońca,10%,1.9,,25,GÓR (W),45,0,0,0,0,0,1,True
1299,Jean Carlos Silva,Raków Częstochowa,Obrońca,10%,1.9,,26,LEG (W),90,0,0,0,0,0,2,True
1299,Jean Carlos Silva,Raków Częstochowa,Obrońca,10%,1.9,,27,WID (D),90,0,0,0,0,0,2,True
1299,Jean Carlos Silva,Raków Częstochowa,Obrońca,10%,1.9,,28,MOT (W),45,0,0,0,0,0,1,True
1299,Jean Carlos Silva,Raków Częstochowa,Obrońca,10%,1.9,,29,CRA (D),0,0,0,0,0,0,0,False
1299,Jean Carlos Silva,Raków Częstochowa,Obrońca,10%,1.9,,30,LGD (W),0,0,0,0,0,0,0,False
1299,Jean Carlos Silva,Raków Częstochowa,Obrońca,10%,1.9,,32,JAG (D),0,0,0,0,0,0,0,False
1299,Jean Carlos Silva,Raków Częstochowa,Obrońca,10%,1.9,,32,KOR (D),0,0,0,0,0,0,0,False
1299,Jean Carlos Silva,Raków Częstochowa,Obrońca,10%,1.9,,33,PIA (W),0,0,0,0,0,0,0,False
1299,Jean Carlos Silva,Raków Częstochowa,Obrońca,10%,1.9,,34,ARK (D),0,0,0,0,0,0,0,False
1319,Paweł Wszołek,Legia Warszawa,Obrońca,6%,1.9,,19,KOR (D),0,0,0,0,0,0,0,False
1319,Paweł Wszołek,Legia Warszawa,Obrońca,6%,1.9,,20,ARK (W),17,0,0,0,0,0,1,True
1319,Paweł Wszołek,Legia Warszawa,Obrońca,6%,1.9,,21,GKS (W),0,0,0,0,0,0,0,False
1319,Paweł Wszołek,Legia Warszawa,Obrońca,6%,1.9,,22,WPŁ (D),0,0,0,0,0,0,0,False
1319,Paweł Wszołek,Legia Warszawa,Obrońca,6%,1.9,,23,JAG (W),0,0,0,0,0,0,0,False
1319,Paweł Wszołek,Legia Warszawa,Obrońca,6%,1.9,,24,CRA (D),0,0,0,0,0,0,0,False
1319,Paweł Wszołek,Legia Warszawa,Obrońca,6%,1.9,,25,RAD (W),10,0,0,0,0,0,1,True
1319,Paweł Wszołek,Legia Warszawa,Obrońca,6%,1.9,,26,RCZ (D),73,0,0,0,1,0,1,True
1319,Paweł Wszołek,Legia Warszawa,Obrońca,6%,1.9,,27,POG (W),90,0,0,0,0,0,6,True
1319,Paweł Wszołek,Legia Warszawa,Obrońca,6%,1.9,,28,GÓR (D),90,0,0,0,1,0,1,True
1319,Paweł Wszołek,Legia Warszawa,Obrońca,6%,1.9,,29,ZAG (D),0,0,0,0,0,0,0,False
1319,Paweł Wszołek,Legia Warszawa,Obrońca,6%,1.9,,30,LPO (W),0,0,0,0,0,0,0,False
1319,Paweł Wszołek,Legia Warszawa,Obrońca,6%,1.9,,31,WID (D),0,0,0,0,0,0,0,False
1319,Paweł Wszołek,Legia Warszawa,Obrońca,6%,1.9,,32,BBT (W),0,0,0,0,0,0,0,False
1319,Paweł Wszołek,Legia Warszawa,Obrońca,6%,1.9,,33,LGD (W),0,0,0,0,0,0,0,False
1319,Paweł Wszołek,Legia Warszawa,Obrońca,6%,1.9,,34,MOT (D),0,0,0,0,0,0,0,False
1345,Dawid Kocyła,Arka Gdynia,Obrońca,1%,1.7,,19,RAD (W),45,0,0,0,0,0,1,True
1345,Dawid Kocyła,Arka Gdynia,Obrońca,1%,1.7,,20,LEG (D),27,0,0,0,0,0,0,True
1345,Dawid Kocyła,Arka Gdynia,Obrońca,1%,1.7,,21,POG (W),27,0,0,0,0,0,1,True
1345,Dawid Kocyła,Arka Gdynia,Obrońca,1%,1.7,,22,GKS (D),62,0,0,0,0,0,3,True
1345,Dawid Kocyła,Arka Gdynia,Obrońca,1%,1.7,,23,LGD (D),10,0,0,0,0,0,1,True
1345,Dawid Kocyła,Arka Gdynia,Obrońca,1%,1.7,,24,WPŁ (W),73,1,0,0,0,0,13,True
1345,Dawid Kocyła,Arka Gdynia,Obrońca,1%,1.7,,25,WID (D),90,0,0,0,1,0,5,True
1345,Dawid Kocyła,Arka Gdynia,Obrońca,1%,1.7,,26,KOR (W),90,0,0,0,0,0,0,True
1345,Dawid Kocyła,Arka Gdynia,Obrońca,1%,1.7,,27,ZAG (D),72,0,0,0,0,0,3,True
1345,Dawid Kocyła,Arka Gdynia,Obrońca,1%,1.7,,28,CRA (W),61,0,0,0,0,0,1,True
1345,Dawid Kocyła,Arka Gdynia,Obrońca,1%,1.7,,29,JAG (D),0,0,0,0,0,0,0,False
1345,Dawid Kocyła,Arka Gdynia,Obrońca,1%,1.7,,30,PIA (W),0,0,0,0,0,0,0,False
1345,Dawid Kocyła,Arka Gdynia,Obrońca,1%,1.7,,32,GÓR (D),0,0,0,0,0,0,0,False
1345,Dawid Kocyła,Arka Gdynia,Obrońca,1%,1.7,,32,LPO (W),0,0,0,0,0,0,0,False
1345,Dawid Kocyła,Arka Gdynia,Obrońca,1%,1.7,,33,BBT (D),0,0,0,0,0,0,0,False
1345,Dawid Kocyła,Arka Gdynia,Obrońca,1%,1.7,,34,RCZ (W),0,0,0,0,0,0,0,False
1360,Kacper Chodyna,Legia Warszawa,Pomocnik,1%,1.7,,19,KOR (D),0,0,0,0,0,0,0,False
1360,Kacper Chodyna,Legia Warszawa,Pomocnik,1%,1.7,,20,ARK (W),0,0,0,0,0,0,0,False
1360,Kacper Chodyna,Legia Warszawa,Pomocnik,1%,1.7,,21,GKS (W),31,0,0,0,0,0,1,True
1360,Kacper Chodyna,Legia Warszawa,Pomocnik,1%,1.7,,22,WPŁ (D),8,1,0,0,0,0,7,True
1360,Kacper Chodyna,Legia Warszawa,Pomocnik,1%,1.7,,23,JAG (W),90,0,0,1,0,0,4,True
1360,Kacper Chodyna,Legia Warszawa,Pomocnik,1%,1.7,,24,CRA (D),90,0,0,0,0,0,4,True
1360,Kacper Chodyna,Legia Warszawa,Pomocnik,1%,1.7,,25,RAD (W),80,0,0,0,0,0,2,True
1360,Kacper Chodyna,Legia Warszawa,Pomocnik,1%,1.7,,26,RCZ (D),17,0,0,0,0,0,1,True
1360,Kacper Chodyna,Legia Warszawa,Pomocnik,1%,1.7,,27,POG (W),0,0,0,0,0,0,0,False
1360,Kacper Chodyna,Legia Warszawa,Pomocnik,1%,1.7,,28,GÓR (D),0,0,0,0,0,0,0,False
1360,Kacper Chodyna,Legia Warszawa,Pomocnik,1%,1.7,,29,ZAG (D),0,0,0,0,0,0,0,False
1360,Kacper Chodyna,Legia Warszawa,Pomocnik,1%,1.7,,30,LPO (W),0,0,0,0,0,0,0,False
1360,Kacper Chodyna,Legia Warszawa,Pomocnik,1%,1.7,,31,WID (D),0,0,0,0,0,0,0,False
1360,Kacper Chodyna,Legia Warszawa,Pomocnik,1%,1.7,,32,BBT (W),0,0,0,0,0,0,0,False
1360,Kacper Chodyna,Legia Warszawa,Pomocnik,1%,1.7,,33,LGD (W),0,0,0,0,0,0,0,False
1360,Kacper Chodyna,Legia Warszawa,Pomocnik,1%,1.7,,34,MOT (D),0,0,0,0,0,0,0,False
1363,Bartłomiej Wdowik,Jagiellonia Białystok,Obrońca,21%,2.1,,19,WID (W),90,0,0,0,0,0,3,True
1363,Bartłomiej Wdowik,Jagiellonia Białystok,Obrońca,21%,2.1,,19,GKS (D),90,0,1,0,1,0,6,True
1363,Bartłomiej Wdowik,Jagiellonia Białystok,Obrońca,21%,2.1,,20,MOT (D),82,0,0,0,0,0,3,True
1363,Bartłomiej Wdowik,Jagiellonia Białystok,Obrońca,21%,2.1,,21,CRA (W),90,0,0,0,0,0,5,True
1363,Bartłomiej Wdowik,Jagiellonia Białystok,Obrońca,21%,2.1,,22,RAD (D),90,0,0,0,0,0,2,True
1363,Bartłomiej Wdowik,Jagiellonia Białystok,Obrońca,21%,2.1,,23,LEG (D),34,0,0,0,0,0,1,True
1363,Bartłomiej Wdowik,Jagiellonia Białystok,Obrońca,21%,2.1,,24,LGD (W),62,0,0,0,0,0,2,True
1363,Bartłomiej Wdowik,Jagiellonia Białystok,Obrońca,21%,2.1,,25,PIA (D),45,0,0,0,0,0,2,True
1363,Bartłomiej Wdowik,Jagiellonia Białystok,Obrońca,21%,2.1,,26,WPŁ (D),90,0,0,0,0,0,1,True
1363,Bartłomiej Wdowik,Jagiellonia Białystok,Obrońca,21%,2.1,,27,LPO (D),90,0,0,0,0,0,5,True
1363,Bartłomiej Wdowik,Jagiellonia Białystok,Obrońca,21%,2.1,,28,KOR (W),0,0,0,0,0,0,0,False
1363,Bartłomiej Wdowik,Jagiellonia Białystok,Obrońca,21%,2.1,,29,ARK (W),0,0,0,0,0,0,0,False
1363,Bartłomiej Wdowik,Jagiellonia Białystok,Obrońca,21%,2.1,,30,GÓR (D),0,0,0,0,0,0,0,False
1363,Bartłomiej Wdowik,Jagiellonia Białystok,Obrońca,21%,2.1,,32,RCZ (W),0,0,0,0,0,0,0,False
1363,Bartłomiej Wdowik,Jagiellonia Białystok,Obrońca,21%,2.1,,32,POG (D),0,0,0,0,0,0,0,False
1363,Bartłomiej Wdowik,Jagiellonia Białystok,Obrońca,21%,2.1,,33,GKS (W),0,0,0,0,0,0,0,False
1363,Bartłomiej Wdowik,Jagiellonia Białystok,Obrońca,21%,2.1,,34,ZAG (D),0,0,0,0,0,0,0,False
1400,Xavier Dziekoński,Korona Kielce,Bramkarz,7%,1.9,,19,LEG (W),90,0,0,7,0,0,7,True
1400,Xavier Dziekoński,Korona Kielce,Bramkarz,7%,1.9,,20,ZAG (D),90,0,0,2,0,0,1,True
1400,Xavier Dziekoński,Korona Kielce,Bramkarz,7%,1.9,,21,RAD (W),90,0,0,6,0,0,8,True
1400,Xavier Dziekoński,Korona Kielce,Bramkarz,7%,1.9,,22,LPO (D),90,0,0,2,0,0,1,True
1400,Xavier Dziekoński,Korona Kielce,Bramkarz,7%,1.9,,23,MOT (W),90,0,0,2,0,0,1,True
1400,Xavier Dziekoński,Korona Kielce,Bramkarz,7%,1.9,,24,BBT (D),90,0,0,1,0,0,3,True
1400,Xavier Dziekoński,Korona Kielce,Bramkarz,7%,1.9,,25,POG (W),90,0,0,5,0,0,2,True
1400,Xavier Dziekoński,Korona Kielce,Bramkarz,7%,1.9,,26,ARK (D),90,0,0,5,0,0,7,True
1400,Xavier Dziekoński,Korona Kielce,Bramkarz,7%,1.9,,27,LGD (W),90,0,0,4,0,0,0,True
1400,Xavier Dziekoński,Korona Kielce,Bramkarz,7%,1.9,,28,JAG (D),90,0,0,3,0,0,3,True
1400,Xavier Dziekoński,Korona Kielce,Bramkarz,7%,1.9,,29,GÓR (W),0,0,0,0,0,0,0,False
1400,Xavier Dziekoński,Korona Kielce,Bramkarz,7%,1.9,,30,GKS (D),0,0,0,0,0,0,0,False
1400,Xavier Dziekoński,Korona Kielce,Bramkarz,7%,1.9,,31,PIA (D),0,0,0,0,0,0,0,False
1400,Xavier Dziekoński,Korona Kielce,Bramkarz,7%,1.9,,32,RCZ (W),0,0,0,0,0,0,0,False
1400,Xavier Dziekoński,Korona Kielce,Bramkarz,7%,1.9,,33,WID (D),0,0,0,0,0,0,0,False
1400,Xavier Dziekoński,Korona Kielce,Bramkarz,7%,1.9,,34,CRA (W),0,0,0,0,0,0,0,False
1407,Radosław Seweryś,Korona Kielce,Obrońca,2%,0.7,,19,LEG (W),0,0,0,0,0,0,0,False
1407,Radosław Seweryś,Korona Kielce,Obrońca,2%,0.7,,20,ZAG (D),0,0,0,0,0,0,0,False
1407,Radosław Seweryś,Korona Kielce,Obrońca,2%,0.7,,21,RAD (W),0,0,0,0,0,0,0,False
1407,Radosław Seweryś,Korona Kielce,Obrońca,2%,0.7,,22,LPO (D),0,0,0,0,0,0,0,False
1407,Radosław Seweryś,Korona Kielce,Obrońca,2%,0.7,,23,MOT (W),0,0,0,0,0,0,0,False
1407,Radosław Seweryś,Korona Kielce,Obrońca,2%,0.7,,24,BBT (D),0,0,0,0,0,0,0,False
1407,Radosław Seweryś,Korona Kielce,Obrońca,2%,0.7,,25,POG (W),0,0,0,0,0,0,0,False
1407,Radosław Seweryś,Korona Kielce,Obrońca,2%,0.7,,26,ARK (D),0,0,0,0,0,0,0,False
1407,Radosław Seweryś,Korona Kielce,Obrońca,2%,0.7,,27,LGD (W),0,0,0,0,0,0,0,False
1407,Radosław Seweryś,Korona Kielce,Obrońca,2%,0.7,,28,JAG (D),0,0,0,0,0,0,0,False
1407,Radosław Seweryś,Korona Kielce,Obrońca,2%,0.7,,29,GÓR (W),0,0,0,0,0,0,0,False
1407,Radosław Seweryś,Korona Kielce,Obrońca,2%,0.7,,30,GKS (D),0,0,0,0,0,0,0,False
1407,Radosław Seweryś,Korona Kielce,Obrońca,2%,0.7,,31,PIA (D),0,0,0,0,0,0,0,False
1407,Radosław Seweryś,Korona Kielce,Obrońca,2%,0.7,,32,RCZ (W),0,0,0,0,0,0,0,False
1407,Radosław Seweryś,Korona Kielce,Obrońca,2%,0.7,,33,WID (D),0,0,0,0,0,0,0,False
1407,Radosław Seweryś,Korona Kielce,Obrońca,2%,0.7,,34,CRA (W),0,0,0,0,0,0,0,False
1435,Rafał Strączek,GKS Katowice,Bramkarz,6%,1.9,,19,ZAG (W),90,0,0,1,0,0,6,True
1435,Rafał Strączek,GKS Katowice,Bramkarz,6%,1.9,,19,JAG (W),90,0,0,2,0,0,1,True
1435,Rafał Strączek,GKS Katowice,Bramkarz,6%,1.9,,20,WID (D),90,0,0,1,1,0,5,True
1435,Rafał Strączek,GKS Katowice,Bramkarz,6%,1.9,,21,LEG (D),90,0,0,3,0,0,3,True
1435,Rafał Strączek,GKS Katowice,Bramkarz,6%,1.9,,22,ARK (W),90,0,0,4,0,0,2,True
1435,Rafał Strączek,GKS Katowice,Bramkarz,6%,1.9,,23,GÓR (D),90,0,0,4,0,0,4,True
1435,Rafał Strączek,GKS Katowice,Bramkarz,6%,1.9,,24,RAD (W),90,0,0,2,0,0,6,True
1435,Rafał Strączek,GKS Katowice,Bramkarz,6%,1.9,,25,LGD (D),90,0,0,1,0,0,6,True
1435,Rafał Strączek,GKS Katowice,Bramkarz,6%,1.9,,26,CRA (W),90,0,0,1,0,0,2,True
1435,Rafał Strączek,GKS Katowice,Bramkarz,6%,1.9,,27,WPŁ (D),90,0,0,4,0,0,7,True
1435,Rafał Strączek,GKS Katowice,Bramkarz,6%,1.9,,28,LPO (W),90,0,0,4,0,0,1,True
1435,Rafał Strączek,GKS Katowice,Bramkarz,6%,1.9,,29,MOT (D),0,0,0,0,0,0,0,False
1435,Rafał Strączek,GKS Katowice,Bramkarz,6%,1.9,,30,KOR (W),0,0,0,0,0,0,0,False
1435,Rafał Strączek,GKS Katowice,Bramkarz,6%,1.9,,31,BBT (D),0,0,0,0,0,0,0,False
1435,Rafał Strączek,GKS Katowice,Bramkarz,6%,1.9,,32,PIA (W),0,0,0,0,0,0,0,False
1435,Rafał Strączek,GKS Katowice,Bramkarz,6%,1.9,,33,JAG (D),0,0,0,0,0,0,0,False
1435,Rafał Strączek,GKS Katowice,Bramkarz,6%,1.9,,34,POG (W),0,0,0,0,0,0,0,False
1475,Mikael Ishak,Lech Poznań,Napastnik,28%,4.1,,19,LGD (D),90,0,0,0,0,0,2,True
1475,Mikael Ishak,Lech Poznań,Napastnik,28%,4.1,,19,PIA (W),90,0,0,0,0,0,2,True
1475,Mikael Ishak,Lech Poznań,Napastnik,28%,4.1,,20,GÓR (W),82,1,0,0,1,0,6,True
1475,Mikael Ishak,Lech Poznań,Napastnik,28%,4.1,,21,PIA (D),0,0,0,0,0,0,0,False
1475,Mikael Ishak,Lech Poznań,Napastnik,28%,4.1,,22,KOR (W),90,0,0,0,0,0,3,True
1475,Mikael Ishak,Lech Poznań,Napastnik,28%,4.1,,23,RCZ (D),79,1,0,1,0,0,9,True
1475,Mikael Ishak,Lech Poznań,Napastnik,28%,4.1,,24,WID (W),32,0,0,0,0,0,1,True
1475,Mikael Ishak,Lech Poznań,Napastnik,28%,4.1,,25,ZAG (W),73,1,0,0,0,0,8,True
1475,Mikael Ishak,Lech Poznań,Napastnik,28%,4.1,,26,BBT (D),85,0,0,1,0,0,5,True
1475,Mikael Ishak,Lech Poznań,Napastnik,28%,4.1,,27,JAG (W),84,0,0,0,0,0,2,True
1475,Mikael Ishak,Lech Poznań,Napastnik,28%,4.1,,28,GKS (D),68,0,0,0,0,0,2,True
1475,Mikael Ishak,Lech Poznań,Napastnik,28%,4.1,,29,POG (W),0,0,0,0,0,0,0,False
1475,Mikael Ishak,Lech Poznań,Napastnik,28%,4.1,,30,LEG (D),0,0,0,0,0,0,0,False
1475,Mikael Ishak,Lech Poznań,Napastnik,28%,4.1,,31,MOT (W),0,0,0,0,0,0,0,False
1475,Mikael Ishak,Lech Poznań,Napastnik,28%,4.1,,32,ARK (D),0,0,0,0,0,0,0,False
1475,Mikael Ishak,Lech Poznań,Napastnik,28%,4.1,,33,RAD (W),0,0,0,0,0,0,0,False
1475,Mikael Ishak,Lech Poznań,Napastnik,28%,4.1,,34,WPŁ (D),0,0,0,0,0,0,0,False
1477,Kacper Sezonienko,Lechia Gdańsk,Pomocnik,1%,1.8,,19,LPO (W),76,0,0,0,0,0,3,True
1477,Kacper Sezonienko,Lechia Gdańsk,Pomocnik,1%,1.8,,20,CRA (D),68,0,0,0,0,0,2,True
1477,Kacper Sezonienko,Lechia Gdańsk,Pomocnik,1%,1.8,,21,MOT (W),8,0,0,0,0,0,2,True
1477,Kacper Sezonienko,Lechia Gdańsk,Pomocnik,1%,1.8,,22,ZAG (D),45,0,0,0,0,0,1,True
1477,Kacper Sezonienko,Lechia Gdańsk,Pomocnik,1%,1.8,,23,ARK (W),77,1,0,0,0,0,7,True
1477,Kacper Sezonienko,Lechia Gdańsk,Pomocnik,1%,1.8,,24,JAG (D),89,0,0,0,0,0,4,True
1477,Kacper Sezonienko,Lechia Gdańsk,Pomocnik,1%,1.8,,25,GKS (W),73,0,0,0,0,0,2,True
1477,Kacper Sezonienko,Lechia Gdańsk,Pomocnik,1%,1.8,,26,POG (D),90,0,0,0,0,0,3,True
1477,Kacper Sezonienko,Lechia Gdańsk,Pomocnik,1%,1.8,,27,KOR (D),75,0,0,0,0,0,3,True
1477,Kacper Sezonienko,Lechia Gdańsk,Pomocnik,1%,1.8,,28,WPŁ (W),59,0,0,0,0,0,2,True
1477,Kacper Sezonienko,Lechia Gdańsk,Pomocnik,1%,1.8,,29,PIA (D),0,0,0,0,0,0,0,False
1477,Kacper Sezonienko,Lechia Gdańsk,Pomocnik,1%,1.8,,30,RCZ (D),0,0,0,0,0,0,0,False
1477,Kacper Sezonienko,Lechia Gdańsk,Pomocnik,1%,1.8,,31,RAD (W),0,0,0,0,0,0,0,False
1477,Kacper Sezonienko,Lechia Gdańsk,Pomocnik,1%,1.8,,32,WID (W),0,0,0,0,0,0,0,False
1477,Kacper Sezonienko,Lechia Gdańsk,Pomocnik,1%,1.8,,33,LEG (D),0,0,0,0,0,0,0,False
1477,Kacper Sezonienko,Lechia Gdańsk,Pomocnik,1%,1.8,,34,BBT (W),0,0,0,0,0,0,0,False
1529,Mariusz Fornalczyk,Widzew Łódź,Pomocnik,1%,1.9,,19,JAG (D),34,0,0,0,1,0,2,True
1529,Mariusz Fornalczyk,Widzew Łódź,Pomocnik,1%,1.9,,20,GKS (W),31,0,0,0,0,0,1,True
1529,Mariusz Fornalczyk,Widzew Łódź,Pomocnik,1%,1.9,,21,WPŁ (W),79,0,0,0,1,0,4,True
1529,Mariusz Fornalczyk,Widzew Łódź,Pomocnik,1%,1.9,,22,CRA (D),89,0,0,0,1,0,2,True
1529,Mariusz Fornalczyk,Widzew Łódź,Pomocnik,1%,1.9,,23,POG (W),0,0,0,0,0,0,0,False
1529,Mariusz Fornalczyk,Widzew Łódź,Pomocnik,1%,1.9,,24,LPO (D),28,0,0,0,0,0,2,True
1529,Mariusz Fornalczyk,Widzew Łódź,Pomocnik,1%,1.9,,25,ARK (W),9,0,0,0,0,0,1,True
1529,Mariusz Fornalczyk,Widzew Łódź,Pomocnik,1%,1.9,,26,GÓR (D),0,0,0,0,0,0,0,False
1529,Mariusz Fornalczyk,Widzew Łódź,Pomocnik,1%,1.9,,27,RCZ (W),89,0,0,0,0,0,2,True
1529,Mariusz Fornalczyk,Widzew Łódź,Pomocnik,1%,1.9,,28,BBT (D),89,0,1,0,0,0,8,True
1529,Mariusz Fornalczyk,Widzew Łódź,Pomocnik,1%,1.9,,29,RAD (W),0,0,0,0,0,0,0,False
1529,Mariusz Fornalczyk,Widzew Łódź,Pomocnik,1%,1.9,,30,MOT (D),0,0,0,0,0,0,0,False
1529,Mariusz Fornalczyk,Widzew Łódź,Pomocnik,1%,1.9,,31,LEG (W),0,0,0,0,0,0,0,False
1529,Mariusz Fornalczyk,Widzew Łódź,Pomocnik,1%,1.9,,32,LGD (D),0,0,0,0,0,0,0,False
1529,Mariusz Fornalczyk,Widzew Łódź,Pomocnik,1%,1.9,,33,KOR (W),0,0,0,0,0,0,0,False
1529,Mariusz Fornalczyk,Widzew Łódź,Pomocnik,1%,1.9,,34,PIA (D),0,0,0,0,0,0,0,False
1539,Iván López,Raków Częstochowa,Pomocnik,5%,2.1,,19,WPŁ (W),0,0,0,0,0,0,0,False
1539,Iván López,Raków Częstochowa,Pomocnik,5%,2.1,,20,RAD (D),0,0,0,0,0,0,0,False
1539,Iván López,Raków Częstochowa,Pomocnik,5%,2.1,,21,ZAG (W),0,0,0,0,0,0,0,False
1539,Iván López,Raków Częstochowa,Pomocnik,5%,2.1,,22,BBT (D),69,1,0,0,0,0,10,True
1539,Iván López,Raków Częstochowa,Pomocnik,5%,2.1,,23,LPO (W),87,1,0,0,0,0,7,True
1539,Iván López,Raków Częstochowa,Pomocnik,5%,2.1,,24,POG (D),62,0,0,0,0,0,4,True
1539,Iván López,Raków Częstochowa,Pomocnik,5%,2.1,,25,GÓR (W),45,0,0,0,0,0,2,True
1539,Iván López,Raków Częstochowa,Pomocnik,5%,2.1,,26,LEG (W),27,0,0,0,0,0,1,True
1539,Iván López,Raków Częstochowa,Pomocnik,5%,2.1,,27,WID (D),0,0,0,0,0,0,0,False
1539,Iván López,Raków Częstochowa,Pomocnik,5%,2.1,,28,MOT (W),0,0,0,0,0,0,0,False
1539,Iván López,Raków Częstochowa,Pomocnik,5%,2.1,,29,CRA (D),0,0,0,0,0,0,0,False
1539,Iván López,Raków Częstochowa,Pomocnik,5%,2.1,,30,LGD (W),0,0,0,0,0,0,0,False
1539,Iván López,Raków Częstochowa,Pomocnik,5%,2.1,,32,JAG (D),0,0,0,0,0,0,0,False
1539,Iván López,Raków Częstochowa,Pomocnik,5%,2.1,,32,KOR (D),0,0,0,0,0,0,0,False
1539,Iván López,Raków Częstochowa,Pomocnik,5%,2.1,,33,PIA (W),0,0,0,0,0,0,0,False
1539,Iván López,Raków Częstochowa,Pomocnik,5%,2.1,,34,ARK (D),0,0,0,0,0,0,0,False
1540,Norbert Wojtuszek,Jagiellonia Białystok,Obrońca,25%,1.8,,19,WID (W),90,1,0,0,0,0,7,True
1540,Norbert Wojtuszek,Jagiellonia Białystok,Obrońca,25%,1.8,,19,GKS (D),90,0,0,0,0,0,3,True
1540,Norbert Wojtuszek,Jagiellonia Białystok,Obrońca,25%,1.8,,20,MOT (D),82,0,0,0,0,0,4,True
1540,Norbert Wojtuszek,Jagiellonia Białystok,Obrońca,25%,1.8,,21,CRA (W),90,0,0,0,0,0,5,True
1540,Norbert Wojtuszek,Jagiellonia Białystok,Obrońca,25%,1.8,,22,RAD (D),80,0,0,0,0,0,2,True
1540,Norbert Wojtuszek,Jagiellonia Białystok,Obrońca,25%,1.8,,23,LEG (D),90,0,0,0,0,0,1,True
1540,Norbert Wojtuszek,Jagiellonia Białystok,Obrońca,25%,1.8,,24,LGD (W),62,0,0,0,0,0,2,True
1540,Norbert Wojtuszek,Jagiellonia Białystok,Obrońca,25%,1.8,,25,PIA (D),45,0,0,0,0,0,2,True
1540,Norbert Wojtuszek,Jagiellonia Białystok,Obrońca,25%,1.8,,26,WPŁ (D),65,0,0,0,0,0,1,True
1540,Norbert Wojtuszek,Jagiellonia Białystok,Obrońca,25%,1.8,,27,LPO (D),90,0,0,0,0,0,5,True
1540,Norbert Wojtuszek,Jagiellonia Białystok,Obrońca,25%,1.8,,28,KOR (W),11,0,0,0,0,0,1,True
1540,Norbert Wojtuszek,Jagiellonia Białystok,Obrońca,25%,1.8,,29,ARK (W),0,0,0,0,0,0,0,False
1540,Norbert Wojtuszek,Jagiellonia Białystok,Obrońca,25%,1.8,,30,GÓR (D),0,0,0,0,0,0,0,False
1540,Norbert Wojtuszek,Jagiellonia Białystok,Obrońca,25%,1.8,,32,RCZ (W),0,0,0,0,0,0,0,False
1540,Norbert Wojtuszek,Jagiellonia Białystok,Obrońca,25%,1.8,,32,POG (D),0,0,0,0,0,0,0,False
1540,Norbert Wojtuszek,Jagiellonia Białystok,Obrońca,25%,1.8,,33,GKS (W),0,0,0,0,0,0,0,False
1540,Norbert Wojtuszek,Jagiellonia Białystok,Obrońca,25%,1.8,,34,ZAG (D),0,0,0,0,0,0,0,False
1569,Oskar Wójcik,Cracovia,Obrońca,4%,1.7,,19,BBT (W),90,0,0,0,0,0,6,True
1569,Oskar Wójcik,Cracovia,Obrońca,4%,1.7,,20,LGD (W),90,0,0,0,1,0,1,True
1569,Oskar Wójcik,Cracovia,Obrońca,4%,1.7,,21,JAG (D),0,0,0,0,0,0,0,False
1569,Oskar Wójcik,Cracovia,Obrońca,4%,1.7,,22,WID (W),90,0,0,0,1,0,4,True
1569,Oskar Wójcik,Cracovia,Obrońca,4%,1.7,,23,PIA (D),90,0,0,0,1,0,-3,True
1569,Oskar Wójcik,Cracovia,Obrońca,4%,1.7,,24,LEG (W),90,0,0,0,1,0,1,True
1569,Oskar Wójcik,Cracovia,Obrońca,4%,1.7,,25,WPŁ (D),90,0,0,0,0,0,1,True
1569,Oskar Wójcik,Cracovia,Obrońca,4%,1.7,,26,GKS (D),90,0,0,0,0,0,7,True
1569,Oskar Wójcik,Cracovia,Obrońca,4%,1.7,,27,GÓR (W),0,0,0,0,0,0,0,False
1569,Oskar Wójcik,Cracovia,Obrońca,4%,1.7,,28,ARK (D),90,0,0,0,0,0,1,True
1569,Oskar Wójcik,Cracovia,Obrońca,4%,1.7,,29,RCZ (W),0,0,0,0,0,0,0,False
1569,Oskar Wójcik,Cracovia,Obrońca,4%,1.7,,30,POG (D),0,0,0,0,0,0,0,False
1569,Oskar Wójcik,Cracovia,Obrońca,4%,1.7,,31,ZAG (W),0,0,0,0,0,0,0,False
1569,Oskar Wójcik,Cracovia,Obrońca,4%,1.7,,32,RAD (D),0,0,0,0,0,0,0,False
1569,Oskar Wójcik,Cracovia,Obrońca,4%,1.7,,33,MOT (W),0,0,0,0,0,0,0,False
1569,Oskar Wójcik,Cracovia,Obrońca,4%,1.7,,34,KOR (D),0,0,0,0,0,0,0,False
1573,Antonio Milić,Lech Poznań,Obrońca,6%,2.0,,19,LGD (D),90,0,0,0,0,0,-3,True
1573,Antonio Milić,Lech Poznań,Obrońca,6%,2.0,,19,PIA (W),90,0,0,0,1,0,1,True
1573,Antonio Milić,Lech Poznań,Obrońca,6%,2.0,,20,GÓR (W),45,0,0,0,0,0,3,True
1573,Antonio Milić,Lech Poznań,Obrońca,6%,2.0,,21,PIA (D),90,0,0,0,0,0,6,True
1573,Antonio Milić,Lech Poznań,Obrońca,6%,2.0,,22,KOR (W),90,1,0,0,0,0,10,True
1573,Antonio Milić,Lech Poznań,Obrońca,6%,2.0,,23,RCZ (D),90,1,0,0,1,0,6,True
1573,Antonio Milić,Lech Poznań,Obrońca,6%,2.0,,24,WID (W),0,0,0,0,0,0,0,False
1573,Antonio Milić,Lech Poznań,Obrońca,6%,2.0,,25,ZAG (W),90,0,0,0,0,0,6,True
1573,Antonio Milić,Lech Poznań,Obrońca,6%,2.0,,26,BBT (D),0,0,0,0,0,0,0,False
1573,Antonio Milić,Lech Poznań,Obrońca,6%,2.0,,27,JAG (W),90,0,0,0,1,0,4,True
1573,Antonio Milić,Lech Poznań,Obrońca,6%,2.0,,28,GKS (D),0,0,0,0,0,0,0,False
1573,Antonio Milić,Lech Poznań,Obrońca,6%,2.0,,29,POG (W),0,0,0,0,0,0,0,False
1573,Antonio Milić,Lech Poznań,Obrońca,6%,2.0,,30,LEG (D),0,0,0,0,0,0,0,False
1573,Antonio Milić,Lech Poznań,Obrońca,6%,2.0,,31,MOT (W),0,0,0,0,0,0,0,False
1573,Antonio Milić,Lech Poznań,Obrońca,6%,2.0,,32,ARK (D),0,0,0,0,0,0,0,False
1573,Antonio Milić,Lech Poznań,Obrońca,6%,2.0,,33,RAD (W),0,0,0,0,0,0,0,False
1573,Antonio Milić,Lech Poznań,Obrońca,6%,2.0,,34,WPŁ (D),0,0,0,0,0,0,0,False
1632,Antoni Kozubal,Lech Poznań,Pomocnik,2%,1.9,,19,LGD (D),90,0,0,0,0,0,2,True
1632,Antoni Kozubal,Lech Poznań,Pomocnik,2%,1.9,,19,PIA (W),90,0,0,0,0,0,2,True
1632,Antoni Kozubal,Lech Poznań,Pomocnik,2%,1.9,,20,GÓR (W),90,0,0,0,0,0,4,True
1632,Antoni Kozubal,Lech Poznań,Pomocnik,2%,1.9,,21,PIA (D),90,0,0,0,0,0,4,True
1632,Antoni Kozubal,Lech Poznań,Pomocnik,2%,1.9,,22,KOR (W),90,0,0,0,0,0,3,True
1632,Antoni Kozubal,Lech Poznań,Pomocnik,2%,1.9,,23,RCZ (D),87,0,0,0,1,0,2,True
1632,Antoni Kozubal,Lech Poznań,Pomocnik,2%,1.9,,24,WID (W),0,0,0,0,0,0,0,False
1632,Antoni Kozubal,Lech Poznań,Pomocnik,2%,1.9,,25,ZAG (W),90,0,0,0,1,0,3,True
1632,Antoni Kozubal,Lech Poznań,Pomocnik,2%,1.9,,26,BBT (D),90,0,0,0,0,0,3,True
1632,Antoni Kozubal,Lech Poznań,Pomocnik,2%,1.9,,27,JAG (W),90,0,0,0,0,0,3,True
1632,Antoni Kozubal,Lech Poznań,Pomocnik,2%,1.9,,28,GKS (D),80,0,0,0,0,0,2,True
1632,Antoni Kozubal,Lech Poznań,Pomocnik,2%,1.9,,29,POG (W),0,0,0,0,0,0,0,False
1632,Antoni Kozubal,Lech Poznań,Pomocnik,2%,1.9,,30,LEG (D),0,0,0,0,0,0,0,False
1632,Antoni Kozubal,Lech Poznań,Pomocnik,2%,1.9,,31,MOT (W),0,0,0,0,0,0,0,False
1632,Antoni Kozubal,Lech Poznań,Pomocnik,2%,1.9,,32,ARK (D),0,0,0,0,0,0,0,False
1632,Antoni Kozubal,Lech Poznań,Pomocnik,2%,1.9,,33,RAD (W),0,0,0,0,0,0,0,False
1632,Antoni Kozubal,Lech Poznań,Pomocnik,2%,1.9,,34,WPŁ (D),0,0,0,0,0,0,0,False
1712,Joel Pereira,Lech Poznań,Obrońca,8%,2.0,,19,LGD (D),63,0,0,0,0,0,0,True
1712,Joel Pereira,Lech Poznań,Obrońca,8%,2.0,,19,PIA (W),9,0,0,0,0,0,1,True
1712,Joel Pereira,Lech Poznań,Obrońca,8%,2.0,,20,GÓR (W),0,0,0,0,0,0,0,False
1712,Joel Pereira,Lech Poznań,Obrońca,8%,2.0,,21,PIA (D),0,0,0,0,0,0,0,False
1712,Joel Pereira,Lech Poznań,Obrońca,8%,2.0,,22,KOR (W),0,0,0,0,0,0,0,False
1712,Joel Pereira,Lech Poznań,Obrońca,8%,2.0,,23,RCZ (D),45,0,0,0,0,0,2,True
1712,Joel Pereira,Lech Poznań,Obrońca,8%,2.0,,24,WID (W),10,0,0,0,0,0,1,True
1712,Joel Pereira,Lech Poznań,Obrońca,8%,2.0,,25,ZAG (W),90,0,0,0,0,0,6,True
1712,Joel Pereira,Lech Poznań,Obrońca,8%,2.0,,26,BBT (D),90,0,0,0,0,0,3,True
1712,Joel Pereira,Lech Poznań,Obrońca,8%,2.0,,27,JAG (W),90,0,0,0,0,0,5,True
1712,Joel Pereira,Lech Poznań,Obrońca,8%,2.0,,28,GKS (D),90,0,0,0,0,0,0,True
1712,Joel Pereira,Lech Poznań,Obrońca,8%,2.0,,29,POG (W),0,0,0,0,0,0,0,False
1712,Joel Pereira,Lech Poznań,Obrońca,8%,2.0,,30,LEG (D),0,0,0,0,0,0,0,False
1712,Joel Pereira,Lech Poznań,Obrońca,8%,2.0,,31,MOT (W),0,0,0,0,0,0,0,False
1712,Joel Pereira,Lech Poznań,Obrońca,8%,2.0,,32,ARK (D),0,0,0,0,0,0,0,False
1712,Joel Pereira,Lech Poznań,Obrońca,8%,2.0,,33,RAD (W),0,0,0,0,0,0,0,False
1712,Joel Pereira,Lech Poznań,Obrońca,8%,2.0,,34,WPŁ (D),0,0,0,0,0,0,0,False
1715,Kacper Tobiasz,Legia Warszawa,Bramkarz,2%,1.7,,19,KOR (D),90,0,0,1,0,0,1,True
1715,Kacper Tobiasz,Legia Warszawa,Bramkarz,2%,1.7,,20,ARK (W),90,0,0,0,0,0,1,True
1715,Kacper Tobiasz,Legia Warszawa,Bramkarz,2%,1.7,,21,GKS (W),90,0,0,1,0,0,2,True
1715,Kacper Tobiasz,Legia Warszawa,Bramkarz,2%,1.7,,22,WPŁ (D),0,0,0,0,0,0,0,False
1715,Kacper Tobiasz,Legia Warszawa,Bramkarz,2%,1.7,,23,JAG (W),0,0,0,0,0,0,0,False
1715,Kacper Tobiasz,Legia Warszawa,Bramkarz,2%,1.7,,24,CRA (D),0,0,0,0,0,0,0,False
1715,Kacper Tobiasz,Legia Warszawa,Bramkarz,2%,1.7,,25,RAD (W),0,0,0,0,0,0,0,False
1715,Kacper Tobiasz,Legia Warszawa,Bramkarz,2%,1.7,,26,RCZ (D),0,0,0,0,0,0,0,False
1715,Kacper Tobiasz,Legia Warszawa,Bramkarz,2%,1.7,,27,POG (W),0,0,0,0,0,0,0,False
1715,Kacper Tobiasz,Legia Warszawa,Bramkarz,2%,1.7,,28,GÓR (D),0,0,0,0,0,0,0,False
1715,Kacper Tobiasz,Legia Warszawa,Bramkarz,2%,1.7,,29,ZAG (D),0,0,0,0,0,0,0,False
1715,Kacper Tobiasz,Legia Warszawa,Bramkarz,2%,1.7,,30,LPO (W),0,0,0,0,0,0,0,False
1715,Kacper Tobiasz,Legia Warszawa,Bramkarz,2%,1.7,,31,WID (D),0,0,0,0,0,0,0,False
1715,Kacper Tobiasz,Legia Warszawa,Bramkarz,2%,1.7,,32,BBT (W),0,0,0,0,0,0,0,False
1715,Kacper Tobiasz,Legia Warszawa,Bramkarz,2%,1.7,,33,LGD (W),0,0,0,0,0,0,0,False
1715,Kacper Tobiasz,Legia Warszawa,Bramkarz,2%,1.7,,34,MOT (D),0,0,0,0,0,0,0,False
1747,Igor Drapiński,Piast Gliwice,Obrońca,1%,1.8,,19,GÓR (W),90,0,0,0,0,0,1,True
1747,Igor Drapiński,Piast Gliwice,Obrońca,1%,1.8,,19,LPO (D),90,0,0,0,0,0,6,True
1747,Igor Drapiński,Piast Gliwice,Obrońca,1%,1.8,,20,WPŁ (D),0,0,0,0,0,0,0,False
1747,Igor Drapiński,Piast Gliwice,Obrońca,1%,1.8,,21,LPO (W),0,0,0,0,0,0,0,False
1747,Igor Drapiński,Piast Gliwice,Obrońca,1%,1.8,,22,MOT (D),0,0,0,0,0,0,0,False
1747,Igor Drapiński,Piast Gliwice,Obrońca,1%,1.8,,23,CRA (W),0,0,0,0,0,0,0,False
1747,Igor Drapiński,Piast Gliwice,Obrońca,1%,1.8,,24,ZAG (D),0,0,0,0,0,0,0,False
1747,Igor Drapiński,Piast Gliwice,Obrońca,1%,1.8,,25,JAG (W),90,0,0,0,1,0,2,True
1747,Igor Drapiński,Piast Gliwice,Obrońca,1%,1.8,,26,RAD (D),90,0,0,0,0,0,5,True
1747,Igor Drapiński,Piast Gliwice,Obrońca,1%,1.8,,27,BBT (W),90,0,1,0,0,0,4,True
1747,Igor Drapiński,Piast Gliwice,Obrońca,1%,1.8,,28,POG (D),90,0,0,0,0,0,1,True
1747,Igor Drapiński,Piast Gliwice,Obrońca,1%,1.8,,29,LGD (W),0,0,0,0,0,0,0,False
1747,Igor Drapiński,Piast Gliwice,Obrońca,1%,1.8,,30,ARK (D),0,0,0,0,0,0,0,False
1747,Igor Drapiński,Piast Gliwice,Obrońca,1%,1.8,,31,KOR (W),0,0,0,0,0,0,0,False
1747,Igor Drapiński,Piast Gliwice,Obrońca,1%,1.8,,32,GKS (D),0,0,0,0,0,0,0,False
1747,Igor Drapiński,Piast Gliwice,Obrońca,1%,1.8,,33,RCZ (D),0,0,0,0,0,0,0,False
1747,Igor Drapiński,Piast Gliwice,Obrońca,1%,1.8,,34,WID (W),0,0,0,0,0,0,0,False
1757,Bartosz Mrozek,Lech Poznań,Bramkarz,21%,2.1,,19,LGD (D),90,0,0,6,0,0,2,True
1757,Bartosz Mrozek,Lech Poznań,Bramkarz,21%,2.1,,19,PIA (W),90,0,0,2,0,0,6,True
1757,Bartosz Mrozek,Lech Poznań,Bramkarz,21%,2.1,,20,GÓR (W),90,0,0,4,0,0,7,True
1757,Bartosz Mrozek,Lech Poznań,Bramkarz,21%,2.1,,21,PIA (D),90,0,0,6,0,0,8,True
1757,Bartosz Mrozek,Lech Poznań,Bramkarz,21%,2.1,,22,KOR (W),90,0,0,0,0,0,3,True
1757,Bartosz Mrozek,Lech Poznań,Bramkarz,21%,2.1,,23,RCZ (D),90,0,0,4,1,0,-1,True
1757,Bartosz Mrozek,Lech Poznań,Bramkarz,21%,2.1,,24,WID (W),90,0,0,2,0,0,1,True
1757,Bartosz Mrozek,Lech Poznań,Bramkarz,21%,2.1,,25,ZAG (W),90,0,0,1,0,0,6,True
1757,Bartosz Mrozek,Lech Poznań,Bramkarz,21%,2.1,,26,BBT (D),90,0,0,4,0,0,4,True
1757,Bartosz Mrozek,Lech Poznań,Bramkarz,21%,2.1,,27,JAG (W),90,0,0,3,0,0,6,True
1757,Bartosz Mrozek,Lech Poznań,Bramkarz,21%,2.1,,28,GKS (D),90,0,0,5,0,0,1,True
1757,Bartosz Mrozek,Lech Poznań,Bramkarz,21%,2.1,,29,POG (W),0,0,0,0,0,0,0,False
1757,Bartosz Mrozek,Lech Poznań,Bramkarz,21%,2.1,,30,LEG (D),0,0,0,0,0,0,0,False
1757,Bartosz Mrozek,Lech Poznań,Bramkarz,21%,2.1,,31,MOT (W),0,0,0,0,0,0,0,False
1757,Bartosz Mrozek,Lech Poznań,Bramkarz,21%,2.1,,32,ARK (D),0,0,0,0,0,0,0,False
1757,Bartosz Mrozek,Lech Poznań,Bramkarz,21%,2.1,,33,RAD (W),0,0,0,0,0,0,0,False
1757,Bartosz Mrozek,Lech Poznań,Bramkarz,21%,2.1,,34,WPŁ (D),0,0,0,0,0,0,0,False
1794,Kamil Grosicki,Pogoń Szczecin,Pomocnik,7%,3.4,,19,MOT (W),77,0,0,0,0,0,-1,True
1794,Kamil Grosicki,Pogoń Szczecin,Pomocnik,7%,3.4,,20,BBT (D),84,0,0,0,0,0,2,True
1794,Kamil Grosicki,Pogoń Szczecin,Pomocnik,7%,3.4,,21,ARK (D),87,0,1,0,0,0,7,True
1794,Kamil Grosicki,Pogoń Szczecin,Pomocnik,7%,3.4,,22,GÓR (W),89,0,0,0,0,0,4,True
1794,Kamil Grosicki,Pogoń Szczecin,Pomocnik,7%,3.4,,23,WID (D),75,0,0,0,0,0,4,True
1794,Kamil Grosicki,Pogoń Szczecin,Pomocnik,7%,3.4,,24,RCZ (W),0,0,0,0,0,0,0,False
1794,Kamil Grosicki,Pogoń Szczecin,Pomocnik,7%,3.4,,25,KOR (D),31,0,0,0,0,0,2,True
1794,Kamil Grosicki,Pogoń Szczecin,Pomocnik,7%,3.4,,26,LGD (W),28,0,0,0,0,0,1,True
1794,Kamil Grosicki,Pogoń Szczecin,Pomocnik,7%,3.4,,27,LEG (D),84,0,0,0,0,0,2,True
1794,Kamil Grosicki,Pogoń Szczecin,Pomocnik,7%,3.4,,28,PIA (W),21,0,0,0,0,0,2,True
1794,Kamil Grosicki,Pogoń Szczecin,Pomocnik,7%,3.4,,29,LPO (D),0,0,0,0,0,0,0,False
1794,Kamil Grosicki,Pogoń Szczecin,Pomocnik,7%,3.4,,30,CRA (W),0,0,0,0,0,0,0,False
1794,Kamil Grosicki,Pogoń Szczecin,Pomocnik,7%,3.4,,31,WPŁ (D),0,0,0,0,0,0,0,False
1794,Kamil Grosicki,Pogoń Szczecin,Pomocnik,7%,3.4,,32,JAG (W),0,0,0,0,0,0,0,False
1794,Kamil Grosicki,Pogoń Szczecin,Pomocnik,7%,3.4,,33,ZAG (W),0,0,0,0,0,0,0,False
1794,Kamil Grosicki,Pogoń Szczecin,Pomocnik,7%,3.4,,34,GKS (D),0,0,0,0,0,0,0,False
1795,Sławomir Abramowicz,Jagiellonia Białystok,Bramkarz,16%,1.8,,19,WID (W),90,0,0,2,1,0,2,True
1795,Sławomir Abramowicz,Jagiellonia Białystok,Bramkarz,16%,1.8,,19,GKS (D),90,0,0,3,0,0,4,True
1795,Sławomir Abramowicz,Jagiellonia Białystok,Bramkarz,16%,1.8,,20,MOT (D),90,0,0,4,0,0,4,True
1795,Sławomir Abramowicz,Jagiellonia Białystok,Bramkarz,16%,1.8,,21,CRA (W),90,0,0,3,0,0,6,True
1795,Sławomir Abramowicz,Jagiellonia Białystok,Bramkarz,16%,1.8,,22,RAD (D),90,0,0,1,0,0,2,True
1795,Sławomir Abramowicz,Jagiellonia Białystok,Bramkarz,16%,1.8,,23,LEG (D),90,0,0,1,0,0,1,True
1795,Sławomir Abramowicz,Jagiellonia Białystok,Bramkarz,16%,1.8,,24,LGD (W),90,0,0,4,0,0,1,True
1795,Sławomir Abramowicz,Jagiellonia Białystok,Bramkarz,16%,1.8,,25,PIA (D),90,0,0,4,0,0,2,True
1795,Sławomir Abramowicz,Jagiellonia Białystok,Bramkarz,16%,1.8,,26,WPŁ (D),90,0,0,1,0,0,1,True
1795,Sławomir Abramowicz,Jagiellonia Białystok,Bramkarz,16%,1.8,,27,LPO (D),90,0,0,3,0,0,7,True
1795,Sławomir Abramowicz,Jagiellonia Białystok,Bramkarz,16%,1.8,,28,KOR (W),90,0,0,4,0,0,3,True
1795,Sławomir Abramowicz,Jagiellonia Białystok,Bramkarz,16%,1.8,,29,ARK (W),0,0,0,0,0,0,0,False
1795,Sławomir Abramowicz,Jagiellonia Białystok,Bramkarz,16%,1.8,,30,GÓR (D),0,0,0,0,0,0,0,False
1795,Sławomir Abramowicz,Jagiellonia Białystok,Bramkarz,16%,1.8,,32,RCZ (W),0,0,0,0,0,0,0,False
1795,Sławomir Abramowicz,Jagiellonia Białystok,Bramkarz,16%,1.8,,32,POG (D),0,0,0,0,0,0,0,False
1795,Sławomir Abramowicz,Jagiellonia Białystok,Bramkarz,16%,1.8,,33,GKS (W),0,0,0,0,0,0,0,False
1795,Sławomir Abramowicz,Jagiellonia Białystok,Bramkarz,16%,1.8,,34,ZAG (D),0,0,0,0,0,0,0,False
1853,Bogdan Racovițan,Raków Częstochowa,Obrońca,4%,2.0,,19,WPŁ (W),90,0,0,0,0,0,1,True
1853,Bogdan Racovițan,Raków Częstochowa,Obrońca,4%,2.0,,20,RAD (D),90,0,0,0,0,0,5,True
1853,Bogdan Racovițan,Raków Częstochowa,Obrońca,4%,2.0,,21,ZAG (W),90,0,0,0,0,0,5,True
1853,Bogdan Racovițan,Raków Częstochowa,Obrońca,4%,2.0,,22,BBT (D),90,0,0,0,0,0,6,True
1853,Bogdan Racovițan,Raków Częstochowa,Obrońca,4%,2.0,,23,LPO (W),90,0,0,0,0,0,-1,True
1853,Bogdan Racovițan,Raków Częstochowa,Obrońca,4%,2.0,,24,POG (D),90,0,0,0,0,0,6,True
1853,Bogdan Racovițan,Raków Częstochowa,Obrońca,4%,2.0,,25,GÓR (W),72,0,0,0,0,0,1,True
1853,Bogdan Racovițan,Raków Częstochowa,Obrońca,4%,2.0,,26,LEG (W),90,0,0,0,0,0,2,True
1853,Bogdan Racovițan,Raków Częstochowa,Obrońca,4%,2.0,,27,WID (D),90,0,0,0,0,0,2,True
1853,Bogdan Racovițan,Raków Częstochowa,Obrońca,4%,2.0,,28,MOT (W),90,0,0,0,0,0,2,True
1853,Bogdan Racovițan,Raków Częstochowa,Obrońca,4%,2.0,,29,CRA (D),0,0,0,0,0,0,0,False
1853,Bogdan Racovițan,Raków Częstochowa,Obrońca,4%,2.0,,30,LGD (W),0,0,0,0,0,0,0,False
1853,Bogdan Racovițan,Raków Częstochowa,Obrońca,4%,2.0,,32,JAG (D),0,0,0,0,0,0,0,False
1853,Bogdan Racovițan,Raków Częstochowa,Obrońca,4%,2.0,,32,KOR (D),0,0,0,0,0,0,0,False
1853,Bogdan Racovițan,Raków Częstochowa,Obrońca,4%,2.0,,33,PIA (W),0,0,0,0,0,0,0,False
1853,Bogdan Racovițan,Raków Częstochowa,Obrońca,4%,2.0,,34,ARK (D),0,0,0,0,0,0,0,False
1880,Ilja Szkurin,GKS Katowice,Napastnik,3%,1.8,,19,ZAG (W),21,0,0,0,0,0,2,True
1880,Ilja Szkurin,GKS Katowice,Napastnik,3%,1.8,,19,JAG (W),82,0,0,0,0,0,2,True
1880,Ilja Szkurin,GKS Katowice,Napastnik,3%,1.8,,20,WID (D),19,0,0,0,0,0,2,True
1880,Ilja Szkurin,GKS Katowice,Napastnik,3%,1.8,,21,LEG (D),45,0,0,0,0,0,2,True
1880,Ilja Szkurin,GKS Katowice,Napastnik,3%,1.8,,22,ARK (W),17,0,0,0,0,0,1,True
1880,Ilja Szkurin,GKS Katowice,Napastnik,3%,1.8,,23,GÓR (D),11,0,0,1,0,0,6,True
1880,Ilja Szkurin,GKS Katowice,Napastnik,3%,1.8,,24,RAD (W),1,0,0,0,0,0,2,True
1880,Ilja Szkurin,GKS Katowice,Napastnik,3%,1.8,,25,LGD (D),83,1,0,0,0,0,7,True
1880,Ilja Szkurin,GKS Katowice,Napastnik,3%,1.8,,26,CRA (W),90,0,0,0,0,0,2,True
1880,Ilja Szkurin,GKS Katowice,Napastnik,3%,1.8,,27,WPŁ (D),80,0,0,0,0,0,3,True
1880,Ilja Szkurin,GKS Katowice,Napastnik,3%,1.8,,28,LPO (W),73,1,0,0,0,0,6,True
1880,Ilja Szkurin,GKS Katowice,Napastnik,3%,1.8,,29,MOT (D),0,0,0,0,0,0,0,False
1880,Ilja Szkurin,GKS Katowice,Napastnik,3%,1.8,,30,KOR (W),0,0,0,0,0,0,0,False
1880,Ilja Szkurin,GKS Katowice,Napastnik,3%,1.8,,31,BBT (D),0,0,0,0,0,0,0,False
1880,Ilja Szkurin,GKS Katowice,Napastnik,3%,1.8,,32,PIA (W),0,0,0,0,0,0,0,False
1880,Ilja Szkurin,GKS Katowice,Napastnik,3%,1.8,,33,JAG (D),0,0,0,0,0,0,0,False
1880,Ilja Szkurin,GKS Katowice,Napastnik,3%,1.8,,34,POG (W),0,0,0,0,0,0,0,False
1909,Rafał Adamski,Legia Warszawa,Napastnik,6%,1.8,,21,GKS (W),0,0,0,0,0,0,0,False
1909,Rafał Adamski,Legia Warszawa,Napastnik,6%,1.8,,22,WPŁ (D),90,1,0,0,0,0,8,True
1909,Rafał Adamski,Legia Warszawa,Napastnik,6%,1.8,,23,JAG (W),89,0,0,0,0,0,2,True
1909,Rafał Adamski,Legia Warszawa,Napastnik,6%,1.8,,24,CRA (D),32,0,0,0,0,0,2,True
1909,Rafał Adamski,Legia Warszawa,Napastnik,6%,1.8,,25,RAD (W),90,0,0,0,0,0,2,True
1909,Rafał Adamski,Legia Warszawa,Napastnik,6%,1.8,,26,RCZ (D),90,0,0,0,0,0,2,True
1909,Rafał Adamski,Legia Warszawa,Napastnik,6%,1.8,,27,POG (W),90,0,1,0,0,0,6,True
1909,Rafał Adamski,Legia Warszawa,Napastnik,6%,1.8,,28,GÓR (D),90,0,0,0,0,0,2,True
1909,Rafał Adamski,Legia Warszawa,Napastnik,6%,1.8,,29,ZAG (D),0,0,0,0,0,0,0,False
1909,Rafał Adamski,Legia Warszawa,Napastnik,6%,1.8,,30,LPO (W),0,0,0,0,0,0,0,False
1909,Rafał Adamski,Legia Warszawa,Napastnik,6%,1.8,,31,WID (D),0,0,0,0,0,0,0,False
1909,Rafał Adamski,Legia Warszawa,Napastnik,6%,1.8,,32,BBT (W),0,0,0,0,0,0,0,False
1909,Rafał Adamski,Legia Warszawa,Napastnik,6%,1.8,,33,LGD (W),0,0,0,0,0,0,0,False
1909,Rafał Adamski,Legia Warszawa,Napastnik,6%,1.8,,34,MOT (D),0,0,0,0,0,0,0,False
1928,Stratos Svarnas,Raków Częstochowa,Obrońca,9%,2.1,,19,WPŁ (W),90,0,1,0,0,0,5,True
1928,Stratos Svarnas,Raków Częstochowa,Obrońca,9%,2.1,,20,RAD (D),90,0,0,0,0,0,5,True
1928,Stratos Svarnas,Raków Częstochowa,Obrońca,9%,2.1,,21,ZAG (W),90,0,0,0,0,0,5,True
1928,Stratos Svarnas,Raków Częstochowa,Obrońca,9%,2.1,,22,BBT (D),0,0,0,0,0,0,0,False
1928,Stratos Svarnas,Raków Częstochowa,Obrońca,9%,2.1,,23,LPO (W),22,0,0,0,0,0,1,True
1928,Stratos Svarnas,Raków Częstochowa,Obrońca,9%,2.1,,24,POG (D),90,0,0,0,0,0,6,True
1928,Stratos Svarnas,Raków Częstochowa,Obrońca,9%,2.1,,25,GÓR (W),90,0,0,0,0,0,0,True
1928,Stratos Svarnas,Raków Częstochowa,Obrońca,9%,2.1,,26,LEG (W),8,0,0,0,0,0,1,True
1928,Stratos Svarnas,Raków Częstochowa,Obrońca,9%,2.1,,27,WID (D),52,1,0,0,0,0,7,True
1928,Stratos Svarnas,Raków Częstochowa,Obrońca,9%,2.1,,28,MOT (W),90,0,0,0,0,0,2,True
1928,Stratos Svarnas,Raków Częstochowa,Obrońca,9%,2.1,,29,CRA (D),0,0,0,0,0,0,0,False
1928,Stratos Svarnas,Raków Częstochowa,Obrońca,9%,2.1,,30,LGD (W),0,0,0,0,0,0,0,False
1928,Stratos Svarnas,Raków Częstochowa,Obrońca,9%,2.1,,32,JAG (D),0,0,0,0,0,0,0,False
1928,Stratos Svarnas,Raków Częstochowa,Obrońca,9%,2.1,,32,KOR (D),0,0,0,0,0,0,0,False
1928,Stratos Svarnas,Raków Częstochowa,Obrońca,9%,2.1,,33,PIA (W),0,0,0,0,0,0,0,False
1928,Stratos Svarnas,Raków Częstochowa,Obrońca,9%,2.1,,34,ARK (D),0,0,0,0,0,0,0,False
1931,Steve Kapuadi,Widzew Łódź,Obrońca,2%,1.8,,19,KOR (D) (LEG),0,0,0,0,0,0,0,False
1931,Steve Kapuadi,Widzew Łódź,Obrońca,2%,1.8,,20,ARK (W) (LEG),0,0,0,0,0,0,0,False
1931,Steve Kapuadi,Widzew Łódź,Obrońca,2%,1.8,,21,GKS (W) (LEG),89,0,0,0,1,0,1,True
1931,Steve Kapuadi,Widzew Łódź,Obrońca,2%,1.8,,22,WPŁ (D) (LEG),45,0,0,0,0,0,2,True
1931,Steve Kapuadi,Widzew Łódź,Obrońca,2%,1.8,,23,POG (W),16,0,0,0,0,0,1,True
1931,Steve Kapuadi,Widzew Łódź,Obrońca,2%,1.8,,24,LPO (D),90,0,0,0,0,0,3,True
1931,Steve Kapuadi,Widzew Łódź,Obrońca,2%,1.8,,25,ARK (W),90,0,0,0,0,0,5,True
1931,Steve Kapuadi,Widzew Łódź,Obrońca,2%,1.8,,26,GÓR (D),90,0,0,0,0,0,5,True
1931,Steve Kapuadi,Widzew Łódź,Obrońca,2%,1.8,,27,RCZ (W),0,0,0,0,0,0,0,False
1931,Steve Kapuadi,Widzew Łódź,Obrońca,2%,1.8,,28,BBT (D),90,0,0,0,0,0,6,True
1931,Steve Kapuadi,Widzew Łódź,Obrońca,2%,1.8,,29,RAD (W),0,0,0,0,0,0,0,False
1931,Steve Kapuadi,Widzew Łódź,Obrońca,2%,1.8,,30,MOT (D),0,0,0,0,0,0,0,False
1931,Steve Kapuadi,Widzew Łódź,Obrońca,2%,1.8,,31,LEG (W),0,0,0,0,0,0,0,False
1931,Steve Kapuadi,Widzew Łódź,Obrońca,2%,1.8,,32,LGD (D),0,0,0,0,0,0,0,False
1931,Steve Kapuadi,Widzew Łódź,Obrońca,2%,1.8,,33,KOR (W),0,0,0,0,0,0,0,False
1931,Steve Kapuadi,Widzew Łódź,Obrońca,2%,1.8,,34,PIA (D),0,0,0,0,0,0,0,False
2016,Jakub Lewicki,Piast Gliwice,Obrońca,1%,1.7,,19,GÓR (W),90,0,0,0,0,0,1,True
2016,Jakub Lewicki,Piast Gliwice,Obrońca,1%,1.7,,19,LPO (D),90,0,0,0,0,0,6,True
2016,Jakub Lewicki,Piast Gliwice,Obrońca,1%,1.7,,20,WPŁ (D),90,0,0,0,0,0,6,True
2016,Jakub Lewicki,Piast Gliwice,Obrońca,1%,1.7,,21,LPO (W),90,0,0,0,0,0,0,True
2016,Jakub Lewicki,Piast Gliwice,Obrońca,1%,1.7,,22,MOT (D),90,0,0,0,0,0,1,True
2016,Jakub Lewicki,Piast Gliwice,Obrońca,1%,1.7,,23,CRA (W),90,0,0,0,1,0,1,True
2016,Jakub Lewicki,Piast Gliwice,Obrońca,1%,1.7,,24,ZAG (D),90,0,0,0,0,0,0,True
2016,Jakub Lewicki,Piast Gliwice,Obrońca,1%,1.7,,25,JAG (W),90,0,0,0,1,0,2,True
2016,Jakub Lewicki,Piast Gliwice,Obrońca,1%,1.7,,26,RAD (D),0,0,0,0,0,0,0,False
2016,Jakub Lewicki,Piast Gliwice,Obrońca,1%,1.7,,27,BBT (W),90,0,0,0,1,0,-3,True
2016,Jakub Lewicki,Piast Gliwice,Obrońca,1%,1.7,,28,POG (D),90,0,0,0,0,0,1,True
2016,Jakub Lewicki,Piast Gliwice,Obrońca,1%,1.7,,29,LGD (W),0,0,0,0,0,0,0,False
2016,Jakub Lewicki,Piast Gliwice,Obrońca,1%,1.7,,30,ARK (D),0,0,0,0,0,0,0,False
2016,Jakub Lewicki,Piast Gliwice,Obrońca,1%,1.7,,31,KOR (W),0,0,0,0,0,0,0,False
2016,Jakub Lewicki,Piast Gliwice,Obrońca,1%,1.7,,32,GKS (D),0,0,0,0,0,0,0,False
2016,Jakub Lewicki,Piast Gliwice,Obrońca,1%,1.7,,33,RCZ (D),0,0,0,0,0,0,0,False
2016,Jakub Lewicki,Piast Gliwice,Obrońca,1%,1.7,,34,WID (W),0,0,0,0,0,0,0,False
2053,Sebastian Madejski,Cracovia,Bramkarz,6%,1.9,,19,BBT (W),90,0,0,1,0,0,6,True
2053,Sebastian Madejski,Cracovia,Bramkarz,6%,1.9,,20,LGD (W),90,0,0,5,1,0,3,True
2053,Sebastian Madejski,Cracovia,Bramkarz,6%,1.9,,21,JAG (D),90,0,0,4,0,0,6,True
2053,Sebastian Madejski,Cracovia,Bramkarz,6%,1.9,,22,WID (W),90,0,0,4,0,0,6,True
2053,Sebastian Madejski,Cracovia,Bramkarz,6%,1.9,,23,PIA (D),90,0,0,2,0,0,0,True
2053,Sebastian Madejski,Cracovia,Bramkarz,6%,1.9,,24,LEG (W),90,0,0,3,0,0,3,True
2053,Sebastian Madejski,Cracovia,Bramkarz,6%,1.9,,25,WPŁ (D),90,0,0,2,0,0,1,True
2053,Sebastian Madejski,Cracovia,Bramkarz,6%,1.9,,26,GKS (D),90,0,0,3,0,0,7,True
2053,Sebastian Madejski,Cracovia,Bramkarz,6%,1.9,,27,GÓR (W),90,0,0,1,0,0,0,True
2053,Sebastian Madejski,Cracovia,Bramkarz,6%,1.9,,28,ARK (D),90,0,0,1,0,0,1,True
2053,Sebastian Madejski,Cracovia,Bramkarz,6%,1.9,,29,RCZ (W),0,0,0,0,0,0,0,False
2053,Sebastian Madejski,Cracovia,Bramkarz,6%,1.9,,30,POG (D),0,0,0,0,0,0,0,False
2053,Sebastian Madejski,Cracovia,Bramkarz,6%,1.9,,31,ZAG (W),0,0,0,0,0,0,0,False
2053,Sebastian Madejski,Cracovia,Bramkarz,6%,1.9,,32,RAD (D),0,0,0,0,0,0,0,False
2053,Sebastian Madejski,Cracovia,Bramkarz,6%,1.9,,33,MOT (W),0,0,0,0,0,0,0,False
2053,Sebastian Madejski,Cracovia,Bramkarz,6%,1.9,,34,KOR (D),0,0,0,0,0,0,0,False
2114,Jakub Burek,Wisła Płock,Bramkarz,1%,1.0,,19,RCZ (D),0,0,0,0,0,0,0,False
2114,Jakub Burek,Wisła Płock,Bramkarz,1%,1.0,,20,PIA (W),0,0,0,0,0,0,0,False
2114,Jakub Burek,Wisła Płock,Bramkarz,1%,1.0,,21,WID (D),0,0,0,0,0,0,0,False
2114,Jakub Burek,Wisła Płock,Bramkarz,1%,1.0,,22,LEG (W),0,0,0,0,0,0,0,False
2114,Jakub Burek,Wisła Płock,Bramkarz,1%,1.0,,23,ZAG (W),0,0,0,0,0,0,0,False
2114,Jakub Burek,Wisła Płock,Bramkarz,1%,1.0,,24,ARK (D),0,0,0,0,0,0,0,False
2114,Jakub Burek,Wisła Płock,Bramkarz,1%,1.0,,25,CRA (W),0,0,0,0,0,0,0,False
2114,Jakub Burek,Wisła Płock,Bramkarz,1%,1.0,,26,JAG (W),0,0,0,0,0,0,0,False
2114,Jakub Burek,Wisła Płock,Bramkarz,1%,1.0,,27,GKS (W),0,0,0,0,0,0,0,False
2114,Jakub Burek,Wisła Płock,Bramkarz,1%,1.0,,28,LGD (D),0,0,0,0,0,0,0,False
2114,Jakub Burek,Wisła Płock,Bramkarz,1%,1.0,,29,BBT (W),0,0,0,0,0,0,0,False
2114,Jakub Burek,Wisła Płock,Bramkarz,1%,1.0,,30,RAD (D),0,0,0,0,0,0,0,False
2114,Jakub Burek,Wisła Płock,Bramkarz,1%,1.0,,31,POG (W),0,0,0,0,0,0,0,False
2114,Jakub Burek,Wisła Płock,Bramkarz,1%,1.0,,32,MOT (D),0,0,0,0,0,0,0,False
2114,Jakub Burek,Wisła Płock,Bramkarz,1%,1.0,,33,GÓR (D),0,0,0,0,0,0,0,False
2114,Jakub Burek,Wisła Płock,Bramkarz,1%,1.0,,34,LPO (W),0,0,0,0,0,0,0,False
2123,Michał Gurgul,Lech Poznań,Obrońca,24%,1.8,,19,LGD (D),85,0,0,0,0,0,0,True
2123,Michał Gurgul,Lech Poznań,Obrońca,24%,1.8,,19,PIA (W),90,0,0,0,0,0,2,True
2123,Michał Gurgul,Lech Poznań,Obrońca,24%,1.8,,20,GÓR (W),90,0,0,0,0,0,6,True
2123,Michał Gurgul,Lech Poznań,Obrońca,24%,1.8,,21,PIA (D),89,0,1,0,0,0,10,True
2123,Michał Gurgul,Lech Poznań,Obrońca,24%,1.8,,22,KOR (W),90,0,0,0,0,0,3,True
2123,Michał Gurgul,Lech Poznań,Obrońca,24%,1.8,,23,RCZ (D),90,0,0,1,0,0,3,True
2123,Michał Gurgul,Lech Poznań,Obrońca,24%,1.8,,24,WID (W),90,0,0,0,0,0,1,True
2123,Michał Gurgul,Lech Poznań,Obrońca,24%,1.8,,25,ZAG (W),26,0,0,0,0,0,2,True
2123,Michał Gurgul,Lech Poznań,Obrońca,24%,1.8,,26,BBT (D),90,0,0,0,0,0,3,True
2123,Michał Gurgul,Lech Poznań,Obrońca,24%,1.8,,27,JAG (W),90,0,0,0,0,0,5,True
2123,Michał Gurgul,Lech Poznań,Obrońca,24%,1.8,,28,GKS (D),90,0,0,0,0,0,0,True
2123,Michał Gurgul,Lech Poznań,Obrońca,24%,1.8,,29,POG (W),0,0,0,0,0,0,0,False
2123,Michał Gurgul,Lech Poznań,Obrońca,24%,1.8,,30,LEG (D),0,0,0,0,0,0,0,False
2123,Michał Gurgul,Lech Poznań,Obrońca,24%,1.8,,31,MOT (W),0,0,0,0,0,0,0,False
2123,Michał Gurgul,Lech Poznań,Obrońca,24%,1.8,,32,ARK (D),0,0,0,0,0,0,0,False
2123,Michał Gurgul,Lech Poznań,Obrońca,24%,1.8,,33,RAD (W),0,0,0,0,0,0,0,False
2123,Michał Gurgul,Lech Poznań,Obrońca,24%,1.8,,34,WPŁ (D),0,0,0,0,0,0,0,False
2163,Marcel Pięczek,Korona Kielce,Obrońca,2%,1.8,,19,LEG (W),0,0,0,0,0,0,0,False
2163,Marcel Pięczek,Korona Kielce,Obrońca,2%,1.8,,20,ZAG (D),32,0,0,0,0,0,-3,True
2163,Marcel Pięczek,Korona Kielce,Obrońca,2%,1.8,,21,RAD (W),90,1,0,0,0,0,13,True
2163,Marcel Pięczek,Korona Kielce,Obrońca,2%,1.8,,22,LPO (D),90,0,0,0,0,0,1,True
2163,Marcel Pięczek,Korona Kielce,Obrońca,2%,1.8,,23,MOT (W),90,0,0,0,0,0,1,True
2163,Marcel Pięczek,Korona Kielce,Obrońca,2%,1.8,,24,BBT (D),90,1,0,0,0,0,9,True
2163,Marcel Pięczek,Korona Kielce,Obrońca,2%,1.8,,25,POG (W),90,0,0,0,0,0,1,True
2163,Marcel Pięczek,Korona Kielce,Obrońca,2%,1.8,,26,ARK (D),90,1,0,0,0,0,12,True
2163,Marcel Pięczek,Korona Kielce,Obrońca,2%,1.8,,27,LGD (W),88,0,0,0,0,0,0,True
2163,Marcel Pięczek,Korona Kielce,Obrońca,2%,1.8,,28,JAG (D),90,0,0,0,0,0,2,True
2163,Marcel Pięczek,Korona Kielce,Obrońca,2%,1.8,,29,GÓR (W),0,0,0,0,0,0,0,False
2163,Marcel Pięczek,Korona Kielce,Obrońca,2%,1.8,,30,GKS (D),0,0,0,0,0,0,0,False
2163,Marcel Pięczek,Korona Kielce,Obrońca,2%,1.8,,31,PIA (D),0,0,0,0,0,0,0,False
2163,Marcel Pięczek,Korona Kielce,Obrońca,2%,1.8,,32,RCZ (W),0,0,0,0,0,0,0,False
2163,Marcel Pięczek,Korona Kielce,Obrońca,2%,1.8,,33,WID (D),0,0,0,0,0,0,0,False
2163,Marcel Pięczek,Korona Kielce,Obrońca,2%,1.8,,34,CRA (W),0,0,0,0,0,0,0,False
2189,Adrián Diéguez,Radomiak Radom,Obrońca,1%,1.7,,19,ARK (D),90,0,0,0,0,0,3,True
2189,Adrián Diéguez,Radomiak Radom,Obrońca,1%,1.7,,20,RCZ (W),90,0,0,0,0,0,5,True
2189,Adrián Diéguez,Radomiak Radom,Obrońca,1%,1.7,,21,KOR (D),84,0,0,0,1,0,0,True
2189,Adrián Diéguez,Radomiak Radom,Obrońca,1%,1.7,,22,JAG (W),90,0,0,0,0,0,2,True
2189,Adrián Diéguez,Radomiak Radom,Obrońca,1%,1.7,,23,BBT (W),90,0,0,0,1,0,1,True
2189,Adrián Diéguez,Radomiak Radom,Obrońca,1%,1.7,,24,GKS (D),90,0,0,0,1,0,1,True
2189,Adrián Diéguez,Radomiak Radom,Obrońca,1%,1.7,,25,LEG (D),90,0,0,0,0,0,2,True
2189,Adrián Diéguez,Radomiak Radom,Obrońca,1%,1.7,,26,PIA (W),90,0,0,0,0,0,0,True
2189,Adrián Diéguez,Radomiak Radom,Obrońca,1%,1.7,,27,MOT (D),90,0,0,0,0,0,2,True
2189,Adrián Diéguez,Radomiak Radom,Obrońca,1%,1.7,,28,ZAG (W),90,0,0,0,1,0,1,True
2189,Adrián Diéguez,Radomiak Radom,Obrońca,1%,1.7,,29,WID (D),0,0,0,0,0,0,0,False
2189,Adrián Diéguez,Radomiak Radom,Obrońca,1%,1.7,,30,WPŁ (W),0,0,0,0,0,0,0,False
2189,Adrián Diéguez,Radomiak Radom,Obrońca,1%,1.7,,31,LGD (D),0,0,0,0,0,0,0,False
2189,Adrián Diéguez,Radomiak Radom,Obrońca,1%,1.7,,32,CRA (W),0,0,0,0,0,0,0,False
2189,Adrián Diéguez,Radomiak Radom,Obrońca,1%,1.7,,33,LPO (D),0,0,0,0,0,0,0,False
2189,Adrián Diéguez,Radomiak Radom,Obrońca,1%,1.7,,34,GÓR (W),0,0,0,0,0,0,0,False
2191,Radovan Pankov,Legia Warszawa,Obrońca,2%,1.8,,19,KOR (D),90,0,0,0,0,0,1,True
2191,Radovan Pankov,Legia Warszawa,Obrońca,2%,1.8,,20,ARK (W),90,0,0,0,1,0,0,True
2191,Radovan Pankov,Legia Warszawa,Obrońca,2%,1.8,,21,GKS (W),90,0,0,0,1,0,1,True
2191,Radovan Pankov,Legia Warszawa,Obrońca,2%,1.8,,22,WPŁ (D),0,0,0,0,0,0,0,False
2191,Radovan Pankov,Legia Warszawa,Obrońca,2%,1.8,,23,JAG (W),90,0,0,1,0,0,3,True
2191,Radovan Pankov,Legia Warszawa,Obrońca,2%,1.8,,24,CRA (D),90,0,0,0,0,0,6,True
2191,Radovan Pankov,Legia Warszawa,Obrońca,2%,1.8,,25,RAD (W),90,1,0,0,0,0,9,True
2191,Radovan Pankov,Legia Warszawa,Obrońca,2%,1.8,,26,RCZ (D),90,0,0,0,0,0,2,True
2191,Radovan Pankov,Legia Warszawa,Obrońca,2%,1.8,,27,POG (W),86,0,0,0,0,0,6,True
2191,Radovan Pankov,Legia Warszawa,Obrońca,2%,1.8,,28,GÓR (D),90,0,0,0,0,0,2,True
2191,Radovan Pankov,Legia Warszawa,Obrońca,2%,1.8,,29,ZAG (D),0,0,0,0,0,0,0,False
2191,Radovan Pankov,Legia Warszawa,Obrońca,2%,1.8,,30,LPO (W),0,0,0,0,0,0,0,False
2191,Radovan Pankov,Legia Warszawa,Obrońca,2%,1.8,,31,WID (D),0,0,0,0,0,0,0,False
2191,Radovan Pankov,Legia Warszawa,Obrońca,2%,1.8,,32,BBT (W),0,0,0,0,0,0,0,False
2191,Radovan Pankov,Legia Warszawa,Obrońca,2%,1.8,,33,LGD (W),0,0,0,0,0,0,0,False
2191,Radovan Pankov,Legia Warszawa,Obrońca,2%,1.8,,34,MOT (D),0,0,0,0,0,0,0,False
2205,Afimico Pululu,Jagiellonia Białystok,Napastnik,49%,2.4,,19,WID (W),89,1,0,0,0,0,10,True
2205,Afimico Pululu,Jagiellonia Białystok,Napastnik,49%,2.4,,19,GKS (D),79,0,0,0,0,0,3,True
2205,Afimico Pululu,Jagiellonia Białystok,Napastnik,49%,2.4,,20,MOT (D),90,1,1,0,0,0,11,True
2205,Afimico Pululu,Jagiellonia Białystok,Napastnik,49%,2.4,,21,CRA (W),89,0,0,0,1,0,1,True
2205,Afimico Pululu,Jagiellonia Białystok,Napastnik,49%,2.4,,22,RAD (D),90,0,1,0,0,0,5,True
2205,Afimico Pululu,Jagiellonia Białystok,Napastnik,49%,2.4,,23,LEG (D),90,1,0,0,0,0,7,True
2205,Afimico Pululu,Jagiellonia Białystok,Napastnik,49%,2.4,,24,LGD (W),73,0,0,0,0,0,2,True
2205,Afimico Pululu,Jagiellonia Białystok,Napastnik,49%,2.4,,25,PIA (D),35,0,0,0,0,0,1,True
2205,Afimico Pululu,Jagiellonia Białystok,Napastnik,49%,2.4,,26,WPŁ (D),25,0,0,0,0,0,1,True
2205,Afimico Pululu,Jagiellonia Białystok,Napastnik,49%,2.4,,27,LPO (D),90,0,0,0,1,0,1,True
2205,Afimico Pululu,Jagiellonia Białystok,Napastnik,49%,2.4,,28,KOR (W),74,1,0,0,0,0,6,True
2205,Afimico Pululu,Jagiellonia Białystok,Napastnik,49%,2.4,,29,ARK (W),0,0,0,0,0,0,0,False
2205,Afimico Pululu,Jagiellonia Białystok,Napastnik,49%,2.4,,30,GÓR (D),0,0,0,0,0,0,0,False
2205,Afimico Pululu,Jagiellonia Białystok,Napastnik,49%,2.4,,32,RCZ (W),0,0,0,0,0,0,0,False
2205,Afimico Pululu,Jagiellonia Białystok,Napastnik,49%,2.4,,32,POG (D),0,0,0,0,0,0,0,False
2205,Afimico Pululu,Jagiellonia Białystok,Napastnik,49%,2.4,,33,GKS (W),0,0,0,0,0,0,0,False
2205,Afimico Pululu,Jagiellonia Białystok,Napastnik,49%,2.4,,34,ZAG (D),0,0,0,0,0,0,0,False
2211,Juergen Elitim,Legia Warszawa,Pomocnik,1%,1.8,,19,KOR (D),90,0,0,0,0,0,4,True
2211,Juergen Elitim,Legia Warszawa,Pomocnik,1%,1.8,,20,ARK (W),0,0,0,0,0,0,0,False
2211,Juergen Elitim,Legia Warszawa,Pomocnik,1%,1.8,,21,GKS (W),0,0,0,0,0,0,0,False
2211,Juergen Elitim,Legia Warszawa,Pomocnik,1%,1.8,,22,WPŁ (D),31,0,0,0,0,0,2,True
2211,Juergen Elitim,Legia Warszawa,Pomocnik,1%,1.8,,23,JAG (W),90,0,0,0,0,0,2,True
2211,Juergen Elitim,Legia Warszawa,Pomocnik,1%,1.8,,24,CRA (D),80,0,0,0,0,0,4,True
2211,Juergen Elitim,Legia Warszawa,Pomocnik,1%,1.8,,25,RAD (W),90,0,1,0,1,0,4,True
2211,Juergen Elitim,Legia Warszawa,Pomocnik,1%,1.8,,26,RCZ (D),90,0,0,0,0,0,2,True
2211,Juergen Elitim,Legia Warszawa,Pomocnik,1%,1.8,,27,POG (W),90,0,0,0,0,0,4,True
2211,Juergen Elitim,Legia Warszawa,Pomocnik,1%,1.8,,28,GÓR (D),90,0,0,0,0,0,2,True
2211,Juergen Elitim,Legia Warszawa,Pomocnik,1%,1.8,,29,ZAG (D),0,0,0,0,0,0,0,False
2211,Juergen Elitim,Legia Warszawa,Pomocnik,1%,1.8,,30,LPO (W),0,0,0,0,0,0,0,False
2211,Juergen Elitim,Legia Warszawa,Pomocnik,1%,1.8,,31,WID (D),0,0,0,0,0,0,0,False
2211,Juergen Elitim,Legia Warszawa,Pomocnik,1%,1.8,,32,BBT (W),0,0,0,0,0,0,0,False
2211,Juergen Elitim,Legia Warszawa,Pomocnik,1%,1.8,,33,LGD (W),0,0,0,0,0,0,0,False
2211,Juergen Elitim,Legia Warszawa,Pomocnik,1%,1.8,,34,MOT (D),0,0,0,0,0,0,0,False
2225,Fran Álvarez,Widzew Łódź,Pomocnik,8%,2.1,,19,JAG (D),0,0,0,0,0,0,0,False
2225,Fran Álvarez,Widzew Łódź,Pomocnik,8%,2.1,,20,GKS (W),31,0,0,0,0,0,1,True
2225,Fran Álvarez,Widzew Łódź,Pomocnik,8%,2.1,,21,WPŁ (W),0,0,0,0,0,0,0,False
2225,Fran Álvarez,Widzew Łódź,Pomocnik,8%,2.1,,22,CRA (D),5,0,0,0,0,0,1,True
2225,Fran Álvarez,Widzew Łódź,Pomocnik,8%,2.1,,23,POG (W),74,0,0,0,0,0,2,True
2225,Fran Álvarez,Widzew Łódź,Pomocnik,8%,2.1,,24,LPO (D),62,1,0,0,0,0,9,True
2225,Fran Álvarez,Widzew Łódź,Pomocnik,8%,2.1,,25,ARK (W),81,0,0,0,0,0,3,True
2225,Fran Álvarez,Widzew Łódź,Pomocnik,8%,2.1,,26,GÓR (D),83,0,0,0,0,0,3,True
2225,Fran Álvarez,Widzew Łódź,Pomocnik,8%,2.1,,27,RCZ (W),90,1,0,0,0,0,7,True
2225,Fran Álvarez,Widzew Łódź,Pomocnik,8%,2.1,,28,BBT (D),90,0,0,0,1,0,3,True
2225,Fran Álvarez,Widzew Łódź,Pomocnik,8%,2.1,,29,RAD (W),0,0,0,0,0,0,0,False
2225,Fran Álvarez,Widzew Łódź,Pomocnik,8%,2.1,,30,MOT (D),0,0,0,0,0,0,0,False
2225,Fran Álvarez,Widzew Łódź,Pomocnik,8%,2.1,,31,LEG (W),0,0,0,0,0,0,0,False
2225,Fran Álvarez,Widzew Łódź,Pomocnik,8%,2.1,,32,LGD (D),0,0,0,0,0,0,0,False
2225,Fran Álvarez,Widzew Łódź,Pomocnik,8%,2.1,,33,KOR (W),0,0,0,0,0,0,0,False
2225,Fran Álvarez,Widzew Łódź,Pomocnik,8%,2.1,,34,PIA (D),0,0,0,0,0,0,0,False
2234,Ali Gholizadeh,Lech Poznań,Pomocnik,53%,2.4,,19,LGD (D),85,1,0,0,0,0,7,True
2234,Ali Gholizadeh,Lech Poznań,Pomocnik,53%,2.4,,19,PIA (W),61,0,0,0,1,0,1,True
2234,Ali Gholizadeh,Lech Poznań,Pomocnik,53%,2.4,,20,GÓR (W),32,0,0,0,0,0,2,True
2234,Ali Gholizadeh,Lech Poznań,Pomocnik,53%,2.4,,21,PIA (D),76,1,1,0,0,0,13,True
2234,Ali Gholizadeh,Lech Poznań,Pomocnik,53%,2.4,,22,KOR (W),80,1,0,0,0,0,9,True
2234,Ali Gholizadeh,Lech Poznań,Pomocnik,53%,2.4,,23,RCZ (D),90,0,1,0,0,0,7,True
2234,Ali Gholizadeh,Lech Poznań,Pomocnik,53%,2.4,,24,WID (W),32,0,0,0,1,0,0,True
2234,Ali Gholizadeh,Lech Poznań,Pomocnik,53%,2.4,,25,ZAG (W),87,0,0,0,0,0,4,True
2234,Ali Gholizadeh,Lech Poznań,Pomocnik,53%,2.4,,26,BBT (D),78,1,0,0,0,0,9,True
2234,Ali Gholizadeh,Lech Poznań,Pomocnik,53%,2.4,,27,JAG (W),84,0,0,0,0,0,3,True
2234,Ali Gholizadeh,Lech Poznań,Pomocnik,53%,2.4,,28,GKS (D),90,0,1,0,0,0,5,True
2234,Ali Gholizadeh,Lech Poznań,Pomocnik,53%,2.4,,29,POG (W),0,0,0,0,0,0,0,False
2234,Ali Gholizadeh,Lech Poznań,Pomocnik,53%,2.4,,30,LEG (D),0,0,0,0,0,0,0,False
2234,Ali Gholizadeh,Lech Poznań,Pomocnik,53%,2.4,,31,MOT (W),0,0,0,0,0,0,0,False
2234,Ali Gholizadeh,Lech Poznań,Pomocnik,53%,2.4,,32,ARK (D),0,0,0,0,0,0,0,False
2234,Ali Gholizadeh,Lech Poznań,Pomocnik,53%,2.4,,33,RAD (W),0,0,0,0,0,0,0,False
2234,Ali Gholizadeh,Lech Poznań,Pomocnik,53%,2.4,,34,WPŁ (D),0,0,0,0,0,0,0,False
2240,Michał Niedbała,Korona Kielce,Bramkarz,1%,0.7,,19,LEG (W),0,0,0,0,0,0,0,False
2240,Michał Niedbała,Korona Kielce,Bramkarz,1%,0.7,,20,ZAG (D),0,0,0,0,0,0,0,False
2240,Michał Niedbała,Korona Kielce,Bramkarz,1%,0.7,,21,RAD (W),0,0,0,0,0,0,0,False
2240,Michał Niedbała,Korona Kielce,Bramkarz,1%,0.7,,22,LPO (D),0,0,0,0,0,0,0,False
2240,Michał Niedbała,Korona Kielce,Bramkarz,1%,0.7,,23,MOT (W),0,0,0,0,0,0,0,False
2240,Michał Niedbała,Korona Kielce,Bramkarz,1%,0.7,,24,BBT (D),0,0,0,0,0,0,0,False
2240,Michał Niedbała,Korona Kielce,Bramkarz,1%,0.7,,25,POG (W),0,0,0,0,0,0,0,False
2240,Michał Niedbała,Korona Kielce,Bramkarz,1%,0.7,,26,ARK (D),0,0,0,0,0,0,0,False
2240,Michał Niedbała,Korona Kielce,Bramkarz,1%,0.7,,27,LGD (W),0,0,0,0,0,0,0,False
2240,Michał Niedbała,Korona Kielce,Bramkarz,1%,0.7,,28,JAG (D),0,0,0,0,0,0,0,False
2240,Michał Niedbała,Korona Kielce,Bramkarz,1%,0.7,,29,GÓR (W),0,0,0,0,0,0,0,False
2240,Michał Niedbała,Korona Kielce,Bramkarz,1%,0.7,,30,GKS (D),0,0,0,0,0,0,0,False
2240,Michał Niedbała,Korona Kielce,Bramkarz,1%,0.7,,31,PIA (D),0,0,0,0,0,0,0,False
2240,Michał Niedbała,Korona Kielce,Bramkarz,1%,0.7,,32,RCZ (W),0,0,0,0,0,0,0,False
2240,Michał Niedbała,Korona Kielce,Bramkarz,1%,0.7,,33,WID (D),0,0,0,0,0,0,0,False
2240,Michał Niedbała,Korona Kielce,Bramkarz,1%,0.7,,34,CRA (W),0,0,0,0,0,0,0,False
2250,Dawid Rychta,Piast Gliwice,Bramkarz,3%,0.7,,19,GÓR (W),0,0,0,0,0,0,0,False
2250,Dawid Rychta,Piast Gliwice,Bramkarz,3%,0.7,,19,LPO (D),0,0,0,0,0,0,0,False
2250,Dawid Rychta,Piast Gliwice,Bramkarz,3%,0.7,,20,WPŁ (D),0,0,0,0,0,0,0,False
2250,Dawid Rychta,Piast Gliwice,Bramkarz,3%,0.7,,21,LPO (W),0,0,0,0,0,0,0,False
2250,Dawid Rychta,Piast Gliwice,Bramkarz,3%,0.7,,22,MOT (D),0,0,0,0,0,0,0,False
2250,Dawid Rychta,Piast Gliwice,Bramkarz,3%,0.7,,23,CRA (W),0,0,0,0,0,0,0,False
2250,Dawid Rychta,Piast Gliwice,Bramkarz,3%,0.7,,24,ZAG (D),0,0,0,0,0,0,0,False
2250,Dawid Rychta,Piast Gliwice,Bramkarz,3%,0.7,,25,JAG (W),0,0,0,0,0,0,0,False
2250,Dawid Rychta,Piast Gliwice,Bramkarz,3%,0.7,,26,RAD (D),0,0,0,0,0,0,0,False
2250,Dawid Rychta,Piast Gliwice,Bramkarz,3%,0.7,,27,BBT (W),0,0,0,0,0,0,0,False
2250,Dawid Rychta,Piast Gliwice,Bramkarz,3%,0.7,,28,POG (D),0,0,0,0,0,0,0,False
2250,Dawid Rychta,Piast Gliwice,Bramkarz,3%,0.7,,29,LGD (W),0,0,0,0,0,0,0,False
2250,Dawid Rychta,Piast Gliwice,Bramkarz,3%,0.7,,30,ARK (D),0,0,0,0,0,0,0,False
2250,Dawid Rychta,Piast Gliwice,Bramkarz,3%,0.7,,31,KOR (W),0,0,0,0,0,0,0,False
2250,Dawid Rychta,Piast Gliwice,Bramkarz,3%,0.7,,32,GKS (D),0,0,0,0,0,0,0,False
2250,Dawid Rychta,Piast Gliwice,Bramkarz,3%,0.7,,33,RCZ (D),0,0,0,0,0,0,0,False
2250,Dawid Rychta,Piast Gliwice,Bramkarz,3%,0.7,,34,WID (W),0,0,0,0,0,0,0,False
2263,Kacper Kucharczyk,Korona Kielce,Pomocnik,0%,0.7,,19,LEG (W),0,0,0,0,0,0,0,False
2263,Kacper Kucharczyk,Korona Kielce,Pomocnik,0%,0.7,,20,ZAG (D),0,0,0,0,0,0,0,False
2263,Kacper Kucharczyk,Korona Kielce,Pomocnik,0%,0.7,,21,RAD (W),0,0,0,0,0,0,0,False
2263,Kacper Kucharczyk,Korona Kielce,Pomocnik,0%,0.7,,22,LPO (D),0,0,0,0,0,0,0,False
2263,Kacper Kucharczyk,Korona Kielce,Pomocnik,0%,0.7,,23,MOT (W),0,0,0,0,0,0,0,False
2263,Kacper Kucharczyk,Korona Kielce,Pomocnik,0%,0.7,,24,BBT (D),0,0,0,0,0,0,0,False
2263,Kacper Kucharczyk,Korona Kielce,Pomocnik,0%,0.7,,25,POG (W),0,0,0,0,0,0,0,False
2263,Kacper Kucharczyk,Korona Kielce,Pomocnik,0%,0.7,,26,ARK (D),0,0,0,0,0,0,0,False
2263,Kacper Kucharczyk,Korona Kielce,Pomocnik,0%,0.7,,27,LGD (W),0,0,0,0,0,0,0,False
2263,Kacper Kucharczyk,Korona Kielce,Pomocnik,0%,0.7,,28,JAG (D),0,0,0,0,0,0,0,False
2263,Kacper Kucharczyk,Korona Kielce,Pomocnik,0%,0.7,,29,GÓR (W),0,0,0,0,0,0,0,False
2263,Kacper Kucharczyk,Korona Kielce,Pomocnik,0%,0.7,,30,GKS (D),0,0,0,0,0,0,0,False
2263,Kacper Kucharczyk,Korona Kielce,Pomocnik,0%,0.7,,31,PIA (D),0,0,0,0,0,0,0,False
2263,Kacper Kucharczyk,Korona Kielce,Pomocnik,0%,0.7,,32,RCZ (W),0,0,0,0,0,0,0,False
2263,Kacper Kucharczyk,Korona Kielce,Pomocnik,0%,0.7,,33,WID (D),0,0,0,0,0,0,0,False
2263,Kacper Kucharczyk,Korona Kielce,Pomocnik,0%,0.7,,34,CRA (W),0,0,0,0,0,0,0,False
2281,Sebastian Kerk,Arka Gdynia,Pomocnik,5%,2.0,,19,RAD (W),80,0,0,0,0,0,2,True
2281,Sebastian Kerk,Arka Gdynia,Pomocnik,5%,2.0,,20,LEG (D),82,0,2,0,0,0,9,True
2281,Sebastian Kerk,Arka Gdynia,Pomocnik,5%,2.0,,21,POG (W),90,0,0,0,0,0,2,True
2281,Sebastian Kerk,Arka Gdynia,Pomocnik,5%,2.0,,22,GKS (D),89,0,1,0,0,0,6,True
2281,Sebastian Kerk,Arka Gdynia,Pomocnik,5%,2.0,,23,LGD (D),90,0,0,0,0,0,2,True
2281,Sebastian Kerk,Arka Gdynia,Pomocnik,5%,2.0,,24,WPŁ (W),86,0,1,0,0,0,8,True
2281,Sebastian Kerk,Arka Gdynia,Pomocnik,5%,2.0,,25,WID (D),90,0,0,0,0,0,3,True
2281,Sebastian Kerk,Arka Gdynia,Pomocnik,5%,2.0,,26,KOR (W),80,0,0,0,0,0,2,True
2281,Sebastian Kerk,Arka Gdynia,Pomocnik,5%,2.0,,27,ZAG (D),89,1,0,0,0,0,9,True
2281,Sebastian Kerk,Arka Gdynia,Pomocnik,5%,2.0,,28,CRA (W),90,0,1,0,0,0,5,True
2281,Sebastian Kerk,Arka Gdynia,Pomocnik,5%,2.0,,29,JAG (D),0,0,0,0,0,0,0,False
2281,Sebastian Kerk,Arka Gdynia,Pomocnik,5%,2.0,,30,PIA (W),0,0,0,0,0,0,0,False
2281,Sebastian Kerk,Arka Gdynia,Pomocnik,5%,2.0,,32,GÓR (D),0,0,0,0,0,0,0,False
2281,Sebastian Kerk,Arka Gdynia,Pomocnik,5%,2.0,,32,LPO (W),0,0,0,0,0,0,0,False
2281,Sebastian Kerk,Arka Gdynia,Pomocnik,5%,2.0,,33,BBT (D),0,0,0,0,0,0,0,False
2281,Sebastian Kerk,Arka Gdynia,Pomocnik,5%,2.0,,34,RCZ (W),0,0,0,0,0,0,0,False
2286,Valentin Cojocaru,Pogoń Szczecin,Bramkarz,4%,1.9,,19,MOT (W),90,0,0,5,0,0,2,True
2286,Valentin Cojocaru,Pogoń Szczecin,Bramkarz,4%,1.9,,20,BBT (D),90,0,0,7,1,0,3,True
2286,Valentin Cojocaru,Pogoń Szczecin,Bramkarz,4%,1.9,,21,ARK (D),90,0,0,1,0,0,6,True
2286,Valentin Cojocaru,Pogoń Szczecin,Bramkarz,4%,1.9,,22,GÓR (W),90,0,0,2,0,0,6,True
2286,Valentin Cojocaru,Pogoń Szczecin,Bramkarz,4%,1.9,,23,WID (D),90,0,0,2,1,0,5,True
2286,Valentin Cojocaru,Pogoń Szczecin,Bramkarz,4%,1.9,,24,RCZ (W),90,0,0,4,0,0,2,True
2286,Valentin Cojocaru,Pogoń Szczecin,Bramkarz,4%,1.9,,25,KOR (D),90,0,0,4,0,0,1,True
2286,Valentin Cojocaru,Pogoń Szczecin,Bramkarz,4%,1.9,,26,LGD (W),90,0,0,4,0,0,2,True
2286,Valentin Cojocaru,Pogoń Szczecin,Bramkarz,4%,1.9,,27,LEG (D),90,0,0,4,0,0,2,True
2286,Valentin Cojocaru,Pogoń Szczecin,Bramkarz,4%,1.9,,28,PIA (W),90,0,0,2,0,0,6,True
2286,Valentin Cojocaru,Pogoń Szczecin,Bramkarz,4%,1.9,,29,LPO (D),0,0,0,0,0,0,0,False
2286,Valentin Cojocaru,Pogoń Szczecin,Bramkarz,4%,1.9,,30,CRA (W),0,0,0,0,0,0,0,False
2286,Valentin Cojocaru,Pogoń Szczecin,Bramkarz,4%,1.9,,31,WPŁ (D),0,0,0,0,0,0,0,False
2286,Valentin Cojocaru,Pogoń Szczecin,Bramkarz,4%,1.9,,32,JAG (W),0,0,0,0,0,0,0,False
2286,Valentin Cojocaru,Pogoń Szczecin,Bramkarz,4%,1.9,,33,ZAG (W),0,0,0,0,0,0,0,False
2286,Valentin Cojocaru,Pogoń Szczecin,Bramkarz,4%,1.9,,34,GKS (D),0,0,0,0,0,0,0,False
2287,Oliwier Zych,Raków Częstochowa,Bramkarz,8%,1.9,,19,WPŁ (W),90,0,0,4,0,0,2,True
2287,Oliwier Zych,Raków Częstochowa,Bramkarz,8%,1.9,,20,RAD (D),90,0,0,1,0,0,5,True
2287,Oliwier Zych,Raków Częstochowa,Bramkarz,8%,1.9,,21,ZAG (W),90,0,0,2,0,0,5,True
2287,Oliwier Zych,Raków Częstochowa,Bramkarz,8%,1.9,,22,BBT (D),90,0,0,5,0,0,7,True
2287,Oliwier Zych,Raków Częstochowa,Bramkarz,8%,1.9,,23,LPO (W),90,0,0,8,0,0,1,True
2287,Oliwier Zych,Raków Częstochowa,Bramkarz,8%,1.9,,24,POG (D),90,0,0,1,0,0,6,True
2287,Oliwier Zych,Raków Częstochowa,Bramkarz,8%,1.9,,25,GÓR (W),90,0,0,3,0,0,1,True
2287,Oliwier Zych,Raków Częstochowa,Bramkarz,8%,1.9,,26,LEG (W),90,0,0,1,0,0,2,True
2287,Oliwier Zych,Raków Częstochowa,Bramkarz,8%,1.9,,27,WID (D),23,0,0,1,0,0,1,True
2287,Oliwier Zych,Raków Częstochowa,Bramkarz,8%,1.9,,28,MOT (W),90,0,0,3,0,0,3,True
2287,Oliwier Zych,Raków Częstochowa,Bramkarz,8%,1.9,,29,CRA (D),0,0,0,0,0,0,0,False
2287,Oliwier Zych,Raków Częstochowa,Bramkarz,8%,1.9,,30,LGD (W),0,0,0,0,0,0,0,False
2287,Oliwier Zych,Raków Częstochowa,Bramkarz,8%,1.9,,32,JAG (D),0,0,0,0,0,0,0,False
2287,Oliwier Zych,Raków Częstochowa,Bramkarz,8%,1.9,,32,KOR (D),0,0,0,0,0,0,0,False
2287,Oliwier Zych,Raków Częstochowa,Bramkarz,8%,1.9,,33,PIA (W),0,0,0,0,0,0,0,False
2287,Oliwier Zych,Raków Częstochowa,Bramkarz,8%,1.9,,34,ARK (D),0,0,0,0,0,0,0,False
2366,Konrad Golonka,Cracovia,Bramkarz,3%,0.7,,19,BBT (W),0,0,0,0,0,0,0,False
2366,Konrad Golonka,Cracovia,Bramkarz,3%,0.7,,20,LGD (W),0,0,0,0,0,0,0,False
2366,Konrad Golonka,Cracovia,Bramkarz,3%,0.7,,21,JAG (D),0,0,0,0,0,0,0,False
2366,Konrad Golonka,Cracovia,Bramkarz,3%,0.7,,22,WID (W),0,0,0,0,0,0,0,False
2366,Konrad Golonka,Cracovia,Bramkarz,3%,0.7,,23,PIA (D),0,0,0,0,0,0,0,False
2366,Konrad Golonka,Cracovia,Bramkarz,3%,0.7,,24,LEG (W),0,0,0,0,0,0,0,False
2366,Konrad Golonka,Cracovia,Bramkarz,3%,0.7,,25,WPŁ (D),0,0,0,0,0,0,0,False
2366,Konrad Golonka,Cracovia,Bramkarz,3%,0.7,,26,GKS (D),0,0,0,0,0,0,0,False
2366,Konrad Golonka,Cracovia,Bramkarz,3%,0.7,,27,GÓR (W),0,0,0,0,0,0,0,False
2366,Konrad Golonka,Cracovia,Bramkarz,3%,0.7,,28,ARK (D),0,0,0,0,0,0,0,False
2366,Konrad Golonka,Cracovia,Bramkarz,3%,0.7,,29,RCZ (W),0,0,0,0,0,0,0,False
2366,Konrad Golonka,Cracovia,Bramkarz,3%,0.7,,30,POG (D),0,0,0,0,0,0,0,False
2366,Konrad Golonka,Cracovia,Bramkarz,3%,0.7,,31,ZAG (W),0,0,0,0,0,0,0,False
2366,Konrad Golonka,Cracovia,Bramkarz,3%,0.7,,32,RAD (D),0,0,0,0,0,0,0,False
2366,Konrad Golonka,Cracovia,Bramkarz,3%,0.7,,33,MOT (W),0,0,0,0,0,0,0,False
2366,Konrad Golonka,Cracovia,Bramkarz,3%,0.7,,34,KOR (D),0,0,0,0,0,0,0,False
2367,Wojciech Mońka,Lech Poznań,Obrońca,10%,1.7,,19,LGD (D),0,0,0,0,0,0,0,False
2367,Wojciech Mońka,Lech Poznań,Obrońca,10%,1.7,,19,PIA (W),90,0,0,0,0,0,2,True
2367,Wojciech Mońka,Lech Poznań,Obrońca,10%,1.7,,20,GÓR (W),90,0,0,0,0,0,7,True
2367,Wojciech Mońka,Lech Poznań,Obrońca,10%,1.7,,21,PIA (D),90,0,0,0,0,0,6,True
2367,Wojciech Mońka,Lech Poznań,Obrońca,10%,1.7,,22,KOR (W),90,0,0,0,0,0,3,True
2367,Wojciech Mońka,Lech Poznań,Obrońca,10%,1.7,,23,RCZ (D),90,0,0,0,0,0,1,True
2367,Wojciech Mońka,Lech Poznań,Obrońca,10%,1.7,,24,WID (W),90,0,0,0,0,0,1,True
2367,Wojciech Mońka,Lech Poznań,Obrońca,10%,1.7,,25,ZAG (W),90,0,0,0,1,0,6,True
2367,Wojciech Mońka,Lech Poznań,Obrońca,10%,1.7,,26,BBT (D),90,0,0,0,0,0,3,True
2367,Wojciech Mońka,Lech Poznań,Obrońca,10%,1.7,,27,JAG (W),0,0,0,0,0,0,0,False
2367,Wojciech Mońka,Lech Poznań,Obrońca,10%,1.7,,28,GKS (D),90,0,0,0,0,0,0,True
2367,Wojciech Mońka,Lech Poznań,Obrońca,10%,1.7,,29,POG (W),0,0,0,0,0,0,0,False
2367,Wojciech Mońka,Lech Poznań,Obrońca,10%,1.7,,30,LEG (D),0,0,0,0,0,0,0,False
2367,Wojciech Mońka,Lech Poznań,Obrońca,10%,1.7,,31,MOT (W),0,0,0,0,0,0,0,False
2367,Wojciech Mońka,Lech Poznań,Obrońca,10%,1.7,,32,ARK (D),0,0,0,0,0,0,0,False
2367,Wojciech Mońka,Lech Poznań,Obrońca,10%,1.7,,33,RAD (W),0,0,0,0,0,0,0,False
2367,Wojciech Mońka,Lech Poznań,Obrońca,10%,1.7,,34,WPŁ (D),0,0,0,0,0,0,0,False
2374,Patryk Szczuka,GKS Katowice,Bramkarz,1%,0.7,,19,ZAG (W),0,0,0,0,0,0,0,False
2374,Patryk Szczuka,GKS Katowice,Bramkarz,1%,0.7,,19,JAG (W),0,0,0,0,0,0,0,False
2374,Patryk Szczuka,GKS Katowice,Bramkarz,1%,0.7,,20,WID (D),0,0,0,0,0,0,0,False
2374,Patryk Szczuka,GKS Katowice,Bramkarz,1%,0.7,,21,LEG (D),0,0,0,0,0,0,0,False
2374,Patryk Szczuka,GKS Katowice,Bramkarz,1%,0.7,,22,ARK (W),0,0,0,0,0,0,0,False
2374,Patryk Szczuka,GKS Katowice,Bramkarz,1%,0.7,,23,GÓR (D),0,0,0,0,0,0,0,False
2374,Patryk Szczuka,GKS Katowice,Bramkarz,1%,0.7,,24,RAD (W),0,0,0,0,0,0,0,False
2374,Patryk Szczuka,GKS Katowice,Bramkarz,1%,0.7,,25,LGD (D),0,0,0,0,0,0,0,False
2374,Patryk Szczuka,GKS Katowice,Bramkarz,1%,0.7,,26,CRA (W),0,0,0,0,0,0,0,False
2374,Patryk Szczuka,GKS Katowice,Bramkarz,1%,0.7,,27,WPŁ (D),0,0,0,0,0,0,0,False
2374,Patryk Szczuka,GKS Katowice,Bramkarz,1%,0.7,,28,LPO (W),0,0,0,0,0,0,0,False
2374,Patryk Szczuka,GKS Katowice,Bramkarz,1%,0.7,,29,MOT (D),0,0,0,0,0,0,0,False
2374,Patryk Szczuka,GKS Katowice,Bramkarz,1%,0.7,,30,KOR (W),0,0,0,0,0,0,0,False
2374,Patryk Szczuka,GKS Katowice,Bramkarz,1%,0.7,,31,BBT (D),0,0,0,0,0,0,0,False
2374,Patryk Szczuka,GKS Katowice,Bramkarz,1%,0.7,,32,PIA (W),0,0,0,0,0,0,0,False
2374,Patryk Szczuka,GKS Katowice,Bramkarz,1%,0.7,,33,JAG (D),0,0,0,0,0,0,0,False
2374,Patryk Szczuka,GKS Katowice,Bramkarz,1%,0.7,,34,POG (W),0,0,0,0,0,0,0,False
2376,Łukasz Trepka,GKS Katowice,Obrońca,4%,0.7,,19,ZAG (W),0,0,0,0,0,0,0,False
2376,Łukasz Trepka,GKS Katowice,Obrońca,4%,0.7,,19,JAG (W),0,0,0,0,0,0,0,False
2376,Łukasz Trepka,GKS Katowice,Obrońca,4%,0.7,,20,WID (D),0,0,0,0,0,0,0,False
2376,Łukasz Trepka,GKS Katowice,Obrońca,4%,0.7,,21,LEG (D),0,0,0,0,0,0,0,False
2376,Łukasz Trepka,GKS Katowice,Obrońca,4%,0.7,,22,ARK (W),0,0,0,0,0,0,0,False
2376,Łukasz Trepka,GKS Katowice,Obrońca,4%,0.7,,23,GÓR (D),0,0,0,0,0,0,0,False
2376,Łukasz Trepka,GKS Katowice,Obrońca,4%,0.7,,24,RAD (W),0,0,0,0,0,0,0,False
2376,Łukasz Trepka,GKS Katowice,Obrońca,4%,0.7,,25,LGD (D),0,0,0,0,0,0,0,False
2376,Łukasz Trepka,GKS Katowice,Obrońca,4%,0.7,,26,CRA (W),0,0,0,0,0,0,0,False
2376,Łukasz Trepka,GKS Katowice,Obrońca,4%,0.7,,27,WPŁ (D),0,0,0,0,0,0,0,False
2376,Łukasz Trepka,GKS Katowice,Obrońca,4%,0.7,,28,LPO (W),0,0,0,0,0,0,0,False
2376,Łukasz Trepka,GKS Katowice,Obrońca,4%,0.7,,29,MOT (D),0,0,0,0,0,0,0,False
2376,Łukasz Trepka,GKS Katowice,Obrońca,4%,0.7,,30,KOR (W),0,0,0,0,0,0,0,False
2376,Łukasz Trepka,GKS Katowice,Obrońca,4%,0.7,,31,BBT (D),0,0,0,0,0,0,0,False
2376,Łukasz Trepka,GKS Katowice,Obrońca,4%,0.7,,32,PIA (W),0,0,0,0,0,0,0,False
2376,Łukasz Trepka,GKS Katowice,Obrońca,4%,0.7,,33,JAG (D),0,0,0,0,0,0,0,False
2376,Łukasz Trepka,GKS Katowice,Obrońca,4%,0.7,,34,POG (W),0,0,0,0,0,0,0,False
2387,José Manuel Josema,Górnik Zabrze,Obrońca,1%,1.8,,19,PIA (D),90,0,0,0,0,0,3,True
2387,José Manuel Josema,Górnik Zabrze,Obrońca,1%,1.8,,20,LPO (D),90,0,0,0,0,0,2,True
2387,José Manuel Josema,Górnik Zabrze,Obrońca,1%,1.8,,21,BBT (W),90,0,0,0,0,0,2,True
2387,José Manuel Josema,Górnik Zabrze,Obrońca,1%,1.8,,22,POG (D),90,0,0,0,0,0,0,True
2387,José Manuel Josema,Górnik Zabrze,Obrońca,1%,1.8,,23,GKS (W),45,0,0,0,0,0,2,True
2387,José Manuel Josema,Górnik Zabrze,Obrońca,1%,1.8,,24,MOT (W),90,0,0,0,0,0,5,True
2387,José Manuel Josema,Górnik Zabrze,Obrońca,1%,1.8,,25,RCZ (D),68,0,0,0,0,0,3,True
2387,José Manuel Josema,Górnik Zabrze,Obrońca,1%,1.8,,26,WID (W),82,0,0,0,0,0,5,True
2387,José Manuel Josema,Górnik Zabrze,Obrońca,1%,1.8,,27,CRA (D),90,0,0,0,0,0,6,True
2387,José Manuel Josema,Górnik Zabrze,Obrońca,1%,1.8,,28,LEG (W),0,0,0,0,0,0,0,False
2387,José Manuel Josema,Górnik Zabrze,Obrońca,1%,1.8,,29,KOR (D),0,0,0,0,0,0,0,False
2387,José Manuel Josema,Górnik Zabrze,Obrońca,1%,1.8,,30,JAG (W),0,0,0,0,0,0,0,False
2387,José Manuel Josema,Górnik Zabrze,Obrońca,1%,1.8,,32,ARK (W),0,0,0,0,0,0,0,False
2387,José Manuel Josema,Górnik Zabrze,Obrońca,1%,1.8,,32,ZAG (D),0,0,0,0,0,0,0,False
2387,José Manuel Josema,Górnik Zabrze,Obrońca,1%,1.8,,33,WPŁ (W),0,0,0,0,0,0,0,False
2387,José Manuel Josema,Górnik Zabrze,Obrońca,1%,1.8,,34,RAD (D),0,0,0,0,0,0,0,False
2406,Maksym Chłań,Górnik Zabrze,Pomocnik,6%,2.0,,19,PIA (D),89,1,0,0,0,0,9,True
2406,Maksym Chłań,Górnik Zabrze,Pomocnik,6%,2.0,,20,LPO (D),82,0,0,0,0,0,2,True
2406,Maksym Chłań,Górnik Zabrze,Pomocnik,6%,2.0,,21,BBT (W),83,0,0,0,0,0,2,True
2406,Maksym Chłań,Górnik Zabrze,Pomocnik,6%,2.0,,22,POG (D),90,0,0,0,0,0,2,True
2406,Maksym Chłań,Górnik Zabrze,Pomocnik,6%,2.0,,23,GKS (W),90,0,0,0,0,0,2,True
2406,Maksym Chłań,Górnik Zabrze,Pomocnik,6%,2.0,,24,MOT (W),34,0,0,0,0,0,1,True
2406,Maksym Chłań,Górnik Zabrze,Pomocnik,6%,2.0,,25,RCZ (D),89,0,1,0,0,0,6,True
2406,Maksym Chłań,Górnik Zabrze,Pomocnik,6%,2.0,,26,WID (W),81,0,0,0,0,0,3,True
2406,Maksym Chłań,Górnik Zabrze,Pomocnik,6%,2.0,,27,CRA (D),90,0,1,0,0,0,7,True
2406,Maksym Chłań,Górnik Zabrze,Pomocnik,6%,2.0,,28,LEG (W),75,0,0,0,1,0,1,True
2406,Maksym Chłań,Górnik Zabrze,Pomocnik,6%,2.0,,29,KOR (D),0,0,0,0,0,0,0,False
2406,Maksym Chłań,Górnik Zabrze,Pomocnik,6%,2.0,,30,JAG (W),0,0,0,0,0,0,0,False
2406,Maksym Chłań,Górnik Zabrze,Pomocnik,6%,2.0,,32,ARK (W),0,0,0,0,0,0,0,False
2406,Maksym Chłań,Górnik Zabrze,Pomocnik,6%,2.0,,32,ZAG (D),0,0,0,0,0,0,0,False
2406,Maksym Chłań,Górnik Zabrze,Pomocnik,6%,2.0,,33,WPŁ (W),0,0,0,0,0,0,0,False
2406,Maksym Chłań,Górnik Zabrze,Pomocnik,6%,2.0,,34,RAD (D),0,0,0,0,0,0,0,False
2408,Rifet Kapić,Lechia Gdańsk,Pomocnik,2%,1.9,,19,LPO (W),0,0,0,0,0,0,0,False
2408,Rifet Kapić,Lechia Gdańsk,Pomocnik,2%,1.9,,20,CRA (D),90,1,0,0,0,0,7,True
2408,Rifet Kapić,Lechia Gdańsk,Pomocnik,2%,1.9,,21,MOT (W),90,0,0,0,1,0,2,True
2408,Rifet Kapić,Lechia Gdańsk,Pomocnik,2%,1.9,,22,ZAG (D),90,0,0,0,1,0,1,True
2408,Rifet Kapić,Lechia Gdańsk,Pomocnik,2%,1.9,,23,ARK (W),90,0,1,0,1,0,4,True
2408,Rifet Kapić,Lechia Gdańsk,Pomocnik,2%,1.9,,24,JAG (D),90,1,0,0,0,0,10,True
2408,Rifet Kapić,Lechia Gdańsk,Pomocnik,2%,1.9,,25,GKS (W),90,0,0,0,0,0,2,True
2408,Rifet Kapić,Lechia Gdańsk,Pomocnik,2%,1.9,,26,POG (D),90,0,0,0,0,0,3,True
2408,Rifet Kapić,Lechia Gdańsk,Pomocnik,2%,1.9,,27,KOR (D),89,1,0,0,0,0,8,True
2408,Rifet Kapić,Lechia Gdańsk,Pomocnik,2%,1.9,,28,WPŁ (W),81,0,0,0,0,0,2,True
2408,Rifet Kapić,Lechia Gdańsk,Pomocnik,2%,1.9,,29,PIA (D),0,0,0,0,0,0,0,False
2408,Rifet Kapić,Lechia Gdańsk,Pomocnik,2%,1.9,,30,RCZ (D),0,0,0,0,0,0,0,False
2408,Rifet Kapić,Lechia Gdańsk,Pomocnik,2%,1.9,,31,RAD (W),0,0,0,0,0,0,0,False
2408,Rifet Kapić,Lechia Gdańsk,Pomocnik,2%,1.9,,32,WID (W),0,0,0,0,0,0,0,False
2408,Rifet Kapić,Lechia Gdańsk,Pomocnik,2%,1.9,,33,LEG (D),0,0,0,0,0,0,0,False
2408,Rifet Kapić,Lechia Gdańsk,Pomocnik,2%,1.9,,34,BBT (W),0,0,0,0,0,0,0,False
2411,Tomáš Bobček,Lechia Gdańsk,Napastnik,17%,3.5,,19,LPO (W),90,1,0,0,0,0,8,True
2411,Tomáš Bobček,Lechia Gdańsk,Napastnik,17%,3.5,,20,CRA (D),90,0,0,0,1,0,-1,True
2411,Tomáš Bobček,Lechia Gdańsk,Napastnik,17%,3.5,,21,MOT (W),0,0,0,0,0,0,0,False
2411,Tomáš Bobček,Lechia Gdańsk,Napastnik,17%,3.5,,22,ZAG (D),90,0,0,0,0,0,2,True
2411,Tomáš Bobček,Lechia Gdańsk,Napastnik,17%,3.5,,23,ARK (W),90,0,0,0,0,0,2,True
2411,Tomáš Bobček,Lechia Gdańsk,Napastnik,17%,3.5,,24,JAG (D),90,0,1,0,0,0,6,True
2411,Tomáš Bobček,Lechia Gdańsk,Napastnik,17%,3.5,,25,GKS (W),0,0,0,0,0,0,0,False
2411,Tomáš Bobček,Lechia Gdańsk,Napastnik,17%,3.5,,26,POG (D),0,0,0,0,0,0,0,False
2411,Tomáš Bobček,Lechia Gdańsk,Napastnik,17%,3.5,,27,KOR (D),62,1,1,0,0,0,13,True
2411,Tomáš Bobček,Lechia Gdańsk,Napastnik,17%,3.5,,28,WPŁ (W),90,0,0,0,0,0,2,True
2411,Tomáš Bobček,Lechia Gdańsk,Napastnik,17%,3.5,,29,PIA (D),0,0,0,0,0,0,0,False
2411,Tomáš Bobček,Lechia Gdańsk,Napastnik,17%,3.5,,30,RCZ (D),0,0,0,0,0,0,0,False
2411,Tomáš Bobček,Lechia Gdańsk,Napastnik,17%,3.5,,31,RAD (W),0,0,0,0,0,0,0,False
2411,Tomáš Bobček,Lechia Gdańsk,Napastnik,17%,3.5,,32,WID (W),0,0,0,0,0,0,0,False
2411,Tomáš Bobček,Lechia Gdańsk,Napastnik,17%,3.5,,33,LEG (D),0,0,0,0,0,0,0,False
2411,Tomáš Bobček,Lechia Gdańsk,Napastnik,17%,3.5,,34,BBT (W),0,0,0,0,0,0,0,False
2415,Marek Bartoš,Motor Lublin,Obrońca,0%,1.6,,19,POG (D),90,0,0,0,0,0,3,True
2415,Marek Bartoš,Motor Lublin,Obrońca,0%,1.6,,20,JAG (W),90,0,0,0,0,0,-1,True
2415,Marek Bartoš,Motor Lublin,Obrońca,0%,1.6,,21,LGD (D),72,0,0,0,0,0,1,True
2415,Marek Bartoš,Motor Lublin,Obrońca,0%,1.6,,22,PIA (W),0,0,0,0,0,0,0,False
2415,Marek Bartoš,Motor Lublin,Obrońca,0%,1.6,,23,KOR (D),18,0,0,0,0,0,2,True
2415,Marek Bartoš,Motor Lublin,Obrońca,0%,1.6,,24,GÓR (D),90,0,0,0,0,0,5,True
2415,Marek Bartoš,Motor Lublin,Obrońca,0%,1.6,,25,BBT (W),90,0,0,0,0,0,3,True
2415,Marek Bartoš,Motor Lublin,Obrońca,0%,1.6,,26,ZAG (D),90,0,0,0,0,0,7,True
2415,Marek Bartoš,Motor Lublin,Obrońca,0%,1.6,,27,RAD (W),90,0,0,0,1,0,1,True
2415,Marek Bartoš,Motor Lublin,Obrońca,0%,1.6,,28,RCZ (D),0,0,0,0,0,0,0,False
2415,Marek Bartoš,Motor Lublin,Obrońca,0%,1.6,,29,GKS (W),0,0,0,0,0,0,0,False
2415,Marek Bartoš,Motor Lublin,Obrońca,0%,1.6,,30,WID (W),0,0,0,0,0,0,0,False
2415,Marek Bartoš,Motor Lublin,Obrońca,0%,1.6,,31,LPO (D),0,0,0,0,0,0,0,False
2415,Marek Bartoš,Motor Lublin,Obrońca,0%,1.6,,32,WPŁ (W),0,0,0,0,0,0,0,False
2415,Marek Bartoš,Motor Lublin,Obrońca,0%,1.6,,33,CRA (D),0,0,0,0,0,0,0,False
2415,Marek Bartoš,Motor Lublin,Obrońca,0%,1.6,,34,LEG (W),0,0,0,0,0,0,0,False
2417,Filip Luberecki,Motor Lublin,Obrońca,2%,1.7,,19,POG (D),90,0,0,0,1,0,2,True
2417,Filip Luberecki,Motor Lublin,Obrońca,2%,1.7,,20,JAG (W),90,0,0,0,0,0,-1,True
2417,Filip Luberecki,Motor Lublin,Obrońca,2%,1.7,,21,LGD (D),90,0,0,0,1,0,-1,True
2417,Filip Luberecki,Motor Lublin,Obrońca,2%,1.7,,22,PIA (W),0,0,0,0,0,0,0,False
2417,Filip Luberecki,Motor Lublin,Obrońca,2%,1.7,,23,KOR (D),82,0,1,0,0,0,10,True
2417,Filip Luberecki,Motor Lublin,Obrońca,2%,1.7,,24,GÓR (D),73,0,0,0,0,0,5,True
2417,Filip Luberecki,Motor Lublin,Obrońca,2%,1.7,,25,BBT (W),90,0,0,0,0,0,3,True
2417,Filip Luberecki,Motor Lublin,Obrońca,2%,1.7,,26,ZAG (D),76,0,0,0,0,0,6,True
2417,Filip Luberecki,Motor Lublin,Obrońca,2%,1.7,,27,RAD (W),90,0,0,0,0,0,2,True
2417,Filip Luberecki,Motor Lublin,Obrońca,2%,1.7,,28,RCZ (D),90,0,0,0,0,0,2,True
2417,Filip Luberecki,Motor Lublin,Obrońca,2%,1.7,,29,GKS (W),0,0,0,0,0,0,0,False
2417,Filip Luberecki,Motor Lublin,Obrońca,2%,1.7,,30,WID (W),0,0,0,0,0,0,0,False
2417,Filip Luberecki,Motor Lublin,Obrońca,2%,1.7,,31,LPO (D),0,0,0,0,0,0,0,False
2417,Filip Luberecki,Motor Lublin,Obrońca,2%,1.7,,32,WPŁ (W),0,0,0,0,0,0,0,False
2417,Filip Luberecki,Motor Lublin,Obrońca,2%,1.7,,33,CRA (D),0,0,0,0,0,0,0,False
2417,Filip Luberecki,Motor Lublin,Obrońca,2%,1.7,,34,LEG (W),0,0,0,0,0,0,0,False
2423,Mbaye N'Diaye,Motor Lublin,Pomocnik,38%,2.0,,19,POG (D),85,1,0,0,0,0,9,True
2423,Mbaye N'Diaye,Motor Lublin,Pomocnik,38%,2.0,,20,JAG (W),90,1,0,0,0,0,7,True
2423,Mbaye N'Diaye,Motor Lublin,Pomocnik,38%,2.0,,21,LGD (D),90,0,0,0,0,0,2,True
2423,Mbaye N'Diaye,Motor Lublin,Pomocnik,38%,2.0,,22,PIA (W),72,1,0,0,1,0,7,True
2423,Mbaye N'Diaye,Motor Lublin,Pomocnik,38%,2.0,,23,KOR (D),72,1,0,0,1,0,9,True
2423,Mbaye N'Diaye,Motor Lublin,Pomocnik,38%,2.0,,24,GÓR (D),0,0,0,0,0,0,0,False
2423,Mbaye N'Diaye,Motor Lublin,Pomocnik,38%,2.0,,25,BBT (W),65,0,1,0,1,0,5,True
2423,Mbaye N'Diaye,Motor Lublin,Pomocnik,38%,2.0,,26,ZAG (D),86,1,0,0,0,0,10,True
2423,Mbaye N'Diaye,Motor Lublin,Pomocnik,38%,2.0,,27,RAD (W),83,0,0,0,0,0,2,True
2423,Mbaye N'Diaye,Motor Lublin,Pomocnik,38%,2.0,,28,RCZ (D),90,1,0,0,1,0,7,True
2423,Mbaye N'Diaye,Motor Lublin,Pomocnik,38%,2.0,,29,GKS (W),0,0,0,0,0,0,0,False
2423,Mbaye N'Diaye,Motor Lublin,Pomocnik,38%,2.0,,30,WID (W),0,0,0,0,0,0,0,False
2423,Mbaye N'Diaye,Motor Lublin,Pomocnik,38%,2.0,,31,LPO (D),0,0,0,0,0,0,0,False
2423,Mbaye N'Diaye,Motor Lublin,Pomocnik,38%,2.0,,32,WPŁ (W),0,0,0,0,0,0,0,False
2423,Mbaye N'Diaye,Motor Lublin,Pomocnik,38%,2.0,,33,CRA (D),0,0,0,0,0,0,0,False
2423,Mbaye N'Diaye,Motor Lublin,Pomocnik,38%,2.0,,34,LEG (W),0,0,0,0,0,0,0,False
2424,Bartosz Wolski,Motor Lublin,Pomocnik,6%,1.9,,19,POG (D),90,0,1,0,0,0,4,True
2424,Bartosz Wolski,Motor Lublin,Pomocnik,6%,1.9,,20,JAG (W),90,0,0,0,0,0,2,True
2424,Bartosz Wolski,Motor Lublin,Pomocnik,6%,1.9,,21,LGD (D),85,1,0,0,0,0,7,True
2424,Bartosz Wolski,Motor Lublin,Pomocnik,6%,1.9,,22,PIA (W),53,0,1,0,0,0,6,True
2424,Bartosz Wolski,Motor Lublin,Pomocnik,6%,1.9,,23,KOR (D),90,0,0,0,0,0,4,True
2424,Bartosz Wolski,Motor Lublin,Pomocnik,6%,1.9,,24,GÓR (D),90,0,0,0,0,0,3,True
2424,Bartosz Wolski,Motor Lublin,Pomocnik,6%,1.9,,25,BBT (W),90,1,0,0,0,0,8,True
2424,Bartosz Wolski,Motor Lublin,Pomocnik,6%,1.9,,26,ZAG (D),90,0,0,0,0,0,4,True
2424,Bartosz Wolski,Motor Lublin,Pomocnik,6%,1.9,,27,RAD (W),84,0,0,0,0,0,2,True
2424,Bartosz Wolski,Motor Lublin,Pomocnik,6%,1.9,,28,RCZ (D),79,0,0,0,0,0,2,True
2424,Bartosz Wolski,Motor Lublin,Pomocnik,6%,1.9,,29,GKS (W),0,0,0,0,0,0,0,False
2424,Bartosz Wolski,Motor Lublin,Pomocnik,6%,1.9,,30,WID (W),0,0,0,0,0,0,0,False
2424,Bartosz Wolski,Motor Lublin,Pomocnik,6%,1.9,,31,LPO (D),0,0,0,0,0,0,0,False
2424,Bartosz Wolski,Motor Lublin,Pomocnik,6%,1.9,,32,WPŁ (W),0,0,0,0,0,0,0,False
2424,Bartosz Wolski,Motor Lublin,Pomocnik,6%,1.9,,33,CRA (D),0,0,0,0,0,0,0,False
2424,Bartosz Wolski,Motor Lublin,Pomocnik,6%,1.9,,34,LEG (W),0,0,0,0,0,0,0,False
2430,Jean-Pierre Nsame,Legia Warszawa,Napastnik,1%,2.0,,19,KOR (D),0,0,0,0,0,0,0,False
2430,Jean-Pierre Nsame,Legia Warszawa,Napastnik,1%,2.0,,20,ARK (W),0,0,0,0,0,0,0,False
2430,Jean-Pierre Nsame,Legia Warszawa,Napastnik,1%,2.0,,21,GKS (W),0,0,0,0,0,0,0,False
2430,Jean-Pierre Nsame,Legia Warszawa,Napastnik,1%,2.0,,22,WPŁ (D),0,0,0,0,0,0,0,False
2430,Jean-Pierre Nsame,Legia Warszawa,Napastnik,1%,2.0,,23,JAG (W),0,0,0,0,0,0,0,False
2430,Jean-Pierre Nsame,Legia Warszawa,Napastnik,1%,2.0,,24,CRA (D),0,0,0,0,0,0,0,False
2430,Jean-Pierre Nsame,Legia Warszawa,Napastnik,1%,2.0,,25,RAD (W),25,0,0,0,0,0,1,True
2430,Jean-Pierre Nsame,Legia Warszawa,Napastnik,1%,2.0,,26,RCZ (D),73,1,0,0,0,0,6,True
2430,Jean-Pierre Nsame,Legia Warszawa,Napastnik,1%,2.0,,27,POG (W),0,0,0,0,0,0,0,False
2430,Jean-Pierre Nsame,Legia Warszawa,Napastnik,1%,2.0,,28,GÓR (D),0,0,0,0,0,0,0,False
2430,Jean-Pierre Nsame,Legia Warszawa,Napastnik,1%,2.0,,29,ZAG (D),0,0,0,0,0,0,0,False
2430,Jean-Pierre Nsame,Legia Warszawa,Napastnik,1%,2.0,,30,LPO (W),0,0,0,0,0,0,0,False
2430,Jean-Pierre Nsame,Legia Warszawa,Napastnik,1%,2.0,,31,WID (D),0,0,0,0,0,0,0,False
2430,Jean-Pierre Nsame,Legia Warszawa,Napastnik,1%,2.0,,32,BBT (W),0,0,0,0,0,0,0,False
2430,Jean-Pierre Nsame,Legia Warszawa,Napastnik,1%,2.0,,33,LGD (W),0,0,0,0,0,0,0,False
2430,Jean-Pierre Nsame,Legia Warszawa,Napastnik,1%,2.0,,34,MOT (D),0,0,0,0,0,0,0,False
2443,Samuel Kozlovský,Widzew Łódź,Obrońca,0%,1.7,,19,JAG (D),0,0,0,0,0,0,0,False
2443,Samuel Kozlovský,Widzew Łódź,Obrońca,0%,1.7,,20,GKS (W),0,0,0,0,0,0,0,False
2443,Samuel Kozlovský,Widzew Łódź,Obrońca,0%,1.7,,21,WPŁ (W),0,0,0,0,0,0,0,False
2443,Samuel Kozlovský,Widzew Łódź,Obrońca,0%,1.7,,22,CRA (D),0,0,0,0,0,0,0,False
2443,Samuel Kozlovský,Widzew Łódź,Obrońca,0%,1.7,,23,POG (W),5,0,0,0,0,0,1,True
2443,Samuel Kozlovský,Widzew Łódź,Obrońca,0%,1.7,,24,LPO (D),0,0,0,0,0,0,0,False
2443,Samuel Kozlovský,Widzew Łódź,Obrońca,0%,1.7,,25,ARK (W),9,0,0,0,0,0,1,True
2443,Samuel Kozlovský,Widzew Łódź,Obrońca,0%,1.7,,26,GÓR (D),62,0,0,0,0,0,4,True
2443,Samuel Kozlovský,Widzew Łódź,Obrońca,0%,1.7,,27,RCZ (W),90,0,0,0,0,0,2,True
2443,Samuel Kozlovský,Widzew Łódź,Obrońca,0%,1.7,,28,BBT (D),90,0,0,0,0,0,6,True
2443,Samuel Kozlovský,Widzew Łódź,Obrońca,0%,1.7,,29,RAD (W),0,0,0,0,0,0,0,False
2443,Samuel Kozlovský,Widzew Łódź,Obrońca,0%,1.7,,30,MOT (D),0,0,0,0,0,0,0,False
2443,Samuel Kozlovský,Widzew Łódź,Obrońca,0%,1.7,,31,LEG (W),0,0,0,0,0,0,0,False
2443,Samuel Kozlovský,Widzew Łódź,Obrońca,0%,1.7,,32,LGD (D),0,0,0,0,0,0,0,False
2443,Samuel Kozlovský,Widzew Łódź,Obrońca,0%,1.7,,33,KOR (W),0,0,0,0,0,0,0,False
2443,Samuel Kozlovský,Widzew Łódź,Obrońca,0%,1.7,,34,PIA (D),0,0,0,0,0,0,0,False
2444,Marcel Krajewski,Widzew Łódź,Obrońca,4%,1.8,,19,JAG (D),65,0,0,0,0,0,1,True
2444,Marcel Krajewski,Widzew Łódź,Obrońca,4%,1.8,,20,GKS (W),0,0,0,0,0,0,0,False
2444,Marcel Krajewski,Widzew Łódź,Obrońca,4%,1.8,,21,WPŁ (W),89,0,0,0,1,0,5,True
2444,Marcel Krajewski,Widzew Łódź,Obrońca,4%,1.8,,22,CRA (D),89,0,0,0,0,0,5,True
2444,Marcel Krajewski,Widzew Łódź,Obrońca,4%,1.8,,23,POG (W),5,0,0,0,1,0,0,True
2444,Marcel Krajewski,Widzew Łódź,Obrońca,4%,1.8,,24,LPO (D),81,0,1,0,0,0,7,True
2444,Marcel Krajewski,Widzew Łódź,Obrońca,4%,1.8,,25,ARK (W),90,0,0,0,0,0,5,True
2444,Marcel Krajewski,Widzew Łódź,Obrońca,4%,1.8,,26,GÓR (D),64,0,0,0,0,0,5,True
2444,Marcel Krajewski,Widzew Łódź,Obrońca,4%,1.8,,27,RCZ (W),45,0,0,0,0,0,1,True
2444,Marcel Krajewski,Widzew Łódź,Obrońca,4%,1.8,,28,BBT (D),0,0,0,0,0,0,0,False
2444,Marcel Krajewski,Widzew Łódź,Obrońca,4%,1.8,,29,RAD (W),0,0,0,0,0,0,0,False
2444,Marcel Krajewski,Widzew Łódź,Obrońca,4%,1.8,,30,MOT (D),0,0,0,0,0,0,0,False
2444,Marcel Krajewski,Widzew Łódź,Obrońca,4%,1.8,,31,LEG (W),0,0,0,0,0,0,0,False
2444,Marcel Krajewski,Widzew Łódź,Obrońca,4%,1.8,,32,LGD (D),0,0,0,0,0,0,0,False
2444,Marcel Krajewski,Widzew Łódź,Obrońca,4%,1.8,,33,KOR (W),0,0,0,0,0,0,0,False
2444,Marcel Krajewski,Widzew Łódź,Obrońca,4%,1.8,,34,PIA (D),0,0,0,0,0,0,0,False
2450,Ivan Brkić,Motor Lublin,Bramkarz,6%,1.9,,19,POG (D),90,0,0,3,0,0,8,True
2450,Ivan Brkić,Motor Lublin,Bramkarz,6%,1.9,,20,JAG (W),90,0,0,6,0,0,1,True
2450,Ivan Brkić,Motor Lublin,Bramkarz,6%,1.9,,21,LGD (D),90,0,0,5,1,0,0,True
2450,Ivan Brkić,Motor Lublin,Bramkarz,6%,1.9,,22,PIA (W),90,0,0,3,0,0,4,True
2450,Ivan Brkić,Motor Lublin,Bramkarz,6%,1.9,,23,KOR (D),90,0,0,4,0,0,8,True
2450,Ivan Brkić,Motor Lublin,Bramkarz,6%,1.9,,24,GÓR (D),90,0,0,2,0,0,5,True
2450,Ivan Brkić,Motor Lublin,Bramkarz,6%,1.9,,25,BBT (W),90,0,0,6,0,0,6,True
2450,Ivan Brkić,Motor Lublin,Bramkarz,6%,1.9,,26,ZAG (D),90,0,0,1,0,0,6,True
2450,Ivan Brkić,Motor Lublin,Bramkarz,6%,1.9,,27,RAD (W),90,0,0,1,0,0,2,True
2450,Ivan Brkić,Motor Lublin,Bramkarz,6%,1.9,,28,RCZ (D),90,0,0,4,0,0,3,True
2450,Ivan Brkić,Motor Lublin,Bramkarz,6%,1.9,,29,GKS (W),0,0,0,0,0,0,0,False
2450,Ivan Brkić,Motor Lublin,Bramkarz,6%,1.9,,30,WID (W),0,0,0,0,0,0,0,False
2450,Ivan Brkić,Motor Lublin,Bramkarz,6%,1.9,,31,LPO (D),0,0,0,0,0,0,0,False
2450,Ivan Brkić,Motor Lublin,Bramkarz,6%,1.9,,32,WPŁ (W),0,0,0,0,0,0,0,False
2450,Ivan Brkić,Motor Lublin,Bramkarz,6%,1.9,,33,CRA (D),0,0,0,0,0,0,0,False
2450,Ivan Brkić,Motor Lublin,Bramkarz,6%,1.9,,34,LEG (W),0,0,0,0,0,0,0,False
2468,Krystian Harciński,Radomiak Radom,Bramkarz,1%,0.7,,19,ARK (D),0,0,0,0,0,0,0,False
2468,Krystian Harciński,Radomiak Radom,Bramkarz,1%,0.7,,20,RCZ (W),0,0,0,0,0,0,0,False
2468,Krystian Harciński,Radomiak Radom,Bramkarz,1%,0.7,,21,KOR (D),0,0,0,0,0,0,0,False
2468,Krystian Harciński,Radomiak Radom,Bramkarz,1%,0.7,,22,JAG (W),0,0,0,0,0,0,0,False
2468,Krystian Harciński,Radomiak Radom,Bramkarz,1%,0.7,,23,BBT (W),0,0,0,0,0,0,0,False
2468,Krystian Harciński,Radomiak Radom,Bramkarz,1%,0.7,,24,GKS (D),0,0,0,0,0,0,0,False
2468,Krystian Harciński,Radomiak Radom,Bramkarz,1%,0.7,,25,LEG (D),0,0,0,0,0,0,0,False
2468,Krystian Harciński,Radomiak Radom,Bramkarz,1%,0.7,,26,PIA (W),0,0,0,0,0,0,0,False
2468,Krystian Harciński,Radomiak Radom,Bramkarz,1%,0.7,,27,MOT (D),0,0,0,0,0,0,0,False
2468,Krystian Harciński,Radomiak Radom,Bramkarz,1%,0.7,,28,ZAG (W),0,0,0,0,0,0,0,False
2468,Krystian Harciński,Radomiak Radom,Bramkarz,1%,0.7,,29,WID (D),0,0,0,0,0,0,0,False
2468,Krystian Harciński,Radomiak Radom,Bramkarz,1%,0.7,,30,WPŁ (W),0,0,0,0,0,0,0,False
2468,Krystian Harciński,Radomiak Radom,Bramkarz,1%,0.7,,31,LGD (D),0,0,0,0,0,0,0,False
2468,Krystian Harciński,Radomiak Radom,Bramkarz,1%,0.7,,32,CRA (W),0,0,0,0,0,0,0,False
2468,Krystian Harciński,Radomiak Radom,Bramkarz,1%,0.7,,33,LPO (D),0,0,0,0,0,0,0,False
2468,Krystian Harciński,Radomiak Radom,Bramkarz,1%,0.7,,34,GÓR (W),0,0,0,0,0,0,0,False
2475,Jakub Grzejszczak,Widzew Łódź,Obrońca,2%,0.7,,19,JAG (D),0,0,0,0,0,0,0,False
2475,Jakub Grzejszczak,Widzew Łódź,Obrońca,2%,0.7,,20,GKS (W),0,0,0,0,0,0,0,False
2475,Jakub Grzejszczak,Widzew Łódź,Obrońca,2%,0.7,,21,WPŁ (W),0,0,0,0,0,0,0,False
2475,Jakub Grzejszczak,Widzew Łódź,Obrońca,2%,0.7,,22,CRA (D),0,0,0,0,0,0,0,False
2475,Jakub Grzejszczak,Widzew Łódź,Obrońca,2%,0.7,,23,POG (W),0,0,0,0,0,0,0,False
2475,Jakub Grzejszczak,Widzew Łódź,Obrońca,2%,0.7,,24,LPO (D),0,0,0,0,0,0,0,False
2475,Jakub Grzejszczak,Widzew Łódź,Obrońca,2%,0.7,,25,ARK (W),0,0,0,0,0,0,0,False
2475,Jakub Grzejszczak,Widzew Łódź,Obrońca,2%,0.7,,26,GÓR (D),0,0,0,0,0,0,0,False
2475,Jakub Grzejszczak,Widzew Łódź,Obrońca,2%,0.7,,27,RCZ (W),0,0,0,0,0,0,0,False
2475,Jakub Grzejszczak,Widzew Łódź,Obrońca,2%,0.7,,28,BBT (D),0,0,0,0,0,0,0,False
2475,Jakub Grzejszczak,Widzew Łódź,Obrońca,2%,0.7,,29,RAD (W),0,0,0,0,0,0,0,False
2475,Jakub Grzejszczak,Widzew Łódź,Obrońca,2%,0.7,,30,MOT (D),0,0,0,0,0,0,0,False
2475,Jakub Grzejszczak,Widzew Łódź,Obrońca,2%,0.7,,31,LEG (W),0,0,0,0,0,0,0,False
2475,Jakub Grzejszczak,Widzew Łódź,Obrońca,2%,0.7,,32,LGD (D),0,0,0,0,0,0,0,False
2475,Jakub Grzejszczak,Widzew Łódź,Obrońca,2%,0.7,,33,KOR (W),0,0,0,0,0,0,0,False
2475,Jakub Grzejszczak,Widzew Łódź,Obrońca,2%,0.7,,34,PIA (D),0,0,0,0,0,0,0,False
2476,Jonatan Braut Brunes,Raków Częstochowa,Napastnik,27%,2.6,,19,WPŁ (W),90,1,0,0,1,0,5,True
2476,Jonatan Braut Brunes,Raków Częstochowa,Napastnik,27%,2.6,,20,RAD (D),0,0,0,0,0,0,0,False
2476,Jonatan Braut Brunes,Raków Częstochowa,Napastnik,27%,2.6,,21,ZAG (W),90,0,0,0,0,0,2,True
2476,Jonatan Braut Brunes,Raków Częstochowa,Napastnik,27%,2.6,,22,BBT (D),81,0,0,0,0,0,3,True
2476,Jonatan Braut Brunes,Raków Częstochowa,Napastnik,27%,2.6,,23,LPO (W),90,1,0,1,1,0,8,True
2476,Jonatan Braut Brunes,Raków Częstochowa,Napastnik,27%,2.6,,24,POG (D),81,1,0,0,0,0,8,True
2476,Jonatan Braut Brunes,Raków Częstochowa,Napastnik,27%,2.6,,25,GÓR (W),45,0,0,0,0,0,1,True
2476,Jonatan Braut Brunes,Raków Częstochowa,Napastnik,27%,2.6,,26,LEG (W),90,0,0,0,0,0,2,True
2476,Jonatan Braut Brunes,Raków Częstochowa,Napastnik,27%,2.6,,27,WID (D),84,0,0,0,0,0,2,True
2476,Jonatan Braut Brunes,Raków Częstochowa,Napastnik,27%,2.6,,28,MOT (W),90,1,0,0,0,0,8,True
2476,Jonatan Braut Brunes,Raków Częstochowa,Napastnik,27%,2.6,,29,CRA (D),0,0,0,0,0,0,0,False
2476,Jonatan Braut Brunes,Raków Częstochowa,Napastnik,27%,2.6,,30,LGD (W),0,0,0,0,0,0,0,False
2476,Jonatan Braut Brunes,Raków Częstochowa,Napastnik,27%,2.6,,32,JAG (D),0,0,0,0,0,0,0,False
2476,Jonatan Braut Brunes,Raków Częstochowa,Napastnik,27%,2.6,,32,KOR (D),0,0,0,0,0,0,0,False
2476,Jonatan Braut Brunes,Raków Częstochowa,Napastnik,27%,2.6,,33,PIA (W),0,0,0,0,0,0,0,False
2476,Jonatan Braut Brunes,Raków Częstochowa,Napastnik,27%,2.6,,34,ARK (D),0,0,0,0,0,0,0,False
2477,Marcel Reguła,Zagłębie Lubin,Pomocnik,4%,1.9,,19,GKS (D),0,0,0,0,0,0,0,False
2477,Marcel Reguła,Zagłębie Lubin,Pomocnik,4%,1.9,,20,KOR (W),0,0,0,0,0,0,0,False
2477,Marcel Reguła,Zagłębie Lubin,Pomocnik,4%,1.9,,21,RCZ (D),45,0,0,0,0,0,1,True
2477,Marcel Reguła,Zagłębie Lubin,Pomocnik,4%,1.9,,22,LGD (W),69,1,0,0,0,0,9,True
2477,Marcel Reguła,Zagłębie Lubin,Pomocnik,4%,1.9,,23,WPŁ (D),64,0,0,0,0,0,4,True
2477,Marcel Reguła,Zagłębie Lubin,Pomocnik,4%,1.9,,24,PIA (W),86,0,0,0,0,0,3,True
2477,Marcel Reguła,Zagłębie Lubin,Pomocnik,4%,1.9,,25,LPO (D),90,0,0,0,0,0,2,True
2477,Marcel Reguła,Zagłębie Lubin,Pomocnik,4%,1.9,,26,MOT (W),76,0,0,0,0,0,2,True
2477,Marcel Reguła,Zagłębie Lubin,Pomocnik,4%,1.9,,27,ARK (W),84,0,1,0,0,0,5,True
2477,Marcel Reguła,Zagłębie Lubin,Pomocnik,4%,1.9,,28,RAD (D),64,1,0,0,0,0,10,True
2477,Marcel Reguła,Zagłębie Lubin,Pomocnik,4%,1.9,,29,LEG (W),0,0,0,0,0,0,0,False
2477,Marcel Reguła,Zagłębie Lubin,Pomocnik,4%,1.9,,30,BBT (D),0,0,0,0,0,0,0,False
2477,Marcel Reguła,Zagłębie Lubin,Pomocnik,4%,1.9,,31,CRA (D),0,0,0,0,0,0,0,False
2477,Marcel Reguła,Zagłębie Lubin,Pomocnik,4%,1.9,,32,GÓR (W),0,0,0,0,0,0,0,False
2477,Marcel Reguła,Zagłębie Lubin,Pomocnik,4%,1.9,,33,POG (D),0,0,0,0,0,0,0,False
2477,Marcel Reguła,Zagłębie Lubin,Pomocnik,4%,1.9,,34,JAG (W),0,0,0,0,0,0,0,False
2481,Ajdin Hasić,Cracovia,Pomocnik,7%,2.1,,19,BBT (W),90,0,0,0,0,0,4,True
2481,Ajdin Hasić,Cracovia,Pomocnik,7%,2.1,,20,LGD (W),80,1,0,0,0,0,7,True
2481,Ajdin Hasić,Cracovia,Pomocnik,7%,2.1,,21,JAG (D),89,0,0,0,0,0,3,True
2481,Ajdin Hasić,Cracovia,Pomocnik,7%,2.1,,22,WID (W),89,0,0,0,0,0,3,True
2481,Ajdin Hasić,Cracovia,Pomocnik,7%,2.1,,23,PIA (D),90,0,0,0,0,0,2,True
2481,Ajdin Hasić,Cracovia,Pomocnik,7%,2.1,,24,LEG (W),7,0,0,0,0,0,1,True
2481,Ajdin Hasić,Cracovia,Pomocnik,7%,2.1,,25,WPŁ (D),90,1,0,0,0,0,7,True
2481,Ajdin Hasić,Cracovia,Pomocnik,7%,2.1,,26,GKS (D),86,1,0,0,0,0,9,True
2481,Ajdin Hasić,Cracovia,Pomocnik,7%,2.1,,27,GÓR (W),90,0,0,0,0,0,2,True
2481,Ajdin Hasić,Cracovia,Pomocnik,7%,2.1,,28,ARK (D),90,0,1,0,0,0,5,True
2481,Ajdin Hasić,Cracovia,Pomocnik,7%,2.1,,29,RCZ (W),0,0,0,0,0,0,0,False
2481,Ajdin Hasić,Cracovia,Pomocnik,7%,2.1,,30,POG (D),0,0,0,0,0,0,0,False
2481,Ajdin Hasić,Cracovia,Pomocnik,7%,2.1,,31,ZAG (W),0,0,0,0,0,0,0,False
2481,Ajdin Hasić,Cracovia,Pomocnik,7%,2.1,,32,RAD (D),0,0,0,0,0,0,0,False
2481,Ajdin Hasić,Cracovia,Pomocnik,7%,2.1,,33,MOT (W),0,0,0,0,0,0,0,False
2481,Ajdin Hasić,Cracovia,Pomocnik,7%,2.1,,34,KOR (D),0,0,0,0,0,0,0,False
2498,Patrik Wålemark,Lech Poznań,Pomocnik,2%,2.1,,19,LGD (D),27,0,0,0,0,0,1,True
2498,Patrik Wålemark,Lech Poznań,Pomocnik,2%,2.1,,19,PIA (W),29,0,0,0,0,0,1,True
2498,Patrik Wålemark,Lech Poznań,Pomocnik,2%,2.1,,20,GÓR (W),58,0,0,0,0,0,3,True
2498,Patrik Wålemark,Lech Poznań,Pomocnik,2%,2.1,,21,PIA (D),27,0,0,0,0,0,2,True
2498,Patrik Wålemark,Lech Poznań,Pomocnik,2%,2.1,,22,KOR (W),44,0,0,0,0,0,2,True
2498,Patrik Wålemark,Lech Poznań,Pomocnik,2%,2.1,,23,RCZ (D),12,0,0,0,0,0,2,True
2498,Patrik Wålemark,Lech Poznań,Pomocnik,2%,2.1,,24,WID (W),19,0,0,0,0,0,1,True
2498,Patrik Wålemark,Lech Poznań,Pomocnik,2%,2.1,,25,ZAG (W),64,0,0,0,0,0,4,True
2498,Patrik Wålemark,Lech Poznań,Pomocnik,2%,2.1,,26,BBT (D),60,0,0,0,0,0,3,True
2498,Patrik Wålemark,Lech Poznań,Pomocnik,2%,2.1,,27,JAG (W),64,0,0,0,0,0,3,True
2498,Patrik Wålemark,Lech Poznań,Pomocnik,2%,2.1,,28,GKS (D),68,0,0,0,1,0,1,True
2498,Patrik Wålemark,Lech Poznań,Pomocnik,2%,2.1,,29,POG (W),0,0,0,0,0,0,0,False
2498,Patrik Wålemark,Lech Poznań,Pomocnik,2%,2.1,,30,LEG (D),0,0,0,0,0,0,0,False
2498,Patrik Wålemark,Lech Poznań,Pomocnik,2%,2.1,,31,MOT (W),0,0,0,0,0,0,0,False
2498,Patrik Wålemark,Lech Poznań,Pomocnik,2%,2.1,,32,ARK (D),0,0,0,0,0,0,0,False
2498,Patrik Wålemark,Lech Poznań,Pomocnik,2%,2.1,,33,RAD (W),0,0,0,0,0,0,0,False
2498,Patrik Wålemark,Lech Poznań,Pomocnik,2%,2.1,,34,WPŁ (D),0,0,0,0,0,0,0,False
2505,Dimítrios Keramítsis,Pogoń Szczecin,Obrońca,1%,1.8,,19,MOT (W),90,0,0,0,0,0,1,True
2505,Dimítrios Keramítsis,Pogoń Szczecin,Obrońca,1%,1.8,,20,BBT (D),90,0,0,0,0,0,2,True
2505,Dimítrios Keramítsis,Pogoń Szczecin,Obrońca,1%,1.8,,21,ARK (D),90,0,0,0,0,0,6,True
2505,Dimítrios Keramítsis,Pogoń Szczecin,Obrońca,1%,1.8,,22,GÓR (W),90,0,0,0,1,0,5,True
2505,Dimítrios Keramítsis,Pogoń Szczecin,Obrońca,1%,1.8,,23,WID (D),90,0,0,1,1,0,8,True
2505,Dimítrios Keramítsis,Pogoń Szczecin,Obrońca,1%,1.8,,24,RCZ (W),90,0,0,0,0,0,1,True
2505,Dimítrios Keramítsis,Pogoń Szczecin,Obrońca,1%,1.8,,25,KOR (D),90,0,0,0,0,0,3,True
2505,Dimítrios Keramítsis,Pogoń Szczecin,Obrońca,1%,1.8,,26,LGD (W),90,0,0,0,0,0,1,True
2505,Dimítrios Keramítsis,Pogoń Szczecin,Obrońca,1%,1.8,,27,LEG (D),90,0,0,0,1,0,0,True
2505,Dimítrios Keramítsis,Pogoń Szczecin,Obrońca,1%,1.8,,28,PIA (W),0,0,0,0,0,0,0,False
2505,Dimítrios Keramítsis,Pogoń Szczecin,Obrońca,1%,1.8,,29,LPO (D),0,0,0,0,0,0,0,False
2505,Dimítrios Keramítsis,Pogoń Szczecin,Obrońca,1%,1.8,,30,CRA (W),0,0,0,0,0,0,0,False
2505,Dimítrios Keramítsis,Pogoń Szczecin,Obrońca,1%,1.8,,31,WPŁ (D),0,0,0,0,0,0,0,False
2505,Dimítrios Keramítsis,Pogoń Szczecin,Obrońca,1%,1.8,,32,JAG (W),0,0,0,0,0,0,0,False
2505,Dimítrios Keramítsis,Pogoń Szczecin,Obrońca,1%,1.8,,33,ZAG (W),0,0,0,0,0,0,0,False
2505,Dimítrios Keramítsis,Pogoń Szczecin,Obrońca,1%,1.8,,34,GKS (D),0,0,0,0,0,0,0,False
2526,Sondre Liseth,Górnik Zabrze,Napastnik,2%,2.1,,19,PIA (D),0,0,0,0,0,0,0,False
2526,Sondre Liseth,Górnik Zabrze,Napastnik,2%,2.1,,20,LPO (D),90,0,0,0,0,0,2,True
2526,Sondre Liseth,Górnik Zabrze,Napastnik,2%,2.1,,21,BBT (W),83,0,0,0,0,0,2,True
2526,Sondre Liseth,Górnik Zabrze,Napastnik,2%,2.1,,22,POG (D),79,0,0,0,0,0,2,True
2526,Sondre Liseth,Górnik Zabrze,Napastnik,2%,2.1,,23,GKS (W),90,1,0,0,0,0,6,True
2526,Sondre Liseth,Górnik Zabrze,Napastnik,2%,2.1,,24,MOT (W),73,0,0,0,0,0,2,True
2526,Sondre Liseth,Górnik Zabrze,Napastnik,2%,2.1,,25,RCZ (D),89,0,0,0,0,0,3,True
2526,Sondre Liseth,Górnik Zabrze,Napastnik,2%,2.1,,26,WID (W),90,0,0,0,0,0,2,True
2526,Sondre Liseth,Górnik Zabrze,Napastnik,2%,2.1,,27,CRA (D),72,0,0,0,0,0,3,True
2526,Sondre Liseth,Górnik Zabrze,Napastnik,2%,2.1,,28,LEG (W),45,0,0,0,0,0,2,True
2526,Sondre Liseth,Górnik Zabrze,Napastnik,2%,2.1,,29,KOR (D),0,0,0,0,0,0,0,False
2526,Sondre Liseth,Górnik Zabrze,Napastnik,2%,2.1,,30,JAG (W),0,0,0,0,0,0,0,False
2526,Sondre Liseth,Górnik Zabrze,Napastnik,2%,2.1,,32,ARK (W),0,0,0,0,0,0,0,False
2526,Sondre Liseth,Górnik Zabrze,Napastnik,2%,2.1,,32,ZAG (D),0,0,0,0,0,0,0,False
2526,Sondre Liseth,Górnik Zabrze,Napastnik,2%,2.1,,33,WPŁ (W),0,0,0,0,0,0,0,False
2526,Sondre Liseth,Górnik Zabrze,Napastnik,2%,2.1,,34,RAD (D),0,0,0,0,0,0,0,False
2530,Franciszek Lewandowski,Motor Lublin,Pomocnik,4%,0.7,,19,POG (D),5,0,0,0,0,0,2,True
2530,Franciszek Lewandowski,Motor Lublin,Pomocnik,4%,0.7,,20,JAG (W),0,0,0,0,0,0,0,False
2530,Franciszek Lewandowski,Motor Lublin,Pomocnik,4%,0.7,,21,LGD (D),0,0,0,0,0,0,0,False
2530,Franciszek Lewandowski,Motor Lublin,Pomocnik,4%,0.7,,22,PIA (W),0,0,0,0,0,0,0,False
2530,Franciszek Lewandowski,Motor Lublin,Pomocnik,4%,0.7,,23,KOR (D),0,0,0,0,0,0,0,False
2530,Franciszek Lewandowski,Motor Lublin,Pomocnik,4%,0.7,,24,GÓR (D),0,0,0,0,0,0,0,False
2530,Franciszek Lewandowski,Motor Lublin,Pomocnik,4%,0.7,,25,BBT (W),0,0,0,0,0,0,0,False
2530,Franciszek Lewandowski,Motor Lublin,Pomocnik,4%,0.7,,26,ZAG (D),0,0,0,0,0,0,0,False
2530,Franciszek Lewandowski,Motor Lublin,Pomocnik,4%,0.7,,27,RAD (W),0,0,0,0,0,0,0,False
2530,Franciszek Lewandowski,Motor Lublin,Pomocnik,4%,0.7,,28,RCZ (D),0,0,0,0,0,0,0,False
2530,Franciszek Lewandowski,Motor Lublin,Pomocnik,4%,0.7,,29,GKS (W),0,0,0,0,0,0,0,False
2530,Franciszek Lewandowski,Motor Lublin,Pomocnik,4%,0.7,,30,WID (W),0,0,0,0,0,0,0,False
2530,Franciszek Lewandowski,Motor Lublin,Pomocnik,4%,0.7,,31,LPO (D),0,0,0,0,0,0,0,False
2530,Franciszek Lewandowski,Motor Lublin,Pomocnik,4%,0.7,,32,WPŁ (W),0,0,0,0,0,0,0,False
2530,Franciszek Lewandowski,Motor Lublin,Pomocnik,4%,0.7,,33,CRA (D),0,0,0,0,0,0,0,False
2530,Franciszek Lewandowski,Motor Lublin,Pomocnik,4%,0.7,,34,LEG (W),0,0,0,0,0,0,0,False
2552,Konstantínos Sotiríou,Korona Kielce,Obrońca,4%,1.9,,19,LEG (W),90,0,0,0,0,0,3,True
2552,Konstantínos Sotiríou,Korona Kielce,Obrońca,4%,1.9,,20,ZAG (D),90,0,0,1,0,0,3,True
2552,Konstantínos Sotiríou,Korona Kielce,Obrońca,4%,1.9,,21,RAD (W),90,0,1,0,0,0,10,True
2552,Konstantínos Sotiríou,Korona Kielce,Obrońca,4%,1.9,,22,LPO (D),90,0,0,0,0,0,1,True
2552,Konstantínos Sotiríou,Korona Kielce,Obrońca,4%,1.9,,23,MOT (W),90,0,0,0,0,0,1,True
2552,Konstantínos Sotiríou,Korona Kielce,Obrońca,4%,1.9,,24,BBT (D),90,1,1,0,0,0,14,True
2552,Konstantínos Sotiríou,Korona Kielce,Obrońca,4%,1.9,,25,POG (W),90,0,0,0,1,0,0,True
2552,Konstantínos Sotiríou,Korona Kielce,Obrońca,4%,1.9,,26,ARK (D),90,0,0,0,0,0,8,True
2552,Konstantínos Sotiríou,Korona Kielce,Obrońca,4%,1.9,,27,LGD (W),27,0,0,0,0,1,-6,True
2552,Konstantínos Sotiríou,Korona Kielce,Obrońca,4%,1.9,,28,JAG (D),0,0,0,0,0,0,0,False
2552,Konstantínos Sotiríou,Korona Kielce,Obrońca,4%,1.9,,29,GÓR (W),0,0,0,0,0,0,0,False
2552,Konstantínos Sotiríou,Korona Kielce,Obrońca,4%,1.9,,30,GKS (D),0,0,0,0,0,0,0,False
2552,Konstantínos Sotiríou,Korona Kielce,Obrońca,4%,1.9,,31,PIA (D),0,0,0,0,0,0,0,False
2552,Konstantínos Sotiríou,Korona Kielce,Obrońca,4%,1.9,,32,RCZ (W),0,0,0,0,0,0,0,False
2552,Konstantínos Sotiríou,Korona Kielce,Obrońca,4%,1.9,,33,WID (D),0,0,0,0,0,0,0,False
2552,Konstantínos Sotiríou,Korona Kielce,Obrońca,4%,1.9,,34,CRA (W),0,0,0,0,0,0,0,False
2555,Nikodem Stachowicz,Widzew Łódź,Pomocnik,1%,0.7,,19,JAG (D),0,0,0,0,0,0,0,False
2555,Nikodem Stachowicz,Widzew Łódź,Pomocnik,1%,0.7,,20,GKS (W),0,0,0,0,0,0,0,False
2555,Nikodem Stachowicz,Widzew Łódź,Pomocnik,1%,0.7,,21,WPŁ (W),0,0,0,0,0,0,0,False
2555,Nikodem Stachowicz,Widzew Łódź,Pomocnik,1%,0.7,,22,CRA (D),0,0,0,0,0,0,0,False
2555,Nikodem Stachowicz,Widzew Łódź,Pomocnik,1%,0.7,,23,POG (W),0,0,0,0,0,0,0,False
2555,Nikodem Stachowicz,Widzew Łódź,Pomocnik,1%,0.7,,24,LPO (D),0,0,0,0,0,0,0,False
2555,Nikodem Stachowicz,Widzew Łódź,Pomocnik,1%,0.7,,25,ARK (W),0,0,0,0,0,0,0,False
2555,Nikodem Stachowicz,Widzew Łódź,Pomocnik,1%,0.7,,26,GÓR (D),0,0,0,0,0,0,0,False
2555,Nikodem Stachowicz,Widzew Łódź,Pomocnik,1%,0.7,,27,RCZ (W),0,0,0,0,0,0,0,False
2555,Nikodem Stachowicz,Widzew Łódź,Pomocnik,1%,0.7,,28,BBT (D),0,0,0,0,0,0,0,False
2555,Nikodem Stachowicz,Widzew Łódź,Pomocnik,1%,0.7,,29,RAD (W),0,0,0,0,0,0,0,False
2555,Nikodem Stachowicz,Widzew Łódź,Pomocnik,1%,0.7,,30,MOT (D),0,0,0,0,0,0,0,False
2555,Nikodem Stachowicz,Widzew Łódź,Pomocnik,1%,0.7,,31,LEG (W),0,0,0,0,0,0,0,False
2555,Nikodem Stachowicz,Widzew Łódź,Pomocnik,1%,0.7,,32,LGD (D),0,0,0,0,0,0,0,False
2555,Nikodem Stachowicz,Widzew Łódź,Pomocnik,1%,0.7,,33,KOR (W),0,0,0,0,0,0,0,False
2555,Nikodem Stachowicz,Widzew Łódź,Pomocnik,1%,0.7,,34,PIA (D),0,0,0,0,0,0,0,False
2560,Konrad Ciszek,Korona Kielce,Obrońca,27%,0.7,,19,LEG (W),0,0,0,0,0,0,0,False
2560,Konrad Ciszek,Korona Kielce,Obrońca,27%,0.7,,20,ZAG (D),0,0,0,0,0,0,0,False
2560,Konrad Ciszek,Korona Kielce,Obrońca,27%,0.7,,21,RAD (W),45,0,0,0,1,0,1,True
2560,Konrad Ciszek,Korona Kielce,Obrońca,27%,0.7,,22,LPO (D),90,0,0,0,0,0,1,True
2560,Konrad Ciszek,Korona Kielce,Obrońca,27%,0.7,,23,MOT (W),90,0,0,0,0,0,1,True
2560,Konrad Ciszek,Korona Kielce,Obrońca,27%,0.7,,24,BBT (D),0,0,0,0,0,0,0,False
2560,Konrad Ciszek,Korona Kielce,Obrońca,27%,0.7,,25,POG (W),0,0,0,0,0,0,0,False
2560,Konrad Ciszek,Korona Kielce,Obrońca,27%,0.7,,26,ARK (D),0,0,0,0,0,0,0,False
2560,Konrad Ciszek,Korona Kielce,Obrońca,27%,0.7,,27,LGD (W),0,0,0,0,0,0,0,False
2560,Konrad Ciszek,Korona Kielce,Obrońca,27%,0.7,,28,JAG (D),0,0,0,0,0,0,0,False
2560,Konrad Ciszek,Korona Kielce,Obrońca,27%,0.7,,29,GÓR (W),0,0,0,0,0,0,0,False
2560,Konrad Ciszek,Korona Kielce,Obrońca,27%,0.7,,30,GKS (D),0,0,0,0,0,0,0,False
2560,Konrad Ciszek,Korona Kielce,Obrońca,27%,0.7,,31,PIA (D),0,0,0,0,0,0,0,False
2560,Konrad Ciszek,Korona Kielce,Obrońca,27%,0.7,,32,RCZ (W),0,0,0,0,0,0,0,False
2560,Konrad Ciszek,Korona Kielce,Obrońca,27%,0.7,,33,WID (D),0,0,0,0,0,0,0,False
2560,Konrad Ciszek,Korona Kielce,Obrońca,27%,0.7,,34,CRA (W),0,0,0,0,0,0,0,False
2561,Michał Mikielewicz,Korona Kielce,Bramkarz,6%,0.7,,19,LEG (W),0,0,0,0,0,0,0,False
2561,Michał Mikielewicz,Korona Kielce,Bramkarz,6%,0.7,,20,ZAG (D),0,0,0,0,0,0,0,False
2561,Michał Mikielewicz,Korona Kielce,Bramkarz,6%,0.7,,21,RAD (W),0,0,0,0,0,0,0,False
2561,Michał Mikielewicz,Korona Kielce,Bramkarz,6%,0.7,,22,LPO (D),0,0,0,0,0,0,0,False
2561,Michał Mikielewicz,Korona Kielce,Bramkarz,6%,0.7,,23,MOT (W),0,0,0,0,0,0,0,False
2561,Michał Mikielewicz,Korona Kielce,Bramkarz,6%,0.7,,24,BBT (D),0,0,0,0,0,0,0,False
2561,Michał Mikielewicz,Korona Kielce,Bramkarz,6%,0.7,,25,POG (W),0,0,0,0,0,0,0,False
2561,Michał Mikielewicz,Korona Kielce,Bramkarz,6%,0.7,,26,ARK (D),0,0,0,0,0,0,0,False
2561,Michał Mikielewicz,Korona Kielce,Bramkarz,6%,0.7,,27,LGD (W),0,0,0,0,0,0,0,False
2561,Michał Mikielewicz,Korona Kielce,Bramkarz,6%,0.7,,28,JAG (D),0,0,0,0,0,0,0,False
2561,Michał Mikielewicz,Korona Kielce,Bramkarz,6%,0.7,,29,GÓR (W),0,0,0,0,0,0,0,False
2561,Michał Mikielewicz,Korona Kielce,Bramkarz,6%,0.7,,30,GKS (D),0,0,0,0,0,0,0,False
2561,Michał Mikielewicz,Korona Kielce,Bramkarz,6%,0.7,,31,PIA (D),0,0,0,0,0,0,0,False
2561,Michał Mikielewicz,Korona Kielce,Bramkarz,6%,0.7,,32,RCZ (W),0,0,0,0,0,0,0,False
2561,Michał Mikielewicz,Korona Kielce,Bramkarz,6%,0.7,,33,WID (D),0,0,0,0,0,0,0,False
2561,Michał Mikielewicz,Korona Kielce,Bramkarz,6%,0.7,,34,CRA (W),0,0,0,0,0,0,0,False
2562,Bartosz Mazurek,Jagiellonia Białystok,Pomocnik,18%,1.6,,19,WID (W),81,1,0,0,0,0,8,True
2562,Bartosz Mazurek,Jagiellonia Białystok,Pomocnik,18%,1.6,,19,GKS (D),90,0,0,0,1,0,2,True
2562,Bartosz Mazurek,Jagiellonia Białystok,Pomocnik,18%,1.6,,20,MOT (D),90,0,0,0,1,0,2,True
2562,Bartosz Mazurek,Jagiellonia Białystok,Pomocnik,18%,1.6,,21,CRA (W),90,0,0,0,0,0,3,True
2562,Bartosz Mazurek,Jagiellonia Białystok,Pomocnik,18%,1.6,,22,RAD (D),22,0,0,0,0,0,1,True
2562,Bartosz Mazurek,Jagiellonia Białystok,Pomocnik,18%,1.6,,23,LEG (D),90,0,1,0,0,0,5,True
2562,Bartosz Mazurek,Jagiellonia Białystok,Pomocnik,18%,1.6,,24,LGD (W),88,0,0,0,0,0,2,True
2562,Bartosz Mazurek,Jagiellonia Białystok,Pomocnik,18%,1.6,,25,PIA (D),35,0,1,0,0,0,4,True
2562,Bartosz Mazurek,Jagiellonia Białystok,Pomocnik,18%,1.6,,26,WPŁ (D),90,0,0,0,0,0,2,True
2562,Bartosz Mazurek,Jagiellonia Białystok,Pomocnik,18%,1.6,,27,LPO (D),90,0,0,0,0,0,3,True
2562,Bartosz Mazurek,Jagiellonia Białystok,Pomocnik,18%,1.6,,28,KOR (W),85,0,0,0,0,0,2,True
2562,Bartosz Mazurek,Jagiellonia Białystok,Pomocnik,18%,1.6,,29,ARK (W),0,0,0,0,0,0,0,False
2562,Bartosz Mazurek,Jagiellonia Białystok,Pomocnik,18%,1.6,,30,GÓR (D),0,0,0,0,0,0,0,False
2562,Bartosz Mazurek,Jagiellonia Białystok,Pomocnik,18%,1.6,,32,RCZ (W),0,0,0,0,0,0,0,False
2562,Bartosz Mazurek,Jagiellonia Białystok,Pomocnik,18%,1.6,,32,POG (D),0,0,0,0,0,0,0,False
2562,Bartosz Mazurek,Jagiellonia Białystok,Pomocnik,18%,1.6,,33,GKS (W),0,0,0,0,0,0,0,False
2562,Bartosz Mazurek,Jagiellonia Białystok,Pomocnik,18%,1.6,,34,ZAG (D),0,0,0,0,0,0,0,False
2571,Gustaw Henriksson,Cracovia,Obrońca,1%,1.8,,19,BBT (W),0,0,0,0,0,0,0,False
2571,Gustaw Henriksson,Cracovia,Obrońca,1%,1.8,,20,LGD (W),0,0,0,0,0,0,0,False
2571,Gustaw Henriksson,Cracovia,Obrońca,1%,1.8,,21,JAG (D),90,0,0,0,0,0,6,True
2571,Gustaw Henriksson,Cracovia,Obrońca,1%,1.8,,22,WID (W),90,0,0,0,0,0,5,True
2571,Gustaw Henriksson,Cracovia,Obrońca,1%,1.8,,23,PIA (D),90,0,1,0,1,0,3,True
2571,Gustaw Henriksson,Cracovia,Obrońca,1%,1.8,,24,LEG (W),45,0,0,0,0,0,2,True
2571,Gustaw Henriksson,Cracovia,Obrońca,1%,1.8,,25,WPŁ (D),0,0,0,0,0,0,0,False
2571,Gustaw Henriksson,Cracovia,Obrońca,1%,1.8,,26,GKS (D),90,0,0,0,0,0,6,True
2571,Gustaw Henriksson,Cracovia,Obrońca,1%,1.8,,27,GÓR (W),90,0,0,0,1,0,-1,True
2571,Gustaw Henriksson,Cracovia,Obrońca,1%,1.8,,28,ARK (D),90,0,0,0,0,0,1,True
2571,Gustaw Henriksson,Cracovia,Obrońca,1%,1.8,,29,RCZ (W),0,0,0,0,0,0,0,False
2571,Gustaw Henriksson,Cracovia,Obrońca,1%,1.8,,30,POG (D),0,0,0,0,0,0,0,False
2571,Gustaw Henriksson,Cracovia,Obrońca,1%,1.8,,31,ZAG (W),0,0,0,0,0,0,0,False
2571,Gustaw Henriksson,Cracovia,Obrońca,1%,1.8,,32,RAD (D),0,0,0,0,0,0,0,False
2571,Gustaw Henriksson,Cracovia,Obrońca,1%,1.8,,33,MOT (W),0,0,0,0,0,0,0,False
2571,Gustaw Henriksson,Cracovia,Obrońca,1%,1.8,,34,KOR (D),0,0,0,0,0,0,0,False
2577,Josip Ćorluka,Zagłębie Lubin,Obrońca,2%,1.8,,19,GKS (D),0,0,0,0,0,0,0,False
2577,Josip Ćorluka,Zagłębie Lubin,Obrońca,2%,1.8,,20,KOR (W),0,0,0,0,0,0,0,False
2577,Josip Ćorluka,Zagłębie Lubin,Obrońca,2%,1.8,,21,RCZ (D),90,0,0,0,0,0,5,True
2577,Josip Ćorluka,Zagłębie Lubin,Obrońca,2%,1.8,,22,LGD (W),90,0,0,0,1,0,5,True
2577,Josip Ćorluka,Zagłębie Lubin,Obrońca,2%,1.8,,23,WPŁ (D),90,0,0,0,0,0,6,True
2577,Josip Ćorluka,Zagłębie Lubin,Obrońca,2%,1.8,,24,PIA (W),90,1,0,0,0,0,9,True
2577,Josip Ćorluka,Zagłębie Lubin,Obrońca,2%,1.8,,25,LPO (D),90,0,0,0,0,0,2,True
2577,Josip Ćorluka,Zagłębie Lubin,Obrońca,2%,1.8,,26,MOT (W),90,0,0,0,0,0,2,True
2577,Josip Ćorluka,Zagłębie Lubin,Obrońca,2%,1.8,,27,ARK (W),66,0,0,0,0,0,1,True
2577,Josip Ćorluka,Zagłębie Lubin,Obrońca,2%,1.8,,28,RAD (D),88,0,0,0,0,0,6,True
2577,Josip Ćorluka,Zagłębie Lubin,Obrońca,2%,1.8,,29,LEG (W),0,0,0,0,0,0,0,False
2577,Josip Ćorluka,Zagłębie Lubin,Obrońca,2%,1.8,,30,BBT (D),0,0,0,0,0,0,0,False
2577,Josip Ćorluka,Zagłębie Lubin,Obrońca,2%,1.8,,31,CRA (D),0,0,0,0,0,0,0,False
2577,Josip Ćorluka,Zagłębie Lubin,Obrońca,2%,1.8,,32,GÓR (W),0,0,0,0,0,0,0,False
2577,Josip Ćorluka,Zagłębie Lubin,Obrońca,2%,1.8,,33,POG (D),0,0,0,0,0,0,0,False
2577,Josip Ćorluka,Zagłębie Lubin,Obrońca,2%,1.8,,34,JAG (W),0,0,0,0,0,0,0,False
2587,Mateusz Kopczyński,Piast Gliwice,Pomocnik,1%,0.7,,19,GÓR (W),0,0,0,0,0,0,0,False
2587,Mateusz Kopczyński,Piast Gliwice,Pomocnik,1%,0.7,,19,LPO (D),0,0,0,0,0,0,0,False
2587,Mateusz Kopczyński,Piast Gliwice,Pomocnik,1%,0.7,,20,WPŁ (D),0,0,0,0,0,0,0,False
2587,Mateusz Kopczyński,Piast Gliwice,Pomocnik,1%,0.7,,21,LPO (W),0,0,0,0,0,0,0,False
2587,Mateusz Kopczyński,Piast Gliwice,Pomocnik,1%,0.7,,22,MOT (D),0,0,0,0,0,0,0,False
2587,Mateusz Kopczyński,Piast Gliwice,Pomocnik,1%,0.7,,23,CRA (W),0,0,0,0,0,0,0,False
2587,Mateusz Kopczyński,Piast Gliwice,Pomocnik,1%,0.7,,24,ZAG (D),0,0,0,0,0,0,0,False
2587,Mateusz Kopczyński,Piast Gliwice,Pomocnik,1%,0.7,,25,JAG (W),0,0,0,0,0,0,0,False
2587,Mateusz Kopczyński,Piast Gliwice,Pomocnik,1%,0.7,,26,RAD (D),0,0,0,0,0,0,0,False
2587,Mateusz Kopczyński,Piast Gliwice,Pomocnik,1%,0.7,,27,BBT (W),0,0,0,0,0,0,0,False
2587,Mateusz Kopczyński,Piast Gliwice,Pomocnik,1%,0.7,,28,POG (D),0,0,0,0,0,0,0,False
2587,Mateusz Kopczyński,Piast Gliwice,Pomocnik,1%,0.7,,29,LGD (W),0,0,0,0,0,0,0,False
2587,Mateusz Kopczyński,Piast Gliwice,Pomocnik,1%,0.7,,30,ARK (D),0,0,0,0,0,0,0,False
2587,Mateusz Kopczyński,Piast Gliwice,Pomocnik,1%,0.7,,31,KOR (W),0,0,0,0,0,0,0,False
2587,Mateusz Kopczyński,Piast Gliwice,Pomocnik,1%,0.7,,32,GKS (D),0,0,0,0,0,0,0,False
2587,Mateusz Kopczyński,Piast Gliwice,Pomocnik,1%,0.7,,33,RCZ (D),0,0,0,0,0,0,0,False
2587,Mateusz Kopczyński,Piast Gliwice,Pomocnik,1%,0.7,,34,WID (W),0,0,0,0,0,0,0,False
2588,Mauro Perković,Cracovia,Obrońca,1%,1.9,,19,BBT (W),43,0,0,0,0,0,3,True
2588,Mauro Perković,Cracovia,Obrońca,1%,1.9,,20,LGD (W),0,0,0,0,0,0,0,False
2588,Mauro Perković,Cracovia,Obrońca,1%,1.9,,21,JAG (D),0,0,0,0,0,0,0,False
2588,Mauro Perković,Cracovia,Obrońca,1%,1.9,,22,WID (W),0,0,0,0,0,0,0,False
2588,Mauro Perković,Cracovia,Obrońca,1%,1.9,,23,PIA (D),90,0,0,0,0,0,0,True
2588,Mauro Perković,Cracovia,Obrońca,1%,1.9,,24,LEG (W),90,0,0,0,0,0,2,True
2588,Mauro Perković,Cracovia,Obrońca,1%,1.9,,25,WPŁ (D),79,0,0,0,0,0,1,True
2588,Mauro Perković,Cracovia,Obrońca,1%,1.9,,26,GKS (D),0,0,0,0,0,0,0,False
2588,Mauro Perković,Cracovia,Obrońca,1%,1.9,,27,GÓR (W),90,0,0,0,0,0,0,True
2588,Mauro Perković,Cracovia,Obrońca,1%,1.9,,28,ARK (D),82,1,0,0,0,0,7,True
2588,Mauro Perković,Cracovia,Obrońca,1%,1.9,,29,RCZ (W),0,0,0,0,0,0,0,False
2588,Mauro Perković,Cracovia,Obrońca,1%,1.9,,30,POG (D),0,0,0,0,0,0,0,False
2588,Mauro Perković,Cracovia,Obrońca,1%,1.9,,31,ZAG (W),0,0,0,0,0,0,0,False
2588,Mauro Perković,Cracovia,Obrońca,1%,1.9,,32,RAD (D),0,0,0,0,0,0,0,False
2588,Mauro Perković,Cracovia,Obrońca,1%,1.9,,33,MOT (W),0,0,0,0,0,0,0,False
2588,Mauro Perković,Cracovia,Obrońca,1%,1.9,,34,KOR (D),0,0,0,0,0,0,0,False
2598,Adam Matysek,Zagłębie Lubin,Bramkarz,16%,0.7,,19,GKS (D),0,0,0,0,0,0,0,False
2598,Adam Matysek,Zagłębie Lubin,Bramkarz,16%,0.7,,20,KOR (W),0,0,0,0,0,0,0,False
2598,Adam Matysek,Zagłębie Lubin,Bramkarz,16%,0.7,,21,RCZ (D),0,0,0,0,0,0,0,False
2598,Adam Matysek,Zagłębie Lubin,Bramkarz,16%,0.7,,22,LGD (W),0,0,0,0,0,0,0,False
2598,Adam Matysek,Zagłębie Lubin,Bramkarz,16%,0.7,,23,WPŁ (D),0,0,0,0,0,0,0,False
2598,Adam Matysek,Zagłębie Lubin,Bramkarz,16%,0.7,,24,PIA (W),0,0,0,0,0,0,0,False
2598,Adam Matysek,Zagłębie Lubin,Bramkarz,16%,0.7,,25,LPO (D),0,0,0,0,0,0,0,False
2598,Adam Matysek,Zagłębie Lubin,Bramkarz,16%,0.7,,26,MOT (W),0,0,0,0,0,0,0,False
2598,Adam Matysek,Zagłębie Lubin,Bramkarz,16%,0.7,,27,ARK (W),0,0,0,0,0,0,0,False
2598,Adam Matysek,Zagłębie Lubin,Bramkarz,16%,0.7,,28,RAD (D),0,0,0,0,0,0,0,False
2598,Adam Matysek,Zagłębie Lubin,Bramkarz,16%,0.7,,29,LEG (W),0,0,0,0,0,0,0,False
2598,Adam Matysek,Zagłębie Lubin,Bramkarz,16%,0.7,,30,BBT (D),0,0,0,0,0,0,0,False
2598,Adam Matysek,Zagłębie Lubin,Bramkarz,16%,0.7,,31,CRA (D),0,0,0,0,0,0,0,False
2598,Adam Matysek,Zagłębie Lubin,Bramkarz,16%,0.7,,32,GÓR (W),0,0,0,0,0,0,0,False
2598,Adam Matysek,Zagłębie Lubin,Bramkarz,16%,0.7,,33,POG (D),0,0,0,0,0,0,0,False
2598,Adam Matysek,Zagłębie Lubin,Bramkarz,16%,0.7,,34,JAG (W),0,0,0,0,0,0,0,False
2600,Radosław Szafrański,Górnik Zabrze,Obrońca,4%,0.7,,19,PIA (D),0,0,0,0,0,0,0,False
2600,Radosław Szafrański,Górnik Zabrze,Obrońca,4%,0.7,,20,LPO (D),0,0,0,0,0,0,0,False
2600,Radosław Szafrański,Górnik Zabrze,Obrońca,4%,0.7,,21,BBT (W),0,0,0,0,0,0,0,False
2600,Radosław Szafrański,Górnik Zabrze,Obrońca,4%,0.7,,22,POG (D),0,0,0,0,0,0,0,False
2600,Radosław Szafrański,Górnik Zabrze,Obrońca,4%,0.7,,23,GKS (W),0,0,0,0,0,0,0,False
2600,Radosław Szafrański,Górnik Zabrze,Obrońca,4%,0.7,,24,MOT (W),0,0,0,0,0,0,0,False
2600,Radosław Szafrański,Górnik Zabrze,Obrońca,4%,0.7,,25,RCZ (D),0,0,0,0,0,0,0,False
2600,Radosław Szafrański,Górnik Zabrze,Obrońca,4%,0.7,,26,WID (W),0,0,0,0,0,0,0,False
2600,Radosław Szafrański,Górnik Zabrze,Obrońca,4%,0.7,,27,CRA (D),0,0,0,0,0,0,0,False
2600,Radosław Szafrański,Górnik Zabrze,Obrońca,4%,0.7,,28,LEG (W),0,0,0,0,0,0,0,False
2600,Radosław Szafrański,Górnik Zabrze,Obrońca,4%,0.7,,29,KOR (D),0,0,0,0,0,0,0,False
2600,Radosław Szafrański,Górnik Zabrze,Obrońca,4%,0.7,,30,JAG (W),0,0,0,0,0,0,0,False
2600,Radosław Szafrański,Górnik Zabrze,Obrońca,4%,0.7,,32,ARK (W),0,0,0,0,0,0,0,False
2600,Radosław Szafrański,Górnik Zabrze,Obrońca,4%,0.7,,32,ZAG (D),0,0,0,0,0,0,0,False
2600,Radosław Szafrański,Górnik Zabrze,Obrońca,4%,0.7,,33,WPŁ (W),0,0,0,0,0,0,0,False
2600,Radosław Szafrański,Górnik Zabrze,Obrońca,4%,0.7,,34,RAD (D),0,0,0,0,0,0,0,False
2603,Oscar Kubiak,Arka Gdynia,Pomocnik,5%,1.3,,19,RAD (W),90,0,0,0,0,0,2,True
2603,Oscar Kubiak,Arka Gdynia,Pomocnik,5%,1.3,,20,LEG (D),0,0,0,0,0,0,0,False
2603,Oscar Kubiak,Arka Gdynia,Pomocnik,5%,1.3,,21,POG (W),27,0,0,0,0,0,1,True
2603,Oscar Kubiak,Arka Gdynia,Pomocnik,5%,1.3,,22,GKS (D),90,0,0,0,1,0,2,True
2603,Oscar Kubiak,Arka Gdynia,Pomocnik,5%,1.3,,23,LGD (D),90,1,0,0,0,0,8,True
2603,Oscar Kubiak,Arka Gdynia,Pomocnik,5%,1.3,,24,WPŁ (W),90,0,0,0,0,0,4,True
2603,Oscar Kubiak,Arka Gdynia,Pomocnik,5%,1.3,,25,WID (D),90,0,0,0,0,0,3,True
2603,Oscar Kubiak,Arka Gdynia,Pomocnik,5%,1.3,,26,KOR (W),45,0,0,0,0,0,2,True
2603,Oscar Kubiak,Arka Gdynia,Pomocnik,5%,1.3,,27,ZAG (D),90,1,0,0,0,0,9,True
2603,Oscar Kubiak,Arka Gdynia,Pomocnik,5%,1.3,,28,CRA (W),73,1,0,0,0,0,8,True
2603,Oscar Kubiak,Arka Gdynia,Pomocnik,5%,1.3,,29,JAG (D),0,0,0,0,0,0,0,False
2603,Oscar Kubiak,Arka Gdynia,Pomocnik,5%,1.3,,30,PIA (W),0,0,0,0,0,0,0,False
2603,Oscar Kubiak,Arka Gdynia,Pomocnik,5%,1.3,,32,GÓR (D),0,0,0,0,0,0,0,False
2603,Oscar Kubiak,Arka Gdynia,Pomocnik,5%,1.3,,32,LPO (W),0,0,0,0,0,0,0,False
2603,Oscar Kubiak,Arka Gdynia,Pomocnik,5%,1.3,,33,BBT (D),0,0,0,0,0,0,0,False
2603,Oscar Kubiak,Arka Gdynia,Pomocnik,5%,1.3,,34,RCZ (W),0,0,0,0,0,0,0,False
2608,Volodymyr Vereshchak,Arka Gdynia,Obrońca,10%,0.7,,19,RAD (W),0,0,0,0,0,0,0,False
2608,Volodymyr Vereshchak,Arka Gdynia,Obrońca,10%,0.7,,20,LEG (D),0,0,0,0,0,0,0,False
2608,Volodymyr Vereshchak,Arka Gdynia,Obrońca,10%,0.7,,21,POG (W),0,0,0,0,0,0,0,False
2608,Volodymyr Vereshchak,Arka Gdynia,Obrońca,10%,0.7,,22,GKS (D),0,0,0,0,0,0,0,False
2608,Volodymyr Vereshchak,Arka Gdynia,Obrońca,10%,0.7,,23,LGD (D),0,0,0,0,0,0,0,False
2608,Volodymyr Vereshchak,Arka Gdynia,Obrońca,10%,0.7,,24,WPŁ (W),0,0,0,0,0,0,0,False
2608,Volodymyr Vereshchak,Arka Gdynia,Obrońca,10%,0.7,,25,WID (D),0,0,0,0,0,0,0,False
2608,Volodymyr Vereshchak,Arka Gdynia,Obrońca,10%,0.7,,26,KOR (W),0,0,0,0,0,0,0,False
2608,Volodymyr Vereshchak,Arka Gdynia,Obrońca,10%,0.7,,27,ZAG (D),0,0,0,0,0,0,0,False
2608,Volodymyr Vereshchak,Arka Gdynia,Obrońca,10%,0.7,,28,CRA (W),0,0,0,0,0,0,0,False
2608,Volodymyr Vereshchak,Arka Gdynia,Obrońca,10%,0.7,,29,JAG (D),0,0,0,0,0,0,0,False
2608,Volodymyr Vereshchak,Arka Gdynia,Obrońca,10%,0.7,,30,PIA (W),0,0,0,0,0,0,0,False
2608,Volodymyr Vereshchak,Arka Gdynia,Obrońca,10%,0.7,,32,GÓR (D),0,0,0,0,0,0,0,False
2608,Volodymyr Vereshchak,Arka Gdynia,Obrońca,10%,0.7,,32,LPO (W),0,0,0,0,0,0,0,False
2608,Volodymyr Vereshchak,Arka Gdynia,Obrońca,10%,0.7,,33,BBT (D),0,0,0,0,0,0,0,False
2608,Volodymyr Vereshchak,Arka Gdynia,Obrońca,10%,0.7,,34,RCZ (W),0,0,0,0,0,0,0,False
2609,Dawid Gojny,Arka Gdynia,Obrońca,0%,1.7,,19,RAD (W),90,1,0,0,1,0,5,True
2609,Dawid Gojny,Arka Gdynia,Obrońca,0%,1.7,,20,LEG (D),90,0,0,0,0,0,1,True
2609,Dawid Gojny,Arka Gdynia,Obrońca,0%,1.7,,21,POG (W),86,0,0,0,0,0,2,True
2609,Dawid Gojny,Arka Gdynia,Obrońca,0%,1.7,,22,GKS (D),90,0,0,0,0,0,3,True
2609,Dawid Gojny,Arka Gdynia,Obrońca,0%,1.7,,23,LGD (D),90,0,0,0,0,0,1,True
2609,Dawid Gojny,Arka Gdynia,Obrońca,0%,1.7,,24,WPŁ (W),90,0,0,0,0,0,6,True
2609,Dawid Gojny,Arka Gdynia,Obrońca,0%,1.7,,25,WID (D),90,0,0,0,0,0,5,True
2609,Dawid Gojny,Arka Gdynia,Obrońca,0%,1.7,,26,KOR (W),90,0,0,0,0,0,0,True
2609,Dawid Gojny,Arka Gdynia,Obrońca,0%,1.7,,27,ZAG (D),90,0,0,0,0,0,3,True
2609,Dawid Gojny,Arka Gdynia,Obrońca,0%,1.7,,28,CRA (W),90,0,1,0,0,0,5,True
2609,Dawid Gojny,Arka Gdynia,Obrońca,0%,1.7,,29,JAG (D),0,0,0,0,0,0,0,False
2609,Dawid Gojny,Arka Gdynia,Obrońca,0%,1.7,,30,PIA (W),0,0,0,0,0,0,0,False
2609,Dawid Gojny,Arka Gdynia,Obrońca,0%,1.7,,32,GÓR (D),0,0,0,0,0,0,0,False
2609,Dawid Gojny,Arka Gdynia,Obrońca,0%,1.7,,32,LPO (W),0,0,0,0,0,0,0,False
2609,Dawid Gojny,Arka Gdynia,Obrońca,0%,1.7,,33,BBT (D),0,0,0,0,0,0,0,False
2609,Dawid Gojny,Arka Gdynia,Obrońca,0%,1.7,,34,RCZ (W),0,0,0,0,0,0,0,False
2622,Adrian Chovan,Bruk-Bet Termalica Nieciecza,Bramkarz,1%,1.7,,19,CRA (D),90,0,0,3,0,0,3,True
2622,Adrian Chovan,Bruk-Bet Termalica Nieciecza,Bramkarz,1%,1.7,,20,POG (W),90,0,0,5,0,0,3,True
2622,Adrian Chovan,Bruk-Bet Termalica Nieciecza,Bramkarz,1%,1.7,,21,GÓR (D),90,0,0,3,0,0,3,True
2622,Adrian Chovan,Bruk-Bet Termalica Nieciecza,Bramkarz,1%,1.7,,22,RCZ (W),90,0,0,4,0,0,3,True
2622,Adrian Chovan,Bruk-Bet Termalica Nieciecza,Bramkarz,1%,1.7,,23,RAD (D),90,0,0,3,0,0,3,True
2622,Adrian Chovan,Bruk-Bet Termalica Nieciecza,Bramkarz,1%,1.7,,24,KOR (W),90,0,0,2,0,0,1,True
2622,Adrian Chovan,Bruk-Bet Termalica Nieciecza,Bramkarz,1%,1.7,,25,MOT (D),90,0,0,2,0,0,1,True
2622,Adrian Chovan,Bruk-Bet Termalica Nieciecza,Bramkarz,1%,1.7,,26,LPO (W),90,0,0,5,0,0,0,True
2622,Adrian Chovan,Bruk-Bet Termalica Nieciecza,Bramkarz,1%,1.7,,27,PIA (D),90,0,0,5,0,0,3,True
2622,Adrian Chovan,Bruk-Bet Termalica Nieciecza,Bramkarz,1%,1.7,,28,WID (W),90,0,0,7,0,0,5,True
2622,Adrian Chovan,Bruk-Bet Termalica Nieciecza,Bramkarz,1%,1.7,,29,WPŁ (D),0,0,0,0,0,0,0,False
2622,Adrian Chovan,Bruk-Bet Termalica Nieciecza,Bramkarz,1%,1.7,,30,ZAG (W),0,0,0,0,0,0,0,False
2622,Adrian Chovan,Bruk-Bet Termalica Nieciecza,Bramkarz,1%,1.7,,31,GKS (W),0,0,0,0,0,0,0,False
2622,Adrian Chovan,Bruk-Bet Termalica Nieciecza,Bramkarz,1%,1.7,,32,LEG (D),0,0,0,0,0,0,0,False
2622,Adrian Chovan,Bruk-Bet Termalica Nieciecza,Bramkarz,1%,1.7,,33,ARK (W),0,0,0,0,0,0,0,False
2622,Adrian Chovan,Bruk-Bet Termalica Nieciecza,Bramkarz,1%,1.7,,34,LGD (D),0,0,0,0,0,0,0,False
2623,Eric Topór,Bruk-Bet Termalica Nieciecza,Bramkarz,6%,0.7,,19,CRA (D),0,0,0,0,0,0,0,False
2623,Eric Topór,Bruk-Bet Termalica Nieciecza,Bramkarz,6%,0.7,,20,POG (W),0,0,0,0,0,0,0,False
2623,Eric Topór,Bruk-Bet Termalica Nieciecza,Bramkarz,6%,0.7,,21,GÓR (D),0,0,0,0,0,0,0,False
2623,Eric Topór,Bruk-Bet Termalica Nieciecza,Bramkarz,6%,0.7,,22,RCZ (W),0,0,0,0,0,0,0,False
2623,Eric Topór,Bruk-Bet Termalica Nieciecza,Bramkarz,6%,0.7,,23,RAD (D),0,0,0,0,0,0,0,False
2623,Eric Topór,Bruk-Bet Termalica Nieciecza,Bramkarz,6%,0.7,,24,KOR (W),0,0,0,0,0,0,0,False
2623,Eric Topór,Bruk-Bet Termalica Nieciecza,Bramkarz,6%,0.7,,25,MOT (D),0,0,0,0,0,0,0,False
2623,Eric Topór,Bruk-Bet Termalica Nieciecza,Bramkarz,6%,0.7,,26,LPO (W),0,0,0,0,0,0,0,False
2623,Eric Topór,Bruk-Bet Termalica Nieciecza,Bramkarz,6%,0.7,,27,PIA (D),0,0,0,0,0,0,0,False
2623,Eric Topór,Bruk-Bet Termalica Nieciecza,Bramkarz,6%,0.7,,28,WID (W),0,0,0,0,0,0,0,False
2623,Eric Topór,Bruk-Bet Termalica Nieciecza,Bramkarz,6%,0.7,,29,WPŁ (D),0,0,0,0,0,0,0,False
2623,Eric Topór,Bruk-Bet Termalica Nieciecza,Bramkarz,6%,0.7,,30,ZAG (W),0,0,0,0,0,0,0,False
2623,Eric Topór,Bruk-Bet Termalica Nieciecza,Bramkarz,6%,0.7,,31,GKS (W),0,0,0,0,0,0,0,False
2623,Eric Topór,Bruk-Bet Termalica Nieciecza,Bramkarz,6%,0.7,,32,LEG (D),0,0,0,0,0,0,0,False
2623,Eric Topór,Bruk-Bet Termalica Nieciecza,Bramkarz,6%,0.7,,33,ARK (W),0,0,0,0,0,0,0,False
2623,Eric Topór,Bruk-Bet Termalica Nieciecza,Bramkarz,6%,0.7,,34,LGD (D),0,0,0,0,0,0,0,False
2643,Filip Zając,Wisła Płock,Obrońca,5%,0.7,,19,RCZ (D),0,0,0,0,0,0,0,False
2643,Filip Zając,Wisła Płock,Obrońca,5%,0.7,,20,PIA (W),0,0,0,0,0,0,0,False
2643,Filip Zając,Wisła Płock,Obrońca,5%,0.7,,21,WID (D),0,0,0,0,0,0,0,False
2643,Filip Zając,Wisła Płock,Obrońca,5%,0.7,,22,LEG (W),0,0,0,0,0,0,0,False
2643,Filip Zając,Wisła Płock,Obrońca,5%,0.7,,23,ZAG (W),0,0,0,0,0,0,0,False
2643,Filip Zając,Wisła Płock,Obrońca,5%,0.7,,24,ARK (D),0,0,0,0,0,0,0,False
2643,Filip Zając,Wisła Płock,Obrońca,5%,0.7,,25,CRA (W),0,0,0,0,0,0,0,False
2643,Filip Zając,Wisła Płock,Obrońca,5%,0.7,,26,JAG (W),0,0,0,0,0,0,0,False
2643,Filip Zając,Wisła Płock,Obrońca,5%,0.7,,27,GKS (W),0,0,0,0,0,0,0,False
2643,Filip Zając,Wisła Płock,Obrońca,5%,0.7,,28,LGD (D),0,0,0,0,0,0,0,False
2643,Filip Zając,Wisła Płock,Obrońca,5%,0.7,,29,BBT (W),0,0,0,0,0,0,0,False
2643,Filip Zając,Wisła Płock,Obrońca,5%,0.7,,30,RAD (D),0,0,0,0,0,0,0,False
2643,Filip Zając,Wisła Płock,Obrońca,5%,0.7,,31,POG (W),0,0,0,0,0,0,0,False
2643,Filip Zając,Wisła Płock,Obrońca,5%,0.7,,32,MOT (D),0,0,0,0,0,0,0,False
2643,Filip Zając,Wisła Płock,Obrońca,5%,0.7,,33,GÓR (D),0,0,0,0,0,0,0,False
2643,Filip Zając,Wisła Płock,Obrońca,5%,0.7,,34,LPO (W),0,0,0,0,0,0,0,False
2659,Marcel Łubik,Górnik Zabrze,Bramkarz,4%,1.8,,19,PIA (D),90,0,0,0,0,0,3,True
2659,Marcel Łubik,Górnik Zabrze,Bramkarz,4%,1.8,,20,LPO (D),90,0,0,2,0,0,2,True
2659,Marcel Łubik,Górnik Zabrze,Bramkarz,4%,1.8,,21,BBT (W),90,0,0,2,0,0,2,True
2659,Marcel Łubik,Górnik Zabrze,Bramkarz,4%,1.8,,22,POG (D),90,0,0,1,0,0,2,True
2659,Marcel Łubik,Górnik Zabrze,Bramkarz,4%,1.8,,23,GKS (W),90,0,0,3,0,0,1,True
2659,Marcel Łubik,Górnik Zabrze,Bramkarz,4%,1.8,,24,MOT (W),90,0,0,0,0,0,5,True
2659,Marcel Łubik,Górnik Zabrze,Bramkarz,4%,1.8,,25,RCZ (D),90,0,0,2,0,0,3,True
2659,Marcel Łubik,Górnik Zabrze,Bramkarz,4%,1.8,,26,WID (W),90,0,0,0,0,0,5,True
2659,Marcel Łubik,Górnik Zabrze,Bramkarz,4%,1.8,,27,CRA (D),90,0,0,3,0,0,7,True
2659,Marcel Łubik,Górnik Zabrze,Bramkarz,4%,1.8,,28,LEG (W),90,0,0,0,0,0,2,True
2659,Marcel Łubik,Górnik Zabrze,Bramkarz,4%,1.8,,29,KOR (D),0,0,0,0,0,0,0,False
2659,Marcel Łubik,Górnik Zabrze,Bramkarz,4%,1.8,,30,JAG (W),0,0,0,0,0,0,0,False
2659,Marcel Łubik,Górnik Zabrze,Bramkarz,4%,1.8,,32,ARK (W),0,0,0,0,0,0,0,False
2659,Marcel Łubik,Górnik Zabrze,Bramkarz,4%,1.8,,32,ZAG (D),0,0,0,0,0,0,0,False
2659,Marcel Łubik,Górnik Zabrze,Bramkarz,4%,1.8,,33,WPŁ (W),0,0,0,0,0,0,0,False
2659,Marcel Łubik,Górnik Zabrze,Bramkarz,4%,1.8,,34,RAD (D),0,0,0,0,0,0,0,False
2668,Tamar Svetlin,Korona Kielce,Pomocnik,1%,1.8,,19,LEG (W),90,0,1,0,0,0,6,True
2668,Tamar Svetlin,Korona Kielce,Pomocnik,1%,1.8,,20,ZAG (D),85,0,0,0,0,0,2,True
2668,Tamar Svetlin,Korona Kielce,Pomocnik,1%,1.8,,21,RAD (W),90,0,0,0,1,0,3,True
2668,Tamar Svetlin,Korona Kielce,Pomocnik,1%,1.8,,22,LPO (D),90,0,0,0,0,0,2,True
2668,Tamar Svetlin,Korona Kielce,Pomocnik,1%,1.8,,23,MOT (W),90,0,0,0,0,0,2,True
2668,Tamar Svetlin,Korona Kielce,Pomocnik,1%,1.8,,24,BBT (D),90,0,0,0,0,0,3,True
2668,Tamar Svetlin,Korona Kielce,Pomocnik,1%,1.8,,25,POG (W),90,0,0,0,0,0,2,True
2668,Tamar Svetlin,Korona Kielce,Pomocnik,1%,1.8,,26,ARK (D),90,0,0,0,0,0,4,True
2668,Tamar Svetlin,Korona Kielce,Pomocnik,1%,1.8,,27,LGD (W),90,0,0,0,0,0,2,True
2668,Tamar Svetlin,Korona Kielce,Pomocnik,1%,1.8,,28,JAG (D),90,0,0,0,0,0,2,True
2668,Tamar Svetlin,Korona Kielce,Pomocnik,1%,1.8,,29,GÓR (W),0,0,0,0,0,0,0,False
2668,Tamar Svetlin,Korona Kielce,Pomocnik,1%,1.8,,30,GKS (D),0,0,0,0,0,0,0,False
2668,Tamar Svetlin,Korona Kielce,Pomocnik,1%,1.8,,31,PIA (D),0,0,0,0,0,0,0,False
2668,Tamar Svetlin,Korona Kielce,Pomocnik,1%,1.8,,32,RCZ (W),0,0,0,0,0,0,0,False
2668,Tamar Svetlin,Korona Kielce,Pomocnik,1%,1.8,,33,WID (D),0,0,0,0,0,0,0,False
2668,Tamar Svetlin,Korona Kielce,Pomocnik,1%,1.8,,34,CRA (W),0,0,0,0,0,0,0,False
2669,Matus Vojtko,Lechia Gdańsk,Obrońca,1%,1.7,,19,LPO (W),90,0,0,0,0,0,3,True
2669,Matus Vojtko,Lechia Gdańsk,Obrońca,1%,1.7,,20,CRA (D),90,0,0,0,0,0,2,True
2669,Matus Vojtko,Lechia Gdańsk,Obrońca,1%,1.7,,21,MOT (W),90,0,1,0,1,0,5,True
2669,Matus Vojtko,Lechia Gdańsk,Obrońca,1%,1.7,,22,ZAG (D),0,0,0,0,0,0,0,False
2669,Matus Vojtko,Lechia Gdańsk,Obrońca,1%,1.7,,23,ARK (W),90,0,0,0,0,0,1,True
2669,Matus Vojtko,Lechia Gdańsk,Obrońca,1%,1.7,,24,JAG (D),90,0,0,0,1,0,5,True
2669,Matus Vojtko,Lechia Gdańsk,Obrońca,1%,1.7,,25,GKS (W),90,0,0,0,0,0,1,True
2669,Matus Vojtko,Lechia Gdańsk,Obrońca,1%,1.7,,26,POG (D),90,0,0,0,1,0,2,True
2669,Matus Vojtko,Lechia Gdańsk,Obrońca,1%,1.7,,27,KOR (D),90,0,0,0,0,0,2,True
2669,Matus Vojtko,Lechia Gdańsk,Obrońca,1%,1.7,,28,WPŁ (W),90,0,0,0,0,0,2,True
2669,Matus Vojtko,Lechia Gdańsk,Obrońca,1%,1.7,,29,PIA (D),0,0,0,0,0,0,0,False
2669,Matus Vojtko,Lechia Gdańsk,Obrońca,1%,1.7,,30,RCZ (D),0,0,0,0,0,0,0,False
2669,Matus Vojtko,Lechia Gdańsk,Obrońca,1%,1.7,,31,RAD (W),0,0,0,0,0,0,0,False
2669,Matus Vojtko,Lechia Gdańsk,Obrońca,1%,1.7,,32,WID (W),0,0,0,0,0,0,0,False
2669,Matus Vojtko,Lechia Gdańsk,Obrońca,1%,1.7,,33,LEG (D),0,0,0,0,0,0,0,False
2669,Matus Vojtko,Lechia Gdańsk,Obrońca,1%,1.7,,34,BBT (W),0,0,0,0,0,0,0,False
2671,Karol Czubak,Motor Lublin,Napastnik,43%,2.9,,19,POG (D),73,1,0,0,0,0,7,True
2671,Karol Czubak,Motor Lublin,Napastnik,43%,2.9,,20,JAG (W),67,0,0,0,0,0,2,True
2671,Karol Czubak,Motor Lublin,Napastnik,43%,2.9,,21,LGD (D),90,0,0,0,0,0,0,True
2671,Karol Czubak,Motor Lublin,Napastnik,43%,2.9,,22,PIA (W),71,1,0,0,0,0,7,True
2671,Karol Czubak,Motor Lublin,Napastnik,43%,2.9,,23,KOR (D),82,1,0,0,0,0,7,True
2671,Karol Czubak,Motor Lublin,Napastnik,43%,2.9,,24,GÓR (D),73,0,0,0,0,0,2,True
2671,Karol Czubak,Motor Lublin,Napastnik,43%,2.9,,25,BBT (W),75,1,0,0,0,0,7,True
2671,Karol Czubak,Motor Lublin,Napastnik,43%,2.9,,26,ZAG (D),90,0,1,0,0,0,6,True
2671,Karol Czubak,Motor Lublin,Napastnik,43%,2.9,,27,RAD (W),90,1,0,0,0,0,6,True
2671,Karol Czubak,Motor Lublin,Napastnik,43%,2.9,,28,RCZ (D),79,0,0,0,0,0,2,True
2671,Karol Czubak,Motor Lublin,Napastnik,43%,2.9,,29,GKS (W),0,0,0,0,0,0,0,False
2671,Karol Czubak,Motor Lublin,Napastnik,43%,2.9,,30,WID (W),0,0,0,0,0,0,0,False
2671,Karol Czubak,Motor Lublin,Napastnik,43%,2.9,,31,LPO (D),0,0,0,0,0,0,0,False
2671,Karol Czubak,Motor Lublin,Napastnik,43%,2.9,,32,WPŁ (W),0,0,0,0,0,0,0,False
2671,Karol Czubak,Motor Lublin,Napastnik,43%,2.9,,33,CRA (D),0,0,0,0,0,0,0,False
2671,Karol Czubak,Motor Lublin,Napastnik,43%,2.9,,34,LEG (W),0,0,0,0,0,0,0,False
2688,Dion Gallapeni,Wisła Płock,Obrońca,0%,1.7,,19,JAG (D) (WID),0,0,0,0,0,0,0,False
2688,Dion Gallapeni,Wisła Płock,Obrońca,0%,1.7,,20,GKS (W) (WID),0,0,0,0,0,0,0,False
2688,Dion Gallapeni,Wisła Płock,Obrońca,0%,1.7,,21,WPŁ (W) (WID),0,0,0,0,0,0,0,False
2688,Dion Gallapeni,Wisła Płock,Obrońca,0%,1.7,,22,LEG (W),0,0,0,0,0,0,0,False
2688,Dion Gallapeni,Wisła Płock,Obrońca,0%,1.7,,23,ZAG (W),57,0,0,0,0,0,2,True
2688,Dion Gallapeni,Wisła Płock,Obrońca,0%,1.7,,24,ARK (D),0,0,0,0,0,0,0,False
2688,Dion Gallapeni,Wisła Płock,Obrońca,0%,1.7,,25,CRA (W),0,0,0,0,0,0,0,False
2688,Dion Gallapeni,Wisła Płock,Obrońca,0%,1.7,,26,JAG (W),70,0,2,0,1,0,11,True
2688,Dion Gallapeni,Wisła Płock,Obrońca,0%,1.7,,27,GKS (W),10,0,0,0,0,0,1,True
2688,Dion Gallapeni,Wisła Płock,Obrońca,0%,1.7,,28,LGD (D),61,0,0,0,0,0,6,True
2688,Dion Gallapeni,Wisła Płock,Obrońca,0%,1.7,,29,BBT (W),0,0,0,0,0,0,0,False
2688,Dion Gallapeni,Wisła Płock,Obrońca,0%,1.7,,30,RAD (D),0,0,0,0,0,0,0,False
2688,Dion Gallapeni,Wisła Płock,Obrońca,0%,1.7,,31,POG (W),0,0,0,0,0,0,0,False
2688,Dion Gallapeni,Wisła Płock,Obrońca,0%,1.7,,32,MOT (D),0,0,0,0,0,0,0,False
2688,Dion Gallapeni,Wisła Płock,Obrońca,0%,1.7,,33,GÓR (D),0,0,0,0,0,0,0,False
2688,Dion Gallapeni,Wisła Płock,Obrońca,0%,1.7,,34,LPO (W),0,0,0,0,0,0,0,False
2690,Ricardo Visus,Widzew Łódź,Obrońca,0%,1.7,,19,JAG (D),90,0,0,0,0,0,0,True
2690,Ricardo Visus,Widzew Łódź,Obrońca,0%,1.7,,20,GKS (W),90,0,0,0,0,0,2,True
2690,Ricardo Visus,Widzew Łódź,Obrońca,0%,1.7,,21,WPŁ (W),0,0,0,0,0,0,0,False
2690,Ricardo Visus,Widzew Łódź,Obrońca,0%,1.7,,22,CRA (D),0,0,0,0,0,0,0,False
2690,Ricardo Visus,Widzew Łódź,Obrońca,0%,1.7,,23,POG (W),0,0,0,0,0,0,0,False
2690,Ricardo Visus,Widzew Łódź,Obrońca,0%,1.7,,24,LPO (D),0,0,0,0,0,0,0,False
2690,Ricardo Visus,Widzew Łódź,Obrońca,0%,1.7,,25,ARK (W),0,0,0,0,0,0,0,False
2690,Ricardo Visus,Widzew Łódź,Obrońca,0%,1.7,,26,GÓR (D),0,0,0,0,0,0,0,False
2690,Ricardo Visus,Widzew Łódź,Obrońca,0%,1.7,,27,RCZ (W),90,0,0,0,1,0,1,True
2690,Ricardo Visus,Widzew Łódź,Obrońca,0%,1.7,,28,BBT (D),0,0,0,0,0,0,0,False
2690,Ricardo Visus,Widzew Łódź,Obrońca,0%,1.7,,29,RAD (W),0,0,0,0,0,0,0,False
2690,Ricardo Visus,Widzew Łódź,Obrońca,0%,1.7,,30,MOT (D),0,0,0,0,0,0,0,False
2690,Ricardo Visus,Widzew Łódź,Obrońca,0%,1.7,,31,LEG (W),0,0,0,0,0,0,0,False
2690,Ricardo Visus,Widzew Łódź,Obrońca,0%,1.7,,32,LGD (D),0,0,0,0,0,0,0,False
2690,Ricardo Visus,Widzew Łódź,Obrońca,0%,1.7,,33,KOR (W),0,0,0,0,0,0,0,False
2690,Ricardo Visus,Widzew Łódź,Obrońca,0%,1.7,,34,PIA (D),0,0,0,0,0,0,0,False
2696,Mateusz Głowiński,Korona Kielce,Napastnik,3%,0.7,,19,LEG (W),0,0,0,0,0,0,0,False
2696,Mateusz Głowiński,Korona Kielce,Napastnik,3%,0.7,,20,ZAG (D),0,0,0,0,0,0,0,False
2696,Mateusz Głowiński,Korona Kielce,Napastnik,3%,0.7,,21,RAD (W),0,0,0,0,0,0,0,False
2696,Mateusz Głowiński,Korona Kielce,Napastnik,3%,0.7,,22,LPO (D),0,0,0,0,0,0,0,False
2696,Mateusz Głowiński,Korona Kielce,Napastnik,3%,0.7,,23,MOT (W),0,0,0,0,0,0,0,False
2696,Mateusz Głowiński,Korona Kielce,Napastnik,3%,0.7,,24,BBT (D),0,0,0,0,0,0,0,False
2696,Mateusz Głowiński,Korona Kielce,Napastnik,3%,0.7,,25,POG (W),0,0,0,0,0,0,0,False
2696,Mateusz Głowiński,Korona Kielce,Napastnik,3%,0.7,,26,ARK (D),0,0,0,0,0,0,0,False
2696,Mateusz Głowiński,Korona Kielce,Napastnik,3%,0.7,,27,LGD (W),0,0,0,0,0,0,0,False
2696,Mateusz Głowiński,Korona Kielce,Napastnik,3%,0.7,,28,JAG (D),0,0,0,0,0,0,0,False
2696,Mateusz Głowiński,Korona Kielce,Napastnik,3%,0.7,,29,GÓR (W),0,0,0,0,0,0,0,False
2696,Mateusz Głowiński,Korona Kielce,Napastnik,3%,0.7,,30,GKS (D),0,0,0,0,0,0,0,False
2696,Mateusz Głowiński,Korona Kielce,Napastnik,3%,0.7,,31,PIA (D),0,0,0,0,0,0,0,False
2696,Mateusz Głowiński,Korona Kielce,Napastnik,3%,0.7,,32,RCZ (W),0,0,0,0,0,0,0,False
2696,Mateusz Głowiński,Korona Kielce,Napastnik,3%,0.7,,33,WID (D),0,0,0,0,0,0,0,False
2696,Mateusz Głowiński,Korona Kielce,Napastnik,3%,0.7,,34,CRA (W),0,0,0,0,0,0,0,False
2698,Leo Bengtsson,Lech Poznań,Pomocnik,10%,2.2,,19,LGD (D),63,0,0,0,0,0,2,True
2698,Leo Bengtsson,Lech Poznań,Pomocnik,10%,2.2,,19,PIA (W),61,0,0,0,0,0,2,True
2698,Leo Bengtsson,Lech Poznań,Pomocnik,10%,2.2,,20,GÓR (W),77,0,1,0,1,0,6,True
2698,Leo Bengtsson,Lech Poznań,Pomocnik,10%,2.2,,21,PIA (D),62,0,0,0,0,0,4,True
2698,Leo Bengtsson,Lech Poznań,Pomocnik,10%,2.2,,22,KOR (W),64,0,1,0,0,0,6,True
2698,Leo Bengtsson,Lech Poznań,Pomocnik,10%,2.2,,23,RCZ (D),69,0,0,0,0,0,3,True
2698,Leo Bengtsson,Lech Poznań,Pomocnik,10%,2.2,,24,WID (W),71,0,0,0,0,0,2,True
2698,Leo Bengtsson,Lech Poznań,Pomocnik,10%,2.2,,25,ZAG (W),90,0,0,1,0,0,6,True
2698,Leo Bengtsson,Lech Poznań,Pomocnik,10%,2.2,,26,BBT (D),84,2,0,0,0,0,14,True
2698,Leo Bengtsson,Lech Poznań,Pomocnik,10%,2.2,,27,JAG (W),89,0,0,0,0,0,3,True
2698,Leo Bengtsson,Lech Poznań,Pomocnik,10%,2.2,,28,GKS (D),68,0,0,0,0,0,2,True
2698,Leo Bengtsson,Lech Poznań,Pomocnik,10%,2.2,,29,POG (W),0,0,0,0,0,0,0,False
2698,Leo Bengtsson,Lech Poznań,Pomocnik,10%,2.2,,30,LEG (D),0,0,0,0,0,0,0,False
2698,Leo Bengtsson,Lech Poznań,Pomocnik,10%,2.2,,31,MOT (W),0,0,0,0,0,0,0,False
2698,Leo Bengtsson,Lech Poznań,Pomocnik,10%,2.2,,32,ARK (D),0,0,0,0,0,0,0,False
2698,Leo Bengtsson,Lech Poznań,Pomocnik,10%,2.2,,33,RAD (W),0,0,0,0,0,0,0,False
2698,Leo Bengtsson,Lech Poznań,Pomocnik,10%,2.2,,34,WPŁ (D),0,0,0,0,0,0,0,False
2701,Kacper Plichta,Motor Lublin,Napastnik,1%,0.7,,19,POG (D),0,0,0,0,0,0,0,False
2701,Kacper Plichta,Motor Lublin,Napastnik,1%,0.7,,20,JAG (W),0,0,0,0,0,0,0,False
2701,Kacper Plichta,Motor Lublin,Napastnik,1%,0.7,,21,LGD (D),0,0,0,0,0,0,0,False
2701,Kacper Plichta,Motor Lublin,Napastnik,1%,0.7,,22,PIA (W),0,0,0,0,0,0,0,False
2701,Kacper Plichta,Motor Lublin,Napastnik,1%,0.7,,23,KOR (D),0,0,0,0,0,0,0,False
2701,Kacper Plichta,Motor Lublin,Napastnik,1%,0.7,,24,GÓR (D),0,0,0,0,0,0,0,False
2701,Kacper Plichta,Motor Lublin,Napastnik,1%,0.7,,25,BBT (W),0,0,0,0,0,0,0,False
2701,Kacper Plichta,Motor Lublin,Napastnik,1%,0.7,,26,ZAG (D),0,0,0,0,0,0,0,False
2701,Kacper Plichta,Motor Lublin,Napastnik,1%,0.7,,27,RAD (W),0,0,0,0,0,0,0,False
2701,Kacper Plichta,Motor Lublin,Napastnik,1%,0.7,,28,RCZ (D),0,0,0,0,0,0,0,False
2701,Kacper Plichta,Motor Lublin,Napastnik,1%,0.7,,29,GKS (W),0,0,0,0,0,0,0,False
2701,Kacper Plichta,Motor Lublin,Napastnik,1%,0.7,,30,WID (W),0,0,0,0,0,0,0,False
2701,Kacper Plichta,Motor Lublin,Napastnik,1%,0.7,,31,LPO (D),0,0,0,0,0,0,0,False
2701,Kacper Plichta,Motor Lublin,Napastnik,1%,0.7,,32,WPŁ (W),0,0,0,0,0,0,0,False
2701,Kacper Plichta,Motor Lublin,Napastnik,1%,0.7,,33,CRA (D),0,0,0,0,0,0,0,False
2701,Kacper Plichta,Motor Lublin,Napastnik,1%,0.7,,34,LEG (W),0,0,0,0,0,0,0,False
2705,Stanisław Pruszkowski,Wisła Płock,Bramkarz,2%,0.7,,19,RCZ (D),0,0,0,0,0,0,0,False
2705,Stanisław Pruszkowski,Wisła Płock,Bramkarz,2%,0.7,,20,PIA (W),0,0,0,0,0,0,0,False
2705,Stanisław Pruszkowski,Wisła Płock,Bramkarz,2%,0.7,,21,WID (D),0,0,0,0,0,0,0,False
2705,Stanisław Pruszkowski,Wisła Płock,Bramkarz,2%,0.7,,22,LEG (W),0,0,0,0,0,0,0,False
2705,Stanisław Pruszkowski,Wisła Płock,Bramkarz,2%,0.7,,23,ZAG (W),0,0,0,0,0,0,0,False
2705,Stanisław Pruszkowski,Wisła Płock,Bramkarz,2%,0.7,,24,ARK (D),0,0,0,0,0,0,0,False
2705,Stanisław Pruszkowski,Wisła Płock,Bramkarz,2%,0.7,,25,CRA (W),0,0,0,0,0,0,0,False
2705,Stanisław Pruszkowski,Wisła Płock,Bramkarz,2%,0.7,,26,JAG (W),0,0,0,0,0,0,0,False
2705,Stanisław Pruszkowski,Wisła Płock,Bramkarz,2%,0.7,,27,GKS (W),0,0,0,0,0,0,0,False
2705,Stanisław Pruszkowski,Wisła Płock,Bramkarz,2%,0.7,,28,LGD (D),0,0,0,0,0,0,0,False
2705,Stanisław Pruszkowski,Wisła Płock,Bramkarz,2%,0.7,,29,BBT (W),0,0,0,0,0,0,0,False
2705,Stanisław Pruszkowski,Wisła Płock,Bramkarz,2%,0.7,,30,RAD (D),0,0,0,0,0,0,0,False
2705,Stanisław Pruszkowski,Wisła Płock,Bramkarz,2%,0.7,,31,POG (W),0,0,0,0,0,0,0,False
2705,Stanisław Pruszkowski,Wisła Płock,Bramkarz,2%,0.7,,32,MOT (D),0,0,0,0,0,0,0,False
2705,Stanisław Pruszkowski,Wisła Płock,Bramkarz,2%,0.7,,33,GÓR (D),0,0,0,0,0,0,0,False
2705,Stanisław Pruszkowski,Wisła Płock,Bramkarz,2%,0.7,,34,LPO (W),0,0,0,0,0,0,0,False
2706,Patryk Kukulski,Motor Lublin,Bramkarz,3%,0.7,,19,POG (D),0,0,0,0,0,0,0,False
2706,Patryk Kukulski,Motor Lublin,Bramkarz,3%,0.7,,20,JAG (W),0,0,0,0,0,0,0,False
2706,Patryk Kukulski,Motor Lublin,Bramkarz,3%,0.7,,21,LGD (D),0,0,0,0,0,0,0,False
2706,Patryk Kukulski,Motor Lublin,Bramkarz,3%,0.7,,22,PIA (W),0,0,0,0,0,0,0,False
2706,Patryk Kukulski,Motor Lublin,Bramkarz,3%,0.7,,23,KOR (D),0,0,0,0,0,0,0,False
2706,Patryk Kukulski,Motor Lublin,Bramkarz,3%,0.7,,24,GÓR (D),0,0,0,0,0,0,0,False
2706,Patryk Kukulski,Motor Lublin,Bramkarz,3%,0.7,,25,BBT (W),0,0,0,0,0,0,0,False
2706,Patryk Kukulski,Motor Lublin,Bramkarz,3%,0.7,,26,ZAG (D),0,0,0,0,0,0,0,False
2706,Patryk Kukulski,Motor Lublin,Bramkarz,3%,0.7,,27,RAD (W),0,0,0,0,0,0,0,False
2706,Patryk Kukulski,Motor Lublin,Bramkarz,3%,0.7,,28,RCZ (D),0,0,0,0,0,0,0,False
2706,Patryk Kukulski,Motor Lublin,Bramkarz,3%,0.7,,29,GKS (W),0,0,0,0,0,0,0,False
2706,Patryk Kukulski,Motor Lublin,Bramkarz,3%,0.7,,30,WID (W),0,0,0,0,0,0,0,False
2706,Patryk Kukulski,Motor Lublin,Bramkarz,3%,0.7,,31,LPO (D),0,0,0,0,0,0,0,False
2706,Patryk Kukulski,Motor Lublin,Bramkarz,3%,0.7,,32,WPŁ (W),0,0,0,0,0,0,0,False
2706,Patryk Kukulski,Motor Lublin,Bramkarz,3%,0.7,,33,CRA (D),0,0,0,0,0,0,0,False
2706,Patryk Kukulski,Motor Lublin,Bramkarz,3%,0.7,,34,LEG (W),0,0,0,0,0,0,0,False
2708,Mileta Rajović,Legia Warszawa,Napastnik,12%,1.8,,19,KOR (D),90,0,0,0,0,0,-1,True
2708,Mileta Rajović,Legia Warszawa,Napastnik,12%,1.8,,20,ARK (W),90,0,0,0,0,0,2,True
2708,Mileta Rajović,Legia Warszawa,Napastnik,12%,1.8,,21,GKS (W),31,0,0,0,0,0,1,True
2708,Mileta Rajović,Legia Warszawa,Napastnik,12%,1.8,,22,WPŁ (D),90,0,0,0,0,0,3,True
2708,Mileta Rajović,Legia Warszawa,Napastnik,12%,1.8,,23,JAG (W),74,0,0,0,0,0,2,True
2708,Mileta Rajović,Legia Warszawa,Napastnik,12%,1.8,,24,CRA (D),66,1,0,0,0,0,6,True
2708,Mileta Rajović,Legia Warszawa,Napastnik,12%,1.8,,25,RAD (W),65,0,0,0,0,0,2,True
2708,Mileta Rajović,Legia Warszawa,Napastnik,12%,1.8,,26,RCZ (D),17,0,0,0,0,0,1,True
2708,Mileta Rajović,Legia Warszawa,Napastnik,12%,1.8,,27,POG (W),89,2,0,0,0,0,12,True
2708,Mileta Rajović,Legia Warszawa,Napastnik,12%,1.8,,28,GÓR (D),85,0,0,0,1,0,1,True
2708,Mileta Rajović,Legia Warszawa,Napastnik,12%,1.8,,29,ZAG (D),0,0,0,0,0,0,0,False
2708,Mileta Rajović,Legia Warszawa,Napastnik,12%,1.8,,30,LPO (W),0,0,0,0,0,0,0,False
2708,Mileta Rajović,Legia Warszawa,Napastnik,12%,1.8,,31,WID (D),0,0,0,0,0,0,0,False
2708,Mileta Rajović,Legia Warszawa,Napastnik,12%,1.8,,32,BBT (W),0,0,0,0,0,0,0,False
2708,Mileta Rajović,Legia Warszawa,Napastnik,12%,1.8,,33,LGD (W),0,0,0,0,0,0,0,False
2708,Mileta Rajović,Legia Warszawa,Napastnik,12%,1.8,,34,MOT (D),0,0,0,0,0,0,0,False
2717,Pablo Rodríguez,Lech Poznań,Pomocnik,5%,1.9,,19,LGD (D),90,0,0,0,0,0,2,True
2717,Pablo Rodríguez,Lech Poznań,Pomocnik,5%,1.9,,19,PIA (W),79,0,0,0,0,0,2,True
2717,Pablo Rodríguez,Lech Poznań,Pomocnik,5%,1.9,,20,GÓR (W),90,0,0,0,0,0,4,True
2717,Pablo Rodríguez,Lech Poznań,Pomocnik,5%,1.9,,21,PIA (D),63,1,0,0,0,0,9,True
2717,Pablo Rodríguez,Lech Poznań,Pomocnik,5%,1.9,,22,KOR (W),80,0,0,0,0,0,3,True
2717,Pablo Rodríguez,Lech Poznań,Pomocnik,5%,1.9,,23,RCZ (D),90,0,0,0,0,0,3,True
2717,Pablo Rodríguez,Lech Poznań,Pomocnik,5%,1.9,,24,WID (W),32,0,0,0,1,0,0,True
2717,Pablo Rodríguez,Lech Poznań,Pomocnik,5%,1.9,,25,ZAG (W),73,0,0,0,0,0,4,True
2717,Pablo Rodríguez,Lech Poznań,Pomocnik,5%,1.9,,26,BBT (D),60,0,1,0,0,0,6,True
2717,Pablo Rodríguez,Lech Poznań,Pomocnik,5%,1.9,,27,JAG (W),64,0,0,0,0,0,3,True
2717,Pablo Rodríguez,Lech Poznań,Pomocnik,5%,1.9,,28,GKS (D),59,0,0,1,0,0,4,True
2717,Pablo Rodríguez,Lech Poznań,Pomocnik,5%,1.9,,29,POG (W),0,0,0,0,0,0,0,False
2717,Pablo Rodríguez,Lech Poznań,Pomocnik,5%,1.9,,30,LEG (D),0,0,0,0,0,0,0,False
2717,Pablo Rodríguez,Lech Poznań,Pomocnik,5%,1.9,,31,MOT (W),0,0,0,0,0,0,0,False
2717,Pablo Rodríguez,Lech Poznań,Pomocnik,5%,1.9,,32,ARK (D),0,0,0,0,0,0,0,False
2717,Pablo Rodríguez,Lech Poznań,Pomocnik,5%,1.9,,33,RAD (W),0,0,0,0,0,0,0,False
2717,Pablo Rodríguez,Lech Poznań,Pomocnik,5%,1.9,,34,WPŁ (D),0,0,0,0,0,0,0,False
2727,Natan Ława,Pogoń Szczecin,Pomocnik,2%,0.7,,19,MOT (W),0,0,0,0,0,0,0,False
2727,Natan Ława,Pogoń Szczecin,Pomocnik,2%,0.7,,20,BBT (D),0,0,0,0,0,0,0,False
2727,Natan Ława,Pogoń Szczecin,Pomocnik,2%,0.7,,21,ARK (D),0,0,0,0,0,0,0,False
2727,Natan Ława,Pogoń Szczecin,Pomocnik,2%,0.7,,22,GÓR (W),0,0,0,0,0,0,0,False
2727,Natan Ława,Pogoń Szczecin,Pomocnik,2%,0.7,,23,WID (D),0,0,0,0,0,0,0,False
2727,Natan Ława,Pogoń Szczecin,Pomocnik,2%,0.7,,24,RCZ (W),0,0,0,0,0,0,0,False
2727,Natan Ława,Pogoń Szczecin,Pomocnik,2%,0.7,,25,KOR (D),3,0,0,0,0,0,2,True
2727,Natan Ława,Pogoń Szczecin,Pomocnik,2%,0.7,,26,LGD (W),62,0,0,0,0,0,2,True
2727,Natan Ława,Pogoń Szczecin,Pomocnik,2%,0.7,,27,LEG (D),45,0,0,0,0,0,1,True
2727,Natan Ława,Pogoń Szczecin,Pomocnik,2%,0.7,,28,PIA (W),80,0,0,0,0,0,4,True
2727,Natan Ława,Pogoń Szczecin,Pomocnik,2%,0.7,,29,LPO (D),0,0,0,0,0,0,0,False
2727,Natan Ława,Pogoń Szczecin,Pomocnik,2%,0.7,,30,CRA (W),0,0,0,0,0,0,0,False
2727,Natan Ława,Pogoń Szczecin,Pomocnik,2%,0.7,,31,WPŁ (D),0,0,0,0,0,0,0,False
2727,Natan Ława,Pogoń Szczecin,Pomocnik,2%,0.7,,32,JAG (W),0,0,0,0,0,0,0,False
2727,Natan Ława,Pogoń Szczecin,Pomocnik,2%,0.7,,33,ZAG (W),0,0,0,0,0,0,0,False
2727,Natan Ława,Pogoń Szczecin,Pomocnik,2%,0.7,,34,GKS (D),0,0,0,0,0,0,0,False
2728,Juande Rivas,Piast Gliwice,Obrońca,1%,1.8,,19,GÓR (W),0,0,0,0,0,0,0,False
2728,Juande Rivas,Piast Gliwice,Obrońca,1%,1.8,,19,LPO (D),90,0,0,0,0,0,6,True
2728,Juande Rivas,Piast Gliwice,Obrońca,1%,1.8,,20,WPŁ (D),90,0,0,0,1,0,5,True
2728,Juande Rivas,Piast Gliwice,Obrońca,1%,1.8,,21,LPO (W),90,0,0,0,1,0,-1,True
2728,Juande Rivas,Piast Gliwice,Obrońca,1%,1.8,,22,MOT (D),90,0,0,0,0,0,1,True
2728,Juande Rivas,Piast Gliwice,Obrońca,1%,1.8,,23,CRA (W),90,0,0,0,0,0,2,True
2728,Juande Rivas,Piast Gliwice,Obrońca,1%,1.8,,24,ZAG (D),90,0,0,0,0,0,0,True
2728,Juande Rivas,Piast Gliwice,Obrońca,1%,1.8,,25,JAG (W),90,0,0,0,1,0,2,True
2728,Juande Rivas,Piast Gliwice,Obrońca,1%,1.8,,26,RAD (D),0,0,0,0,0,0,0,False
2728,Juande Rivas,Piast Gliwice,Obrońca,1%,1.8,,27,BBT (W),90,1,0,0,0,0,6,True
2728,Juande Rivas,Piast Gliwice,Obrońca,1%,1.8,,28,POG (D),90,0,0,0,0,0,1,True
2728,Juande Rivas,Piast Gliwice,Obrońca,1%,1.8,,29,LGD (W),0,0,0,0,0,0,0,False
2728,Juande Rivas,Piast Gliwice,Obrońca,1%,1.8,,30,ARK (D),0,0,0,0,0,0,0,False
2728,Juande Rivas,Piast Gliwice,Obrońca,1%,1.8,,31,KOR (W),0,0,0,0,0,0,0,False
2728,Juande Rivas,Piast Gliwice,Obrońca,1%,1.8,,32,GKS (D),0,0,0,0,0,0,0,False
2728,Juande Rivas,Piast Gliwice,Obrońca,1%,1.8,,33,RCZ (D),0,0,0,0,0,0,0,False
2728,Juande Rivas,Piast Gliwice,Obrońca,1%,1.8,,34,WID (W),0,0,0,0,0,0,0,False
2736,Cyprian Popielec,Zagłębie Lubin,Pomocnik,3%,0.7,,19,GKS (D),0,0,0,0,0,0,0,False
2736,Cyprian Popielec,Zagłębie Lubin,Pomocnik,3%,0.7,,20,KOR (W),0,0,0,0,0,0,0,False
2736,Cyprian Popielec,Zagłębie Lubin,Pomocnik,3%,0.7,,21,RCZ (D),0,0,0,0,0,0,0,False
2736,Cyprian Popielec,Zagłębie Lubin,Pomocnik,3%,0.7,,22,LGD (W),0,0,0,0,0,0,0,False
2736,Cyprian Popielec,Zagłębie Lubin,Pomocnik,3%,0.7,,23,WPŁ (D),0,0,0,0,0,0,0,False
2736,Cyprian Popielec,Zagłębie Lubin,Pomocnik,3%,0.7,,24,PIA (W),0,0,0,0,0,0,0,False
2736,Cyprian Popielec,Zagłębie Lubin,Pomocnik,3%,0.7,,25,LPO (D),0,0,0,0,0,0,0,False
2736,Cyprian Popielec,Zagłębie Lubin,Pomocnik,3%,0.7,,26,MOT (W),0,0,0,0,0,0,0,False
2736,Cyprian Popielec,Zagłębie Lubin,Pomocnik,3%,0.7,,27,ARK (W),0,0,0,0,0,0,0,False
2736,Cyprian Popielec,Zagłębie Lubin,Pomocnik,3%,0.7,,28,RAD (D),0,0,0,0,0,0,0,False
2736,Cyprian Popielec,Zagłębie Lubin,Pomocnik,3%,0.7,,29,LEG (W),0,0,0,0,0,0,0,False
2736,Cyprian Popielec,Zagłębie Lubin,Pomocnik,3%,0.7,,30,BBT (D),0,0,0,0,0,0,0,False
2736,Cyprian Popielec,Zagłębie Lubin,Pomocnik,3%,0.7,,31,CRA (D),0,0,0,0,0,0,0,False
2736,Cyprian Popielec,Zagłębie Lubin,Pomocnik,3%,0.7,,32,GÓR (W),0,0,0,0,0,0,0,False
2736,Cyprian Popielec,Zagłębie Lubin,Pomocnik,3%,0.7,,33,POG (D),0,0,0,0,0,0,0,False
2736,Cyprian Popielec,Zagłębie Lubin,Pomocnik,3%,0.7,,34,JAG (W),0,0,0,0,0,0,0,False
2739,Konrad Cymerys,Cracovia,Bramkarz,1%,0.7,,19,BBT (W),0,0,0,0,0,0,0,False
2739,Konrad Cymerys,Cracovia,Bramkarz,1%,0.7,,20,LGD (W),0,0,0,0,0,0,0,False
2739,Konrad Cymerys,Cracovia,Bramkarz,1%,0.7,,21,JAG (D),0,0,0,0,0,0,0,False
2739,Konrad Cymerys,Cracovia,Bramkarz,1%,0.7,,22,WID (W),0,0,0,0,0,0,0,False
2739,Konrad Cymerys,Cracovia,Bramkarz,1%,0.7,,23,PIA (D),0,0,0,0,0,0,0,False
2739,Konrad Cymerys,Cracovia,Bramkarz,1%,0.7,,24,LEG (W),0,0,0,0,0,0,0,False
2739,Konrad Cymerys,Cracovia,Bramkarz,1%,0.7,,25,WPŁ (D),0,0,0,0,0,0,0,False
2739,Konrad Cymerys,Cracovia,Bramkarz,1%,0.7,,26,GKS (D),0,0,0,0,0,0,0,False
2739,Konrad Cymerys,Cracovia,Bramkarz,1%,0.7,,27,GÓR (W),0,0,0,0,0,0,0,False
2739,Konrad Cymerys,Cracovia,Bramkarz,1%,0.7,,28,ARK (D),0,0,0,0,0,0,0,False
2739,Konrad Cymerys,Cracovia,Bramkarz,1%,0.7,,29,RCZ (W),0,0,0,0,0,0,0,False
2739,Konrad Cymerys,Cracovia,Bramkarz,1%,0.7,,30,POG (D),0,0,0,0,0,0,0,False
2739,Konrad Cymerys,Cracovia,Bramkarz,1%,0.7,,31,ZAG (W),0,0,0,0,0,0,0,False
2739,Konrad Cymerys,Cracovia,Bramkarz,1%,0.7,,32,RAD (D),0,0,0,0,0,0,0,False
2739,Konrad Cymerys,Cracovia,Bramkarz,1%,0.7,,33,MOT (W),0,0,0,0,0,0,0,False
2739,Konrad Cymerys,Cracovia,Bramkarz,1%,0.7,,34,KOR (D),0,0,0,0,0,0,0,False
2741,Alex Peškovič,Pogoń Szczecin,Bramkarz,3%,0.7,,19,MOT (W),0,0,0,0,0,0,0,False
2741,Alex Peškovič,Pogoń Szczecin,Bramkarz,3%,0.7,,20,BBT (D),0,0,0,0,0,0,0,False
2741,Alex Peškovič,Pogoń Szczecin,Bramkarz,3%,0.7,,21,ARK (D),0,0,0,0,0,0,0,False
2741,Alex Peškovič,Pogoń Szczecin,Bramkarz,3%,0.7,,22,GÓR (W),0,0,0,0,0,0,0,False
2741,Alex Peškovič,Pogoń Szczecin,Bramkarz,3%,0.7,,23,WID (D),0,0,0,0,0,0,0,False
2741,Alex Peškovič,Pogoń Szczecin,Bramkarz,3%,0.7,,24,RCZ (W),0,0,0,0,0,0,0,False
2741,Alex Peškovič,Pogoń Szczecin,Bramkarz,3%,0.7,,25,KOR (D),0,0,0,0,0,0,0,False
2741,Alex Peškovič,Pogoń Szczecin,Bramkarz,3%,0.7,,26,LGD (W),0,0,0,0,0,0,0,False
2741,Alex Peškovič,Pogoń Szczecin,Bramkarz,3%,0.7,,27,LEG (D),0,0,0,0,0,0,0,False
2741,Alex Peškovič,Pogoń Szczecin,Bramkarz,3%,0.7,,28,PIA (W),0,0,0,0,0,0,0,False
2741,Alex Peškovič,Pogoń Szczecin,Bramkarz,3%,0.7,,29,LPO (D),0,0,0,0,0,0,0,False
2741,Alex Peškovič,Pogoń Szczecin,Bramkarz,3%,0.7,,30,CRA (W),0,0,0,0,0,0,0,False
2741,Alex Peškovič,Pogoń Szczecin,Bramkarz,3%,0.7,,31,WPŁ (D),0,0,0,0,0,0,0,False
2741,Alex Peškovič,Pogoń Szczecin,Bramkarz,3%,0.7,,32,JAG (W),0,0,0,0,0,0,0,False
2741,Alex Peškovič,Pogoń Szczecin,Bramkarz,3%,0.7,,33,ZAG (W),0,0,0,0,0,0,0,False
2741,Alex Peškovič,Pogoń Szczecin,Bramkarz,3%,0.7,,34,GKS (D),0,0,0,0,0,0,0,False
2747,Hugo Vallejo,Piast Gliwice,Pomocnik,7%,1.8,,19,GÓR (W),69,0,0,0,0,0,2,True
2747,Hugo Vallejo,Piast Gliwice,Pomocnik,7%,1.8,,19,LPO (D),29,0,0,0,0,0,2,True
2747,Hugo Vallejo,Piast Gliwice,Pomocnik,7%,1.8,,20,WPŁ (D),89,0,1,0,0,0,7,True
2747,Hugo Vallejo,Piast Gliwice,Pomocnik,7%,1.8,,21,LPO (W),63,0,0,0,0,0,2,True
2747,Hugo Vallejo,Piast Gliwice,Pomocnik,7%,1.8,,22,MOT (D),90,0,1,0,0,0,5,True
2747,Hugo Vallejo,Piast Gliwice,Pomocnik,7%,1.8,,23,CRA (W),83,0,0,0,0,0,3,True
2747,Hugo Vallejo,Piast Gliwice,Pomocnik,7%,1.8,,24,ZAG (D),80,0,0,0,0,0,2,True
2747,Hugo Vallejo,Piast Gliwice,Pomocnik,7%,1.8,,25,JAG (W),90,2,0,0,0,0,14,True
2747,Hugo Vallejo,Piast Gliwice,Pomocnik,7%,1.8,,26,RAD (D),90,0,0,0,0,0,3,True
2747,Hugo Vallejo,Piast Gliwice,Pomocnik,7%,1.8,,27,BBT (W),45,0,0,0,0,0,2,True
2747,Hugo Vallejo,Piast Gliwice,Pomocnik,7%,1.8,,28,POG (D),61,0,0,0,1,0,-1,True
2747,Hugo Vallejo,Piast Gliwice,Pomocnik,7%,1.8,,29,LGD (W),0,0,0,0,0,0,0,False
2747,Hugo Vallejo,Piast Gliwice,Pomocnik,7%,1.8,,30,ARK (D),0,0,0,0,0,0,0,False
2747,Hugo Vallejo,Piast Gliwice,Pomocnik,7%,1.8,,31,KOR (W),0,0,0,0,0,0,0,False
2747,Hugo Vallejo,Piast Gliwice,Pomocnik,7%,1.8,,32,GKS (D),0,0,0,0,0,0,0,False
2747,Hugo Vallejo,Piast Gliwice,Pomocnik,7%,1.8,,33,RCZ (D),0,0,0,0,0,0,0,False
2747,Hugo Vallejo,Piast Gliwice,Pomocnik,7%,1.8,,34,WID (W),0,0,0,0,0,0,0,False
2750,Rafał Jakubowski,Pogoń Szczecin,Obrońca,3%,0.7,,19,MOT (W),0,0,0,0,0,0,0,False
2750,Rafał Jakubowski,Pogoń Szczecin,Obrońca,3%,0.7,,20,BBT (D),0,0,0,0,0,0,0,False
2750,Rafał Jakubowski,Pogoń Szczecin,Obrońca,3%,0.7,,21,ARK (D),0,0,0,0,0,0,0,False
2750,Rafał Jakubowski,Pogoń Szczecin,Obrońca,3%,0.7,,22,GÓR (W),0,0,0,0,0,0,0,False
2750,Rafał Jakubowski,Pogoń Szczecin,Obrońca,3%,0.7,,23,WID (D),0,0,0,0,0,0,0,False
2750,Rafał Jakubowski,Pogoń Szczecin,Obrońca,3%,0.7,,24,RCZ (W),0,0,0,0,0,0,0,False
2750,Rafał Jakubowski,Pogoń Szczecin,Obrońca,3%,0.7,,25,KOR (D),0,0,0,0,0,0,0,False
2750,Rafał Jakubowski,Pogoń Szczecin,Obrońca,3%,0.7,,26,LGD (W),0,0,0,0,0,0,0,False
2750,Rafał Jakubowski,Pogoń Szczecin,Obrońca,3%,0.7,,27,LEG (D),0,0,0,0,0,0,0,False
2750,Rafał Jakubowski,Pogoń Szczecin,Obrońca,3%,0.7,,28,PIA (W),0,0,0,0,0,0,0,False
2750,Rafał Jakubowski,Pogoń Szczecin,Obrońca,3%,0.7,,29,LPO (D),0,0,0,0,0,0,0,False
2750,Rafał Jakubowski,Pogoń Szczecin,Obrońca,3%,0.7,,30,CRA (W),0,0,0,0,0,0,0,False
2750,Rafał Jakubowski,Pogoń Szczecin,Obrońca,3%,0.7,,31,WPŁ (D),0,0,0,0,0,0,0,False
2750,Rafał Jakubowski,Pogoń Szczecin,Obrońca,3%,0.7,,32,JAG (W),0,0,0,0,0,0,0,False
2750,Rafał Jakubowski,Pogoń Szczecin,Obrońca,3%,0.7,,33,ZAG (W),0,0,0,0,0,0,0,False
2750,Rafał Jakubowski,Pogoń Szczecin,Obrońca,3%,0.7,,34,GKS (D),0,0,0,0,0,0,0,False
2751,Kacper Stanowski,Pogoń Szczecin,Napastnik,2%,0.7,,19,MOT (W),0,0,0,0,0,0,0,False
2751,Kacper Stanowski,Pogoń Szczecin,Napastnik,2%,0.7,,20,BBT (D),0,0,0,0,0,0,0,False
2751,Kacper Stanowski,Pogoń Szczecin,Napastnik,2%,0.7,,21,ARK (D),0,0,0,0,0,0,0,False
2751,Kacper Stanowski,Pogoń Szczecin,Napastnik,2%,0.7,,22,GÓR (W),0,0,0,0,0,0,0,False
2751,Kacper Stanowski,Pogoń Szczecin,Napastnik,2%,0.7,,23,WID (D),0,0,0,0,0,0,0,False
2751,Kacper Stanowski,Pogoń Szczecin,Napastnik,2%,0.7,,24,RCZ (W),0,0,0,0,0,0,0,False
2751,Kacper Stanowski,Pogoń Szczecin,Napastnik,2%,0.7,,25,KOR (D),0,0,0,0,0,0,0,False
2751,Kacper Stanowski,Pogoń Szczecin,Napastnik,2%,0.7,,26,LGD (W),0,0,0,0,0,0,0,False
2751,Kacper Stanowski,Pogoń Szczecin,Napastnik,2%,0.7,,27,LEG (D),0,0,0,0,0,0,0,False
2751,Kacper Stanowski,Pogoń Szczecin,Napastnik,2%,0.7,,28,PIA (W),0,0,0,0,0,0,0,False
2751,Kacper Stanowski,Pogoń Szczecin,Napastnik,2%,0.7,,29,LPO (D),0,0,0,0,0,0,0,False
2751,Kacper Stanowski,Pogoń Szczecin,Napastnik,2%,0.7,,30,CRA (W),0,0,0,0,0,0,0,False
2751,Kacper Stanowski,Pogoń Szczecin,Napastnik,2%,0.7,,31,WPŁ (D),0,0,0,0,0,0,0,False
2751,Kacper Stanowski,Pogoń Szczecin,Napastnik,2%,0.7,,32,JAG (W),0,0,0,0,0,0,0,False
2751,Kacper Stanowski,Pogoń Szczecin,Napastnik,2%,0.7,,33,ZAG (W),0,0,0,0,0,0,0,False
2751,Kacper Stanowski,Pogoń Szczecin,Napastnik,2%,0.7,,34,GKS (D),0,0,0,0,0,0,0,False
2752,Slobodan Rubežić,Korona Kielce,Obrońca,1%,1.5,,19,LEG (W),0,0,0,0,0,0,0,False
2752,Slobodan Rubežić,Korona Kielce,Obrońca,1%,1.5,,20,ZAG (D),0,0,0,0,0,0,0,False
2752,Slobodan Rubežić,Korona Kielce,Obrońca,1%,1.5,,21,RAD (W),0,0,0,0,0,0,0,False
2752,Slobodan Rubežić,Korona Kielce,Obrońca,1%,1.5,,22,LPO (D),0,0,0,0,0,0,0,False
2752,Slobodan Rubežić,Korona Kielce,Obrońca,1%,1.5,,23,MOT (W),45,0,0,0,1,0,0,True
2752,Slobodan Rubežić,Korona Kielce,Obrońca,1%,1.5,,24,BBT (D),90,0,0,1,0,0,5,True
2752,Slobodan Rubežić,Korona Kielce,Obrońca,1%,1.5,,25,POG (W),90,0,0,0,0,0,1,True
2752,Slobodan Rubežić,Korona Kielce,Obrońca,1%,1.5,,26,ARK (D),90,0,0,0,1,0,5,True
2752,Slobodan Rubežić,Korona Kielce,Obrońca,1%,1.5,,27,LGD (W),90,0,1,0,0,0,3,True
2752,Slobodan Rubežić,Korona Kielce,Obrońca,1%,1.5,,28,JAG (D),90,0,0,0,0,0,2,True
2752,Slobodan Rubežić,Korona Kielce,Obrońca,1%,1.5,,29,GÓR (W),0,0,0,0,0,0,0,False
2752,Slobodan Rubežić,Korona Kielce,Obrońca,1%,1.5,,30,GKS (D),0,0,0,0,0,0,0,False
2752,Slobodan Rubežić,Korona Kielce,Obrońca,1%,1.5,,31,PIA (D),0,0,0,0,0,0,0,False
2752,Slobodan Rubežić,Korona Kielce,Obrońca,1%,1.5,,32,RCZ (W),0,0,0,0,0,0,0,False
2752,Slobodan Rubežić,Korona Kielce,Obrońca,1%,1.5,,33,WID (D),0,0,0,0,0,0,0,False
2752,Slobodan Rubežić,Korona Kielce,Obrońca,1%,1.5,,34,CRA (W),0,0,0,0,0,0,0,False
2754,Oskar Klat,Wisła Płock,Bramkarz,2%,0.7,,19,RCZ (D),0,0,0,0,0,0,0,False
2754,Oskar Klat,Wisła Płock,Bramkarz,2%,0.7,,20,PIA (W),0,0,0,0,0,0,0,False
2754,Oskar Klat,Wisła Płock,Bramkarz,2%,0.7,,21,WID (D),0,0,0,0,0,0,0,False
2754,Oskar Klat,Wisła Płock,Bramkarz,2%,0.7,,22,LEG (W),0,0,0,0,0,0,0,False
2754,Oskar Klat,Wisła Płock,Bramkarz,2%,0.7,,23,ZAG (W),0,0,0,0,0,0,0,False
2754,Oskar Klat,Wisła Płock,Bramkarz,2%,0.7,,24,ARK (D),0,0,0,0,0,0,0,False
2754,Oskar Klat,Wisła Płock,Bramkarz,2%,0.7,,25,CRA (W),0,0,0,0,0,0,0,False
2754,Oskar Klat,Wisła Płock,Bramkarz,2%,0.7,,26,JAG (W),0,0,0,0,0,0,0,False
2754,Oskar Klat,Wisła Płock,Bramkarz,2%,0.7,,27,GKS (W),0,0,0,0,0,0,0,False
2754,Oskar Klat,Wisła Płock,Bramkarz,2%,0.7,,28,LGD (D),0,0,0,0,0,0,0,False
2754,Oskar Klat,Wisła Płock,Bramkarz,2%,0.7,,29,BBT (W),0,0,0,0,0,0,0,False
2754,Oskar Klat,Wisła Płock,Bramkarz,2%,0.7,,30,RAD (D),0,0,0,0,0,0,0,False
2754,Oskar Klat,Wisła Płock,Bramkarz,2%,0.7,,31,POG (W),0,0,0,0,0,0,0,False
2754,Oskar Klat,Wisła Płock,Bramkarz,2%,0.7,,32,MOT (D),0,0,0,0,0,0,0,False
2754,Oskar Klat,Wisła Płock,Bramkarz,2%,0.7,,33,GÓR (D),0,0,0,0,0,0,0,False
2754,Oskar Klat,Wisła Płock,Bramkarz,2%,0.7,,34,LPO (W),0,0,0,0,0,0,0,False
2756,Alex Paulsen,Lechia Gdańsk,Bramkarz,2%,1.7,,19,LPO (W),90,0,0,4,0,0,4,True
2756,Alex Paulsen,Lechia Gdańsk,Bramkarz,2%,1.7,,20,CRA (D),90,0,0,4,0,0,3,True
2756,Alex Paulsen,Lechia Gdańsk,Bramkarz,2%,1.7,,21,MOT (W),90,0,0,2,1,0,1,True
2756,Alex Paulsen,Lechia Gdańsk,Bramkarz,2%,1.7,,22,ZAG (D),90,0,0,3,0,0,2,True
2756,Alex Paulsen,Lechia Gdańsk,Bramkarz,2%,1.7,,23,ARK (W),90,0,0,2,0,0,1,True
2756,Alex Paulsen,Lechia Gdańsk,Bramkarz,2%,1.7,,24,JAG (D),90,0,0,1,0,0,6,True
2756,Alex Paulsen,Lechia Gdańsk,Bramkarz,2%,1.7,,25,GKS (W),90,0,0,5,0,0,2,True
2756,Alex Paulsen,Lechia Gdańsk,Bramkarz,2%,1.7,,26,POG (D),90,0,0,6,0,0,6,True
2756,Alex Paulsen,Lechia Gdańsk,Bramkarz,2%,1.7,,27,KOR (D),90,0,0,2,0,0,2,True
2756,Alex Paulsen,Lechia Gdańsk,Bramkarz,2%,1.7,,28,WPŁ (W),90,0,0,3,0,0,3,True
2756,Alex Paulsen,Lechia Gdańsk,Bramkarz,2%,1.7,,29,PIA (D),0,0,0,0,0,0,0,False
2756,Alex Paulsen,Lechia Gdańsk,Bramkarz,2%,1.7,,30,RCZ (D),0,0,0,0,0,0,0,False
2756,Alex Paulsen,Lechia Gdańsk,Bramkarz,2%,1.7,,31,RAD (W),0,0,0,0,0,0,0,False
2756,Alex Paulsen,Lechia Gdańsk,Bramkarz,2%,1.7,,32,WID (W),0,0,0,0,0,0,0,False
2756,Alex Paulsen,Lechia Gdańsk,Bramkarz,2%,1.7,,33,LEG (D),0,0,0,0,0,0,0,False
2756,Alex Paulsen,Lechia Gdańsk,Bramkarz,2%,1.7,,34,BBT (W),0,0,0,0,0,0,0,False
2763,Brahim Traoré,Cracovia,Obrońca,1%,1.8,,19,BBT (W),90,0,0,0,0,0,6,True
2763,Brahim Traoré,Cracovia,Obrońca,1%,1.8,,20,LGD (W),90,0,0,0,0,0,4,True
2763,Brahim Traoré,Cracovia,Obrońca,1%,1.8,,21,JAG (D),90,0,0,0,1,0,4,True
2763,Brahim Traoré,Cracovia,Obrońca,1%,1.8,,22,WID (W),0,0,0,0,0,0,0,False
2763,Brahim Traoré,Cracovia,Obrońca,1%,1.8,,23,PIA (D),0,0,0,0,0,0,0,False
2763,Brahim Traoré,Cracovia,Obrońca,1%,1.8,,24,LEG (W),83,0,0,0,0,0,2,True
2763,Brahim Traoré,Cracovia,Obrońca,1%,1.8,,25,WPŁ (D),90,0,0,0,0,0,1,True
2763,Brahim Traoré,Cracovia,Obrońca,1%,1.8,,26,GKS (D),0,0,0,0,0,0,0,False
2763,Brahim Traoré,Cracovia,Obrońca,1%,1.8,,27,GÓR (W),90,0,0,0,0,0,0,True
2763,Brahim Traoré,Cracovia,Obrońca,1%,1.8,,28,ARK (D),8,0,0,0,0,0,1,True
2763,Brahim Traoré,Cracovia,Obrońca,1%,1.8,,29,RCZ (W),0,0,0,0,0,0,0,False
2763,Brahim Traoré,Cracovia,Obrońca,1%,1.8,,30,POG (D),0,0,0,0,0,0,0,False
2763,Brahim Traoré,Cracovia,Obrońca,1%,1.8,,31,ZAG (W),0,0,0,0,0,0,0,False
2763,Brahim Traoré,Cracovia,Obrońca,1%,1.8,,32,RAD (D),0,0,0,0,0,0,0,False
2763,Brahim Traoré,Cracovia,Obrońca,1%,1.8,,33,MOT (W),0,0,0,0,0,0,0,False
2763,Brahim Traoré,Cracovia,Obrońca,1%,1.8,,34,KOR (D),0,0,0,0,0,0,0,False
2764,Dorian Sinkiewicz,Lechia Gdańsk,Napastnik,2%,0.7,,19,LPO (W),0,0,0,0,0,0,0,False
2764,Dorian Sinkiewicz,Lechia Gdańsk,Napastnik,2%,0.7,,20,CRA (D),0,0,0,0,0,0,0,False
2764,Dorian Sinkiewicz,Lechia Gdańsk,Napastnik,2%,0.7,,21,MOT (W),0,0,0,0,0,0,0,False
2764,Dorian Sinkiewicz,Lechia Gdańsk,Napastnik,2%,0.7,,22,ZAG (D),0,0,0,0,0,0,0,False
2764,Dorian Sinkiewicz,Lechia Gdańsk,Napastnik,2%,0.7,,23,ARK (W),0,0,0,0,0,0,0,False
2764,Dorian Sinkiewicz,Lechia Gdańsk,Napastnik,2%,0.7,,24,JAG (D),0,0,0,0,0,0,0,False
2764,Dorian Sinkiewicz,Lechia Gdańsk,Napastnik,2%,0.7,,25,GKS (W),0,0,0,0,0,0,0,False
2764,Dorian Sinkiewicz,Lechia Gdańsk,Napastnik,2%,0.7,,26,POG (D),0,0,0,0,0,0,0,False
2764,Dorian Sinkiewicz,Lechia Gdańsk,Napastnik,2%,0.7,,27,KOR (D),0,0,0,0,0,0,0,False
2764,Dorian Sinkiewicz,Lechia Gdańsk,Napastnik,2%,0.7,,28,WPŁ (W),0,0,0,0,0,0,0,False
2764,Dorian Sinkiewicz,Lechia Gdańsk,Napastnik,2%,0.7,,29,PIA (D),0,0,0,0,0,0,0,False
2764,Dorian Sinkiewicz,Lechia Gdańsk,Napastnik,2%,0.7,,30,RCZ (D),0,0,0,0,0,0,0,False
2764,Dorian Sinkiewicz,Lechia Gdańsk,Napastnik,2%,0.7,,31,RAD (W),0,0,0,0,0,0,0,False
2764,Dorian Sinkiewicz,Lechia Gdańsk,Napastnik,2%,0.7,,32,WID (W),0,0,0,0,0,0,0,False
2764,Dorian Sinkiewicz,Lechia Gdańsk,Napastnik,2%,0.7,,33,LEG (D),0,0,0,0,0,0,0,False
2764,Dorian Sinkiewicz,Lechia Gdańsk,Napastnik,2%,0.7,,34,BBT (W),0,0,0,0,0,0,0,False
2768,Antonio Čolak,Legia Warszawa,Napastnik,1%,1.8,,19,KOR (D),1,0,0,0,0,0,1,True
2768,Antonio Čolak,Legia Warszawa,Napastnik,1%,1.8,,20,ARK (W),16,2,0,0,1,0,9,True
2768,Antonio Čolak,Legia Warszawa,Napastnik,1%,1.8,,21,GKS (W),59,0,0,0,0,0,2,True
2768,Antonio Čolak,Legia Warszawa,Napastnik,1%,1.8,,22,WPŁ (D),0,0,0,0,0,0,0,False
2768,Antonio Čolak,Legia Warszawa,Napastnik,1%,1.8,,23,JAG (W),16,0,0,0,0,0,1,True
2768,Antonio Čolak,Legia Warszawa,Napastnik,1%,1.8,,24,CRA (D),24,0,0,0,0,0,3,True
2768,Antonio Čolak,Legia Warszawa,Napastnik,1%,1.8,,25,RAD (W),0,0,0,0,0,0,0,False
2768,Antonio Čolak,Legia Warszawa,Napastnik,1%,1.8,,26,RCZ (D),0,0,0,0,0,0,0,False
2768,Antonio Čolak,Legia Warszawa,Napastnik,1%,1.8,,27,POG (W),0,0,0,0,0,0,0,False
2768,Antonio Čolak,Legia Warszawa,Napastnik,1%,1.8,,28,GÓR (D),0,0,0,0,0,0,0,False
2768,Antonio Čolak,Legia Warszawa,Napastnik,1%,1.8,,29,ZAG (D),0,0,0,0,0,0,0,False
2768,Antonio Čolak,Legia Warszawa,Napastnik,1%,1.8,,30,LPO (W),0,0,0,0,0,0,0,False
2768,Antonio Čolak,Legia Warszawa,Napastnik,1%,1.8,,31,WID (D),0,0,0,0,0,0,0,False
2768,Antonio Čolak,Legia Warszawa,Napastnik,1%,1.8,,32,BBT (W),0,0,0,0,0,0,0,False
2768,Antonio Čolak,Legia Warszawa,Napastnik,1%,1.8,,33,LGD (W),0,0,0,0,0,0,0,False
2768,Antonio Čolak,Legia Warszawa,Napastnik,1%,1.8,,34,MOT (D),0,0,0,0,0,0,0,False
2775,Fábio Ronaldo,Motor Lublin,Pomocnik,3%,2.0,,19,POG (D),73,0,1,0,0,0,6,True
2775,Fábio Ronaldo,Motor Lublin,Pomocnik,3%,2.0,,20,JAG (W),68,0,0,0,0,0,2,True
2775,Fábio Ronaldo,Motor Lublin,Pomocnik,3%,2.0,,21,LGD (D),72,0,1,0,0,0,5,True
2775,Fábio Ronaldo,Motor Lublin,Pomocnik,3%,2.0,,22,PIA (W),90,0,1,0,0,0,7,True
2775,Fábio Ronaldo,Motor Lublin,Pomocnik,3%,2.0,,23,KOR (D),90,0,0,0,1,0,3,True
2775,Fábio Ronaldo,Motor Lublin,Pomocnik,3%,2.0,,24,GÓR (D),62,0,0,0,0,0,3,True
2775,Fábio Ronaldo,Motor Lublin,Pomocnik,3%,2.0,,25,BBT (W),84,0,0,0,0,0,5,True
2775,Fábio Ronaldo,Motor Lublin,Pomocnik,3%,2.0,,26,ZAG (D),68,0,0,0,0,0,4,True
2775,Fábio Ronaldo,Motor Lublin,Pomocnik,3%,2.0,,27,RAD (W),65,0,0,0,0,0,2,True
2775,Fábio Ronaldo,Motor Lublin,Pomocnik,3%,2.0,,28,RCZ (D),59,0,0,0,0,0,2,True
2775,Fábio Ronaldo,Motor Lublin,Pomocnik,3%,2.0,,29,GKS (W),0,0,0,0,0,0,0,False
2775,Fábio Ronaldo,Motor Lublin,Pomocnik,3%,2.0,,30,WID (W),0,0,0,0,0,0,0,False
2775,Fábio Ronaldo,Motor Lublin,Pomocnik,3%,2.0,,31,LPO (D),0,0,0,0,0,0,0,False
2775,Fábio Ronaldo,Motor Lublin,Pomocnik,3%,2.0,,32,WPŁ (W),0,0,0,0,0,0,0,False
2775,Fábio Ronaldo,Motor Lublin,Pomocnik,3%,2.0,,33,CRA (D),0,0,0,0,0,0,0,False
2775,Fábio Ronaldo,Motor Lublin,Pomocnik,3%,2.0,,34,LEG (W),0,0,0,0,0,0,0,False
2779,Deni Jurić,Wisła Płock,Napastnik,6%,1.8,,19,RCZ (D),77,1,0,0,0,0,7,True
2779,Deni Jurić,Wisła Płock,Napastnik,6%,1.8,,20,PIA (W),72,0,0,0,0,0,2,True
2779,Deni Jurić,Wisła Płock,Napastnik,6%,1.8,,21,WID (D),65,0,0,0,0,0,2,True
2779,Deni Jurić,Wisła Płock,Napastnik,6%,1.8,,22,LEG (W),0,0,0,0,0,0,0,False
2779,Deni Jurić,Wisła Płock,Napastnik,6%,1.8,,23,ZAG (W),13,0,0,0,0,0,1,True
2779,Deni Jurić,Wisła Płock,Napastnik,6%,1.8,,24,ARK (D),27,0,0,0,0,0,1,True
2779,Deni Jurić,Wisła Płock,Napastnik,6%,1.8,,25,CRA (W),90,1,0,0,0,0,7,True
2779,Deni Jurić,Wisła Płock,Napastnik,6%,1.8,,26,JAG (W),90,2,0,0,0,0,12,True
2779,Deni Jurić,Wisła Płock,Napastnik,6%,1.8,,27,GKS (W),63,0,0,0,0,0,1,True
2779,Deni Jurić,Wisła Płock,Napastnik,6%,1.8,,28,LGD (D),72,0,0,0,0,0,3,True
2779,Deni Jurić,Wisła Płock,Napastnik,6%,1.8,,29,BBT (W),0,0,0,0,0,0,0,False
2779,Deni Jurić,Wisła Płock,Napastnik,6%,1.8,,30,RAD (D),0,0,0,0,0,0,0,False
2779,Deni Jurić,Wisła Płock,Napastnik,6%,1.8,,31,POG (W),0,0,0,0,0,0,0,False
2779,Deni Jurić,Wisła Płock,Napastnik,6%,1.8,,32,MOT (D),0,0,0,0,0,0,0,False
2779,Deni Jurić,Wisła Płock,Napastnik,6%,1.8,,33,GÓR (D),0,0,0,0,0,0,0,False
2779,Deni Jurić,Wisła Płock,Napastnik,6%,1.8,,34,LPO (W),0,0,0,0,0,0,0,False
2780,Aleksandar Ćirković,Lechia Gdańsk,Pomocnik,18%,2.0,,19,LPO (W),90,0,1,0,1,0,5,True
2780,Aleksandar Ćirković,Lechia Gdańsk,Pomocnik,18%,2.0,,20,CRA (D),90,0,0,0,0,0,2,True
2780,Aleksandar Ćirković,Lechia Gdańsk,Pomocnik,18%,2.0,,21,MOT (W),86,0,0,0,1,0,2,True
2780,Aleksandar Ćirković,Lechia Gdańsk,Pomocnik,18%,2.0,,22,ZAG (D),45,0,0,0,0,0,2,True
2780,Aleksandar Ćirković,Lechia Gdańsk,Pomocnik,18%,2.0,,23,ARK (W),67,0,1,0,0,0,5,True
2780,Aleksandar Ćirković,Lechia Gdańsk,Pomocnik,18%,2.0,,24,JAG (D),90,2,0,0,0,0,15,True
2780,Aleksandar Ćirković,Lechia Gdańsk,Pomocnik,18%,2.0,,25,GKS (W),90,0,0,0,0,0,2,True
2780,Aleksandar Ćirković,Lechia Gdańsk,Pomocnik,18%,2.0,,26,POG (D),89,0,1,0,0,0,7,True
2780,Aleksandar Ćirković,Lechia Gdańsk,Pomocnik,18%,2.0,,27,KOR (D),90,1,0,0,0,0,9,True
2780,Aleksandar Ćirković,Lechia Gdańsk,Pomocnik,18%,2.0,,28,WPŁ (W),90,0,0,0,0,0,2,True
2780,Aleksandar Ćirković,Lechia Gdańsk,Pomocnik,18%,2.0,,29,PIA (D),0,0,0,0,0,0,0,False
2780,Aleksandar Ćirković,Lechia Gdańsk,Pomocnik,18%,2.0,,30,RCZ (D),0,0,0,0,0,0,0,False
2780,Aleksandar Ćirković,Lechia Gdańsk,Pomocnik,18%,2.0,,31,RAD (W),0,0,0,0,0,0,0,False
2780,Aleksandar Ćirković,Lechia Gdańsk,Pomocnik,18%,2.0,,32,WID (W),0,0,0,0,0,0,0,False
2780,Aleksandar Ćirković,Lechia Gdańsk,Pomocnik,18%,2.0,,33,LEG (D),0,0,0,0,0,0,0,False
2780,Aleksandar Ćirković,Lechia Gdańsk,Pomocnik,18%,2.0,,34,BBT (W),0,0,0,0,0,0,0,False
2786,Antoni Bałabuch,Górnik Zabrze,Bramkarz,2%,0.7,,19,PIA (D),0,0,0,0,0,0,0,False
2786,Antoni Bałabuch,Górnik Zabrze,Bramkarz,2%,0.7,,20,LPO (D),0,0,0,0,0,0,0,False
2786,Antoni Bałabuch,Górnik Zabrze,Bramkarz,2%,0.7,,21,BBT (W),0,0,0,0,0,0,0,False
2786,Antoni Bałabuch,Górnik Zabrze,Bramkarz,2%,0.7,,22,POG (D),0,0,0,0,0,0,0,False
2786,Antoni Bałabuch,Górnik Zabrze,Bramkarz,2%,0.7,,23,GKS (W),0,0,0,0,0,0,0,False
2786,Antoni Bałabuch,Górnik Zabrze,Bramkarz,2%,0.7,,24,MOT (W),0,0,0,0,0,0,0,False
2786,Antoni Bałabuch,Górnik Zabrze,Bramkarz,2%,0.7,,25,RCZ (D),0,0,0,0,0,0,0,False
2786,Antoni Bałabuch,Górnik Zabrze,Bramkarz,2%,0.7,,26,WID (W),0,0,0,0,0,0,0,False
2786,Antoni Bałabuch,Górnik Zabrze,Bramkarz,2%,0.7,,27,CRA (D),0,0,0,0,0,0,0,False
2786,Antoni Bałabuch,Górnik Zabrze,Bramkarz,2%,0.7,,28,LEG (W),0,0,0,0,0,0,0,False
2786,Antoni Bałabuch,Górnik Zabrze,Bramkarz,2%,0.7,,29,KOR (D),0,0,0,0,0,0,0,False
2786,Antoni Bałabuch,Górnik Zabrze,Bramkarz,2%,0.7,,30,JAG (W),0,0,0,0,0,0,0,False
2786,Antoni Bałabuch,Górnik Zabrze,Bramkarz,2%,0.7,,32,ARK (W),0,0,0,0,0,0,0,False
2786,Antoni Bałabuch,Górnik Zabrze,Bramkarz,2%,0.7,,32,ZAG (D),0,0,0,0,0,0,0,False
2786,Antoni Bałabuch,Górnik Zabrze,Bramkarz,2%,0.7,,33,WPŁ (W),0,0,0,0,0,0,0,False
2786,Antoni Bałabuch,Górnik Zabrze,Bramkarz,2%,0.7,,34,RAD (D),0,0,0,0,0,0,0,False
2789,Jakub Kokosiński,GKS Katowice,Napastnik,3%,0.7,,19,ZAG (W),0,0,0,0,0,0,0,False
2789,Jakub Kokosiński,GKS Katowice,Napastnik,3%,0.7,,19,JAG (W),8,0,0,0,0,0,1,True
2789,Jakub Kokosiński,GKS Katowice,Napastnik,3%,0.7,,20,WID (D),0,0,0,0,0,0,0,False
2789,Jakub Kokosiński,GKS Katowice,Napastnik,3%,0.7,,21,LEG (D),0,0,0,0,0,0,0,False
2789,Jakub Kokosiński,GKS Katowice,Napastnik,3%,0.7,,22,ARK (W),0,0,0,0,0,0,0,False
2789,Jakub Kokosiński,GKS Katowice,Napastnik,3%,0.7,,23,GÓR (D),0,0,0,0,0,0,0,False
2789,Jakub Kokosiński,GKS Katowice,Napastnik,3%,0.7,,24,RAD (W),0,0,0,0,0,0,0,False
2789,Jakub Kokosiński,GKS Katowice,Napastnik,3%,0.7,,25,LGD (D),7,0,0,0,0,0,2,True
2789,Jakub Kokosiński,GKS Katowice,Napastnik,3%,0.7,,26,CRA (W),0,0,0,0,0,0,0,False
2789,Jakub Kokosiński,GKS Katowice,Napastnik,3%,0.7,,27,WPŁ (D),10,0,0,0,0,0,2,True
2789,Jakub Kokosiński,GKS Katowice,Napastnik,3%,0.7,,28,LPO (W),0,0,0,0,0,0,0,False
2789,Jakub Kokosiński,GKS Katowice,Napastnik,3%,0.7,,29,MOT (D),0,0,0,0,0,0,0,False
2789,Jakub Kokosiński,GKS Katowice,Napastnik,3%,0.7,,30,KOR (W),0,0,0,0,0,0,0,False
2789,Jakub Kokosiński,GKS Katowice,Napastnik,3%,0.7,,31,BBT (D),0,0,0,0,0,0,0,False
2789,Jakub Kokosiński,GKS Katowice,Napastnik,3%,0.7,,32,PIA (W),0,0,0,0,0,0,0,False
2789,Jakub Kokosiński,GKS Katowice,Napastnik,3%,0.7,,33,JAG (D),0,0,0,0,0,0,0,False
2789,Jakub Kokosiński,GKS Katowice,Napastnik,3%,0.7,,34,POG (W),0,0,0,0,0,0,0,False
2790,Michał Kaczorowski,Lechia Gdańsk,Bramkarz,6%,0.7,,19,LPO (W),0,0,0,0,0,0,0,False
2790,Michał Kaczorowski,Lechia Gdańsk,Bramkarz,6%,0.7,,20,CRA (D),0,0,0,0,0,0,0,False
2790,Michał Kaczorowski,Lechia Gdańsk,Bramkarz,6%,0.7,,21,MOT (W),0,0,0,0,0,0,0,False
2790,Michał Kaczorowski,Lechia Gdańsk,Bramkarz,6%,0.7,,22,ZAG (D),0,0,0,0,0,0,0,False
2790,Michał Kaczorowski,Lechia Gdańsk,Bramkarz,6%,0.7,,23,ARK (W),0,0,0,0,0,0,0,False
2790,Michał Kaczorowski,Lechia Gdańsk,Bramkarz,6%,0.7,,24,JAG (D),0,0,0,0,0,0,0,False
2790,Michał Kaczorowski,Lechia Gdańsk,Bramkarz,6%,0.7,,25,GKS (W),0,0,0,0,0,0,0,False
2790,Michał Kaczorowski,Lechia Gdańsk,Bramkarz,6%,0.7,,26,POG (D),0,0,0,0,0,0,0,False
2790,Michał Kaczorowski,Lechia Gdańsk,Bramkarz,6%,0.7,,27,KOR (D),0,0,0,0,0,0,0,False
2790,Michał Kaczorowski,Lechia Gdańsk,Bramkarz,6%,0.7,,28,WPŁ (W),0,0,0,0,0,0,0,False
2790,Michał Kaczorowski,Lechia Gdańsk,Bramkarz,6%,0.7,,29,PIA (D),0,0,0,0,0,0,0,False
2790,Michał Kaczorowski,Lechia Gdańsk,Bramkarz,6%,0.7,,30,RCZ (D),0,0,0,0,0,0,0,False
2790,Michał Kaczorowski,Lechia Gdańsk,Bramkarz,6%,0.7,,31,RAD (W),0,0,0,0,0,0,0,False
2790,Michał Kaczorowski,Lechia Gdańsk,Bramkarz,6%,0.7,,32,WID (W),0,0,0,0,0,0,0,False
2790,Michał Kaczorowski,Lechia Gdańsk,Bramkarz,6%,0.7,,33,LEG (D),0,0,0,0,0,0,0,False
2790,Michał Kaczorowski,Lechia Gdańsk,Bramkarz,6%,0.7,,34,BBT (W),0,0,0,0,0,0,0,False
2794,Lukáš Sadílek,Górnik Zabrze,Pomocnik,3%,1.8,,19,PIA (D),90,0,0,0,0,0,3,True
2794,Lukáš Sadílek,Górnik Zabrze,Pomocnik,3%,1.8,,20,LPO (D),90,0,0,0,0,0,2,True
2794,Lukáš Sadílek,Górnik Zabrze,Pomocnik,3%,1.8,,21,BBT (W),90,0,0,1,0,0,4,True
2794,Lukáš Sadílek,Górnik Zabrze,Pomocnik,3%,1.8,,22,POG (D),61,0,0,0,0,0,2,True
2794,Lukáš Sadílek,Górnik Zabrze,Pomocnik,3%,1.8,,23,GKS (W),67,0,0,0,0,0,2,True
2794,Lukáš Sadílek,Górnik Zabrze,Pomocnik,3%,1.8,,24,MOT (W),34,0,0,0,0,0,1,True
2794,Lukáš Sadílek,Górnik Zabrze,Pomocnik,3%,1.8,,25,RCZ (D),90,2,0,0,0,0,14,True
2794,Lukáš Sadílek,Górnik Zabrze,Pomocnik,3%,1.8,,26,WID (W),76,0,0,0,1,0,2,True
2794,Lukáš Sadílek,Górnik Zabrze,Pomocnik,3%,1.8,,27,CRA (D),81,0,1,1,0,0,9,True
2794,Lukáš Sadílek,Górnik Zabrze,Pomocnik,3%,1.8,,28,LEG (W),85,0,0,0,1,0,1,True
2794,Lukáš Sadílek,Górnik Zabrze,Pomocnik,3%,1.8,,29,KOR (D),0,0,0,0,0,0,0,False
2794,Lukáš Sadílek,Górnik Zabrze,Pomocnik,3%,1.8,,30,JAG (W),0,0,0,0,0,0,0,False
2794,Lukáš Sadílek,Górnik Zabrze,Pomocnik,3%,1.8,,32,ARK (W),0,0,0,0,0,0,0,False
2794,Lukáš Sadílek,Górnik Zabrze,Pomocnik,3%,1.8,,32,ZAG (D),0,0,0,0,0,0,0,False
2794,Lukáš Sadílek,Górnik Zabrze,Pomocnik,3%,1.8,,33,WPŁ (W),0,0,0,0,0,0,0,False
2794,Lukáš Sadílek,Górnik Zabrze,Pomocnik,3%,1.8,,34,RAD (D),0,0,0,0,0,0,0,False
2801,Bartłomiej Drągowski,Widzew Łódź,Bramkarz,7%,1.8,,19,JAG (D),90,0,0,0,0,0,0,True
2801,Bartłomiej Drągowski,Widzew Łódź,Bramkarz,7%,1.8,,20,GKS (W),90,0,0,3,0,0,3,True
2801,Bartłomiej Drągowski,Widzew Łódź,Bramkarz,7%,1.8,,21,WPŁ (W),90,0,0,1,0,0,6,True
2801,Bartłomiej Drągowski,Widzew Łódź,Bramkarz,7%,1.8,,22,CRA (D),90,0,0,1,0,0,5,True
2801,Bartłomiej Drągowski,Widzew Łódź,Bramkarz,7%,1.8,,23,POG (W),90,0,0,2,1,0,1,True
2801,Bartłomiej Drągowski,Widzew Łódź,Bramkarz,7%,1.8,,24,LPO (D),0,0,0,0,0,0,0,False
2801,Bartłomiej Drągowski,Widzew Łódź,Bramkarz,7%,1.8,,25,ARK (W),90,0,0,1,0,0,5,True
2801,Bartłomiej Drągowski,Widzew Łódź,Bramkarz,7%,1.8,,26,GÓR (D),90,0,0,2,0,0,5,True
2801,Bartłomiej Drągowski,Widzew Łódź,Bramkarz,7%,1.8,,27,RCZ (W),90,0,0,2,1,0,1,True
2801,Bartłomiej Drągowski,Widzew Łódź,Bramkarz,7%,1.8,,28,BBT (D),90,0,0,2,0,0,6,True
2801,Bartłomiej Drągowski,Widzew Łódź,Bramkarz,7%,1.8,,29,RAD (W),0,0,0,0,0,0,0,False
2801,Bartłomiej Drągowski,Widzew Łódź,Bramkarz,7%,1.8,,30,MOT (D),0,0,0,0,0,0,0,False
2801,Bartłomiej Drągowski,Widzew Łódź,Bramkarz,7%,1.8,,31,LEG (W),0,0,0,0,0,0,0,False
2801,Bartłomiej Drągowski,Widzew Łódź,Bramkarz,7%,1.8,,32,LGD (D),0,0,0,0,0,0,0,False
2801,Bartłomiej Drągowski,Widzew Łódź,Bramkarz,7%,1.8,,33,KOR (W),0,0,0,0,0,0,0,False
2801,Bartłomiej Drągowski,Widzew Łódź,Bramkarz,7%,1.8,,34,PIA (D),0,0,0,0,0,0,0,False
2805,Otto Hindrich,Legia Warszawa,Bramkarz,5%,1.8,,19,KOR (D),0,0,0,0,0,0,0,False
2805,Otto Hindrich,Legia Warszawa,Bramkarz,5%,1.8,,20,ARK (W),0,0,0,0,0,0,0,False
2805,Otto Hindrich,Legia Warszawa,Bramkarz,5%,1.8,,21,GKS (W),0,0,0,0,0,0,0,False
2805,Otto Hindrich,Legia Warszawa,Bramkarz,5%,1.8,,22,WPŁ (D),90,0,0,3,0,0,4,True
2805,Otto Hindrich,Legia Warszawa,Bramkarz,5%,1.8,,23,JAG (W),90,0,0,3,0,0,2,True
2805,Otto Hindrich,Legia Warszawa,Bramkarz,5%,1.8,,24,CRA (D),90,0,0,3,0,0,8,True
2805,Otto Hindrich,Legia Warszawa,Bramkarz,5%,1.8,,25,RAD (W),90,0,0,0,0,0,2,True
2805,Otto Hindrich,Legia Warszawa,Bramkarz,5%,1.8,,26,RCZ (D),90,0,0,3,0,0,3,True
2805,Otto Hindrich,Legia Warszawa,Bramkarz,5%,1.8,,27,POG (W),90,0,0,1,0,0,6,True
2805,Otto Hindrich,Legia Warszawa,Bramkarz,5%,1.8,,28,GÓR (D),90,0,0,1,0,0,2,True
2805,Otto Hindrich,Legia Warszawa,Bramkarz,5%,1.8,,29,ZAG (D),0,0,0,0,0,0,0,False
2805,Otto Hindrich,Legia Warszawa,Bramkarz,5%,1.8,,30,LPO (W),0,0,0,0,0,0,0,False
2805,Otto Hindrich,Legia Warszawa,Bramkarz,5%,1.8,,31,WID (D),0,0,0,0,0,0,0,False
2805,Otto Hindrich,Legia Warszawa,Bramkarz,5%,1.8,,32,BBT (W),0,0,0,0,0,0,0,False
2805,Otto Hindrich,Legia Warszawa,Bramkarz,5%,1.8,,33,LGD (W),0,0,0,0,0,0,0,False
2805,Otto Hindrich,Legia Warszawa,Bramkarz,5%,1.8,,34,MOT (D),0,0,0,0,0,0,0,False
2817,Emil Kornvig,Widzew Łódź,Pomocnik,10%,2.3,,19,JAG (D),34,0,0,0,0,0,1,True
2817,Emil Kornvig,Widzew Łódź,Pomocnik,10%,2.3,,20,GKS (W),59,0,0,0,0,0,2,True
2817,Emil Kornvig,Widzew Łódź,Pomocnik,10%,2.3,,21,WPŁ (W),89,1,0,0,0,0,10,True
2817,Emil Kornvig,Widzew Łódź,Pomocnik,10%,2.3,,22,CRA (D),90,0,0,0,1,0,2,True
2817,Emil Kornvig,Widzew Łódź,Pomocnik,10%,2.3,,23,POG (W),90,0,0,0,0,0,2,True
2817,Emil Kornvig,Widzew Łódź,Pomocnik,10%,2.3,,24,LPO (D),73,1,0,0,1,0,7,True
2817,Emil Kornvig,Widzew Łódź,Pomocnik,10%,2.3,,25,ARK (W),90,0,0,0,0,0,3,True
2817,Emil Kornvig,Widzew Łódź,Pomocnik,10%,2.3,,26,GÓR (D),90,0,0,0,0,0,3,True
2817,Emil Kornvig,Widzew Łódź,Pomocnik,10%,2.3,,27,RCZ (W),90,0,0,0,0,0,2,True
2817,Emil Kornvig,Widzew Łódź,Pomocnik,10%,2.3,,28,BBT (D),90,0,0,0,0,0,4,True
2817,Emil Kornvig,Widzew Łódź,Pomocnik,10%,2.3,,29,RAD (W),0,0,0,0,0,0,0,False
2817,Emil Kornvig,Widzew Łódź,Pomocnik,10%,2.3,,30,MOT (D),0,0,0,0,0,0,0,False
2817,Emil Kornvig,Widzew Łódź,Pomocnik,10%,2.3,,31,LEG (W),0,0,0,0,0,0,0,False
2817,Emil Kornvig,Widzew Łódź,Pomocnik,10%,2.3,,32,LGD (D),0,0,0,0,0,0,0,False
2817,Emil Kornvig,Widzew Łódź,Pomocnik,10%,2.3,,33,KOR (W),0,0,0,0,0,0,0,False
2817,Emil Kornvig,Widzew Łódź,Pomocnik,10%,2.3,,34,PIA (D),0,0,0,0,0,0,0,False
2826,Levente Szabó,Zagłębie Lubin,Napastnik,1%,1.8,,19,GKS (D),21,0,0,0,0,0,1,True
2826,Levente Szabó,Zagłębie Lubin,Napastnik,1%,1.8,,20,KOR (W),25,1,0,0,0,0,6,True
2826,Levente Szabó,Zagłębie Lubin,Napastnik,1%,1.8,,21,RCZ (D),45,0,0,0,0,0,1,True
2826,Levente Szabó,Zagłębie Lubin,Napastnik,1%,1.8,,22,LGD (W),89,0,0,0,0,0,3,True
2826,Levente Szabó,Zagłębie Lubin,Napastnik,1%,1.8,,23,WPŁ (D),64,0,0,0,0,0,3,True
2826,Levente Szabó,Zagłębie Lubin,Napastnik,1%,1.8,,24,PIA (W),61,0,0,0,0,0,3,True
2826,Levente Szabó,Zagłębie Lubin,Napastnik,1%,1.8,,25,LPO (D),45,0,0,0,0,0,1,True
2826,Levente Szabó,Zagłębie Lubin,Napastnik,1%,1.8,,26,MOT (W),28,0,0,0,0,0,1,True
2826,Levente Szabó,Zagłębie Lubin,Napastnik,1%,1.8,,27,ARK (W),66,1,0,0,0,0,6,True
2826,Levente Szabó,Zagłębie Lubin,Napastnik,1%,1.8,,28,RAD (D),73,0,0,0,0,0,3,True
2826,Levente Szabó,Zagłębie Lubin,Napastnik,1%,1.8,,29,LEG (W),0,0,0,0,0,0,0,False
2826,Levente Szabó,Zagłębie Lubin,Napastnik,1%,1.8,,30,BBT (D),0,0,0,0,0,0,0,False
2826,Levente Szabó,Zagłębie Lubin,Napastnik,1%,1.8,,31,CRA (D),0,0,0,0,0,0,0,False
2826,Levente Szabó,Zagłębie Lubin,Napastnik,1%,1.8,,32,GÓR (W),0,0,0,0,0,0,0,False
2826,Levente Szabó,Zagłębie Lubin,Napastnik,1%,1.8,,33,POG (D),0,0,0,0,0,0,0,False
2826,Levente Szabó,Zagłębie Lubin,Napastnik,1%,1.8,,34,JAG (W),0,0,0,0,0,0,0,False
2827,Jakub Ligocki,Zagłębie Lubin,Pomocnik,3%,0.7,,19,GKS (D),21,0,0,0,0,0,1,True
2827,Jakub Ligocki,Zagłębie Lubin,Pomocnik,3%,0.7,,20,KOR (W),0,0,0,0,0,0,0,False
2827,Jakub Ligocki,Zagłębie Lubin,Pomocnik,3%,0.7,,21,RCZ (D),0,0,0,0,0,0,0,False
2827,Jakub Ligocki,Zagłębie Lubin,Pomocnik,3%,0.7,,22,LGD (W),0,0,0,0,0,0,0,False
2827,Jakub Ligocki,Zagłębie Lubin,Pomocnik,3%,0.7,,23,WPŁ (D),0,0,0,0,0,0,0,False
2827,Jakub Ligocki,Zagłębie Lubin,Pomocnik,3%,0.7,,24,PIA (W),0,0,0,0,0,0,0,False
2827,Jakub Ligocki,Zagłębie Lubin,Pomocnik,3%,0.7,,25,LPO (D),0,0,0,0,0,0,0,False
2827,Jakub Ligocki,Zagłębie Lubin,Pomocnik,3%,0.7,,26,MOT (W),0,0,0,0,0,0,0,False
2827,Jakub Ligocki,Zagłębie Lubin,Pomocnik,3%,0.7,,27,ARK (W),24,0,0,0,0,0,1,True
2827,Jakub Ligocki,Zagłębie Lubin,Pomocnik,3%,0.7,,28,RAD (D),0,0,0,0,0,0,0,False
2827,Jakub Ligocki,Zagłębie Lubin,Pomocnik,3%,0.7,,29,LEG (W),0,0,0,0,0,0,0,False
2827,Jakub Ligocki,Zagłębie Lubin,Pomocnik,3%,0.7,,30,BBT (D),0,0,0,0,0,0,0,False
2827,Jakub Ligocki,Zagłębie Lubin,Pomocnik,3%,0.7,,31,CRA (D),0,0,0,0,0,0,0,False
2827,Jakub Ligocki,Zagłębie Lubin,Pomocnik,3%,0.7,,32,GÓR (W),0,0,0,0,0,0,0,False
2827,Jakub Ligocki,Zagłębie Lubin,Pomocnik,3%,0.7,,33,POG (D),0,0,0,0,0,0,0,False
2827,Jakub Ligocki,Zagłębie Lubin,Pomocnik,3%,0.7,,34,JAG (W),0,0,0,0,0,0,0,False
2829,Maciej Urbański,Zagłębie Lubin,Obrońca,6%,0.7,,19,GKS (D),0,0,0,0,0,0,0,False
2829,Maciej Urbański,Zagłębie Lubin,Obrońca,6%,0.7,,20,KOR (W),0,0,0,0,0,0,0,False
2829,Maciej Urbański,Zagłębie Lubin,Obrońca,6%,0.7,,21,RCZ (D),0,0,0,0,0,0,0,False
2829,Maciej Urbański,Zagłębie Lubin,Obrońca,6%,0.7,,22,LGD (W),0,0,0,0,0,0,0,False
2829,Maciej Urbański,Zagłębie Lubin,Obrońca,6%,0.7,,23,WPŁ (D),0,0,0,0,0,0,0,False
2829,Maciej Urbański,Zagłębie Lubin,Obrońca,6%,0.7,,24,PIA (W),0,0,0,0,0,0,0,False
2829,Maciej Urbański,Zagłębie Lubin,Obrońca,6%,0.7,,25,LPO (D),0,0,0,0,0,0,0,False
2829,Maciej Urbański,Zagłębie Lubin,Obrońca,6%,0.7,,26,MOT (W),0,0,0,0,0,0,0,False
2829,Maciej Urbański,Zagłębie Lubin,Obrońca,6%,0.7,,27,ARK (W),0,0,0,0,0,0,0,False
2829,Maciej Urbański,Zagłębie Lubin,Obrońca,6%,0.7,,28,RAD (D),0,0,0,0,0,0,0,False
2829,Maciej Urbański,Zagłębie Lubin,Obrońca,6%,0.7,,29,LEG (W),0,0,0,0,0,0,0,False
2829,Maciej Urbański,Zagłębie Lubin,Obrońca,6%,0.7,,30,BBT (D),0,0,0,0,0,0,0,False
2829,Maciej Urbański,Zagłębie Lubin,Obrońca,6%,0.7,,31,CRA (D),0,0,0,0,0,0,0,False
2829,Maciej Urbański,Zagłębie Lubin,Obrońca,6%,0.7,,32,GÓR (W),0,0,0,0,0,0,0,False
2829,Maciej Urbański,Zagłębie Lubin,Obrońca,6%,0.7,,33,POG (D),0,0,0,0,0,0,0,False
2829,Maciej Urbański,Zagłębie Lubin,Obrońca,6%,0.7,,34,JAG (W),0,0,0,0,0,0,0,False
2832,Jakub Grelich,Piast Gliwice,Bramkarz,1%,0.7,,19,GÓR (W),0,0,0,0,0,0,0,False
2832,Jakub Grelich,Piast Gliwice,Bramkarz,1%,0.7,,19,LPO (D),0,0,0,0,0,0,0,False
2832,Jakub Grelich,Piast Gliwice,Bramkarz,1%,0.7,,20,WPŁ (D),0,0,0,0,0,0,0,False
2832,Jakub Grelich,Piast Gliwice,Bramkarz,1%,0.7,,21,LPO (W),0,0,0,0,0,0,0,False
2832,Jakub Grelich,Piast Gliwice,Bramkarz,1%,0.7,,22,MOT (D),0,0,0,0,0,0,0,False
2832,Jakub Grelich,Piast Gliwice,Bramkarz,1%,0.7,,23,CRA (W),0,0,0,0,0,0,0,False
2832,Jakub Grelich,Piast Gliwice,Bramkarz,1%,0.7,,24,ZAG (D),0,0,0,0,0,0,0,False
2832,Jakub Grelich,Piast Gliwice,Bramkarz,1%,0.7,,25,JAG (W),0,0,0,0,0,0,0,False
2832,Jakub Grelich,Piast Gliwice,Bramkarz,1%,0.7,,26,RAD (D),0,0,0,0,0,0,0,False
2832,Jakub Grelich,Piast Gliwice,Bramkarz,1%,0.7,,27,BBT (W),0,0,0,0,0,0,0,False
2832,Jakub Grelich,Piast Gliwice,Bramkarz,1%,0.7,,28,POG (D),0,0,0,0,0,0,0,False
2832,Jakub Grelich,Piast Gliwice,Bramkarz,1%,0.7,,29,LGD (W),0,0,0,0,0,0,0,False
2832,Jakub Grelich,Piast Gliwice,Bramkarz,1%,0.7,,30,ARK (D),0,0,0,0,0,0,0,False
2832,Jakub Grelich,Piast Gliwice,Bramkarz,1%,0.7,,31,KOR (W),0,0,0,0,0,0,0,False
2832,Jakub Grelich,Piast Gliwice,Bramkarz,1%,0.7,,32,GKS (D),0,0,0,0,0,0,0,False
2832,Jakub Grelich,Piast Gliwice,Bramkarz,1%,0.7,,33,RCZ (D),0,0,0,0,0,0,0,False
2832,Jakub Grelich,Piast Gliwice,Bramkarz,1%,0.7,,34,WID (W),0,0,0,0,0,0,0,False
2850,Oskar Markiewicz,Radomiak Radom,Obrońca,1%,0.7,,23,BBT (W),0,0,0,0,0,0,0,False
2850,Oskar Markiewicz,Radomiak Radom,Obrońca,1%,0.7,,24,GKS (D),0,0,0,0,0,0,0,False
2850,Oskar Markiewicz,Radomiak Radom,Obrońca,1%,0.7,,25,LEG (D),0,0,0,0,0,0,0,False
2850,Oskar Markiewicz,Radomiak Radom,Obrońca,1%,0.7,,26,PIA (W),0,0,0,0,0,0,0,False
2850,Oskar Markiewicz,Radomiak Radom,Obrońca,1%,0.7,,27,MOT (D),0,0,0,0,0,0,0,False
2850,Oskar Markiewicz,Radomiak Radom,Obrońca,1%,0.7,,28,ZAG (W),0,0,0,0,0,0,0,False
2850,Oskar Markiewicz,Radomiak Radom,Obrońca,1%,0.7,,29,WID (D),0,0,0,0,0,0,0,False
2850,Oskar Markiewicz,Radomiak Radom,Obrońca,1%,0.7,,30,WPŁ (W),0,0,0,0,0,0,0,False
2850,Oskar Markiewicz,Radomiak Radom,Obrońca,1%,0.7,,31,LGD (D),0,0,0,0,0,0,0,False
2850,Oskar Markiewicz,Radomiak Radom,Obrońca,1%,0.7,,32,CRA (W),0,0,0,0,0,0,0,False
2850,Oskar Markiewicz,Radomiak Radom,Obrońca,1%,0.7,,33,LPO (D),0,0,0,0,0,0,0,False
2850,Oskar Markiewicz,Radomiak Radom,Obrońca,1%,0.7,,34,GÓR (W),0,0,0,0,0,0,0,False
2852,Krystian Brzozowski,Motor Lublin,Obrońca,0%,0.7,,26,ZAG (D),0,0,0,0,0,0,0,False
2852,Krystian Brzozowski,Motor Lublin,Obrońca,0%,0.7,,27,RAD (W),0,0,0,0,0,0,0,False
2852,Krystian Brzozowski,Motor Lublin,Obrońca,0%,0.7,,28,RCZ (D),0,0,0,0,0,0,0,False
2852,Krystian Brzozowski,Motor Lublin,Obrońca,0%,0.7,,29,GKS (W),0,0,0,0,0,0,0,False
2852,Krystian Brzozowski,Motor Lublin,Obrońca,0%,0.7,,30,WID (W),0,0,0,0,0,0,0,False
2852,Krystian Brzozowski,Motor Lublin,Obrońca,0%,0.7,,31,LPO (D),0,0,0,0,0,0,0,False
2852,Krystian Brzozowski,Motor Lublin,Obrońca,0%,0.7,,32,WPŁ (W),0,0,0,0,0,0,0,False
2852,Krystian Brzozowski,Motor Lublin,Obrońca,0%,0.7,,33,CRA (D),0,0,0,0,0,0,0,False
2852,Krystian Brzozowski,Motor Lublin,Obrońca,0%,0.7,,34,LEG (W),0,0,0,0,0,0,0,False
